key,function,arguments,regime,evidence_set,generator_state,grid_state,observed,classification,probable_origin
Beta_Cumulative|3ec4f8b21947fdd3|4004000000000000|412e848000000000||unbalanced|beta_f_unbalanced,Beta_Cumulative,3ec4f8b21947fdd3;4004000000000000;412e848000000000,unbalanced,beta_f_unbalanced,absent,present,filled,GRID_ONLY_EXPECTED,beta_f_unbalanced
Beta_Cumulative|3ec92a6dab53d8e6|4004000000000000|412e848000000000||unbalanced|beta_f_unbalanced,Beta_Cumulative,3ec92a6dab53d8e6;4004000000000000;412e848000000000,unbalanced,beta_f_unbalanced,absent,present,filled,GRID_ONLY_EXPECTED,beta_f_unbalanced
Beta_Cumulative|3ed81dfae077e537|4017000000000000|412e848000000000||unbalanced|beta_f_unbalanced,Beta_Cumulative,3ed81dfae077e537;4017000000000000;412e848000000000,unbalanced,beta_f_unbalanced,absent,present,filled,GRID_ONLY_EXPECTED,beta_f_unbalanced
Beta_Cumulative|3eda36d75272f483|4017000000000000|412e848000000000||unbalanced|beta_f_unbalanced,Beta_Cumulative,3eda36d75272f483;4017000000000000;412e848000000000,unbalanced,beta_f_unbalanced,absent,present,filled,GRID_ONLY_EXPECTED,beta_f_unbalanced
Beta_Cumulative|3eeb433b2b12bf56|3ff4cccccccccccd|40f86a0000000000||unbalanced|beta_f_unbalanced,Beta_Cumulative,3eeb433b2b12bf56;3ff4cccccccccccd;40f86a0000000000,unbalanced,beta_f_unbalanced,absent,present,filled,GRID_ONLY_EXPECTED,beta_f_unbalanced
Beta_Cumulative|3ef2dfba21cd4e34|3ff4cccccccccccd|40f86a0000000000||unbalanced|beta_f_unbalanced,Beta_Cumulative,3ef2dfba21cd4e34;3ff4cccccccccccd;40f86a0000000000,unbalanced,beta_f_unbalanced,absent,present,filled,GRID_ONLY_EXPECTED,beta_f_unbalanced
Beta_Cumulative|3f14f84797a46bb7|3fe999999999999a|40c3880000000000||unbalanced|beta_f_unbalanced,Beta_Cumulative,3f14f84797a46bb7;3fe999999999999a;40c3880000000000,unbalanced,beta_f_unbalanced,absent,present,filled,GRID_ONLY_EXPECTED,beta_f_unbalanced
Beta_Cumulative|3f21094a87569438|3fe999999999999a|40c3880000000000||unbalanced|beta_f_unbalanced,Beta_Cumulative,3f21094a87569438;3fe999999999999a;40c3880000000000,unbalanced,beta_f_unbalanced,absent,present,filled,GRID_ONLY_EXPECTED,beta_f_unbalanced
Beta_Cumulative|3f46ebeb05cea066|3fe6666666666666|408f400000000000||unbalanced|beta_f_unbalanced,Beta_Cumulative,3f46ebeb05cea066;3fe6666666666666;408f400000000000,unbalanced,beta_f_unbalanced,absent,present,filled,GRID_ONLY_EXPECTED,beta_f_unbalanced
Beta_Cumulative|3f53a09f790fb7a0|3fe6666666666666|408f400000000000||unbalanced|beta_f_unbalanced,Beta_Cumulative,3f53a09f790fb7a0;3fe6666666666666;408f400000000000,unbalanced,beta_f_unbalanced,absent,present,filled,GRID_ONLY_EXPECTED,beta_f_unbalanced
Beta_Cumulative|3fc0c44b3efa4657|4024800000000000|4051000000000000||unbalanced|beta_f_unbalanced,Beta_Cumulative,3fc0c44b3efa4657;4024800000000000;4051000000000000,unbalanced,beta_f_unbalanced,absent,present,filled,GRID_ONLY_EXPECTED,beta_f_unbalanced
Beta_Cumulative|3fc15cdee3bc29fe|4024800000000000|4051000000000000||unbalanced|beta_f_unbalanced,Beta_Cumulative,3fc15cdee3bc29fe;4024800000000000;4051000000000000,unbalanced,beta_f_unbalanced,absent,present,filled,GRID_ONLY_EXPECTED,beta_f_unbalanced
Beta_Cumulative|3fd0000000000000|3c9cd2b297d889bc|3c66d3edb3a766f1||tiny_unbalanced|main grid,Beta_Cumulative,3fd0000000000000;3c9cd2b297d889bc;3c66d3edb3a766f1,tiny_unbalanced,main grid,present,present,filled,REFERENCE_DIFFERENCE,generate_reference_values
Beta_Cumulative|3fd0000000000000|3d719799812dea11|3d3bddb3a9cdd929||tiny_unbalanced|main grid,Beta_Cumulative,3fd0000000000000;3d719799812dea11;3d3bddb3a9cdd929,tiny_unbalanced,main grid,present,present,filled,REFERENCE_DIFFERENCE,generate_reference_values
Beta_Cumulative|3fd0000000000000|3e45798ee2308c3a|3e112e0be826d695||tiny_unbalanced|main grid,Beta_Cumulative,3fd0000000000000;3e45798ee2308c3a;3e112e0be826d695,tiny_unbalanced,main grid,present,present,filled,REFERENCE_DIFFERENCE,generate_reference_values
Beta_Cumulative|3fd0000000000000|3f1a36e2eb1c432d|3ee4f8b588e368f1||tiny_unbalanced|main grid,Beta_Cumulative,3fd0000000000000;3f1a36e2eb1c432d;3ee4f8b588e368f1,tiny_unbalanced,main grid,present,present,filled,REFERENCE_DIFFERENCE,generate_reference_values
Beta_Cumulative|3fd0000000000000|3f50624dd2f1a9fc|3f19f3c70c996b76||tiny_unbalanced|main grid,Beta_Cumulative,3fd0000000000000;3f50624dd2f1a9fc;3f19f3c70c996b76,tiny_unbalanced,main grid,present,present,filled,REFERENCE_DIFFERENCE,generate_reference_values
Beta_Cumulative|3fd3333333333333|4000000000000000|4014000000000000||balanced|main grid,Beta_Cumulative,3fd3333333333333;4000000000000000;4014000000000000,balanced,main grid,present,present,filled,MATCH,generate_reference_values
Beta_Cumulative|3fddbcbcf5c0139f|4059000000000000|4059000000000000||large_shape|main grid,Beta_Cumulative,3fddbcbcf5c0139f;4059000000000000;4059000000000000,large_shape,main grid,absent,present,filled,GRID_ONLY_UNEXPLAINED,cdf_large_shape;density_large_shape
Beta_Cumulative|3fdfc612e56001f6|40c3880000000000|40c3880000000000||large_shape|main grid,Beta_Cumulative,3fdfc612e56001f6;40c3880000000000;40c3880000000000,large_shape,main grid,absent,present,filled,GRID_ONLY_UNEXPLAINED,cdf_large_shape;density_large_shape
Beta_Cumulative|3fdffa3516f00032|412e848000000000|412e848000000000||large_shape|main grid,Beta_Cumulative,3fdffa3516f00032;412e848000000000;412e848000000000,large_shape,main grid,absent,present,filled,GRID_ONLY_UNEXPLAINED,cdf_large_shape;density_large_shape
Beta_Cumulative|3fdfff6bb57e666b|4197d78400000000|4197d78400000000||extreme_shape|main grid,Beta_Cumulative,3fdfff6bb57e666b;4197d78400000000;4197d78400000000,extreme_shape,main grid,absent,present,filled,GRID_ONLY_UNEXPLAINED,cdf_large_shape;density_large_shape
Beta_Cumulative|3fdffff12bbfd70b|4202a05f20000000|4202a05f20000000||extreme_shape|main grid,Beta_Cumulative,3fdffff12bbfd70b;4202a05f20000000;4202a05f20000000,extreme_shape,main grid,absent,present,filled,GRID_ONLY_UNEXPLAINED,cdf_large_shape;density_large_shape
Beta_Cumulative|3fdffffe845ffbe7|426d1a94a2000000|426d1a94a2000000||extreme_shape|main grid,Beta_Cumulative,3fdffffe845ffbe7;426d1a94a2000000;426d1a94a2000000,extreme_shape,main grid,absent,present,filled,GRID_ONLY_UNEXPLAINED,cdf_large_shape;density_large_shape
Beta_Cumulative|3fe0000000000000|3c9cd2b297d889bc|3c66d3edb3a766f1||tiny_unbalanced|main grid,Beta_Cumulative,3fe0000000000000;3c9cd2b297d889bc;3c66d3edb3a766f1,tiny_unbalanced,main grid,present,present,filled,REFERENCE_DIFFERENCE,generate_reference_values
Beta_Cumulative|3fe0000000000000|3d719799812dea11|3d3bddb3a9cdd929||tiny_unbalanced|main grid,Beta_Cumulative,3fe0000000000000;3d719799812dea11;3d3bddb3a9cdd929,tiny_unbalanced,main grid,present,present,filled,REFERENCE_DIFFERENCE,generate_reference_values
Beta_Cumulative|3fe0000000000000|3e45798ee2308c3a|3e112e0be826d695||tiny_unbalanced|main grid,Beta_Cumulative,3fe0000000000000;3e45798ee2308c3a;3e112e0be826d695,tiny_unbalanced,main grid,present,present,filled,REFERENCE_DIFFERENCE,generate_reference_values
Beta_Cumulative|3fe0000000000000|3f1a36e2eb1c432d|3ee4f8b588e368f1||tiny_unbalanced|main grid,Beta_Cumulative,3fe0000000000000;3f1a36e2eb1c432d;3ee4f8b588e368f1,tiny_unbalanced,main grid,present,present,filled,REFERENCE_DIFFERENCE,generate_reference_values
Beta_Cumulative|3fe0000000000000|3f50624dd2f1a9fc|3f19f3c70c996b76||tiny_unbalanced|main grid,Beta_Cumulative,3fe0000000000000;3f50624dd2f1a9fc;3f19f3c70c996b76,tiny_unbalanced,main grid,present,present,filled,REFERENCE_DIFFERENCE,generate_reference_values
Beta_Cumulative|3fe0000000000000|4000000000000000|4000000000000000||balanced|main grid,Beta_Cumulative,3fe0000000000000;4000000000000000;4000000000000000,balanced,main grid,present,present,filled,MATCH,generate_reference_values
Beta_Cumulative|3fe0000000000000|4059000000000000|4059000000000000||large_shape|main grid,Beta_Cumulative,3fe0000000000000;4059000000000000;4059000000000000,large_shape,main grid,absent,present,filled,GRID_ONLY_UNEXPLAINED,cdf_large_shape;density_large_shape
Beta_Cumulative|3fe0000000000000|40c3880000000000|40c3880000000000||large_shape|main grid,Beta_Cumulative,3fe0000000000000;40c3880000000000;40c3880000000000,large_shape,main grid,absent,present,filled,GRID_ONLY_UNEXPLAINED,cdf_large_shape;density_large_shape
Beta_Cumulative|3fe0000000000000|412e848000000000|412e848000000000||large_shape|main grid,Beta_Cumulative,3fe0000000000000;412e848000000000;412e848000000000,large_shape,main grid,absent,present,filled,GRID_ONLY_UNEXPLAINED,cdf_large_shape;density_large_shape
Beta_Cumulative|3fe00000bdd0020c|426d1a94a2000000|426d1a94a2000000||extreme_shape|main grid,Beta_Cumulative,3fe00000bdd0020c;426d1a94a2000000;426d1a94a2000000,extreme_shape,main grid,absent,present,filled,GRID_ONLY_UNEXPLAINED,cdf_large_shape;density_large_shape
Beta_Cumulative|3fe000076a20147b|4202a05f20000000|4202a05f20000000||extreme_shape|main grid,Beta_Cumulative,3fe000076a20147b;4202a05f20000000;4202a05f20000000,extreme_shape,main grid,absent,present,filled,GRID_ONLY_UNEXPLAINED,cdf_large_shape;density_large_shape
Beta_Cumulative|3fe0004a2540ccca|4197d78400000000|4197d78400000000||extreme_shape|main grid,Beta_Cumulative,3fe0004a2540ccca;4197d78400000000;4197d78400000000,extreme_shape,main grid,absent,present,filled,GRID_ONLY_UNEXPLAINED,cdf_large_shape;density_large_shape
Beta_Cumulative|3fe002e57487ffe7|412e848000000000|412e848000000000||large_shape|main grid,Beta_Cumulative,3fe002e57487ffe7;412e848000000000;412e848000000000,large_shape,main grid,absent,present,filled,GRID_ONLY_UNEXPLAINED,cdf_large_shape;density_large_shape
Beta_Cumulative|3fe01cf68d4fff05|40c3880000000000|40c3880000000000||large_shape|main grid,Beta_Cumulative,3fe01cf68d4fff05;40c3880000000000;40c3880000000000,large_shape,main grid,absent,present,filled,GRID_ONLY_UNEXPLAINED,cdf_large_shape;density_large_shape
Beta_Cumulative|3fe121a1851ff631|4059000000000000|4059000000000000||large_shape|main grid,Beta_Cumulative,3fe121a1851ff631;4059000000000000;4059000000000000,large_shape,main grid,absent,present,filled,GRID_ONLY_UNEXPLAINED,cdf_large_shape;density_large_shape
Beta_Cumulative|3fe8000000000000|3c9cd2b297d889bc|3c66d3edb3a766f1||tiny_unbalanced|main grid,Beta_Cumulative,3fe8000000000000;3c9cd2b297d889bc;3c66d3edb3a766f1,tiny_unbalanced,main grid,present,present,filled,REFERENCE_DIFFERENCE,generate_reference_values
Beta_Cumulative|3fe8000000000000|3d719799812dea11|3d3bddb3a9cdd929||tiny_unbalanced|main grid,Beta_Cumulative,3fe8000000000000;3d719799812dea11;3d3bddb3a9cdd929,tiny_unbalanced,main grid,present,present,filled,REFERENCE_DIFFERENCE,generate_reference_values
Beta_Cumulative|3fe8000000000000|3e45798ee2308c3a|3e112e0be826d695||tiny_unbalanced|main grid,Beta_Cumulative,3fe8000000000000;3e45798ee2308c3a;3e112e0be826d695,tiny_unbalanced,main grid,present,present,filled,REFERENCE_DIFFERENCE,generate_reference_values
Beta_Cumulative|3fe8000000000000|3f1a36e2eb1c432d|3ee4f8b588e368f1||tiny_unbalanced|main grid,Beta_Cumulative,3fe8000000000000;3f1a36e2eb1c432d;3ee4f8b588e368f1,tiny_unbalanced,main grid,present,present,filled,REFERENCE_DIFFERENCE,generate_reference_values
Beta_Cumulative|3fe8000000000000|3f50624dd2f1a9fc|3f19f3c70c996b76||tiny_unbalanced|main grid,Beta_Cumulative,3fe8000000000000;3f50624dd2f1a9fc;3f19f3c70c996b76,tiny_unbalanced,main grid,present,present,filled,REFERENCE_DIFFERENCE,generate_reference_values
Beta_Cumulative|3fe999999999999a|4014000000000000|3ff0000000000000||balanced|main grid,Beta_Cumulative,3fe999999999999a;4014000000000000;3ff0000000000000,balanced,main grid,present,present,filled,MATCH,generate_reference_values
Beta_Cumulative|3feff55e99d5c8e8|408f400000000000|3fe999999999999a||unbalanced|beta_f_unbalanced,Beta_Cumulative,3feff55e99d5c8e8;408f400000000000;3fe999999999999a,unbalanced,beta_f_unbalanced,absent,present,filled,GRID_ONLY_EXPECTED,beta_f_unbalanced
Beta_Cumulative|3feff9739e97d713|408f400000000000|3fe999999999999a||unbalanced|beta_f_unbalanced,Beta_Cumulative,3feff9739e97d713;408f400000000000;3fe999999999999a,unbalanced,beta_f_unbalanced,absent,present,filled,GRID_ONLY_EXPECTED,beta_f_unbalanced
Beta_Cumulative|3fefffc1166fb3a2|40f86a0000000000|4004000000000000||unbalanced|beta_f_unbalanced,Beta_Cumulative,3fefffc1166fb3a2;40f86a0000000000;4004000000000000,unbalanced,beta_f_unbalanced,absent,present,filled,GRID_ONLY_EXPECTED,beta_f_unbalanced
Beta_Cumulative|3fefffcb92900f76|40f86a0000000000|4004000000000000||unbalanced|beta_f_unbalanced,Beta_Cumulative,3fefffcb92900f76;40f86a0000000000;4004000000000000,unbalanced,beta_f_unbalanced,absent,present,filled,GRID_ONLY_EXPECTED,beta_f_unbalanced
Beta_Density|3ec4f8b21947fdd3|4004000000000000|412e848000000000||unbalanced|beta_f_unbalanced,Beta_Density,3ec4f8b21947fdd3;4004000000000000;412e848000000000,unbalanced,beta_f_unbalanced,absent,present,filled,GRID_ONLY_EXPECTED,beta_f_unbalanced
Beta_Density|3ec92a6dab53d8e6|4004000000000000|412e848000000000||unbalanced|beta_f_unbalanced,Beta_Density,3ec92a6dab53d8e6;4004000000000000;412e848000000000,unbalanced,beta_f_unbalanced,absent,present,filled,GRID_ONLY_EXPECTED,beta_f_unbalanced
Beta_Density|3ed81dfae077e537|4017000000000000|412e848000000000||unbalanced|beta_f_unbalanced,Beta_Density,3ed81dfae077e537;4017000000000000;412e848000000000,unbalanced,beta_f_unbalanced,absent,present,filled,GRID_ONLY_EXPECTED,beta_f_unbalanced
Beta_Density|3eda36d75272f483|4017000000000000|412e848000000000||unbalanced|beta_f_unbalanced,Beta_Density,3eda36d75272f483;4017000000000000;412e848000000000,unbalanced,beta_f_unbalanced,absent,present,filled,GRID_ONLY_EXPECTED,beta_f_unbalanced
Beta_Density|3eeb433b2b12bf56|3ff4cccccccccccd|40f86a0000000000||unbalanced|beta_f_unbalanced,Beta_Density,3eeb433b2b12bf56;3ff4cccccccccccd;40f86a0000000000,unbalanced,beta_f_unbalanced,absent,present,filled,GRID_ONLY_EXPECTED,beta_f_unbalanced
Beta_Density|3ef2dfba21cd4e34|3ff4cccccccccccd|40f86a0000000000||unbalanced|beta_f_unbalanced,Beta_Density,3ef2dfba21cd4e34;3ff4cccccccccccd;40f86a0000000000,unbalanced,beta_f_unbalanced,absent,present,filled,GRID_ONLY_EXPECTED,beta_f_unbalanced
Beta_Density|3f14f84797a46bb7|3fe999999999999a|40c3880000000000||unbalanced|beta_f_unbalanced,Beta_Density,3f14f84797a46bb7;3fe999999999999a;40c3880000000000,unbalanced,beta_f_unbalanced,absent,present,filled,GRID_ONLY_EXPECTED,beta_f_unbalanced
Beta_Density|3f21094a87569438|3fe999999999999a|40c3880000000000||unbalanced|beta_f_unbalanced,Beta_Density,3f21094a87569438;3fe999999999999a;40c3880000000000,unbalanced,beta_f_unbalanced,absent,present,filled,GRID_ONLY_EXPECTED,beta_f_unbalanced
Beta_Density|3f46ebeb05cea066|3fe6666666666666|408f400000000000||unbalanced|beta_f_unbalanced,Beta_Density,3f46ebeb05cea066;3fe6666666666666;408f400000000000,unbalanced,beta_f_unbalanced,absent,present,filled,GRID_ONLY_EXPECTED,beta_f_unbalanced
Beta_Density|3f53a09f790fb7a0|3fe6666666666666|408f400000000000||unbalanced|beta_f_unbalanced,Beta_Density,3f53a09f790fb7a0;3fe6666666666666;408f400000000000,unbalanced,beta_f_unbalanced,absent,present,filled,GRID_ONLY_EXPECTED,beta_f_unbalanced
Beta_Density|3fc0c44b3efa4657|4024800000000000|4051000000000000||unbalanced|beta_f_unbalanced,Beta_Density,3fc0c44b3efa4657;4024800000000000;4051000000000000,unbalanced,beta_f_unbalanced,absent,present,filled,GRID_ONLY_EXPECTED,beta_f_unbalanced
Beta_Density|3fc15cdee3bc29fe|4024800000000000|4051000000000000||unbalanced|beta_f_unbalanced,Beta_Density,3fc15cdee3bc29fe;4024800000000000;4051000000000000,unbalanced,beta_f_unbalanced,absent,present,filled,GRID_ONLY_EXPECTED,beta_f_unbalanced
Beta_Density|3fd0000000000000|3c9cd2b297d889bc|3c66d3edb3a766f1||tiny_unbalanced|main grid,Beta_Density,3fd0000000000000;3c9cd2b297d889bc;3c66d3edb3a766f1,tiny_unbalanced,main grid,present,present,filled,REFERENCE_DIFFERENCE,generate_reference_values
Beta_Density|3fd0000000000000|3d719799812dea11|3d3bddb3a9cdd929||tiny_unbalanced|main grid,Beta_Density,3fd0000000000000;3d719799812dea11;3d3bddb3a9cdd929,tiny_unbalanced,main grid,present,present,filled,REFERENCE_DIFFERENCE,generate_reference_values
Beta_Density|3fd0000000000000|3e45798ee2308c3a|3e112e0be826d695||tiny_unbalanced|main grid,Beta_Density,3fd0000000000000;3e45798ee2308c3a;3e112e0be826d695,tiny_unbalanced,main grid,present,present,filled,REFERENCE_DIFFERENCE,generate_reference_values
Beta_Density|3fd0000000000000|3f1a36e2eb1c432d|3ee4f8b588e368f1||tiny_unbalanced|main grid,Beta_Density,3fd0000000000000;3f1a36e2eb1c432d;3ee4f8b588e368f1,tiny_unbalanced,main grid,present,present,filled,REFERENCE_DIFFERENCE,generate_reference_values
Beta_Density|3fd0000000000000|3f50624dd2f1a9fc|3f19f3c70c996b76||tiny_unbalanced|main grid,Beta_Density,3fd0000000000000;3f50624dd2f1a9fc;3f19f3c70c996b76,tiny_unbalanced,main grid,present,present,filled,REFERENCE_DIFFERENCE,generate_reference_values
Beta_Density|3fd3333333333333|4000000000000000|4014000000000000||balanced|main grid,Beta_Density,3fd3333333333333;4000000000000000;4014000000000000,balanced,main grid,present,present,filled,METADATA_DIFFERENCE,generate_reference_values
Beta_Density|3fddbcbcf5c0139f|4059000000000000|4059000000000000||large_shape|main grid,Beta_Density,3fddbcbcf5c0139f;4059000000000000;4059000000000000,large_shape,main grid,absent,present,filled,GRID_ONLY_UNEXPLAINED,cdf_large_shape;density_large_shape
Beta_Density|3fdfc612e56001f6|40c3880000000000|40c3880000000000||large_shape|main grid,Beta_Density,3fdfc612e56001f6;40c3880000000000;40c3880000000000,large_shape,main grid,absent,present,filled,GRID_ONLY_UNEXPLAINED,cdf_large_shape;density_large_shape
Beta_Density|3fdffa3516f00032|412e848000000000|412e848000000000||large_shape|main grid,Beta_Density,3fdffa3516f00032;412e848000000000;412e848000000000,large_shape,main grid,absent,present,filled,GRID_ONLY_UNEXPLAINED,cdf_large_shape;density_large_shape
Beta_Density|3fdfff6bb57e666b|4197d78400000000|4197d78400000000||large_shape|main grid,Beta_Density,3fdfff6bb57e666b;4197d78400000000;4197d78400000000,large_shape,main grid,absent,present,filled,GRID_ONLY_UNEXPLAINED,cdf_large_shape;density_large_shape
Beta_Density|3fdffff12bbfd70b|4202a05f20000000|4202a05f20000000||large_shape|main grid,Beta_Density,3fdffff12bbfd70b;4202a05f20000000;4202a05f20000000,large_shape,main grid,absent,present,filled,GRID_ONLY_UNEXPLAINED,cdf_large_shape;density_large_shape
Beta_Density|3fdffffe845ffbe7|426d1a94a2000000|426d1a94a2000000||large_shape|main grid,Beta_Density,3fdffffe845ffbe7;426d1a94a2000000;426d1a94a2000000,large_shape,main grid,absent,present,filled,GRID_ONLY_UNEXPLAINED,cdf_large_shape;density_large_shape
Beta_Density|3fdffffffc3428eb|4341c37937e08000|4341c37937e08000||large_shape|main grid,Beta_Density,3fdffffffc3428eb;4341c37937e08000;4341c37937e08000,large_shape,main grid,absent,present,filled,GRID_ONLY_UNEXPLAINED,density_large_shape
Beta_Density|3fdffffffff64817|4415af1d78b58c40|4415af1d78b58c40||large_shape|main grid,Beta_Density,3fdffffffff64817;4415af1d78b58c40;4415af1d78b58c40,large_shape,main grid,absent,present,filled,GRID_ONLY_UNEXPLAINED,density_large_shape
Beta_Density|3fe0000000000000|3c9cd2b297d889bc|3c66d3edb3a766f1||tiny_unbalanced|main grid,Beta_Density,3fe0000000000000;3c9cd2b297d889bc;3c66d3edb3a766f1,tiny_unbalanced,main grid,present,present,filled,REFERENCE_DIFFERENCE,generate_reference_values
Beta_Density|3fe0000000000000|3d719799812dea11|3d3bddb3a9cdd929||tiny_unbalanced|main grid,Beta_Density,3fe0000000000000;3d719799812dea11;3d3bddb3a9cdd929,tiny_unbalanced,main grid,present,present,filled,REFERENCE_DIFFERENCE,generate_reference_values
Beta_Density|3fe0000000000000|3e45798ee2308c3a|3e112e0be826d695||tiny_unbalanced|main grid,Beta_Density,3fe0000000000000;3e45798ee2308c3a;3e112e0be826d695,tiny_unbalanced,main grid,present,present,filled,REFERENCE_DIFFERENCE,generate_reference_values
Beta_Density|3fe0000000000000|3f1a36e2eb1c432d|3ee4f8b588e368f1||tiny_unbalanced|main grid,Beta_Density,3fe0000000000000;3f1a36e2eb1c432d;3ee4f8b588e368f1,tiny_unbalanced,main grid,present,present,filled,REFERENCE_DIFFERENCE,generate_reference_values
Beta_Density|3fe0000000000000|3f50624dd2f1a9fc|3f19f3c70c996b76||tiny_unbalanced|main grid,Beta_Density,3fe0000000000000;3f50624dd2f1a9fc;3f19f3c70c996b76,tiny_unbalanced,main grid,present,present,filled,REFERENCE_DIFFERENCE,generate_reference_values
Beta_Density|3fe0000000000000|4000000000000000|4000000000000000||balanced|main grid,Beta_Density,3fe0000000000000;4000000000000000;4000000000000000,balanced,main grid,present,present,filled,METADATA_DIFFERENCE,generate_reference_values
Beta_Density|3fe0000000000000|4059000000000000|4059000000000000||large_shape|main grid,Beta_Density,3fe0000000000000;4059000000000000;4059000000000000,large_shape,main grid,absent,present,filled,GRID_ONLY_UNEXPLAINED,cdf_large_shape;density_large_shape
Beta_Density|3fe0000000000000|40c3880000000000|40c3880000000000||large_shape|main grid,Beta_Density,3fe0000000000000;40c3880000000000;40c3880000000000,large_shape,main grid,absent,present,filled,GRID_ONLY_UNEXPLAINED,cdf_large_shape;density_large_shape
Beta_Density|3fe0000000000000|412e848000000000|412e848000000000||large_shape|main grid,Beta_Density,3fe0000000000000;412e848000000000;412e848000000000,large_shape,main grid,absent,present,filled,GRID_ONLY_UNEXPLAINED,cdf_large_shape;density_large_shape
Beta_Density|3fe0000000000000|4197d78400000000|4197d78400000000||large_shape|main grid,Beta_Density,3fe0000000000000;4197d78400000000;4197d78400000000,large_shape,main grid,absent,present,filled,GRID_ONLY_UNEXPLAINED,density_large_shape
Beta_Density|3fe0000000000000|4202a05f20000000|4202a05f20000000||large_shape|main grid,Beta_Density,3fe0000000000000;4202a05f20000000;4202a05f20000000,large_shape,main grid,absent,present,filled,GRID_ONLY_UNEXPLAINED,density_large_shape
Beta_Density|3fe0000000000000|426d1a94a2000000|426d1a94a2000000||large_shape|main grid,Beta_Density,3fe0000000000000;426d1a94a2000000;426d1a94a2000000,large_shape,main grid,absent,present,filled,GRID_ONLY_UNEXPLAINED,density_large_shape
Beta_Density|3fe0000000000000|4341c37937e08000|4341c37937e08000||large_shape|main grid,Beta_Density,3fe0000000000000;4341c37937e08000;4341c37937e08000,large_shape,main grid,absent,present,filled,GRID_ONLY_UNEXPLAINED,density_large_shape
Beta_Density|3fe0000000000000|4415af1d78b58c40|4415af1d78b58c40||large_shape|main grid,Beta_Density,3fe0000000000000;4415af1d78b58c40;4415af1d78b58c40,large_shape,main grid,absent,present,filled,GRID_ONLY_UNEXPLAINED,density_large_shape
Beta_Density|3fe000000004dbf5|4415af1d78b58c40|4415af1d78b58c40||large_shape|main grid,Beta_Density,3fe000000004dbf5;4415af1d78b58c40;4415af1d78b58c40,large_shape,main grid,absent,present,filled,GRID_ONLY_UNEXPLAINED,density_large_shape
Beta_Density|3fe0000001e5eb8a|4341c37937e08000|4341c37937e08000||large_shape|main grid,Beta_Density,3fe0000001e5eb8a;4341c37937e08000;4341c37937e08000,large_shape,main grid,absent,present,filled,GRID_ONLY_UNEXPLAINED,density_large_shape
Beta_Density|3fe00000bdd0020c|426d1a94a2000000|426d1a94a2000000||large_shape|main grid,Beta_Density,3fe00000bdd0020c;426d1a94a2000000;426d1a94a2000000,large_shape,main grid,absent,present,filled,GRID_ONLY_UNEXPLAINED,cdf_large_shape;density_large_shape
Beta_Density|3fe000076a20147b|4202a05f20000000|4202a05f20000000||large_shape|main grid,Beta_Density,3fe000076a20147b;4202a05f20000000;4202a05f20000000,large_shape,main grid,absent,present,filled,GRID_ONLY_UNEXPLAINED,cdf_large_shape;density_large_shape
Beta_Density|3fe0004a2540ccca|4197d78400000000|4197d78400000000||large_shape|main grid,Beta_Density,3fe0004a2540ccca;4197d78400000000;4197d78400000000,large_shape,main grid,absent,present,filled,GRID_ONLY_UNEXPLAINED,cdf_large_shape;density_large_shape
Beta_Density|3fe002e57487ffe7|412e848000000000|412e848000000000||large_shape|main grid,Beta_Density,3fe002e57487ffe7;412e848000000000;412e848000000000,large_shape,main grid,absent,present,filled,GRID_ONLY_UNEXPLAINED,cdf_large_shape;density_large_shape
Beta_Density|3fe01cf68d4fff05|40c3880000000000|40c3880000000000||large_shape|main grid,Beta_Density,3fe01cf68d4fff05;40c3880000000000;40c3880000000000,large_shape,main grid,absent,present,filled,GRID_ONLY_UNEXPLAINED,cdf_large_shape;density_large_shape
Beta_Density|3fe121a1851ff631|4059000000000000|4059000000000000||large_shape|main grid,Beta_Density,3fe121a1851ff631;4059000000000000;4059000000000000,large_shape,main grid,absent,present,filled,GRID_ONLY_UNEXPLAINED,cdf_large_shape;density_large_shape
Beta_Density|3fe8000000000000|3c9cd2b297d889bc|3c66d3edb3a766f1||tiny_unbalanced|main grid,Beta_Density,3fe8000000000000;3c9cd2b297d889bc;3c66d3edb3a766f1,tiny_unbalanced,main grid,present,present,filled,REFERENCE_DIFFERENCE,generate_reference_values
Beta_Density|3fe8000000000000|3d719799812dea11|3d3bddb3a9cdd929||tiny_unbalanced|main grid,Beta_Density,3fe8000000000000;3d719799812dea11;3d3bddb3a9cdd929,tiny_unbalanced,main grid,present,present,filled,REFERENCE_DIFFERENCE,generate_reference_values
Beta_Density|3fe8000000000000|3e45798ee2308c3a|3e112e0be826d695||tiny_unbalanced|main grid,Beta_Density,3fe8000000000000;3e45798ee2308c3a;3e112e0be826d695,tiny_unbalanced,main grid,present,present,filled,REFERENCE_DIFFERENCE,generate_reference_values
Beta_Density|3fe8000000000000|3f1a36e2eb1c432d|3ee4f8b588e368f1||tiny_unbalanced|main grid,Beta_Density,3fe8000000000000;3f1a36e2eb1c432d;3ee4f8b588e368f1,tiny_unbalanced,main grid,present,present,filled,REFERENCE_DIFFERENCE,generate_reference_values
Beta_Density|3fe8000000000000|3f50624dd2f1a9fc|3f19f3c70c996b76||tiny_unbalanced|main grid,Beta_Density,3fe8000000000000;3f50624dd2f1a9fc;3f19f3c70c996b76,tiny_unbalanced,main grid,present,present,filled,REFERENCE_DIFFERENCE,generate_reference_values
Beta_Density|3fe999999999999a|4014000000000000|3ff0000000000000||balanced|main grid,Beta_Density,3fe999999999999a;4014000000000000;3ff0000000000000,balanced,main grid,present,present,filled,METADATA_DIFFERENCE,generate_reference_values
Beta_Density|3fefa79db484a0c9|40c3880000000000|4059000000000000||large_shape|main grid,Beta_Density,3fefa79db484a0c9;40c3880000000000;4059000000000000,large_shape,main grid,absent,present,filled,GRID_ONLY_UNEXPLAINED,density_large_shape
Beta_Density|3fefae178bbccf5e|412e848000000000|40c3880000000000||large_shape|main grid,Beta_Density,3fefae178bbccf5e;412e848000000000;40c3880000000000,large_shape,main grid,absent,present,filled,GRID_ONLY_UNEXPLAINED,density_large_shape
Beta_Density|3fefaecf7a73e18a|4197d78400000000|412e848000000000||large_shape|main grid,Beta_Density,3fefaecf7a73e18a;4197d78400000000;412e848000000000,large_shape,main grid,absent,present,filled,GRID_ONLY_UNEXPLAINED,density_large_shape
Beta_Density|3fefaee20d8cf3bf|4202a05f20000000|4197d78400000000||large_shape|main grid,Beta_Density,3fefaee20d8cf3bf;4202a05f20000000;4197d78400000000,large_shape,main grid,absent,present,filled,GRID_ONLY_UNEXPLAINED,density_large_shape
Beta_Density|3fefaee3e9864dfe|426d1a94a2000000|4202a05f20000000||large_shape|main grid,Beta_Density,3fefaee3e9864dfe;426d1a94a2000000;4202a05f20000000,large_shape,main grid,absent,present,filled,GRID_ONLY_UNEXPLAINED,density_large_shape
Beta_Density|3fefaee41de30d78|4341c37937e08000|42d6bcc41e900000||large_shape|main grid,Beta_Density,3fefaee41de30d78;4341c37937e08000;42d6bcc41e900000,large_shape,main grid,absent,present,filled,GRID_ONLY_UNEXPLAINED,density_large_shape
Beta_Density|3fefaee41e6919f6|4415af1d78b58c40|43abc16d674ec800||large_shape|main grid,Beta_Density,3fefaee41e6919f6;4415af1d78b58c40;43abc16d674ec800,large_shape,main grid,absent,present,filled,GRID_ONLY_UNEXPLAINED,density_large_shape
Beta_Density|3fefaee41e6a7498|4415af1d78b58c40|43abc16d674ec800||large_shape|main grid,Beta_Density,3fefaee41e6a7498;4415af1d78b58c40;43abc16d674ec800,large_shape,main grid,absent,present,filled,GRID_ONLY_UNEXPLAINED,density_large_shape
Beta_Density|3fefaee41e6a7499|4341c37937e08000|42d6bcc41e900000||large_shape|main grid,Beta_Density,3fefaee41e6a7499;4341c37937e08000;42d6bcc41e900000,large_shape,main grid,absent,present,filled,GRID_ONLY_UNEXPLAINED,density_large_shape
Beta_Density|3fefaee41e6a96be|426d1a94a2000000|4202a05f20000000||large_shape|main grid,Beta_Density,3fefaee41e6a96be;426d1a94a2000000;4202a05f20000000,large_shape,main grid,absent,present,filled,GRID_ONLY_UNEXPLAINED,density_large_shape
Beta_Density|3fefaee41e6bcf3a|4415af1d78b58c40|43abc16d674ec800||large_shape|main grid,Beta_Density,3fefaee41e6bcf3a;4415af1d78b58c40;43abc16d674ec800,large_shape,main grid,absent,present,filled,GRID_ONLY_UNEXPLAINED,density_large_shape
Beta_Density|3fefaee41e77cb37|4202a05f20000000|4197d78400000000||large_shape|main grid,Beta_Density,3fefaee41e77cb37;4202a05f20000000;4197d78400000000,large_shape,main grid,absent,present,filled,GRID_ONLY_UNEXPLAINED,density_large_shape
Beta_Density|3fefaee41ef1dbba|4341c37937e08000|42d6bcc41e900000||large_shape|main grid,Beta_Density,3fefaee41ef1dbba;4341c37937e08000;42d6bcc41e900000,large_shape,main grid,absent,present,filled,GRID_ONLY_UNEXPLAINED,density_large_shape
Beta_Density|3fefaee423a04a80|4197d78400000000|412e848000000000||large_shape|main grid,Beta_Density,3fefaee423a04a80;4197d78400000000;412e848000000000,large_shape,main grid,absent,present,filled,GRID_ONLY_UNEXPLAINED,density_large_shape
Beta_Density|3fefaee4534edf7d|426d1a94a2000000|4202a05f20000000||large_shape|main grid,Beta_Density,3fefaee4534edf7d;426d1a94a2000000;4202a05f20000000,large_shape,main grid,absent,present,filled,GRID_ONLY_UNEXPLAINED,density_large_shape
Beta_Density|3fefaee627724629|412e848000000000|40c3880000000000||large_shape|main grid,Beta_Density,3fefaee627724629;412e848000000000;40c3880000000000,large_shape,main grid,absent,present,filled,GRID_ONLY_UNEXPLAINED,density_large_shape
Beta_Density|3fefaee62f62a2ae|4202a05f20000000|4197d78400000000||large_shape|main grid,Beta_Density,3fefaee62f62a2ae;4202a05f20000000;4197d78400000000,large_shape,main grid,absent,present,filled,GRID_ONLY_UNEXPLAINED,density_large_shape
Beta_Density|3fefaef8ccccb377|4197d78400000000|412e848000000000||large_shape|main grid,Beta_Density,3fefaef8ccccb377;4197d78400000000;412e848000000000,large_shape,main grid,absent,present,filled,GRID_ONLY_UNEXPLAINED,density_large_shape
Beta_Density|3fefafafafafafb0|40c3880000000000|4059000000000000||large_shape|main grid,Beta_Density,3fefafafafafafb0;40c3880000000000;4059000000000000,large_shape,main grid,absent,present,filled,GRID_ONLY_UNEXPLAINED,density_large_shape
Beta_Density|3fefafb0b1add87f|4059000000000000|3ff0000000000000||large_shape|main grid,Beta_Density,3fefafb0b1add87f;4059000000000000;3ff0000000000000,large_shape,main grid,absent,present,filled,GRID_ONLY_UNEXPLAINED,density_large_shape
Beta_Density|3fefafb4c327bcf4|412e848000000000|40c3880000000000||large_shape|main grid,Beta_Density,3fefafb4c327bcf4;412e848000000000;40c3880000000000,large_shape,main grid,absent,present,filled,GRID_ONLY_UNEXPLAINED,density_large_shape
Beta_Density|3fefb7c1aadabe96|40c3880000000000|4059000000000000||large_shape|main grid,Beta_Density,3fefb7c1aadabe96;40c3880000000000;4059000000000000,large_shape,main grid,absent,present,filled,GRID_ONLY_UNEXPLAINED,density_large_shape
Beta_Density|3feff55e99d5c8e8|408f400000000000|3fe999999999999a||unbalanced|beta_f_unbalanced,Beta_Density,3feff55e99d5c8e8;408f400000000000;3fe999999999999a,unbalanced,beta_f_unbalanced,absent,present,filled,GRID_ONLY_EXPECTED,beta_f_unbalanced
Beta_Density|3feff9739e97d713|408f400000000000|3fe999999999999a||unbalanced|beta_f_unbalanced,Beta_Density,3feff9739e97d713;408f400000000000;3fe999999999999a,unbalanced,beta_f_unbalanced,absent,present,filled,GRID_ONLY_EXPECTED,beta_f_unbalanced
Beta_Density|3fefffc1166fb3a2|40f86a0000000000|4004000000000000||unbalanced|beta_f_unbalanced,Beta_Density,3fefffc1166fb3a2;40f86a0000000000;4004000000000000,unbalanced,beta_f_unbalanced,absent,present,filled,GRID_ONLY_EXPECTED,beta_f_unbalanced
Beta_Density|3fefffcb92900f76|40f86a0000000000|4004000000000000||unbalanced|beta_f_unbalanced,Beta_Density,3fefffcb92900f76;40f86a0000000000;4004000000000000,unbalanced,beta_f_unbalanced,absent,present,filled,GRID_ONLY_EXPECTED,beta_f_unbalanced
Beta_InverseCumulative|3f50624dd2f1a9fc|3fe6666666666666|408f400000000000||unbalanced|beta_f_inverse,Beta_InverseCumulative,3f50624dd2f1a9fc;3fe6666666666666;408f400000000000,unbalanced,beta_f_inverse,absent,present,filled,GRID_ONLY_EXPECTED,beta_f_inverse
Beta_InverseCumulative|3f50624dd2f1a9fc|3fe999999999999a|40c3880000000000||unbalanced|beta_f_inverse,Beta_InverseCumulative,3f50624dd2f1a9fc;3fe999999999999a;40c3880000000000,unbalanced,beta_f_inverse,absent,present,filled,GRID_ONLY_EXPECTED,beta_f_inverse
Beta_InverseCumulative|3f50624dd2f1a9fc|4004000000000000|412e848000000000||unbalanced|beta_f_inverse,Beta_InverseCumulative,3f50624dd2f1a9fc;4004000000000000;412e848000000000,unbalanced,beta_f_inverse,absent,present,filled,GRID_ONLY_EXPECTED,beta_f_inverse
Beta_InverseCumulative|3f50624dd2f1a9fc|4024800000000000|4051000000000000||unbalanced|beta_f_inverse,Beta_InverseCumulative,3f50624dd2f1a9fc;4024800000000000;4051000000000000,unbalanced,beta_f_inverse,absent,present,filled,GRID_ONLY_EXPECTED,beta_f_inverse
Beta_InverseCumulative|3f50624dd2f1a9fc|408f400000000000|3fe999999999999a||unbalanced|beta_f_inverse,Beta_InverseCumulative,3f50624dd2f1a9fc;408f400000000000;3fe999999999999a,unbalanced,beta_f_inverse,absent,present,filled,GRID_ONLY_EXPECTED,beta_f_inverse
Beta_InverseCumulative|3f50624dd2f1a9fc|40f86a0000000000|4004000000000000||unbalanced|beta_f_inverse,Beta_InverseCumulative,3f50624dd2f1a9fc;40f86a0000000000;4004000000000000,unbalanced,beta_f_inverse,absent,present,filled,GRID_ONLY_EXPECTED,beta_f_inverse
Beta_InverseCumulative|3f847ae147ae147b|3fe6666666666666|408f400000000000||unbalanced|beta_f_inverse,Beta_InverseCumulative,3f847ae147ae147b;3fe6666666666666;408f400000000000,unbalanced,beta_f_inverse,absent,present,filled,GRID_ONLY_EXPECTED,beta_f_inverse
Beta_InverseCumulative|3f847ae147ae147b|3fe999999999999a|40c3880000000000||unbalanced|beta_f_inverse,Beta_InverseCumulative,3f847ae147ae147b;3fe999999999999a;40c3880000000000,unbalanced,beta_f_inverse,absent,present,filled,GRID_ONLY_EXPECTED,beta_f_inverse
Beta_InverseCumulative|3f847ae147ae147b|4004000000000000|412e848000000000||unbalanced|beta_f_inverse,Beta_InverseCumulative,3f847ae147ae147b;4004000000000000;412e848000000000,unbalanced,beta_f_inverse,absent,present,filled,GRID_ONLY_EXPECTED,beta_f_inverse
Beta_InverseCumulative|3f847ae147ae147b|4024800000000000|4051000000000000||unbalanced|beta_f_inverse,Beta_InverseCumulative,3f847ae147ae147b;4024800000000000;4051000000000000,unbalanced,beta_f_inverse,absent,present,filled,GRID_ONLY_EXPECTED,beta_f_inverse
Beta_InverseCumulative|3f847ae147ae147b|408f400000000000|3fe999999999999a||unbalanced|beta_f_inverse,Beta_InverseCumulative,3f847ae147ae147b;408f400000000000;3fe999999999999a,unbalanced,beta_f_inverse,absent,present,filled,GRID_ONLY_EXPECTED,beta_f_inverse
Beta_InverseCumulative|3f847ae147ae147b|40f86a0000000000|4004000000000000||unbalanced|beta_f_inverse,Beta_InverseCumulative,3f847ae147ae147b;40f86a0000000000;4004000000000000,unbalanced,beta_f_inverse,absent,present,filled,GRID_ONLY_EXPECTED,beta_f_inverse
Beta_InverseCumulative|3f87c983dbbfcacb|3fc999999999999a|3f847ae147ae147b||tiny_unbalanced_representable|main grid,Beta_InverseCumulative,3f87c983dbbfcacb;3fc999999999999a;3f847ae147ae147b,tiny_unbalanced_representable,main grid,present,present,filled,REFERENCE_DIFFERENCE,generate_reference_values
Beta_InverseCumulative|3f94e1755479cb65|3fe0000000000000|3fa999999999999a||tiny_unbalanced_representable|main grid,Beta_InverseCumulative,3f94e1755479cb65;3fe0000000000000;3fa999999999999a,tiny_unbalanced_representable,main grid,present,present,filled,REFERENCE_DIFFERENCE,generate_reference_values
Beta_InverseCumulative|3f97c983dbbfcacb|3fc999999999999a|3f847ae147ae147b||tiny_unbalanced_representable|main grid,Beta_InverseCumulative,3f97c983dbbfcacb;3fc999999999999a;3f847ae147ae147b,tiny_unbalanced_representable,main grid,present,present,filled,REFERENCE_DIFFERENCE,generate_reference_values
Beta_InverseCumulative|3fb73fdc3de7849b|3f1a36e2eb1c432d|3ee4f8b588e368f1||tiny_unbalanced_representable|main grid,Beta_InverseCumulative,3fb73fdc3de7849b;3f1a36e2eb1c432d;3ee4f8b588e368f1,tiny_unbalanced_representable,main grid,present,present,filled,REFERENCE_DIFFERENCE,generate_reference_values
Beta_InverseCumulative|3fb745c230f54913|3f1a36e2eb1c432d|3ee4f8b588e368f1||tiny_unbalanced_representable|main grid,Beta_InverseCumulative,3fb745c230f54913;3f1a36e2eb1c432d;3ee4f8b588e368f1,tiny_unbalanced_representable,main grid,present,present,filled,REFERENCE_DIFFERENCE,generate_reference_values
Beta_InverseCumulative|3fe0000000000000|3fe6666666666666|408f400000000000||unbalanced|beta_f_inverse,Beta_InverseCumulative,3fe0000000000000;3fe6666666666666;408f400000000000,unbalanced,beta_f_inverse,absent,present,filled,GRID_ONLY_EXPECTED,beta_f_inverse
Beta_InverseCumulative|3fe0000000000000|3fe999999999999a|40c3880000000000||unbalanced|beta_f_inverse,Beta_InverseCumulative,3fe0000000000000;3fe999999999999a;40c3880000000000,unbalanced,beta_f_inverse,absent,present,filled,GRID_ONLY_EXPECTED,beta_f_inverse
Beta_InverseCumulative|3fe0000000000000|4000000000000000|4000000000000000||balanced|main grid,Beta_InverseCumulative,3fe0000000000000;4000000000000000;4000000000000000,balanced,main grid,present,present,filled,MATCH,generate_reference_values
Beta_InverseCumulative|3fe0000000000000|4004000000000000|412e848000000000||unbalanced|beta_f_inverse,Beta_InverseCumulative,3fe0000000000000;4004000000000000;412e848000000000,unbalanced,beta_f_inverse,absent,present,filled,GRID_ONLY_EXPECTED,beta_f_inverse
Beta_InverseCumulative|3fe0000000000000|4024800000000000|4051000000000000||unbalanced|beta_f_inverse,Beta_InverseCumulative,3fe0000000000000;4024800000000000;4051000000000000,unbalanced,beta_f_inverse,absent,present,filled,GRID_ONLY_EXPECTED,beta_f_inverse
Beta_InverseCumulative|3fe0000000000000|408f400000000000|3fe999999999999a||unbalanced|beta_f_inverse,Beta_InverseCumulative,3fe0000000000000;408f400000000000;3fe999999999999a,unbalanced,beta_f_inverse,absent,present,filled,GRID_ONLY_EXPECTED,beta_f_inverse
Beta_InverseCumulative|3fe0000000000000|40f86a0000000000|4004000000000000||unbalanced|beta_f_inverse,Beta_InverseCumulative,3fe0000000000000;40f86a0000000000;4004000000000000,unbalanced,beta_f_inverse,absent,present,filled,GRID_ONLY_EXPECTED,beta_f_inverse
Beta_InverseCumulative|3feccccccccccccd|3fe6666666666666|408f400000000000||unbalanced|beta_f_inverse,Beta_InverseCumulative,3feccccccccccccd;3fe6666666666666;408f400000000000,unbalanced,beta_f_inverse,absent,present,filled,GRID_ONLY_EXPECTED,beta_f_inverse
Beta_InverseCumulative|3feccccccccccccd|3fe999999999999a|40c3880000000000||unbalanced|beta_f_inverse,Beta_InverseCumulative,3feccccccccccccd;3fe999999999999a;40c3880000000000,unbalanced,beta_f_inverse,absent,present,filled,GRID_ONLY_EXPECTED,beta_f_inverse
Beta_InverseCumulative|3feccccccccccccd|4004000000000000|412e848000000000||unbalanced|beta_f_inverse,Beta_InverseCumulative,3feccccccccccccd;4004000000000000;412e848000000000,unbalanced,beta_f_inverse,absent,present,filled,GRID_ONLY_EXPECTED,beta_f_inverse
Beta_InverseCumulative|3feccccccccccccd|4024800000000000|4051000000000000||unbalanced|beta_f_inverse,Beta_InverseCumulative,3feccccccccccccd;4024800000000000;4051000000000000,unbalanced,beta_f_inverse,absent,present,filled,GRID_ONLY_EXPECTED,beta_f_inverse
Beta_InverseCumulative|3feccccccccccccd|408f400000000000|3fe999999999999a||unbalanced|beta_f_inverse,Beta_InverseCumulative,3feccccccccccccd;408f400000000000;3fe999999999999a,unbalanced,beta_f_inverse,absent,present,filled,GRID_ONLY_EXPECTED,beta_f_inverse
Beta_InverseCumulative|3feccccccccccccd|40f86a0000000000|4004000000000000||unbalanced|beta_f_inverse,Beta_InverseCumulative,3feccccccccccccd;40f86a0000000000;4004000000000000,unbalanced,beta_f_inverse,absent,present,filled,GRID_ONLY_EXPECTED,beta_f_inverse
Beta_InverseCumulative|3fee666666666666|4000000000000000|4014000000000000||balanced|main grid,Beta_InverseCumulative,3fee666666666666;4000000000000000;4014000000000000,balanced,main grid,present,present,filled,MATCH,generate_reference_values
Beta_InverseCumulative|3fefae147ae147ae|3fe6666666666666|408f400000000000||unbalanced|beta_f_inverse,Beta_InverseCumulative,3fefae147ae147ae;3fe6666666666666;408f400000000000,unbalanced,beta_f_inverse,absent,present,filled,GRID_ONLY_EXPECTED,beta_f_inverse
Beta_InverseCumulative|3fefae147ae147ae|3fe999999999999a|40c3880000000000||unbalanced|beta_f_inverse,Beta_InverseCumulative,3fefae147ae147ae;3fe999999999999a;40c3880000000000,unbalanced,beta_f_inverse,absent,present,filled,GRID_ONLY_EXPECTED,beta_f_inverse
Beta_InverseCumulative|3fefae147ae147ae|4004000000000000|412e848000000000||unbalanced|beta_f_inverse,Beta_InverseCumulative,3fefae147ae147ae;4004000000000000;412e848000000000,unbalanced,beta_f_inverse,absent,present,filled,GRID_ONLY_EXPECTED,beta_f_inverse
Beta_InverseCumulative|3fefae147ae147ae|4024800000000000|4051000000000000||unbalanced|beta_f_inverse,Beta_InverseCumulative,3fefae147ae147ae;4024800000000000;4051000000000000,unbalanced,beta_f_inverse,absent,present,filled,GRID_ONLY_EXPECTED,beta_f_inverse
Beta_InverseCumulative|3fefae147ae147ae|408f400000000000|3fe999999999999a||unbalanced|beta_f_inverse,Beta_InverseCumulative,3fefae147ae147ae;408f400000000000;3fe999999999999a,unbalanced,beta_f_inverse,absent,present,filled,GRID_ONLY_EXPECTED,beta_f_inverse
Beta_InverseCumulative|3fefae147ae147ae|40f86a0000000000|4004000000000000||unbalanced|beta_f_inverse,Beta_InverseCumulative,3fefae147ae147ae;40f86a0000000000;4004000000000000,unbalanced,beta_f_inverse,absent,present,filled,GRID_ONLY_EXPECTED,beta_f_inverse
Beta_InverseCumulative|3feff7ced916872b|3fe6666666666666|408f400000000000||unbalanced|beta_f_inverse,Beta_InverseCumulative,3feff7ced916872b;3fe6666666666666;408f400000000000,unbalanced,beta_f_inverse,absent,present,filled,GRID_ONLY_EXPECTED,beta_f_inverse
Beta_InverseCumulative|3feff7ced916872b|3fe999999999999a|40c3880000000000||unbalanced|beta_f_inverse,Beta_InverseCumulative,3feff7ced916872b;3fe999999999999a;40c3880000000000,unbalanced,beta_f_inverse,absent,present,filled,GRID_ONLY_EXPECTED,beta_f_inverse
Beta_InverseCumulative|3feff7ced916872b|4004000000000000|412e848000000000||unbalanced|beta_f_inverse,Beta_InverseCumulative,3feff7ced916872b;4004000000000000;412e848000000000,unbalanced,beta_f_inverse,absent,present,filled,GRID_ONLY_EXPECTED,beta_f_inverse
Beta_InverseCumulative|3feff7ced916872b|4024800000000000|4051000000000000||unbalanced|beta_f_inverse,Beta_InverseCumulative,3feff7ced916872b;4024800000000000;4051000000000000,unbalanced,beta_f_inverse,absent,present,filled,GRID_ONLY_EXPECTED,beta_f_inverse
Beta_InverseCumulative|3feff7ced916872b|408f400000000000|3fe999999999999a||unbalanced|beta_f_inverse,Beta_InverseCumulative,3feff7ced916872b;408f400000000000;3fe999999999999a,unbalanced,beta_f_inverse,absent,present,filled,GRID_ONLY_EXPECTED,beta_f_inverse
Beta_InverseCumulative|3feff7ced916872b|40f86a0000000000|4004000000000000||unbalanced|beta_f_inverse,Beta_InverseCumulative,3feff7ced916872b;40f86a0000000000;4004000000000000,unbalanced,beta_f_inverse,absent,present,filled,GRID_ONLY_EXPECTED,beta_f_inverse
Beta_Mean|4000000000000000|4008000000000000|||all|main grid,Beta_Mean,4000000000000000;4008000000000000,all,main grid,present,present,filled,MATCH,generate_reference_values
Beta_Mean|4014000000000000|4000000000000000|||all|main grid,Beta_Mean,4014000000000000;4000000000000000,all,main grid,present,present,filled,MATCH,generate_reference_values
Beta_StdDev|4000000000000000|4008000000000000|||all|main grid,Beta_StdDev,4000000000000000;4008000000000000,all,main grid,present,present,filled,MATCH,generate_reference_values
Beta_StdDev|4014000000000000|4000000000000000|||all|main grid,Beta_StdDev,4014000000000000;4000000000000000,all,main grid,present,present,filled,MATCH,generate_reference_values
Beta_Survival|3ec4f8b21947fdd3|4004000000000000|412e848000000000||unbalanced|beta_f_unbalanced,Beta_Survival,3ec4f8b21947fdd3;4004000000000000;412e848000000000,unbalanced,beta_f_unbalanced,absent,present,filled,GRID_ONLY_EXPECTED,beta_f_unbalanced
Beta_Survival|3ec92a6dab53d8e6|4004000000000000|412e848000000000||unbalanced|beta_f_unbalanced,Beta_Survival,3ec92a6dab53d8e6;4004000000000000;412e848000000000,unbalanced,beta_f_unbalanced,absent,present,filled,GRID_ONLY_EXPECTED,beta_f_unbalanced
Beta_Survival|3ed81dfae077e537|4017000000000000|412e848000000000||unbalanced|beta_f_unbalanced,Beta_Survival,3ed81dfae077e537;4017000000000000;412e848000000000,unbalanced,beta_f_unbalanced,absent,present,filled,GRID_ONLY_EXPECTED,beta_f_unbalanced
Beta_Survival|3eda36d75272f483|4017000000000000|412e848000000000||unbalanced|beta_f_unbalanced,Beta_Survival,3eda36d75272f483;4017000000000000;412e848000000000,unbalanced,beta_f_unbalanced,absent,present,filled,GRID_ONLY_EXPECTED,beta_f_unbalanced
Beta_Survival|3eeb433b2b12bf56|3ff4cccccccccccd|40f86a0000000000||unbalanced|beta_f_unbalanced,Beta_Survival,3eeb433b2b12bf56;3ff4cccccccccccd;40f86a0000000000,unbalanced,beta_f_unbalanced,absent,present,filled,GRID_ONLY_EXPECTED,beta_f_unbalanced
Beta_Survival|3ef2dfba21cd4e34|3ff4cccccccccccd|40f86a0000000000||unbalanced|beta_f_unbalanced,Beta_Survival,3ef2dfba21cd4e34;3ff4cccccccccccd;40f86a0000000000,unbalanced,beta_f_unbalanced,absent,present,filled,GRID_ONLY_EXPECTED,beta_f_unbalanced
Beta_Survival|3f14f84797a46bb7|3fe999999999999a|40c3880000000000||unbalanced|beta_f_unbalanced,Beta_Survival,3f14f84797a46bb7;3fe999999999999a;40c3880000000000,unbalanced,beta_f_unbalanced,absent,present,filled,GRID_ONLY_EXPECTED,beta_f_unbalanced
Beta_Survival|3f21094a87569438|3fe999999999999a|40c3880000000000||unbalanced|beta_f_unbalanced,Beta_Survival,3f21094a87569438;3fe999999999999a;40c3880000000000,unbalanced,beta_f_unbalanced,absent,present,filled,GRID_ONLY_EXPECTED,beta_f_unbalanced
Beta_Survival|3f46ebeb05cea066|3fe6666666666666|408f400000000000||unbalanced|beta_f_unbalanced,Beta_Survival,3f46ebeb05cea066;3fe6666666666666;408f400000000000,unbalanced,beta_f_unbalanced,absent,present,filled,GRID_ONLY_EXPECTED,beta_f_unbalanced
Beta_Survival|3f53a09f790fb7a0|3fe6666666666666|408f400000000000||unbalanced|beta_f_unbalanced,Beta_Survival,3f53a09f790fb7a0;3fe6666666666666;408f400000000000,unbalanced,beta_f_unbalanced,absent,present,filled,GRID_ONLY_EXPECTED,beta_f_unbalanced
Beta_Survival|3fc0c44b3efa4657|4024800000000000|4051000000000000||unbalanced|beta_f_unbalanced,Beta_Survival,3fc0c44b3efa4657;4024800000000000;4051000000000000,unbalanced,beta_f_unbalanced,absent,present,filled,GRID_ONLY_EXPECTED,beta_f_unbalanced
Beta_Survival|3fc15cdee3bc29fe|4024800000000000|4051000000000000||unbalanced|beta_f_unbalanced,Beta_Survival,3fc15cdee3bc29fe;4024800000000000;4051000000000000,unbalanced,beta_f_unbalanced,absent,present,filled,GRID_ONLY_EXPECTED,beta_f_unbalanced
Beta_Survival|3fd0000000000000|3c9cd2b297d889bc|3c66d3edb3a766f1||tiny_unbalanced|main grid,Beta_Survival,3fd0000000000000;3c9cd2b297d889bc;3c66d3edb3a766f1,tiny_unbalanced,main grid,present,present,filled,REFERENCE_DIFFERENCE,generate_reference_values
Beta_Survival|3fd0000000000000|3d719799812dea11|3d3bddb3a9cdd929||tiny_unbalanced|main grid,Beta_Survival,3fd0000000000000;3d719799812dea11;3d3bddb3a9cdd929,tiny_unbalanced,main grid,present,present,filled,REFERENCE_DIFFERENCE,generate_reference_values
Beta_Survival|3fd0000000000000|3e45798ee2308c3a|3e112e0be826d695||tiny_unbalanced|main grid,Beta_Survival,3fd0000000000000;3e45798ee2308c3a;3e112e0be826d695,tiny_unbalanced,main grid,present,present,filled,REFERENCE_DIFFERENCE,generate_reference_values
Beta_Survival|3fd0000000000000|3f1a36e2eb1c432d|3ee4f8b588e368f1||tiny_unbalanced|main grid,Beta_Survival,3fd0000000000000;3f1a36e2eb1c432d;3ee4f8b588e368f1,tiny_unbalanced,main grid,present,present,filled,REFERENCE_DIFFERENCE,generate_reference_values
Beta_Survival|3fd0000000000000|3f50624dd2f1a9fc|3f19f3c70c996b76||tiny_unbalanced|main grid,Beta_Survival,3fd0000000000000;3f50624dd2f1a9fc;3f19f3c70c996b76,tiny_unbalanced,main grid,present,present,filled,REFERENCE_DIFFERENCE,generate_reference_values
Beta_Survival|3fd3333333333333|4000000000000000|4014000000000000||balanced|main grid,Beta_Survival,3fd3333333333333;4000000000000000;4014000000000000,balanced,main grid,present,present,filled,MATCH,generate_reference_values
Beta_Survival|3fddbcbcf5c0139f|4059000000000000|4059000000000000||large_shape|main grid,Beta_Survival,3fddbcbcf5c0139f;4059000000000000;4059000000000000,large_shape,main grid,absent,present,filled,GRID_ONLY_UNEXPLAINED,cdf_large_shape;density_large_shape
Beta_Survival|3fdfc612e56001f6|40c3880000000000|40c3880000000000||large_shape|main grid,Beta_Survival,3fdfc612e56001f6;40c3880000000000;40c3880000000000,large_shape,main grid,absent,present,filled,GRID_ONLY_UNEXPLAINED,cdf_large_shape;density_large_shape
Beta_Survival|3fdffa3516f00032|412e848000000000|412e848000000000||large_shape|main grid,Beta_Survival,3fdffa3516f00032;412e848000000000;412e848000000000,large_shape,main grid,absent,present,filled,GRID_ONLY_UNEXPLAINED,cdf_large_shape;density_large_shape
Beta_Survival|3fdfff6bb57e666b|4197d78400000000|4197d78400000000||extreme_shape|main grid,Beta_Survival,3fdfff6bb57e666b;4197d78400000000;4197d78400000000,extreme_shape,main grid,absent,present,filled,GRID_ONLY_UNEXPLAINED,cdf_large_shape;density_large_shape
Beta_Survival|3fdffff12bbfd70b|4202a05f20000000|4202a05f20000000||extreme_shape|main grid,Beta_Survival,3fdffff12bbfd70b;4202a05f20000000;4202a05f20000000,extreme_shape,main grid,absent,present,filled,GRID_ONLY_UNEXPLAINED,cdf_large_shape;density_large_shape
Beta_Survival|3fdffffe845ffbe7|426d1a94a2000000|426d1a94a2000000||extreme_shape|main grid,Beta_Survival,3fdffffe845ffbe7;426d1a94a2000000;426d1a94a2000000,extreme_shape,main grid,absent,present,filled,GRID_ONLY_UNEXPLAINED,cdf_large_shape;density_large_shape
Beta_Survival|3fe0000000000000|3c9cd2b297d889bc|3c66d3edb3a766f1||tiny_unbalanced|main grid,Beta_Survival,3fe0000000000000;3c9cd2b297d889bc;3c66d3edb3a766f1,tiny_unbalanced,main grid,present,present,filled,REFERENCE_DIFFERENCE,generate_reference_values
Beta_Survival|3fe0000000000000|3d719799812dea11|3d3bddb3a9cdd929||tiny_unbalanced|main grid,Beta_Survival,3fe0000000000000;3d719799812dea11;3d3bddb3a9cdd929,tiny_unbalanced,main grid,present,present,filled,REFERENCE_DIFFERENCE,generate_reference_values
Beta_Survival|3fe0000000000000|3e45798ee2308c3a|3e112e0be826d695||tiny_unbalanced|main grid,Beta_Survival,3fe0000000000000;3e45798ee2308c3a;3e112e0be826d695,tiny_unbalanced,main grid,present,present,filled,REFERENCE_DIFFERENCE,generate_reference_values
Beta_Survival|3fe0000000000000|3f1a36e2eb1c432d|3ee4f8b588e368f1||tiny_unbalanced|main grid,Beta_Survival,3fe0000000000000;3f1a36e2eb1c432d;3ee4f8b588e368f1,tiny_unbalanced,main grid,present,present,filled,REFERENCE_DIFFERENCE,generate_reference_values
Beta_Survival|3fe0000000000000|3f50624dd2f1a9fc|3f19f3c70c996b76||tiny_unbalanced|main grid,Beta_Survival,3fe0000000000000;3f50624dd2f1a9fc;3f19f3c70c996b76,tiny_unbalanced,main grid,present,present,filled,REFERENCE_DIFFERENCE,generate_reference_values
Beta_Survival|3fe0000000000000|4000000000000000|4000000000000000||balanced|main grid,Beta_Survival,3fe0000000000000;4000000000000000;4000000000000000,balanced,main grid,present,present,filled,MATCH,generate_reference_values
Beta_Survival|3fe0000000000000|4059000000000000|4059000000000000||large_shape|main grid,Beta_Survival,3fe0000000000000;4059000000000000;4059000000000000,large_shape,main grid,absent,present,filled,GRID_ONLY_UNEXPLAINED,cdf_large_shape;density_large_shape
Beta_Survival|3fe0000000000000|40c3880000000000|40c3880000000000||large_shape|main grid,Beta_Survival,3fe0000000000000;40c3880000000000;40c3880000000000,large_shape,main grid,absent,present,filled,GRID_ONLY_UNEXPLAINED,cdf_large_shape;density_large_shape
Beta_Survival|3fe0000000000000|412e848000000000|412e848000000000||large_shape|main grid,Beta_Survival,3fe0000000000000;412e848000000000;412e848000000000,large_shape,main grid,absent,present,filled,GRID_ONLY_UNEXPLAINED,cdf_large_shape;density_large_shape
Beta_Survival|3fe00000bdd0020c|426d1a94a2000000|426d1a94a2000000||extreme_shape|main grid,Beta_Survival,3fe00000bdd0020c;426d1a94a2000000;426d1a94a2000000,extreme_shape,main grid,absent,present,filled,GRID_ONLY_UNEXPLAINED,cdf_large_shape;density_large_shape
Beta_Survival|3fe000076a20147b|4202a05f20000000|4202a05f20000000||extreme_shape|main grid,Beta_Survival,3fe000076a20147b;4202a05f20000000;4202a05f20000000,extreme_shape,main grid,absent,present,filled,GRID_ONLY_UNEXPLAINED,cdf_large_shape;density_large_shape
Beta_Survival|3fe0004a2540ccca|4197d78400000000|4197d78400000000||extreme_shape|main grid,Beta_Survival,3fe0004a2540ccca;4197d78400000000;4197d78400000000,extreme_shape,main grid,absent,present,filled,GRID_ONLY_UNEXPLAINED,cdf_large_shape;density_large_shape
Beta_Survival|3fe002e57487ffe7|412e848000000000|412e848000000000||large_shape|main grid,Beta_Survival,3fe002e57487ffe7;412e848000000000;412e848000000000,large_shape,main grid,absent,present,filled,GRID_ONLY_UNEXPLAINED,cdf_large_shape;density_large_shape
Beta_Survival|3fe01cf68d4fff05|40c3880000000000|40c3880000000000||large_shape|main grid,Beta_Survival,3fe01cf68d4fff05;40c3880000000000;40c3880000000000,large_shape,main grid,absent,present,filled,GRID_ONLY_UNEXPLAINED,cdf_large_shape;density_large_shape
Beta_Survival|3fe121a1851ff631|4059000000000000|4059000000000000||large_shape|main grid,Beta_Survival,3fe121a1851ff631;4059000000000000;4059000000000000,large_shape,main grid,absent,present,filled,GRID_ONLY_UNEXPLAINED,cdf_large_shape;density_large_shape
Beta_Survival|3fe8000000000000|3c9cd2b297d889bc|3c66d3edb3a766f1||tiny_unbalanced|main grid,Beta_Survival,3fe8000000000000;3c9cd2b297d889bc;3c66d3edb3a766f1,tiny_unbalanced,main grid,present,present,filled,REFERENCE_DIFFERENCE,generate_reference_values
Beta_Survival|3fe8000000000000|3d719799812dea11|3d3bddb3a9cdd929||tiny_unbalanced|main grid,Beta_Survival,3fe8000000000000;3d719799812dea11;3d3bddb3a9cdd929,tiny_unbalanced,main grid,present,present,filled,REFERENCE_DIFFERENCE,generate_reference_values
Beta_Survival|3fe8000000000000|3e45798ee2308c3a|3e112e0be826d695||tiny_unbalanced|main grid,Beta_Survival,3fe8000000000000;3e45798ee2308c3a;3e112e0be826d695,tiny_unbalanced,main grid,present,present,filled,REFERENCE_DIFFERENCE,generate_reference_values
Beta_Survival|3fe8000000000000|3f1a36e2eb1c432d|3ee4f8b588e368f1||tiny_unbalanced|main grid,Beta_Survival,3fe8000000000000;3f1a36e2eb1c432d;3ee4f8b588e368f1,tiny_unbalanced,main grid,present,present,filled,REFERENCE_DIFFERENCE,generate_reference_values
Beta_Survival|3fe8000000000000|3f50624dd2f1a9fc|3f19f3c70c996b76||tiny_unbalanced|main grid,Beta_Survival,3fe8000000000000;3f50624dd2f1a9fc;3f19f3c70c996b76,tiny_unbalanced,main grid,present,present,filled,REFERENCE_DIFFERENCE,generate_reference_values
Beta_Survival|3fe999999999999a|4014000000000000|3ff0000000000000||balanced|main grid,Beta_Survival,3fe999999999999a;4014000000000000;3ff0000000000000,balanced,main grid,present,present,filled,MATCH,generate_reference_values
Beta_Survival|3feff55e99d5c8e8|408f400000000000|3fe999999999999a||unbalanced|beta_f_unbalanced,Beta_Survival,3feff55e99d5c8e8;408f400000000000;3fe999999999999a,unbalanced,beta_f_unbalanced,absent,present,filled,GRID_ONLY_EXPECTED,beta_f_unbalanced
Beta_Survival|3feff9739e97d713|408f400000000000|3fe999999999999a||unbalanced|beta_f_unbalanced,Beta_Survival,3feff9739e97d713;408f400000000000;3fe999999999999a,unbalanced,beta_f_unbalanced,absent,present,filled,GRID_ONLY_EXPECTED,beta_f_unbalanced
Beta_Survival|3fefffc1166fb3a2|40f86a0000000000|4004000000000000||unbalanced|beta_f_unbalanced,Beta_Survival,3fefffc1166fb3a2;40f86a0000000000;4004000000000000,unbalanced,beta_f_unbalanced,absent,present,filled,GRID_ONLY_EXPECTED,beta_f_unbalanced
Beta_Survival|3fefffcb92900f76|40f86a0000000000|4004000000000000||unbalanced|beta_f_unbalanced,Beta_Survival,3fefffcb92900f76;40f86a0000000000;4004000000000000,unbalanced,beta_f_unbalanced,absent,present,filled,GRID_ONLY_EXPECTED,beta_f_unbalanced
Beta_Variance|4000000000000000|4008000000000000|||all|main grid,Beta_Variance,4000000000000000;4008000000000000,all,main grid,present,present,filled,MATCH,generate_reference_values
Beta_Variance|4014000000000000|4000000000000000|||all|main grid,Beta_Variance,4014000000000000;4000000000000000,all,main grid,present,present,filled,MATCH,generate_reference_values
Binomial_Cumulative|0000000000000000|4034000000000000|3f947ae147ae147b||all|main grid,Binomial_Cumulative,0000000000000000;4034000000000000;3f947ae147ae147b,all,main grid,present,present,filled,MATCH,generate_reference_values
Binomial_Cumulative|4000000000000000|4034000000000000|3f947ae147ae147b||all|main grid,Binomial_Cumulative,4000000000000000;4034000000000000;3f947ae147ae147b,all,main grid,present,present,filled,MATCH,generate_reference_values
Binomial_Cumulative|4024000000000000|4034000000000000|3fe0000000000000||all|main grid,Binomial_Cumulative,4024000000000000;4034000000000000;3fe0000000000000,all,main grid,present,present,filled,MATCH,generate_reference_values
Binomial_Cumulative|4030000000000000|4034000000000000|3fe0000000000000||all|main grid,Binomial_Cumulative,4030000000000000;4034000000000000;3fe0000000000000,all,main grid,present,present,filled,MATCH,generate_reference_values
Binomial_Cumulative|4032000000000000|4034000000000000|3feccccccccccccd||all|main grid,Binomial_Cumulative,4032000000000000;4034000000000000;3feccccccccccccd,all,main grid,present,present,filled,MATCH,generate_reference_values
Binomial_Cumulative|4034000000000000|4034000000000000|3feccccccccccccd||all|main grid,Binomial_Cumulative,4034000000000000;4034000000000000;3feccccccccccccd,all,main grid,present,present,filled,MATCH,generate_reference_values
Binomial_Cumulative|4034000000000000|408f400000000000|3f947ae147ae147b||all|main grid,Binomial_Cumulative,4034000000000000;408f400000000000;3f947ae147ae147b,all,main grid,present,present,filled,MATCH,generate_reference_values
Binomial_Cumulative|4040800000000000|408f400000000000|3f947ae147ae147b||all|main grid,Binomial_Cumulative,4040800000000000;408f400000000000;3f947ae147ae147b,all,main grid,present,present,filled,MATCH,generate_reference_values
Binomial_Cumulative|407f400000000000|408f400000000000|3fe0000000000000||all|main grid,Binomial_Cumulative,407f400000000000;408f400000000000;3fe0000000000000,all,main grid,present,present,filled,MATCH,generate_reference_values
Binomial_Cumulative|4081180000000000|408f400000000000|3fe0000000000000||all|main grid,Binomial_Cumulative,4081180000000000;408f400000000000;3fe0000000000000,all,main grid,present,present,filled,MATCH,generate_reference_values
Binomial_Cumulative|408c200000000000|408f400000000000|3feccccccccccccd||all|main grid,Binomial_Cumulative,408c200000000000;408f400000000000;3feccccccccccccd,all,main grid,present,present,filled,MATCH,generate_reference_values
Binomial_Cumulative|408d000000000000|408f400000000000|3feccccccccccccd||all|main grid,Binomial_Cumulative,408d000000000000;408f400000000000;3feccccccccccccd,all,main grid,present,present,filled,MATCH,generate_reference_values
Binomial_Cumulative|409f400000000000|40f86a0000000000|3f947ae147ae147b||all|main grid,Binomial_Cumulative,409f400000000000;40f86a0000000000;3f947ae147ae147b,all,main grid,present,present,filled,MATCH,generate_reference_values
Binomial_Cumulative|40a0a80000000000|40f86a0000000000|3f947ae147ae147b||all|main grid,Binomial_Cumulative,40a0a80000000000;40f86a0000000000;3f947ae147ae147b,all,main grid,present,present,filled,MATCH,generate_reference_values
Binomial_Cumulative|40d3880000000000|412e848000000000|3f947ae147ae147b||all|main grid,Binomial_Cumulative,40d3880000000000;412e848000000000;3f947ae147ae147b,all,main grid,present,present,filled,MATCH,generate_reference_values
Binomial_Cumulative|40d3f10000000000|412e848000000000|3f947ae147ae147b||all|main grid,Binomial_Cumulative,40d3f10000000000;412e848000000000;3f947ae147ae147b,all,main grid,present,present,filled,MATCH,generate_reference_values
Binomial_Cumulative|40e86a0000000000|40f86a0000000000|3fe0000000000000||all|main grid,Binomial_Cumulative,40e86a0000000000;40f86a0000000000;3fe0000000000000,all,main grid,present,present,filled,MATCH,generate_reference_values
Binomial_Cumulative|40e8a54000000000|40f86a0000000000|3fe0000000000000||all|main grid,Binomial_Cumulative,40e8a54000000000;40f86a0000000000;3fe0000000000000,all,main grid,present,present,filled,MATCH,generate_reference_values
Binomial_Cumulative|40f5f90000000000|40f86a0000000000|3feccccccccccccd||all|main grid,Binomial_Cumulative,40f5f90000000000;40f86a0000000000;3feccccccccccccd,all,main grid,present,present,filled,MATCH,generate_reference_values
Binomial_Cumulative|40f60ac000000000|40f86a0000000000|3feccccccccccccd||all|main grid,Binomial_Cumulative,40f60ac000000000;40f86a0000000000;3feccccccccccccd,all,main grid,present,present,filled,MATCH,generate_reference_values
Binomial_Cumulative|41086a0000000000|416312d000000000|3f947ae147ae147b||all|main grid,Binomial_Cumulative,41086a0000000000;416312d000000000;3f947ae147ae147b,all,main grid,present,present,filled,MATCH,generate_reference_values
Binomial_Cumulative|4108938000000000|416312d000000000|3f947ae147ae147b||all|main grid,Binomial_Cumulative,4108938000000000;416312d000000000;3f947ae147ae147b,all,main grid,present,present,filled,MATCH,generate_reference_values
Binomial_Cumulative|411e848000000000|412e848000000000|3fe0000000000000||all|main grid,Binomial_Cumulative,411e848000000000;412e848000000000;3fe0000000000000,all,main grid,present,present,filled,MATCH,generate_reference_values
Binomial_Cumulative|411e9bf000000000|412e848000000000|3fe0000000000000||all|main grid,Binomial_Cumulative,411e9bf000000000;412e848000000000;3fe0000000000000,all,main grid,present,present,filled,MATCH,generate_reference_values
Binomial_Cumulative|412b774000000000|412e848000000000|3feccccccccccccd||all|main grid,Binomial_Cumulative,412b774000000000;412e848000000000;3feccccccccccccd,all,main grid,present,present,filled,MATCH,generate_reference_values
Binomial_Cumulative|412b7e4800000000|412e848000000000|3feccccccccccccd||all|main grid,Binomial_Cumulative,412b7e4800000000;412e848000000000;3feccccccccccccd,all,main grid,present,present,filled,MATCH,generate_reference_values
Binomial_Cumulative|415312d000000000|416312d000000000|3fe0000000000000||all|main grid,Binomial_Cumulative,415312d000000000;416312d000000000;3fe0000000000000,all,main grid,present,present,filled,MATCH,generate_reference_values
Binomial_Cumulative|41531771c0000000|416312d000000000|3fe0000000000000||all|main grid,Binomial_Cumulative,41531771c0000000;416312d000000000;3fe0000000000000,all,main grid,present,present,filled,MATCH,generate_reference_values
Binomial_Cumulative|41612a8800000000|416312d000000000|3feccccccccccccd||all|main grid,Binomial_Cumulative,41612a8800000000;416312d000000000;3feccccccccccccd,all,main grid,present,present,filled,MATCH,generate_reference_values
Binomial_Cumulative|41612bebc0000000|416312d000000000|3feccccccccccccd||all|main grid,Binomial_Cumulative,41612bebc0000000;416312d000000000;3feccccccccccccd,all,main grid,present,present,filled,MATCH,generate_reference_values
Binomial_InverseCumulative|3fa999999999999a|4034000000000000|3f947ae147ae147b||all|main grid,Binomial_InverseCumulative,3fa999999999999a;4034000000000000;3f947ae147ae147b,all,main grid,present,present,filled,MATCH,generate_reference_values
Binomial_InverseCumulative|3fa999999999999a|4034000000000000|3fe0000000000000||all|main grid,Binomial_InverseCumulative,3fa999999999999a;4034000000000000;3fe0000000000000,all,main grid,present,present,filled,MATCH,generate_reference_values
Binomial_InverseCumulative|3fa999999999999a|4034000000000000|3feccccccccccccd||all|main grid,Binomial_InverseCumulative,3fa999999999999a;4034000000000000;3feccccccccccccd,all,main grid,present,present,filled,MATCH,generate_reference_values
Binomial_InverseCumulative|3fa999999999999a|408f400000000000|3f947ae147ae147b||all|main grid,Binomial_InverseCumulative,3fa999999999999a;408f400000000000;3f947ae147ae147b,all,main grid,present,present,filled,MATCH,generate_reference_values
Binomial_InverseCumulative|3fa999999999999a|408f400000000000|3fe0000000000000||all|main grid,Binomial_InverseCumulative,3fa999999999999a;408f400000000000;3fe0000000000000,all,main grid,present,present,filled,MATCH,generate_reference_values
Binomial_InverseCumulative|3fa999999999999a|408f400000000000|3feccccccccccccd||all|main grid,Binomial_InverseCumulative,3fa999999999999a;408f400000000000;3feccccccccccccd,all,main grid,present,present,filled,MATCH,generate_reference_values
Binomial_InverseCumulative|3fa999999999999a|40f86a0000000000|3f947ae147ae147b||all|main grid,Binomial_InverseCumulative,3fa999999999999a;40f86a0000000000;3f947ae147ae147b,all,main grid,present,present,filled,MATCH,generate_reference_values
Binomial_InverseCumulative|3fa999999999999a|40f86a0000000000|3fe0000000000000||all|main grid,Binomial_InverseCumulative,3fa999999999999a;40f86a0000000000;3fe0000000000000,all,main grid,present,present,filled,MATCH,generate_reference_values
Binomial_InverseCumulative|3fa999999999999a|40f86a0000000000|3feccccccccccccd||all|main grid,Binomial_InverseCumulative,3fa999999999999a;40f86a0000000000;3feccccccccccccd,all,main grid,present,present,filled,MATCH,generate_reference_values
Binomial_InverseCumulative|3fa999999999999a|412e848000000000|3f947ae147ae147b||all|main grid,Binomial_InverseCumulative,3fa999999999999a;412e848000000000;3f947ae147ae147b,all,main grid,present,present,filled,MATCH,generate_reference_values
Binomial_InverseCumulative|3fa999999999999a|412e848000000000|3fe0000000000000||all|main grid,Binomial_InverseCumulative,3fa999999999999a;412e848000000000;3fe0000000000000,all,main grid,present,present,filled,MATCH,generate_reference_values
Binomial_InverseCumulative|3fa999999999999a|412e848000000000|3feccccccccccccd||all|main grid,Binomial_InverseCumulative,3fa999999999999a;412e848000000000;3feccccccccccccd,all,main grid,present,present,filled,MATCH,generate_reference_values
Binomial_InverseCumulative|3fa999999999999a|416312d000000000|3f947ae147ae147b||all|main grid,Binomial_InverseCumulative,3fa999999999999a;416312d000000000;3f947ae147ae147b,all,main grid,present,present,filled,MATCH,generate_reference_values
Binomial_InverseCumulative|3fa999999999999a|416312d000000000|3fe0000000000000||all|main grid,Binomial_InverseCumulative,3fa999999999999a;416312d000000000;3fe0000000000000,all,main grid,present,present,filled,MATCH,generate_reference_values
Binomial_InverseCumulative|3fa999999999999a|416312d000000000|3feccccccccccccd||all|main grid,Binomial_InverseCumulative,3fa999999999999a;416312d000000000;3feccccccccccccd,all,main grid,present,present,filled,MATCH,generate_reference_values
Binomial_InverseCumulative|3fe0000000000000|4034000000000000|3f947ae147ae147b||all|main grid,Binomial_InverseCumulative,3fe0000000000000;4034000000000000;3f947ae147ae147b,all,main grid,present,present,filled,MATCH,generate_reference_values
Binomial_InverseCumulative|3fe0000000000000|4034000000000000|3fe0000000000000||all|main grid,Binomial_InverseCumulative,3fe0000000000000;4034000000000000;3fe0000000000000,all,main grid,present,present,filled,MATCH,generate_reference_values
Binomial_InverseCumulative|3fe0000000000000|4034000000000000|3feccccccccccccd||all|main grid,Binomial_InverseCumulative,3fe0000000000000;4034000000000000;3feccccccccccccd,all,main grid,present,present,filled,MATCH,generate_reference_values
Binomial_InverseCumulative|3fe0000000000000|408f400000000000|3f947ae147ae147b||all|main grid,Binomial_InverseCumulative,3fe0000000000000;408f400000000000;3f947ae147ae147b,all,main grid,present,present,filled,MATCH,generate_reference_values
Binomial_InverseCumulative|3fe0000000000000|408f400000000000|3fe0000000000000||all|main grid,Binomial_InverseCumulative,3fe0000000000000;408f400000000000;3fe0000000000000,all,main grid,present,present,filled,MATCH,generate_reference_values
Binomial_InverseCumulative|3fe0000000000000|408f400000000000|3feccccccccccccd||all|main grid,Binomial_InverseCumulative,3fe0000000000000;408f400000000000;3feccccccccccccd,all,main grid,present,present,filled,MATCH,generate_reference_values
Binomial_InverseCumulative|3fe0000000000000|40f86a0000000000|3f947ae147ae147b||all|main grid,Binomial_InverseCumulative,3fe0000000000000;40f86a0000000000;3f947ae147ae147b,all,main grid,present,present,filled,MATCH,generate_reference_values
Binomial_InverseCumulative|3fe0000000000000|40f86a0000000000|3fe0000000000000||all|main grid,Binomial_InverseCumulative,3fe0000000000000;40f86a0000000000;3fe0000000000000,all,main grid,present,present,filled,MATCH,generate_reference_values
Binomial_InverseCumulative|3fe0000000000000|40f86a0000000000|3feccccccccccccd||all|main grid,Binomial_InverseCumulative,3fe0000000000000;40f86a0000000000;3feccccccccccccd,all,main grid,present,present,filled,MATCH,generate_reference_values
Binomial_InverseCumulative|3fe0000000000000|412e848000000000|3f947ae147ae147b||all|main grid,Binomial_InverseCumulative,3fe0000000000000;412e848000000000;3f947ae147ae147b,all,main grid,present,present,filled,MATCH,generate_reference_values
Binomial_InverseCumulative|3fe0000000000000|412e848000000000|3fe0000000000000||all|main grid,Binomial_InverseCumulative,3fe0000000000000;412e848000000000;3fe0000000000000,all,main grid,present,present,filled,MATCH,generate_reference_values
Binomial_InverseCumulative|3fe0000000000000|412e848000000000|3feccccccccccccd||all|main grid,Binomial_InverseCumulative,3fe0000000000000;412e848000000000;3feccccccccccccd,all,main grid,present,present,filled,MATCH,generate_reference_values
Binomial_InverseCumulative|3fe0000000000000|416312d000000000|3f947ae147ae147b||all|main grid,Binomial_InverseCumulative,3fe0000000000000;416312d000000000;3f947ae147ae147b,all,main grid,present,present,filled,MATCH,generate_reference_values
Binomial_InverseCumulative|3fe0000000000000|416312d000000000|3fe0000000000000||all|main grid,Binomial_InverseCumulative,3fe0000000000000;416312d000000000;3fe0000000000000,all,main grid,present,present,filled,MATCH,generate_reference_values
Binomial_InverseCumulative|3fe0000000000000|416312d000000000|3feccccccccccccd||all|main grid,Binomial_InverseCumulative,3fe0000000000000;416312d000000000;3feccccccccccccd,all,main grid,present,present,filled,MATCH,generate_reference_values
Binomial_InverseCumulative|3fef333333333333|4034000000000000|3f947ae147ae147b||all|main grid,Binomial_InverseCumulative,3fef333333333333;4034000000000000;3f947ae147ae147b,all,main grid,present,present,filled,MATCH,generate_reference_values
Binomial_InverseCumulative|3fef333333333333|4034000000000000|3fe0000000000000||all|main grid,Binomial_InverseCumulative,3fef333333333333;4034000000000000;3fe0000000000000,all,main grid,present,present,filled,MATCH,generate_reference_values
Binomial_InverseCumulative|3fef333333333333|4034000000000000|3feccccccccccccd||all|main grid,Binomial_InverseCumulative,3fef333333333333;4034000000000000;3feccccccccccccd,all,main grid,present,present,filled,MATCH,generate_reference_values
Binomial_InverseCumulative|3fef333333333333|408f400000000000|3f947ae147ae147b||all|main grid,Binomial_InverseCumulative,3fef333333333333;408f400000000000;3f947ae147ae147b,all,main grid,present,present,filled,MATCH,generate_reference_values
Binomial_InverseCumulative|3fef333333333333|408f400000000000|3fe0000000000000||all|main grid,Binomial_InverseCumulative,3fef333333333333;408f400000000000;3fe0000000000000,all,main grid,present,present,filled,MATCH,generate_reference_values
Binomial_InverseCumulative|3fef333333333333|408f400000000000|3feccccccccccccd||all|main grid,Binomial_InverseCumulative,3fef333333333333;408f400000000000;3feccccccccccccd,all,main grid,present,present,filled,MATCH,generate_reference_values
Binomial_InverseCumulative|3fef333333333333|40f86a0000000000|3f947ae147ae147b||all|main grid,Binomial_InverseCumulative,3fef333333333333;40f86a0000000000;3f947ae147ae147b,all,main grid,present,present,filled,MATCH,generate_reference_values
Binomial_InverseCumulative|3fef333333333333|40f86a0000000000|3fe0000000000000||all|main grid,Binomial_InverseCumulative,3fef333333333333;40f86a0000000000;3fe0000000000000,all,main grid,present,present,filled,MATCH,generate_reference_values
Binomial_InverseCumulative|3fef333333333333|40f86a0000000000|3feccccccccccccd||all|main grid,Binomial_InverseCumulative,3fef333333333333;40f86a0000000000;3feccccccccccccd,all,main grid,present,present,filled,MATCH,generate_reference_values
Binomial_InverseCumulative|3fef333333333333|412e848000000000|3f947ae147ae147b||all|main grid,Binomial_InverseCumulative,3fef333333333333;412e848000000000;3f947ae147ae147b,all,main grid,present,present,filled,MATCH,generate_reference_values
Binomial_InverseCumulative|3fef333333333333|412e848000000000|3fe0000000000000||all|main grid,Binomial_InverseCumulative,3fef333333333333;412e848000000000;3fe0000000000000,all,main grid,present,present,filled,MATCH,generate_reference_values
Binomial_InverseCumulative|3fef333333333333|412e848000000000|3feccccccccccccd||all|main grid,Binomial_InverseCumulative,3fef333333333333;412e848000000000;3feccccccccccccd,all,main grid,present,present,filled,MATCH,generate_reference_values
Binomial_InverseCumulative|3fef333333333333|416312d000000000|3f947ae147ae147b||all|main grid,Binomial_InverseCumulative,3fef333333333333;416312d000000000;3f947ae147ae147b,all,main grid,present,present,filled,MATCH,generate_reference_values
Binomial_InverseCumulative|3fef333333333333|416312d000000000|3fe0000000000000||all|main grid,Binomial_InverseCumulative,3fef333333333333;416312d000000000;3fe0000000000000,all,main grid,present,present,filled,MATCH,generate_reference_values
Binomial_InverseCumulative|3fef333333333333|416312d000000000|3feccccccccccccd||all|main grid,Binomial_InverseCumulative,3fef333333333333;416312d000000000;3feccccccccccccd,all,main grid,present,present,filled,MATCH,generate_reference_values
Binomial_LogPMF|0000000000000000|4034000000000000|3f947ae147ae147b||all|main grid,Binomial_LogPMF,0000000000000000;4034000000000000;3f947ae147ae147b,all,main grid,present,present,filled,MATCH,generate_reference_values
Binomial_LogPMF|4000000000000000|4034000000000000|3f947ae147ae147b||all|main grid,Binomial_LogPMF,4000000000000000;4034000000000000;3f947ae147ae147b,all,main grid,present,present,filled,MATCH,generate_reference_values
Binomial_LogPMF|4024000000000000|4034000000000000|3fe0000000000000||all|main grid,Binomial_LogPMF,4024000000000000;4034000000000000;3fe0000000000000,all,main grid,present,present,filled,MATCH,generate_reference_values
Binomial_LogPMF|4030000000000000|4034000000000000|3fe0000000000000||all|main grid,Binomial_LogPMF,4030000000000000;4034000000000000;3fe0000000000000,all,main grid,present,present,filled,MATCH,generate_reference_values
Binomial_LogPMF|4032000000000000|4034000000000000|3feccccccccccccd||all|main grid,Binomial_LogPMF,4032000000000000;4034000000000000;3feccccccccccccd,all,main grid,present,present,filled,MATCH,generate_reference_values
Binomial_LogPMF|4034000000000000|4034000000000000|3feccccccccccccd||all|main grid,Binomial_LogPMF,4034000000000000;4034000000000000;3feccccccccccccd,all,main grid,present,present,filled,MATCH,generate_reference_values
Binomial_LogPMF|4034000000000000|408f400000000000|3f947ae147ae147b||all|main grid,Binomial_LogPMF,4034000000000000;408f400000000000;3f947ae147ae147b,all,main grid,present,present,filled,MATCH,generate_reference_values
Binomial_LogPMF|4040800000000000|408f400000000000|3f947ae147ae147b||all|main grid,Binomial_LogPMF,4040800000000000;408f400000000000;3f947ae147ae147b,all,main grid,present,present,filled,MATCH,generate_reference_values
Binomial_LogPMF|407f400000000000|408f400000000000|3fe0000000000000||all|main grid,Binomial_LogPMF,407f400000000000;408f400000000000;3fe0000000000000,all,main grid,present,present,filled,MATCH,generate_reference_values
Binomial_LogPMF|4081180000000000|408f400000000000|3fe0000000000000||all|main grid,Binomial_LogPMF,4081180000000000;408f400000000000;3fe0000000000000,all,main grid,present,present,filled,MATCH,generate_reference_values
Binomial_LogPMF|408c200000000000|408f400000000000|3feccccccccccccd||all|main grid,Binomial_LogPMF,408c200000000000;408f400000000000;3feccccccccccccd,all,main grid,present,present,filled,MATCH,generate_reference_values
Binomial_LogPMF|408d000000000000|408f400000000000|3feccccccccccccd||all|main grid,Binomial_LogPMF,408d000000000000;408f400000000000;3feccccccccccccd,all,main grid,present,present,filled,MATCH,generate_reference_values
Binomial_LogPMF|409f400000000000|40f86a0000000000|3f947ae147ae147b||all|main grid,Binomial_LogPMF,409f400000000000;40f86a0000000000;3f947ae147ae147b,all,main grid,present,present,filled,MATCH,generate_reference_values
Binomial_LogPMF|40a0a80000000000|40f86a0000000000|3f947ae147ae147b||all|main grid,Binomial_LogPMF,40a0a80000000000;40f86a0000000000;3f947ae147ae147b,all,main grid,present,present,filled,MATCH,generate_reference_values
Binomial_LogPMF|40d3880000000000|412e848000000000|3f947ae147ae147b||all|main grid,Binomial_LogPMF,40d3880000000000;412e848000000000;3f947ae147ae147b,all,main grid,present,present,filled,MATCH,generate_reference_values
Binomial_LogPMF|40d3f10000000000|412e848000000000|3f947ae147ae147b||all|main grid,Binomial_LogPMF,40d3f10000000000;412e848000000000;3f947ae147ae147b,all,main grid,present,present,filled,MATCH,generate_reference_values
Binomial_LogPMF|40e86a0000000000|40f86a0000000000|3fe0000000000000||all|main grid,Binomial_LogPMF,40e86a0000000000;40f86a0000000000;3fe0000000000000,all,main grid,present,present,filled,MATCH,generate_reference_values
Binomial_LogPMF|40e8a54000000000|40f86a0000000000|3fe0000000000000||all|main grid,Binomial_LogPMF,40e8a54000000000;40f86a0000000000;3fe0000000000000,all,main grid,present,present,filled,MATCH,generate_reference_values
Binomial_LogPMF|40f5f90000000000|40f86a0000000000|3feccccccccccccd||all|main grid,Binomial_LogPMF,40f5f90000000000;40f86a0000000000;3feccccccccccccd,all,main grid,present,present,filled,MATCH,generate_reference_values
Binomial_LogPMF|40f60ac000000000|40f86a0000000000|3feccccccccccccd||all|main grid,Binomial_LogPMF,40f60ac000000000;40f86a0000000000;3feccccccccccccd,all,main grid,present,present,filled,MATCH,generate_reference_values
Binomial_LogPMF|41086a0000000000|416312d000000000|3f947ae147ae147b||all|main grid,Binomial_LogPMF,41086a0000000000;416312d000000000;3f947ae147ae147b,all,main grid,present,present,filled,MATCH,generate_reference_values
Binomial_LogPMF|4108938000000000|416312d000000000|3f947ae147ae147b||all|main grid,Binomial_LogPMF,4108938000000000;416312d000000000;3f947ae147ae147b,all,main grid,present,present,filled,MATCH,generate_reference_values
Binomial_LogPMF|411e848000000000|412e848000000000|3fe0000000000000||all|main grid,Binomial_LogPMF,411e848000000000;412e848000000000;3fe0000000000000,all,main grid,present,present,filled,MATCH,generate_reference_values
Binomial_LogPMF|411e9bf000000000|412e848000000000|3fe0000000000000||all|main grid,Binomial_LogPMF,411e9bf000000000;412e848000000000;3fe0000000000000,all,main grid,present,present,filled,MATCH,generate_reference_values
Binomial_LogPMF|412b774000000000|412e848000000000|3feccccccccccccd||all|main grid,Binomial_LogPMF,412b774000000000;412e848000000000;3feccccccccccccd,all,main grid,present,present,filled,MATCH,generate_reference_values
Binomial_LogPMF|412b7e4800000000|412e848000000000|3feccccccccccccd||all|main grid,Binomial_LogPMF,412b7e4800000000;412e848000000000;3feccccccccccccd,all,main grid,present,present,filled,MATCH,generate_reference_values
Binomial_LogPMF|415312d000000000|416312d000000000|3fe0000000000000||all|main grid,Binomial_LogPMF,415312d000000000;416312d000000000;3fe0000000000000,all,main grid,present,present,filled,MATCH,generate_reference_values
Binomial_LogPMF|41531771c0000000|416312d000000000|3fe0000000000000||all|main grid,Binomial_LogPMF,41531771c0000000;416312d000000000;3fe0000000000000,all,main grid,present,present,filled,MATCH,generate_reference_values
Binomial_LogPMF|41612a8800000000|416312d000000000|3feccccccccccccd||all|main grid,Binomial_LogPMF,41612a8800000000;416312d000000000;3feccccccccccccd,all,main grid,present,present,filled,MATCH,generate_reference_values
Binomial_LogPMF|41612bebc0000000|416312d000000000|3feccccccccccccd||all|main grid,Binomial_LogPMF,41612bebc0000000;416312d000000000;3feccccccccccccd,all,main grid,present,present,filled,MATCH,generate_reference_values
Binomial_Mean|4034000000000000|3f947ae147ae147b|||all|main grid,Binomial_Mean,4034000000000000;3f947ae147ae147b,all,main grid,present,present,filled,MATCH,generate_reference_values
Binomial_Mean|4034000000000000|3fe0000000000000|||all|main grid,Binomial_Mean,4034000000000000;3fe0000000000000,all,main grid,present,present,filled,MATCH,generate_reference_values
Binomial_Mean|4034000000000000|3feccccccccccccd|||all|main grid,Binomial_Mean,4034000000000000;3feccccccccccccd,all,main grid,present,present,filled,MATCH,generate_reference_values
Binomial_Mean|408f400000000000|3f947ae147ae147b|||all|main grid,Binomial_Mean,408f400000000000;3f947ae147ae147b,all,main grid,present,present,filled,MATCH,generate_reference_values
Binomial_Mean|408f400000000000|3fe0000000000000|||all|main grid,Binomial_Mean,408f400000000000;3fe0000000000000,all,main grid,present,present,filled,MATCH,generate_reference_values
Binomial_Mean|408f400000000000|3feccccccccccccd|||all|main grid,Binomial_Mean,408f400000000000;3feccccccccccccd,all,main grid,present,present,filled,MATCH,generate_reference_values
Binomial_Mean|40f86a0000000000|3f947ae147ae147b|||all|main grid,Binomial_Mean,40f86a0000000000;3f947ae147ae147b,all,main grid,present,present,filled,MATCH,generate_reference_values
Binomial_Mean|40f86a0000000000|3fe0000000000000|||all|main grid,Binomial_Mean,40f86a0000000000;3fe0000000000000,all,main grid,present,present,filled,MATCH,generate_reference_values
Binomial_Mean|40f86a0000000000|3feccccccccccccd|||all|main grid,Binomial_Mean,40f86a0000000000;3feccccccccccccd,all,main grid,present,present,filled,MATCH,generate_reference_values
Binomial_Mean|412e848000000000|3f947ae147ae147b|||all|main grid,Binomial_Mean,412e848000000000;3f947ae147ae147b,all,main grid,present,present,filled,MATCH,generate_reference_values
Binomial_Mean|412e848000000000|3fe0000000000000|||all|main grid,Binomial_Mean,412e848000000000;3fe0000000000000,all,main grid,present,present,filled,MATCH,generate_reference_values
Binomial_Mean|412e848000000000|3feccccccccccccd|||all|main grid,Binomial_Mean,412e848000000000;3feccccccccccccd,all,main grid,present,present,filled,MATCH,generate_reference_values
Binomial_Mean|416312d000000000|3f947ae147ae147b|||all|main grid,Binomial_Mean,416312d000000000;3f947ae147ae147b,all,main grid,present,present,filled,MATCH,generate_reference_values
Binomial_Mean|416312d000000000|3fe0000000000000|||all|main grid,Binomial_Mean,416312d000000000;3fe0000000000000,all,main grid,present,present,filled,MATCH,generate_reference_values
Binomial_Mean|416312d000000000|3feccccccccccccd|||all|main grid,Binomial_Mean,416312d000000000;3feccccccccccccd,all,main grid,present,present,filled,MATCH,generate_reference_values
Binomial_PMF|0000000000000000|4034000000000000|3f947ae147ae147b||all|main grid,Binomial_PMF,0000000000000000;4034000000000000;3f947ae147ae147b,all,main grid,present,present,filled,MATCH,generate_reference_values
Binomial_PMF|4000000000000000|4034000000000000|3f947ae147ae147b||all|main grid,Binomial_PMF,4000000000000000;4034000000000000;3f947ae147ae147b,all,main grid,present,present,filled,MATCH,generate_reference_values
Binomial_PMF|4024000000000000|4034000000000000|3fe0000000000000||all|main grid,Binomial_PMF,4024000000000000;4034000000000000;3fe0000000000000,all,main grid,present,present,filled,MATCH,generate_reference_values
Binomial_PMF|4030000000000000|4034000000000000|3fe0000000000000||all|main grid,Binomial_PMF,4030000000000000;4034000000000000;3fe0000000000000,all,main grid,present,present,filled,MATCH,generate_reference_values
Binomial_PMF|4032000000000000|4034000000000000|3feccccccccccccd||all|main grid,Binomial_PMF,4032000000000000;4034000000000000;3feccccccccccccd,all,main grid,present,present,filled,MATCH,generate_reference_values
Binomial_PMF|4034000000000000|4034000000000000|3feccccccccccccd||all|main grid,Binomial_PMF,4034000000000000;4034000000000000;3feccccccccccccd,all,main grid,present,present,filled,MATCH,generate_reference_values
Binomial_PMF|4034000000000000|408f400000000000|3f947ae147ae147b||all|main grid,Binomial_PMF,4034000000000000;408f400000000000;3f947ae147ae147b,all,main grid,present,present,filled,MATCH,generate_reference_values
Binomial_PMF|4040800000000000|408f400000000000|3f947ae147ae147b||all|main grid,Binomial_PMF,4040800000000000;408f400000000000;3f947ae147ae147b,all,main grid,present,present,filled,MATCH,generate_reference_values
Binomial_PMF|407f400000000000|408f400000000000|3fe0000000000000||all|main grid,Binomial_PMF,407f400000000000;408f400000000000;3fe0000000000000,all,main grid,present,present,filled,MATCH,generate_reference_values
Binomial_PMF|4081180000000000|408f400000000000|3fe0000000000000||all|main grid,Binomial_PMF,4081180000000000;408f400000000000;3fe0000000000000,all,main grid,present,present,filled,MATCH,generate_reference_values
Binomial_PMF|408c200000000000|408f400000000000|3feccccccccccccd||all|main grid,Binomial_PMF,408c200000000000;408f400000000000;3feccccccccccccd,all,main grid,present,present,filled,MATCH,generate_reference_values
Binomial_PMF|408d000000000000|408f400000000000|3feccccccccccccd||all|main grid,Binomial_PMF,408d000000000000;408f400000000000;3feccccccccccccd,all,main grid,present,present,filled,MATCH,generate_reference_values
Binomial_PMF|409f400000000000|40f86a0000000000|3f947ae147ae147b||all|main grid,Binomial_PMF,409f400000000000;40f86a0000000000;3f947ae147ae147b,all,main grid,present,present,filled,MATCH,generate_reference_values
Binomial_PMF|40a0a80000000000|40f86a0000000000|3f947ae147ae147b||all|main grid,Binomial_PMF,40a0a80000000000;40f86a0000000000;3f947ae147ae147b,all,main grid,present,present,filled,MATCH,generate_reference_values
Binomial_PMF|40d3880000000000|412e848000000000|3f947ae147ae147b||all|main grid,Binomial_PMF,40d3880000000000;412e848000000000;3f947ae147ae147b,all,main grid,present,present,filled,MATCH,generate_reference_values
Binomial_PMF|40d3f10000000000|412e848000000000|3f947ae147ae147b||all|main grid,Binomial_PMF,40d3f10000000000;412e848000000000;3f947ae147ae147b,all,main grid,present,present,filled,MATCH,generate_reference_values
Binomial_PMF|40e86a0000000000|40f86a0000000000|3fe0000000000000||all|main grid,Binomial_PMF,40e86a0000000000;40f86a0000000000;3fe0000000000000,all,main grid,present,present,filled,MATCH,generate_reference_values
Binomial_PMF|40e8a54000000000|40f86a0000000000|3fe0000000000000||all|main grid,Binomial_PMF,40e8a54000000000;40f86a0000000000;3fe0000000000000,all,main grid,present,present,filled,MATCH,generate_reference_values
Binomial_PMF|40f5f90000000000|40f86a0000000000|3feccccccccccccd||all|main grid,Binomial_PMF,40f5f90000000000;40f86a0000000000;3feccccccccccccd,all,main grid,present,present,filled,MATCH,generate_reference_values
Binomial_PMF|40f60ac000000000|40f86a0000000000|3feccccccccccccd||all|main grid,Binomial_PMF,40f60ac000000000;40f86a0000000000;3feccccccccccccd,all,main grid,present,present,filled,MATCH,generate_reference_values
Binomial_PMF|41086a0000000000|416312d000000000|3f947ae147ae147b||all|main grid,Binomial_PMF,41086a0000000000;416312d000000000;3f947ae147ae147b,all,main grid,present,present,filled,MATCH,generate_reference_values
Binomial_PMF|4108938000000000|416312d000000000|3f947ae147ae147b||all|main grid,Binomial_PMF,4108938000000000;416312d000000000;3f947ae147ae147b,all,main grid,present,present,filled,MATCH,generate_reference_values
Binomial_PMF|411e848000000000|412e848000000000|3fe0000000000000||all|main grid,Binomial_PMF,411e848000000000;412e848000000000;3fe0000000000000,all,main grid,present,present,filled,MATCH,generate_reference_values
Binomial_PMF|411e9bf000000000|412e848000000000|3fe0000000000000||all|main grid,Binomial_PMF,411e9bf000000000;412e848000000000;3fe0000000000000,all,main grid,present,present,filled,MATCH,generate_reference_values
Binomial_PMF|412b774000000000|412e848000000000|3feccccccccccccd||all|main grid,Binomial_PMF,412b774000000000;412e848000000000;3feccccccccccccd,all,main grid,present,present,filled,MATCH,generate_reference_values
Binomial_PMF|412b7e4800000000|412e848000000000|3feccccccccccccd||all|main grid,Binomial_PMF,412b7e4800000000;412e848000000000;3feccccccccccccd,all,main grid,present,present,filled,MATCH,generate_reference_values
Binomial_PMF|415312d000000000|416312d000000000|3fe0000000000000||all|main grid,Binomial_PMF,415312d000000000;416312d000000000;3fe0000000000000,all,main grid,present,present,filled,MATCH,generate_reference_values
Binomial_PMF|41531771c0000000|416312d000000000|3fe0000000000000||all|main grid,Binomial_PMF,41531771c0000000;416312d000000000;3fe0000000000000,all,main grid,present,present,filled,MATCH,generate_reference_values
Binomial_PMF|41612a8800000000|416312d000000000|3feccccccccccccd||all|main grid,Binomial_PMF,41612a8800000000;416312d000000000;3feccccccccccccd,all,main grid,present,present,filled,MATCH,generate_reference_values
Binomial_PMF|41612bebc0000000|416312d000000000|3feccccccccccccd||all|main grid,Binomial_PMF,41612bebc0000000;416312d000000000;3feccccccccccccd,all,main grid,present,present,filled,MATCH,generate_reference_values
Binomial_StdDev|4034000000000000|3f947ae147ae147b|||all|main grid,Binomial_StdDev,4034000000000000;3f947ae147ae147b,all,main grid,present,present,filled,MATCH,generate_reference_values
Binomial_StdDev|4034000000000000|3fe0000000000000|||all|main grid,Binomial_StdDev,4034000000000000;3fe0000000000000,all,main grid,present,present,filled,MATCH,generate_reference_values
Binomial_StdDev|4034000000000000|3feccccccccccccd|||all|main grid,Binomial_StdDev,4034000000000000;3feccccccccccccd,all,main grid,present,present,filled,MATCH,generate_reference_values
Binomial_StdDev|408f400000000000|3f947ae147ae147b|||all|main grid,Binomial_StdDev,408f400000000000;3f947ae147ae147b,all,main grid,present,present,filled,MATCH,generate_reference_values
Binomial_StdDev|408f400000000000|3fe0000000000000|||all|main grid,Binomial_StdDev,408f400000000000;3fe0000000000000,all,main grid,present,present,filled,MATCH,generate_reference_values
Binomial_StdDev|408f400000000000|3feccccccccccccd|||all|main grid,Binomial_StdDev,408f400000000000;3feccccccccccccd,all,main grid,present,present,filled,MATCH,generate_reference_values
Binomial_StdDev|40f86a0000000000|3f947ae147ae147b|||all|main grid,Binomial_StdDev,40f86a0000000000;3f947ae147ae147b,all,main grid,present,present,filled,MATCH,generate_reference_values
Binomial_StdDev|40f86a0000000000|3fe0000000000000|||all|main grid,Binomial_StdDev,40f86a0000000000;3fe0000000000000,all,main grid,present,present,filled,MATCH,generate_reference_values
Binomial_StdDev|40f86a0000000000|3feccccccccccccd|||all|main grid,Binomial_StdDev,40f86a0000000000;3feccccccccccccd,all,main grid,present,present,filled,MATCH,generate_reference_values
Binomial_StdDev|412e848000000000|3f947ae147ae147b|||all|main grid,Binomial_StdDev,412e848000000000;3f947ae147ae147b,all,main grid,present,present,filled,MATCH,generate_reference_values
Binomial_StdDev|412e848000000000|3fe0000000000000|||all|main grid,Binomial_StdDev,412e848000000000;3fe0000000000000,all,main grid,present,present,filled,MATCH,generate_reference_values
Binomial_StdDev|412e848000000000|3feccccccccccccd|||all|main grid,Binomial_StdDev,412e848000000000;3feccccccccccccd,all,main grid,present,present,filled,MATCH,generate_reference_values
Binomial_StdDev|416312d000000000|3f947ae147ae147b|||all|main grid,Binomial_StdDev,416312d000000000;3f947ae147ae147b,all,main grid,present,present,filled,MATCH,generate_reference_values
Binomial_StdDev|416312d000000000|3fe0000000000000|||all|main grid,Binomial_StdDev,416312d000000000;3fe0000000000000,all,main grid,present,present,filled,MATCH,generate_reference_values
Binomial_StdDev|416312d000000000|3feccccccccccccd|||all|main grid,Binomial_StdDev,416312d000000000;3feccccccccccccd,all,main grid,present,present,filled,MATCH,generate_reference_values
Binomial_Survival|0000000000000000|4034000000000000|3f947ae147ae147b||all|main grid,Binomial_Survival,0000000000000000;4034000000000000;3f947ae147ae147b,all,main grid,present,present,filled,MATCH,generate_reference_values
Binomial_Survival|4000000000000000|4034000000000000|3f947ae147ae147b||all|main grid,Binomial_Survival,4000000000000000;4034000000000000;3f947ae147ae147b,all,main grid,present,present,filled,MATCH,generate_reference_values
Binomial_Survival|4024000000000000|4034000000000000|3fe0000000000000||all|main grid,Binomial_Survival,4024000000000000;4034000000000000;3fe0000000000000,all,main grid,present,present,filled,MATCH,generate_reference_values
Binomial_Survival|4030000000000000|4034000000000000|3fe0000000000000||all|main grid,Binomial_Survival,4030000000000000;4034000000000000;3fe0000000000000,all,main grid,present,present,filled,MATCH,generate_reference_values
Binomial_Survival|4032000000000000|4034000000000000|3feccccccccccccd||all|main grid,Binomial_Survival,4032000000000000;4034000000000000;3feccccccccccccd,all,main grid,present,present,filled,MATCH,generate_reference_values
Binomial_Survival|4034000000000000|4034000000000000|3feccccccccccccd||all|main grid,Binomial_Survival,4034000000000000;4034000000000000;3feccccccccccccd,all,main grid,present,present,filled,MATCH,generate_reference_values
Binomial_Survival|4034000000000000|408f400000000000|3f947ae147ae147b||all|main grid,Binomial_Survival,4034000000000000;408f400000000000;3f947ae147ae147b,all,main grid,present,present,filled,MATCH,generate_reference_values
Binomial_Survival|4040800000000000|408f400000000000|3f947ae147ae147b||all|main grid,Binomial_Survival,4040800000000000;408f400000000000;3f947ae147ae147b,all,main grid,present,present,filled,MATCH,generate_reference_values
Binomial_Survival|407f400000000000|408f400000000000|3fe0000000000000||all|main grid,Binomial_Survival,407f400000000000;408f400000000000;3fe0000000000000,all,main grid,present,present,filled,MATCH,generate_reference_values
Binomial_Survival|4081180000000000|408f400000000000|3fe0000000000000||all|main grid,Binomial_Survival,4081180000000000;408f400000000000;3fe0000000000000,all,main grid,present,present,filled,MATCH,generate_reference_values
Binomial_Survival|408c200000000000|408f400000000000|3feccccccccccccd||all|main grid,Binomial_Survival,408c200000000000;408f400000000000;3feccccccccccccd,all,main grid,present,present,filled,MATCH,generate_reference_values
Binomial_Survival|408d000000000000|408f400000000000|3feccccccccccccd||all|main grid,Binomial_Survival,408d000000000000;408f400000000000;3feccccccccccccd,all,main grid,present,present,filled,MATCH,generate_reference_values
Binomial_Survival|409f400000000000|40f86a0000000000|3f947ae147ae147b||all|main grid,Binomial_Survival,409f400000000000;40f86a0000000000;3f947ae147ae147b,all,main grid,present,present,filled,MATCH,generate_reference_values
Binomial_Survival|40a0a80000000000|40f86a0000000000|3f947ae147ae147b||all|main grid,Binomial_Survival,40a0a80000000000;40f86a0000000000;3f947ae147ae147b,all,main grid,present,present,filled,MATCH,generate_reference_values
Binomial_Survival|40d3880000000000|412e848000000000|3f947ae147ae147b||all|main grid,Binomial_Survival,40d3880000000000;412e848000000000;3f947ae147ae147b,all,main grid,present,present,filled,MATCH,generate_reference_values
Binomial_Survival|40d3f10000000000|412e848000000000|3f947ae147ae147b||all|main grid,Binomial_Survival,40d3f10000000000;412e848000000000;3f947ae147ae147b,all,main grid,present,present,filled,MATCH,generate_reference_values
Binomial_Survival|40e86a0000000000|40f86a0000000000|3fe0000000000000||all|main grid,Binomial_Survival,40e86a0000000000;40f86a0000000000;3fe0000000000000,all,main grid,present,present,filled,MATCH,generate_reference_values
Binomial_Survival|40e8a54000000000|40f86a0000000000|3fe0000000000000||all|main grid,Binomial_Survival,40e8a54000000000;40f86a0000000000;3fe0000000000000,all,main grid,present,present,filled,MATCH,generate_reference_values
Binomial_Survival|40f5f90000000000|40f86a0000000000|3feccccccccccccd||all|main grid,Binomial_Survival,40f5f90000000000;40f86a0000000000;3feccccccccccccd,all,main grid,present,present,filled,MATCH,generate_reference_values
Binomial_Survival|40f60ac000000000|40f86a0000000000|3feccccccccccccd||all|main grid,Binomial_Survival,40f60ac000000000;40f86a0000000000;3feccccccccccccd,all,main grid,present,present,filled,MATCH,generate_reference_values
Binomial_Survival|41086a0000000000|416312d000000000|3f947ae147ae147b||all|main grid,Binomial_Survival,41086a0000000000;416312d000000000;3f947ae147ae147b,all,main grid,present,present,filled,MATCH,generate_reference_values
Binomial_Survival|4108938000000000|416312d000000000|3f947ae147ae147b||all|main grid,Binomial_Survival,4108938000000000;416312d000000000;3f947ae147ae147b,all,main grid,present,present,filled,MATCH,generate_reference_values
Binomial_Survival|411e848000000000|412e848000000000|3fe0000000000000||all|main grid,Binomial_Survival,411e848000000000;412e848000000000;3fe0000000000000,all,main grid,present,present,filled,MATCH,generate_reference_values
Binomial_Survival|411e9bf000000000|412e848000000000|3fe0000000000000||all|main grid,Binomial_Survival,411e9bf000000000;412e848000000000;3fe0000000000000,all,main grid,present,present,filled,MATCH,generate_reference_values
Binomial_Survival|412b774000000000|412e848000000000|3feccccccccccccd||all|main grid,Binomial_Survival,412b774000000000;412e848000000000;3feccccccccccccd,all,main grid,present,present,filled,MATCH,generate_reference_values
Binomial_Survival|412b7e4800000000|412e848000000000|3feccccccccccccd||all|main grid,Binomial_Survival,412b7e4800000000;412e848000000000;3feccccccccccccd,all,main grid,present,present,filled,MATCH,generate_reference_values
Binomial_Survival|415312d000000000|416312d000000000|3fe0000000000000||all|main grid,Binomial_Survival,415312d000000000;416312d000000000;3fe0000000000000,all,main grid,present,present,filled,MATCH,generate_reference_values
Binomial_Survival|41531771c0000000|416312d000000000|3fe0000000000000||all|main grid,Binomial_Survival,41531771c0000000;416312d000000000;3fe0000000000000,all,main grid,present,present,filled,MATCH,generate_reference_values
Binomial_Survival|41612a8800000000|416312d000000000|3feccccccccccccd||all|main grid,Binomial_Survival,41612a8800000000;416312d000000000;3feccccccccccccd,all,main grid,present,present,filled,MATCH,generate_reference_values
Binomial_Survival|41612bebc0000000|416312d000000000|3feccccccccccccd||all|main grid,Binomial_Survival,41612bebc0000000;416312d000000000;3feccccccccccccd,all,main grid,present,present,filled,MATCH,generate_reference_values
Binomial_Variance|4034000000000000|3f947ae147ae147b|||all|main grid,Binomial_Variance,4034000000000000;3f947ae147ae147b,all,main grid,present,present,filled,MATCH,generate_reference_values
Binomial_Variance|4034000000000000|3fe0000000000000|||all|main grid,Binomial_Variance,4034000000000000;3fe0000000000000,all,main grid,present,present,filled,MATCH,generate_reference_values
Binomial_Variance|4034000000000000|3feccccccccccccd|||all|main grid,Binomial_Variance,4034000000000000;3feccccccccccccd,all,main grid,present,present,filled,MATCH,generate_reference_values
Binomial_Variance|408f400000000000|3f947ae147ae147b|||all|main grid,Binomial_Variance,408f400000000000;3f947ae147ae147b,all,main grid,present,present,filled,MATCH,generate_reference_values
Binomial_Variance|408f400000000000|3fe0000000000000|||all|main grid,Binomial_Variance,408f400000000000;3fe0000000000000,all,main grid,present,present,filled,MATCH,generate_reference_values
Binomial_Variance|408f400000000000|3feccccccccccccd|||all|main grid,Binomial_Variance,408f400000000000;3feccccccccccccd,all,main grid,present,present,filled,MATCH,generate_reference_values
Binomial_Variance|40f86a0000000000|3f947ae147ae147b|||all|main grid,Binomial_Variance,40f86a0000000000;3f947ae147ae147b,all,main grid,present,present,filled,MATCH,generate_reference_values
Binomial_Variance|40f86a0000000000|3fe0000000000000|||all|main grid,Binomial_Variance,40f86a0000000000;3fe0000000000000,all,main grid,present,present,filled,MATCH,generate_reference_values
Binomial_Variance|40f86a0000000000|3feccccccccccccd|||all|main grid,Binomial_Variance,40f86a0000000000;3feccccccccccccd,all,main grid,present,present,filled,MATCH,generate_reference_values
Binomial_Variance|412e848000000000|3f947ae147ae147b|||all|main grid,Binomial_Variance,412e848000000000;3f947ae147ae147b,all,main grid,present,present,filled,MATCH,generate_reference_values
Binomial_Variance|412e848000000000|3fe0000000000000|||all|main grid,Binomial_Variance,412e848000000000;3fe0000000000000,all,main grid,present,present,filled,MATCH,generate_reference_values
Binomial_Variance|412e848000000000|3feccccccccccccd|||all|main grid,Binomial_Variance,412e848000000000;3feccccccccccccd,all,main grid,present,present,filled,MATCH,generate_reference_values
Binomial_Variance|416312d000000000|3f947ae147ae147b|||all|main grid,Binomial_Variance,416312d000000000;3f947ae147ae147b,all,main grid,present,present,filled,MATCH,generate_reference_values
Binomial_Variance|416312d000000000|3fe0000000000000|||all|main grid,Binomial_Variance,416312d000000000;3fe0000000000000,all,main grid,present,present,filled,MATCH,generate_reference_values
Binomial_Variance|416312d000000000|3feccccccccccccd|||all|main grid,Binomial_Variance,416312d000000000;3feccccccccccccd,all,main grid,present,present,filled,MATCH,generate_reference_values
ChiSquare_Cumulative|3fe0000000000000|3ff0000000000000|||all|main grid,ChiSquare_Cumulative,3fe0000000000000;3ff0000000000000,all,main grid,present,present,filled,MATCH,generate_reference_values
ChiSquare_Cumulative|3fe0000000000000|4000000000000000|||all|main grid,ChiSquare_Cumulative,3fe0000000000000;4000000000000000,all,main grid,present,present,filled,MATCH,generate_reference_values
ChiSquare_Cumulative|3fe0000000000000|4014000000000000|||all|main grid,ChiSquare_Cumulative,3fe0000000000000;4014000000000000,all,main grid,present,present,filled,MATCH,generate_reference_values
ChiSquare_Cumulative|3fe0000000000000|403e000000000000|||all|main grid,ChiSquare_Cumulative,3fe0000000000000;403e000000000000,all,main grid,present,present,filled,MATCH,generate_reference_values
ChiSquare_Cumulative|3fe0000000000000|4059000000000000|||all|main grid,ChiSquare_Cumulative,3fe0000000000000;4059000000000000,all,main grid,present,present,filled,MATCH,generate_reference_values
ChiSquare_Cumulative|3ff0000000000000|3ff0000000000000|||all|main grid,ChiSquare_Cumulative,3ff0000000000000;3ff0000000000000,all,main grid,present,present,filled,MATCH,generate_reference_values
ChiSquare_Cumulative|3ff0000000000000|4000000000000000|||all|main grid,ChiSquare_Cumulative,3ff0000000000000;4000000000000000,all,main grid,present,present,filled,MATCH,generate_reference_values
ChiSquare_Cumulative|3ff0000000000000|4014000000000000|||all|main grid,ChiSquare_Cumulative,3ff0000000000000;4014000000000000,all,main grid,present,present,filled,MATCH,generate_reference_values
ChiSquare_Cumulative|3ff0000000000000|403e000000000000|||all|main grid,ChiSquare_Cumulative,3ff0000000000000;403e000000000000,all,main grid,present,present,filled,MATCH,generate_reference_values
ChiSquare_Cumulative|3ff0000000000000|4059000000000000|||all|main grid,ChiSquare_Cumulative,3ff0000000000000;4059000000000000,all,main grid,present,present,filled,MATCH,generate_reference_values
ChiSquare_Cumulative|4014000000000000|3ff0000000000000|||all|main grid,ChiSquare_Cumulative,4014000000000000;3ff0000000000000,all,main grid,present,present,filled,MATCH,generate_reference_values
ChiSquare_Cumulative|4014000000000000|4000000000000000|||all|main grid,ChiSquare_Cumulative,4014000000000000;4000000000000000,all,main grid,present,present,filled,MATCH,generate_reference_values
ChiSquare_Cumulative|4014000000000000|4014000000000000|||all|main grid,ChiSquare_Cumulative,4014000000000000;4014000000000000,all,main grid,present,present,filled,MATCH,generate_reference_values
ChiSquare_Cumulative|4014000000000000|403e000000000000|||all|main grid,ChiSquare_Cumulative,4014000000000000;403e000000000000,all,main grid,present,present,filled,MATCH,generate_reference_values
ChiSquare_Cumulative|4014000000000000|4059000000000000|||all|main grid,ChiSquare_Cumulative,4014000000000000;4059000000000000,all,main grid,present,present,filled,MATCH,generate_reference_values
ChiSquare_Cumulative|4034000000000000|3ff0000000000000|||all|main grid,ChiSquare_Cumulative,4034000000000000;3ff0000000000000,all,main grid,present,present,filled,MATCH,generate_reference_values
ChiSquare_Cumulative|4034000000000000|4000000000000000|||all|main grid,ChiSquare_Cumulative,4034000000000000;4000000000000000,all,main grid,present,present,filled,MATCH,generate_reference_values
ChiSquare_Cumulative|4034000000000000|4014000000000000|||all|main grid,ChiSquare_Cumulative,4034000000000000;4014000000000000,all,main grid,present,present,filled,MATCH,generate_reference_values
ChiSquare_Cumulative|4034000000000000|403e000000000000|||all|main grid,ChiSquare_Cumulative,4034000000000000;403e000000000000,all,main grid,present,present,filled,MATCH,generate_reference_values
ChiSquare_Cumulative|4034000000000000|4059000000000000|||all|main grid,ChiSquare_Cumulative,4034000000000000;4059000000000000,all,main grid,present,present,filled,MATCH,generate_reference_values
ChiSquare_Cumulative|4054000000000000|3ff0000000000000|||all|main grid,ChiSquare_Cumulative,4054000000000000;3ff0000000000000,all,main grid,present,present,filled,MATCH,generate_reference_values
ChiSquare_Cumulative|4054000000000000|4000000000000000|||all|main grid,ChiSquare_Cumulative,4054000000000000;4000000000000000,all,main grid,present,present,filled,MATCH,generate_reference_values
ChiSquare_Cumulative|4054000000000000|4014000000000000|||all|main grid,ChiSquare_Cumulative,4054000000000000;4014000000000000,all,main grid,present,present,filled,MATCH,generate_reference_values
ChiSquare_Cumulative|4054000000000000|403e000000000000|||all|main grid,ChiSquare_Cumulative,4054000000000000;403e000000000000,all,main grid,present,present,filled,MATCH,generate_reference_values
ChiSquare_Cumulative|4054000000000000|4059000000000000|||all|main grid,ChiSquare_Cumulative,4054000000000000;4059000000000000,all,main grid,present,present,filled,MATCH,generate_reference_values
ChiSquare_Cumulative|412e797392a7f3e0|412e848000000000|||envelope_domain|main grid,ChiSquare_Cumulative,412e797392a7f3e0;412e848000000000,envelope_domain,main grid,absent,present,filled,GRID_ONLY_UNEXPLAINED,density_large_shape
ChiSquare_Cumulative|412e848000000000|412e848000000000|||envelope_domain|main grid,ChiSquare_Cumulative,412e848000000000;412e848000000000,envelope_domain,main grid,absent,present,filled,GRID_ONLY_UNEXPLAINED,density_large_shape
ChiSquare_Cumulative|412e8f8c6d580c20|412e848000000000|||envelope_domain|main grid,ChiSquare_Cumulative,412e8f8c6d580c20;412e848000000000,envelope_domain,main grid,absent,present,filled,GRID_ONLY_UNEXPLAINED,density_large_shape
ChiSquare_Cumulative|416310a0fba641b3|416312d000000000|||envelope_domain|main grid,ChiSquare_Cumulative,416310a0fba641b3;416312d000000000,envelope_domain,main grid,absent,present,filled,GRID_ONLY_UNEXPLAINED,
ChiSquare_Cumulative|416312d000000000|416312d000000000|||envelope_domain|main grid,ChiSquare_Cumulative,416312d000000000;416312d000000000,envelope_domain,main grid,absent,present,filled,GRID_ONLY_UNEXPLAINED,
ChiSquare_Cumulative|416314ff0459be4d|416312d000000000|||envelope_domain|main grid,ChiSquare_Cumulative,416314ff0459be4d;416312d000000000,envelope_domain,main grid,absent,present,filled,GRID_ONLY_UNEXPLAINED,
ChiSquare_Cumulative|4197d6a707751f0d|4197d78400000000|||envelope_domain|main grid,ChiSquare_Cumulative,4197d6a707751f0d;4197d78400000000,envelope_domain,main grid,absent,present,filled,GRID_ONLY_UNEXPLAINED,density_large_shape
ChiSquare_Cumulative|4197d78400000000|4197d78400000000|||envelope_domain|main grid,ChiSquare_Cumulative,4197d78400000000;4197d78400000000,envelope_domain,main grid,absent,present,filled,GRID_ONLY_UNEXPLAINED,density_large_shape
ChiSquare_Cumulative|4197d860f88ae0f3|4197d78400000000|||envelope_domain|main grid,ChiSquare_Cumulative,4197d860f88ae0f3;4197d78400000000,envelope_domain,main grid,absent,present,filled,GRID_ONLY_UNEXPLAINED,density_large_shape
ChiSquare_Density|3fe0000000000000|4000000000000000|||all|density_helpers,ChiSquare_Density,3fe0000000000000;4000000000000000,all,density_helpers,absent,present,filled,GRID_ONLY_EXPECTED,density_helpers
ChiSquare_Density|3ff0000000000000|3ff0000000000000|||all|density_helpers,ChiSquare_Density,3ff0000000000000;3ff0000000000000,all,density_helpers,absent,present,filled,GRID_ONLY_EXPECTED,density_helpers
ChiSquare_Density|4000000000000000|4014000000000000|||all|density_helpers,ChiSquare_Density,4000000000000000;4014000000000000,all,density_helpers,absent,present,filled,GRID_ONLY_EXPECTED,density_helpers
ChiSquare_Density|4008000000000000|4010000000000000|||all|density_helpers,ChiSquare_Density,4008000000000000;4010000000000000,all,density_helpers,absent,present,filled,GRID_ONLY_EXPECTED,density_helpers
ChiSquare_Density|4014000000000000|4014000000000000|||all|density_helpers,ChiSquare_Density,4014000000000000;4014000000000000,all,density_helpers,absent,present,filled,GRID_ONLY_EXPECTED,density_helpers
ChiSquare_Density|4024000000000000|4024000000000000|||all|density_helpers,ChiSquare_Density,4024000000000000;4024000000000000,all,density_helpers,absent,present,filled,GRID_ONLY_EXPECTED,density_helpers
ChiSquare_Density|4034000000000000|4024000000000000|||all|density_helpers,ChiSquare_Density,4034000000000000;4024000000000000,all,density_helpers,absent,present,filled,GRID_ONLY_EXPECTED,density_helpers
ChiSquare_Density|405576e73ffc1ea8|4059000000000000|||large_shape|main grid,ChiSquare_Density,405576e73ffc1ea8;4059000000000000,large_shape,main grid,absent,present,filled,GRID_ONLY_UNEXPLAINED,density_large_shape
ChiSquare_Density|4059000000000000|4049000000000000|||all|density_helpers,ChiSquare_Density,4059000000000000;4049000000000000,all,density_helpers,absent,present,filled,GRID_ONLY_EXPECTED,density_helpers
ChiSquare_Density|4059000000000000|4059000000000000|||large_shape|main grid,ChiSquare_Density,4059000000000000;4059000000000000,large_shape,main grid,absent,present,filled,GRID_ONLY_UNEXPLAINED,density_large_shape
ChiSquare_Density|405c8918c003e158|4059000000000000|||large_shape|main grid,ChiSquare_Density,405c8918c003e158;4059000000000000,large_shape,main grid,absent,present,filled,GRID_ONLY_UNEXPLAINED,density_large_shape
ChiSquare_Density|40c3414a10ffb265|40c3880000000000|||large_shape|main grid,ChiSquare_Density,40c3414a10ffb265;40c3880000000000,large_shape,main grid,absent,present,filled,GRID_ONLY_UNEXPLAINED,density_large_shape
ChiSquare_Density|40c3880000000000|40c3880000000000|||large_shape|main grid,ChiSquare_Density,40c3880000000000;40c3880000000000,large_shape,main grid,absent,present,filled,GRID_ONLY_UNEXPLAINED,density_large_shape
ChiSquare_Density|40c3ceb5ef004d9b|40c3880000000000|||large_shape|main grid,ChiSquare_Density,40c3ceb5ef004d9b;40c3880000000000,large_shape,main grid,absent,present,filled,GRID_ONLY_UNEXPLAINED,density_large_shape
ChiSquare_Density|412e797392a7f3e0|412e848000000000|||large_shape|main grid,ChiSquare_Density,412e797392a7f3e0;412e848000000000,large_shape,main grid,absent,present,filled,GRID_ONLY_UNEXPLAINED,density_large_shape
ChiSquare_Density|412e848000000000|412e848000000000|||large_shape|main grid,ChiSquare_Density,412e848000000000;412e848000000000,large_shape,main grid,absent,present,filled,GRID_ONLY_UNEXPLAINED,density_large_shape
ChiSquare_Density|412e8f8c6d580c20|412e848000000000|||large_shape|main grid,ChiSquare_Density,412e8f8c6d580c20;412e848000000000,large_shape,main grid,absent,present,filled,GRID_ONLY_UNEXPLAINED,density_large_shape
ChiSquare_Density|4197d6a707751f0d|4197d78400000000|||large_shape|main grid,ChiSquare_Density,4197d6a707751f0d;4197d78400000000,large_shape,main grid,absent,present,filled,GRID_ONLY_UNEXPLAINED,density_large_shape
ChiSquare_Density|4197d78400000000|4197d78400000000|||large_shape|main grid,ChiSquare_Density,4197d78400000000;4197d78400000000,large_shape,main grid,absent,present,filled,GRID_ONLY_UNEXPLAINED,density_large_shape
ChiSquare_Density|4197d860f88ae0f3|4197d78400000000|||large_shape|main grid,ChiSquare_Density,4197d860f88ae0f3;4197d78400000000,large_shape,main grid,absent,present,filled,GRID_ONLY_UNEXPLAINED,density_large_shape
ChiSquare_Density|4202a04ddc95266d|4202a05f20000000|||large_shape|main grid,ChiSquare_Density,4202a04ddc95266d;4202a05f20000000,large_shape,main grid,absent,present,filled,GRID_ONLY_UNEXPLAINED,density_large_shape
ChiSquare_Density|4202a05f20000000|4202a05f20000000|||large_shape|main grid,ChiSquare_Density,4202a05f20000000;4202a05f20000000,large_shape,main grid,absent,present,filled,GRID_ONLY_UNEXPLAINED,density_large_shape
ChiSquare_Density|4202a070636ad993|4202a05f20000000|||large_shape|main grid,ChiSquare_Density,4202a070636ad993;4202a05f20000000,large_shape,main grid,absent,present,filled,GRID_ONLY_UNEXPLAINED,density_large_shape
ChiSquare_Density|426d1a91ef774e01|426d1a94a2000000|||large_shape|main grid,ChiSquare_Density,426d1a91ef774e01;426d1a94a2000000,large_shape,main grid,absent,present,filled,GRID_ONLY_UNEXPLAINED,density_large_shape
ChiSquare_Density|426d1a94a2000000|426d1a94a2000000|||large_shape|main grid,ChiSquare_Density,426d1a94a2000000;426d1a94a2000000,large_shape,main grid,absent,present,filled,GRID_ONLY_UNEXPLAINED,density_large_shape
ChiSquare_Density|426d1a975488b1ff|426d1a94a2000000|||large_shape|main grid,ChiSquare_Density,426d1a975488b1ff;426d1a94a2000000,large_shape,main grid,absent,present,filled,GRID_ONLY_UNEXPLAINED,density_large_shape
ChiSquare_Density|4341c37933a98a6a|4341c37937e08000|||large_shape|main grid,ChiSquare_Density,4341c37933a98a6a;4341c37937e08000,large_shape,main grid,absent,present,filled,GRID_ONLY_UNEXPLAINED,density_large_shape;tchi_large_df
ChiSquare_Density|4341c37937e08000|4341c37937e08000|||large_shape|main grid,ChiSquare_Density,4341c37937e08000;4341c37937e08000,large_shape,main grid,absent,present,filled,GRID_ONLY_UNEXPLAINED,density_large_shape;tchi_large_df
ChiSquare_Density|4341c3793c177596|4341c37937e08000|||large_shape|main grid,ChiSquare_Density,4341c3793c177596;4341c37937e08000,large_shape,main grid,absent,present,filled,GRID_ONLY_UNEXPLAINED,density_large_shape;tchi_large_df
ChiSquare_Density|4415af1d78a86081|4415af1d78b58c40|||large_shape|main grid,ChiSquare_Density,4415af1d78a86081;4415af1d78b58c40,large_shape,main grid,absent,present,filled,GRID_ONLY_UNEXPLAINED,density_large_shape
ChiSquare_Density|4415af1d78b58c40|4415af1d78b58c40|||large_shape|main grid,ChiSquare_Density,4415af1d78b58c40;4415af1d78b58c40,large_shape,main grid,absent,present,filled,GRID_ONLY_UNEXPLAINED,density_large_shape
ChiSquare_Density|4415af1d78c2b7ff|4415af1d78b58c40|||large_shape|main grid,ChiSquare_Density,4415af1d78c2b7ff;4415af1d78b58c40,large_shape,main grid,absent,present,filled,GRID_ONLY_UNEXPLAINED,density_large_shape
ChiSquare_InverseCumulative|3f50624dd2f1a9fc|3ff0000000000000|||all|main grid,ChiSquare_InverseCumulative,3f50624dd2f1a9fc;3ff0000000000000,all,main grid,present,present,filled,MATCH,generate_reference_values
ChiSquare_InverseCumulative|3f50624dd2f1a9fc|4000000000000000|||all|main grid,ChiSquare_InverseCumulative,3f50624dd2f1a9fc;4000000000000000,all,main grid,present,present,filled,MATCH,generate_reference_values
ChiSquare_InverseCumulative|3f50624dd2f1a9fc|4014000000000000|||all|main grid,ChiSquare_InverseCumulative,3f50624dd2f1a9fc;4014000000000000,all,main grid,present,present,filled,MATCH,generate_reference_values
ChiSquare_InverseCumulative|3f50624dd2f1a9fc|403e000000000000|||all|main grid,ChiSquare_InverseCumulative,3f50624dd2f1a9fc;403e000000000000,all,main grid,present,present,filled,MATCH,generate_reference_values
ChiSquare_InverseCumulative|3f50624dd2f1a9fc|4059000000000000|||all|main grid,ChiSquare_InverseCumulative,3f50624dd2f1a9fc;4059000000000000,all,main grid,present,present,filled,MATCH,generate_reference_values
ChiSquare_InverseCumulative|3fa999999999999a|3ff0000000000000|||all|main grid,ChiSquare_InverseCumulative,3fa999999999999a;3ff0000000000000,all,main grid,present,present,filled,MATCH,generate_reference_values
ChiSquare_InverseCumulative|3fa999999999999a|4000000000000000|||all|main grid,ChiSquare_InverseCumulative,3fa999999999999a;4000000000000000,all,main grid,present,present,filled,MATCH,generate_reference_values
ChiSquare_InverseCumulative|3fa999999999999a|4014000000000000|||all|main grid,ChiSquare_InverseCumulative,3fa999999999999a;4014000000000000,all,main grid,present,present,filled,MATCH,generate_reference_values
ChiSquare_InverseCumulative|3fa999999999999a|403e000000000000|||all|main grid,ChiSquare_InverseCumulative,3fa999999999999a;403e000000000000,all,main grid,present,present,filled,MATCH,generate_reference_values
ChiSquare_InverseCumulative|3fa999999999999a|4059000000000000|||all|main grid,ChiSquare_InverseCumulative,3fa999999999999a;4059000000000000,all,main grid,present,present,filled,MATCH,generate_reference_values
ChiSquare_InverseCumulative|3fe0000000000000|3ff0000000000000|||all|main grid,ChiSquare_InverseCumulative,3fe0000000000000;3ff0000000000000,all,main grid,present,present,filled,MATCH,generate_reference_values
ChiSquare_InverseCumulative|3fe0000000000000|4000000000000000|||all|main grid,ChiSquare_InverseCumulative,3fe0000000000000;4000000000000000,all,main grid,present,present,filled,MATCH,generate_reference_values
ChiSquare_InverseCumulative|3fe0000000000000|4014000000000000|||all|main grid,ChiSquare_InverseCumulative,3fe0000000000000;4014000000000000,all,main grid,present,present,filled,MATCH,generate_reference_values
ChiSquare_InverseCumulative|3fe0000000000000|403e000000000000|||all|main grid,ChiSquare_InverseCumulative,3fe0000000000000;403e000000000000,all,main grid,present,present,filled,MATCH,generate_reference_values
ChiSquare_InverseCumulative|3fe0000000000000|4059000000000000|||all|main grid,ChiSquare_InverseCumulative,3fe0000000000000;4059000000000000,all,main grid,present,present,filled,MATCH,generate_reference_values
ChiSquare_InverseCumulative|3fe0000000000000|412e848000000000|||envelope_domain|main grid,ChiSquare_InverseCumulative,3fe0000000000000;412e848000000000,envelope_domain,main grid,absent,present,filled,GRID_ONLY_UNEXPLAINED,tchi_large_df
ChiSquare_InverseCumulative|3fe0000000000000|416312d000000000|||envelope_domain|main grid,ChiSquare_InverseCumulative,3fe0000000000000;416312d000000000,envelope_domain,main grid,absent,present,filled,GRID_ONLY_UNEXPLAINED,tchi_large_df
ChiSquare_InverseCumulative|3fe0000000000000|4197d78400000000|||envelope_domain|main grid,ChiSquare_InverseCumulative,3fe0000000000000;4197d78400000000,envelope_domain,main grid,absent,present,filled,GRID_ONLY_UNEXPLAINED,tchi_large_df
ChiSquare_InverseCumulative|3feccccccccccccd|412e848000000000|||envelope_domain|main grid,ChiSquare_InverseCumulative,3feccccccccccccd;412e848000000000,envelope_domain,main grid,absent,present,filled,GRID_ONLY_UNEXPLAINED,tchi_large_df
ChiSquare_InverseCumulative|3feccccccccccccd|416312d000000000|||envelope_domain|main grid,ChiSquare_InverseCumulative,3feccccccccccccd;416312d000000000,envelope_domain,main grid,absent,present,filled,GRID_ONLY_UNEXPLAINED,tchi_large_df
ChiSquare_InverseCumulative|3feccccccccccccd|4197d78400000000|||envelope_domain|main grid,ChiSquare_InverseCumulative,3feccccccccccccd;4197d78400000000,envelope_domain,main grid,absent,present,filled,GRID_ONLY_UNEXPLAINED,tchi_large_df
ChiSquare_InverseCumulative|3fee666666666666|3ff0000000000000|||all|main grid,ChiSquare_InverseCumulative,3fee666666666666;3ff0000000000000,all,main grid,present,present,filled,MATCH,generate_reference_values
ChiSquare_InverseCumulative|3fee666666666666|4000000000000000|||all|main grid,ChiSquare_InverseCumulative,3fee666666666666;4000000000000000,all,main grid,present,present,filled,MATCH,generate_reference_values
ChiSquare_InverseCumulative|3fee666666666666|4014000000000000|||all|main grid,ChiSquare_InverseCumulative,3fee666666666666;4014000000000000,all,main grid,present,present,filled,MATCH,generate_reference_values
ChiSquare_InverseCumulative|3fee666666666666|403e000000000000|||all|main grid,ChiSquare_InverseCumulative,3fee666666666666;403e000000000000,all,main grid,present,present,filled,MATCH,generate_reference_values
ChiSquare_InverseCumulative|3fee666666666666|4059000000000000|||all|main grid,ChiSquare_InverseCumulative,3fee666666666666;4059000000000000,all,main grid,present,present,filled,MATCH,generate_reference_values
ChiSquare_InverseCumulative|3fefae147ae147ae|412e848000000000|||envelope_domain|main grid,ChiSquare_InverseCumulative,3fefae147ae147ae;412e848000000000,envelope_domain,main grid,absent,present,filled,GRID_ONLY_UNEXPLAINED,tchi_large_df
ChiSquare_InverseCumulative|3fefae147ae147ae|416312d000000000|||envelope_domain|main grid,ChiSquare_InverseCumulative,3fefae147ae147ae;416312d000000000,envelope_domain,main grid,absent,present,filled,GRID_ONLY_UNEXPLAINED,tchi_large_df
ChiSquare_InverseCumulative|3fefae147ae147ae|4197d78400000000|||envelope_domain|main grid,ChiSquare_InverseCumulative,3fefae147ae147ae;4197d78400000000,envelope_domain,main grid,absent,present,filled,GRID_ONLY_UNEXPLAINED,tchi_large_df
ChiSquare_InverseCumulative|3feff7ced916872b|3ff0000000000000|||all|main grid,ChiSquare_InverseCumulative,3feff7ced916872b;3ff0000000000000,all,main grid,present,present,filled,MATCH,generate_reference_values
ChiSquare_InverseCumulative|3feff7ced916872b|4000000000000000|||all|main grid,ChiSquare_InverseCumulative,3feff7ced916872b;4000000000000000,all,main grid,present,present,filled,MATCH,generate_reference_values
ChiSquare_InverseCumulative|3feff7ced916872b|4014000000000000|||all|main grid,ChiSquare_InverseCumulative,3feff7ced916872b;4014000000000000,all,main grid,present,present,filled,MATCH,generate_reference_values
ChiSquare_InverseCumulative|3feff7ced916872b|403e000000000000|||all|main grid,ChiSquare_InverseCumulative,3feff7ced916872b;403e000000000000,all,main grid,present,present,filled,MATCH,generate_reference_values
ChiSquare_InverseCumulative|3feff7ced916872b|4059000000000000|||all|main grid,ChiSquare_InverseCumulative,3feff7ced916872b;4059000000000000,all,main grid,present,present,filled,MATCH,generate_reference_values
ChiSquare_Survival|3fe0000000000000|3ff0000000000000|||all|main grid,ChiSquare_Survival,3fe0000000000000;3ff0000000000000,all,main grid,present,present,filled,MATCH,generate_reference_values
ChiSquare_Survival|3fe0000000000000|4000000000000000|||all|main grid,ChiSquare_Survival,3fe0000000000000;4000000000000000,all,main grid,present,present,filled,MATCH,generate_reference_values
ChiSquare_Survival|3fe0000000000000|4014000000000000|||all|main grid,ChiSquare_Survival,3fe0000000000000;4014000000000000,all,main grid,present,present,filled,MATCH,generate_reference_values
ChiSquare_Survival|3fe0000000000000|403e000000000000|||all|main grid,ChiSquare_Survival,3fe0000000000000;403e000000000000,all,main grid,present,present,filled,MATCH,generate_reference_values
ChiSquare_Survival|3fe0000000000000|4059000000000000|||all|main grid,ChiSquare_Survival,3fe0000000000000;4059000000000000,all,main grid,present,present,filled,MATCH,generate_reference_values
ChiSquare_Survival|3ff0000000000000|3ff0000000000000|||all|main grid,ChiSquare_Survival,3ff0000000000000;3ff0000000000000,all,main grid,present,present,filled,MATCH,generate_reference_values
ChiSquare_Survival|3ff0000000000000|4000000000000000|||all|main grid,ChiSquare_Survival,3ff0000000000000;4000000000000000,all,main grid,present,present,filled,MATCH,generate_reference_values
ChiSquare_Survival|3ff0000000000000|4014000000000000|||all|main grid,ChiSquare_Survival,3ff0000000000000;4014000000000000,all,main grid,present,present,filled,MATCH,generate_reference_values
ChiSquare_Survival|3ff0000000000000|403e000000000000|||all|main grid,ChiSquare_Survival,3ff0000000000000;403e000000000000,all,main grid,present,present,filled,MATCH,generate_reference_values
ChiSquare_Survival|3ff0000000000000|4059000000000000|||all|main grid,ChiSquare_Survival,3ff0000000000000;4059000000000000,all,main grid,present,present,filled,MATCH,generate_reference_values
ChiSquare_Survival|4014000000000000|3ff0000000000000|||all|main grid,ChiSquare_Survival,4014000000000000;3ff0000000000000,all,main grid,present,present,filled,MATCH,generate_reference_values
ChiSquare_Survival|4014000000000000|4000000000000000|||all|main grid,ChiSquare_Survival,4014000000000000;4000000000000000,all,main grid,present,present,filled,MATCH,generate_reference_values
ChiSquare_Survival|4014000000000000|4014000000000000|||all|main grid,ChiSquare_Survival,4014000000000000;4014000000000000,all,main grid,present,present,filled,MATCH,generate_reference_values
ChiSquare_Survival|4014000000000000|403e000000000000|||all|main grid,ChiSquare_Survival,4014000000000000;403e000000000000,all,main grid,present,present,filled,MATCH,generate_reference_values
ChiSquare_Survival|4014000000000000|4059000000000000|||all|main grid,ChiSquare_Survival,4014000000000000;4059000000000000,all,main grid,present,present,filled,MATCH,generate_reference_values
ChiSquare_Survival|4034000000000000|3ff0000000000000|||all|main grid,ChiSquare_Survival,4034000000000000;3ff0000000000000,all,main grid,present,present,filled,MATCH,generate_reference_values
ChiSquare_Survival|4034000000000000|4000000000000000|||all|main grid,ChiSquare_Survival,4034000000000000;4000000000000000,all,main grid,present,present,filled,MATCH,generate_reference_values
ChiSquare_Survival|4034000000000000|4014000000000000|||all|main grid,ChiSquare_Survival,4034000000000000;4014000000000000,all,main grid,present,present,filled,MATCH,generate_reference_values
ChiSquare_Survival|4034000000000000|403e000000000000|||all|main grid,ChiSquare_Survival,4034000000000000;403e000000000000,all,main grid,present,present,filled,MATCH,generate_reference_values
ChiSquare_Survival|4034000000000000|4059000000000000|||all|main grid,ChiSquare_Survival,4034000000000000;4059000000000000,all,main grid,present,present,filled,MATCH,generate_reference_values
ChiSquare_Survival|4054000000000000|3ff0000000000000|||all|main grid,ChiSquare_Survival,4054000000000000;3ff0000000000000,all,main grid,present,present,filled,MATCH,generate_reference_values
ChiSquare_Survival|4054000000000000|4000000000000000|||all|main grid,ChiSquare_Survival,4054000000000000;4000000000000000,all,main grid,present,present,filled,MATCH,generate_reference_values
ChiSquare_Survival|4054000000000000|4014000000000000|||all|main grid,ChiSquare_Survival,4054000000000000;4014000000000000,all,main grid,present,present,filled,MATCH,generate_reference_values
ChiSquare_Survival|4054000000000000|403e000000000000|||all|main grid,ChiSquare_Survival,4054000000000000;403e000000000000,all,main grid,present,present,filled,MATCH,generate_reference_values
ChiSquare_Survival|4054000000000000|4059000000000000|||all|main grid,ChiSquare_Survival,4054000000000000;4059000000000000,all,main grid,present,present,filled,MATCH,generate_reference_values
ChiSquare_Survival|412e797392a7f3e0|412e848000000000|||envelope_domain|main grid,ChiSquare_Survival,412e797392a7f3e0;412e848000000000,envelope_domain,main grid,absent,present,filled,GRID_ONLY_UNEXPLAINED,density_large_shape
ChiSquare_Survival|412e848000000000|412e848000000000|||envelope_domain|main grid,ChiSquare_Survival,412e848000000000;412e848000000000,envelope_domain,main grid,absent,present,filled,GRID_ONLY_UNEXPLAINED,density_large_shape
ChiSquare_Survival|412e8f8c6d580c20|412e848000000000|||envelope_domain|main grid,ChiSquare_Survival,412e8f8c6d580c20;412e848000000000,envelope_domain,main grid,absent,present,filled,GRID_ONLY_UNEXPLAINED,density_large_shape
ChiSquare_Survival|416310a0fba641b3|416312d000000000|||envelope_domain|main grid,ChiSquare_Survival,416310a0fba641b3;416312d000000000,envelope_domain,main grid,absent,present,filled,GRID_ONLY_UNEXPLAINED,
ChiSquare_Survival|416312d000000000|416312d000000000|||envelope_domain|main grid,ChiSquare_Survival,416312d000000000;416312d000000000,envelope_domain,main grid,absent,present,filled,GRID_ONLY_UNEXPLAINED,
ChiSquare_Survival|416314ff0459be4d|416312d000000000|||envelope_domain|main grid,ChiSquare_Survival,416314ff0459be4d;416312d000000000,envelope_domain,main grid,absent,present,filled,GRID_ONLY_UNEXPLAINED,
ChiSquare_Survival|4197d6a707751f0d|4197d78400000000|||envelope_domain|main grid,ChiSquare_Survival,4197d6a707751f0d;4197d78400000000,envelope_domain,main grid,absent,present,filled,GRID_ONLY_UNEXPLAINED,density_large_shape
ChiSquare_Survival|4197d78400000000|4197d78400000000|||envelope_domain|main grid,ChiSquare_Survival,4197d78400000000;4197d78400000000,envelope_domain,main grid,absent,present,filled,GRID_ONLY_UNEXPLAINED,density_large_shape
ChiSquare_Survival|4197d860f88ae0f3|4197d78400000000|||envelope_domain|main grid,ChiSquare_Survival,4197d860f88ae0f3;4197d78400000000,envelope_domain,main grid,absent,present,filled,GRID_ONLY_UNEXPLAINED,density_large_shape
DiscreteUniform_Cumulative|0000000000000000|0000000000000000|4022000000000000||all|main grid,DiscreteUniform_Cumulative,0000000000000000;0000000000000000;4022000000000000,all,main grid,present,present,filled,REFERENCE_DIFFERENCE,generate_reference_values
DiscreteUniform_Cumulative|0000000000000000|0000000000000000|412e845e00000000||all|main grid,DiscreteUniform_Cumulative,0000000000000000;0000000000000000;412e845e00000000,all,main grid,present,present,filled,REFERENCE_DIFFERENCE,generate_reference_values
DiscreteUniform_Cumulative|0000000000000000|c014000000000000|4018000000000000||all|main grid,DiscreteUniform_Cumulative,0000000000000000;c014000000000000;4018000000000000,all,main grid,present,present,filled,MATCH,generate_reference_values
DiscreteUniform_Cumulative|3ff0000000000000|3ff0000000000000|3ff0000000000000||all|main grid,DiscreteUniform_Cumulative,3ff0000000000000;3ff0000000000000;3ff0000000000000,all,main grid,present,present,filled,MATCH,generate_reference_values
DiscreteUniform_Cumulative|3ff0000000000000|3ff0000000000000|4018000000000000||all|main grid,DiscreteUniform_Cumulative,3ff0000000000000;3ff0000000000000;4018000000000000,all,main grid,present,present,filled,REFERENCE_DIFFERENCE,generate_reference_values
DiscreteUniform_Cumulative|4008000000000000|3ff0000000000000|4018000000000000||all|main grid,DiscreteUniform_Cumulative,4008000000000000;3ff0000000000000;4018000000000000,all,main grid,present,present,filled,MATCH,generate_reference_values
DiscreteUniform_Cumulative|4010000000000000|0000000000000000|4022000000000000||all|main grid,DiscreteUniform_Cumulative,4010000000000000;0000000000000000;4022000000000000,all,main grid,present,present,filled,MATCH,generate_reference_values
DiscreteUniform_Cumulative|4018000000000000|3ff0000000000000|4018000000000000||all|main grid,DiscreteUniform_Cumulative,4018000000000000;3ff0000000000000;4018000000000000,all,main grid,present,present,filled,MATCH,generate_reference_values
DiscreteUniform_Cumulative|4018000000000000|c014000000000000|4018000000000000||all|main grid,DiscreteUniform_Cumulative,4018000000000000;c014000000000000;4018000000000000,all,main grid,present,present,filled,MATCH,generate_reference_values
DiscreteUniform_Cumulative|4020000000000000|c12e845e00000000|412e848000000000||all|main grid,DiscreteUniform_Cumulative,4020000000000000;c12e845e00000000;412e848000000000,all,main grid,present,present,filled,MATCH,generate_reference_values
DiscreteUniform_Cumulative|4022000000000000|0000000000000000|4022000000000000||all|main grid,DiscreteUniform_Cumulative,4022000000000000;0000000000000000;4022000000000000,all,main grid,present,present,filled,MATCH,generate_reference_values
DiscreteUniform_Cumulative|411e845c00000000|0000000000000000|412e845e00000000||all|main grid,DiscreteUniform_Cumulative,411e845c00000000;0000000000000000;412e845e00000000,all,main grid,present,present,filled,MATCH,generate_reference_values
DiscreteUniform_Cumulative|412e845e00000000|0000000000000000|412e845e00000000||all|main grid,DiscreteUniform_Cumulative,412e845e00000000;0000000000000000;412e845e00000000,all,main grid,present,present,filled,MATCH,generate_reference_values
DiscreteUniform_Cumulative|412e848000000000|c12e845e00000000|412e848000000000||all|main grid,DiscreteUniform_Cumulative,412e848000000000;c12e845e00000000;412e848000000000,all,main grid,present,present,filled,MATCH,generate_reference_values
DiscreteUniform_Cumulative|c014000000000000|c014000000000000|4018000000000000||all|main grid,DiscreteUniform_Cumulative,c014000000000000;c014000000000000;4018000000000000,all,main grid,present,present,filled,REFERENCE_DIFFERENCE,generate_reference_values
DiscreteUniform_Cumulative|c12e845e00000000|c12e845e00000000|412e848000000000||all|main grid,DiscreteUniform_Cumulative,c12e845e00000000;c12e845e00000000;412e848000000000,all,main grid,present,present,filled,REFERENCE_DIFFERENCE,generate_reference_values
DiscreteUniform_InverseCumulative|3e88d49a3a38df42|c12e845e00000000|412e848000000000||all|main grid,DiscreteUniform_InverseCumulative,3e88d49a3a38df42;c12e845e00000000;412e848000000000,all,main grid,present,present,filled,MATCH,generate_reference_values
DiscreteUniform_InverseCumulative|3e98d4a73ef74304|0000000000000000|412e845e00000000||all|main grid,DiscreteUniform_InverseCumulative,3e98d4a73ef74304;0000000000000000;412e845e00000000,all,main grid,present,present,filled,MATCH,generate_reference_values
DiscreteUniform_InverseCumulative|3f9f92c5f92c5f93|c014000000000000|4018000000000000||all|main grid,DiscreteUniform_InverseCumulative,3f9f92c5f92c5f93;c014000000000000;4018000000000000,all,main grid,present,present,filled,MATCH,generate_reference_values
DiscreteUniform_InverseCumulative|3fa2f1a9fbe76c8b|0000000000000000|4022000000000000||all|main grid,DiscreteUniform_InverseCumulative,3fa2f1a9fbe76c8b;0000000000000000;4022000000000000,all,main grid,present,present,filled,MATCH,generate_reference_values
DiscreteUniform_InverseCumulative|3faf92c5f92c5f93|3ff0000000000000|4018000000000000||all|main grid,DiscreteUniform_InverseCumulative,3faf92c5f92c5f93;3ff0000000000000;4018000000000000,all,main grid,present,present,filled,MATCH,generate_reference_values
DiscreteUniform_InverseCumulative|3fd555556904cd4c|c12e845e00000000|412e848000000000||all|main grid,DiscreteUniform_InverseCumulative,3fd555556904cd4c;c12e845e00000000;412e848000000000,all,main grid,present,present,filled,MATCH,generate_reference_values
DiscreteUniform_InverseCumulative|3fd55556e29fc945|0000000000000000|412e845e00000000||all|main grid,DiscreteUniform_InverseCumulative,3fd55556e29fc945;0000000000000000;412e845e00000000,all,main grid,present,present,filled,MATCH,generate_reference_values
DiscreteUniform_InverseCumulative|3fd5916872b020c5|0000000000000000|4022000000000000||all|main grid,DiscreteUniform_InverseCumulative,3fd5916872b020c5;0000000000000000;4022000000000000,all,main grid,present,present,filled,MATCH,generate_reference_values
DiscreteUniform_InverseCumulative|3fd74e81b4e81b4f|c014000000000000|4018000000000000||all|main grid,DiscreteUniform_InverseCumulative,3fd74e81b4e81b4f;c014000000000000;4018000000000000,all,main grid,present,present,filled,MATCH,generate_reference_values
DiscreteUniform_InverseCumulative|3fd7ae147ae147ae|3ff0000000000000|3ff0000000000000||all|main grid,DiscreteUniform_InverseCumulative,3fd7ae147ae147ae;3ff0000000000000;3ff0000000000000,all,main grid,present,present,filled,MATCH,generate_reference_values
DiscreteUniform_InverseCumulative|3fd947ae147ae148|3ff0000000000000|4018000000000000||all|main grid,DiscreteUniform_InverseCumulative,3fd947ae147ae148;3ff0000000000000;4018000000000000,all,main grid,present,present,filled,MATCH,generate_reference_values
DiscreteUniform_InverseCumulative|3feca3d70a3d70a4|3ff0000000000000|4018000000000000||all|main grid,DiscreteUniform_InverseCumulative,3feca3d70a3d70a4;3ff0000000000000;4018000000000000,all,main grid,present,present,filled,MATCH,generate_reference_values
DiscreteUniform_InverseCumulative|3fedfbe76c8b4395|0000000000000000|4022000000000000||all|main grid,DiscreteUniform_InverseCumulative,3fedfbe76c8b4395;0000000000000000;4022000000000000,all,main grid,absent,present,filled,GRID_ONLY_UNEXPLAINED,
DiscreteUniform_InverseCumulative|3fedfbe76c8b4396|0000000000000000|4022000000000000||all|main grid,DiscreteUniform_InverseCumulative,3fedfbe76c8b4396;0000000000000000;4022000000000000,all,main grid,present,absent,,GENERATOR_ONLY_UNEXPLAINED,generate_reference_values
DiscreteUniform_InverseCumulative|3fee51eb851eb851|c014000000000000|4018000000000000||all|main grid,DiscreteUniform_InverseCumulative,3fee51eb851eb851;c014000000000000;4018000000000000,all,main grid,absent,present,filled,GRID_ONLY_UNEXPLAINED,
DiscreteUniform_InverseCumulative|3fee51eb851eb852|c014000000000000|4018000000000000||all|main grid,DiscreteUniform_InverseCumulative,3fee51eb851eb852;c014000000000000;4018000000000000,all,main grid,present,absent,,GENERATOR_ONLY_UNEXPLAINED,generate_reference_values
DiscreteUniform_InverseCumulative|3feffffeadc412eb|0000000000000000|412e845e00000000||all|main grid,DiscreteUniform_InverseCumulative,3feffffeadc412eb;0000000000000000;412e845e00000000,all,main grid,absent,present,filled,GRID_ONLY_UNEXPLAINED,
DiscreteUniform_InverseCumulative|3feffffeadc412ec|0000000000000000|412e845e00000000||all|main grid,DiscreteUniform_InverseCumulative,3feffffeadc412ec;0000000000000000;412e845e00000000,all,main grid,present,absent,,GENERATOR_ONLY_UNEXPLAINED,generate_reference_values
DiscreteUniform_InverseCumulative|3fefffff56e26220|c12e845e00000000|412e848000000000||all|main grid,DiscreteUniform_InverseCumulative,3fefffff56e26220;c12e845e00000000;412e848000000000,all,main grid,present,absent,,GENERATOR_ONLY_UNEXPLAINED,generate_reference_values
DiscreteUniform_InverseCumulative|3fefffff56e26221|c12e845e00000000|412e848000000000||all|main grid,DiscreteUniform_InverseCumulative,3fefffff56e26221;c12e845e00000000;412e848000000000,all,main grid,absent,present,filled,GRID_ONLY_UNEXPLAINED,
DiscreteUniform_LogPMF|0000000000000000|0000000000000000|4022000000000000||all|main grid,DiscreteUniform_LogPMF,0000000000000000;0000000000000000;4022000000000000,all,main grid,present,present,filled,REFERENCE_DIFFERENCE,generate_reference_values
DiscreteUniform_LogPMF|0000000000000000|0000000000000000|412e845e00000000||all|main grid,DiscreteUniform_LogPMF,0000000000000000;0000000000000000;412e845e00000000,all,main grid,present,present,filled,REFERENCE_DIFFERENCE,generate_reference_values
DiscreteUniform_LogPMF|0000000000000000|c014000000000000|4018000000000000||all|main grid,DiscreteUniform_LogPMF,0000000000000000;c014000000000000;4018000000000000,all,main grid,present,present,filled,REFERENCE_DIFFERENCE,generate_reference_values
DiscreteUniform_LogPMF|3ff0000000000000|3ff0000000000000|4018000000000000||all|main grid,DiscreteUniform_LogPMF,3ff0000000000000;3ff0000000000000;4018000000000000,all,main grid,present,present,filled,REFERENCE_DIFFERENCE,generate_reference_values
DiscreteUniform_LogPMF|4008000000000000|3ff0000000000000|4018000000000000||all|main grid,DiscreteUniform_LogPMF,4008000000000000;3ff0000000000000;4018000000000000,all,main grid,present,present,filled,REFERENCE_DIFFERENCE,generate_reference_values
DiscreteUniform_LogPMF|4010000000000000|0000000000000000|4022000000000000||all|main grid,DiscreteUniform_LogPMF,4010000000000000;0000000000000000;4022000000000000,all,main grid,present,present,filled,REFERENCE_DIFFERENCE,generate_reference_values
DiscreteUniform_LogPMF|4018000000000000|3ff0000000000000|4018000000000000||all|main grid,DiscreteUniform_LogPMF,4018000000000000;3ff0000000000000;4018000000000000,all,main grid,present,present,filled,REFERENCE_DIFFERENCE,generate_reference_values
DiscreteUniform_LogPMF|4018000000000000|c014000000000000|4018000000000000||all|main grid,DiscreteUniform_LogPMF,4018000000000000;c014000000000000;4018000000000000,all,main grid,present,present,filled,REFERENCE_DIFFERENCE,generate_reference_values
DiscreteUniform_LogPMF|4020000000000000|c12e845e00000000|412e848000000000||all|main grid,DiscreteUniform_LogPMF,4020000000000000;c12e845e00000000;412e848000000000,all,main grid,present,present,filled,REFERENCE_DIFFERENCE,generate_reference_values
DiscreteUniform_LogPMF|4022000000000000|0000000000000000|4022000000000000||all|main grid,DiscreteUniform_LogPMF,4022000000000000;0000000000000000;4022000000000000,all,main grid,present,present,filled,REFERENCE_DIFFERENCE,generate_reference_values
DiscreteUniform_LogPMF|411e845c00000000|0000000000000000|412e845e00000000||all|main grid,DiscreteUniform_LogPMF,411e845c00000000;0000000000000000;412e845e00000000,all,main grid,present,present,filled,REFERENCE_DIFFERENCE,generate_reference_values
DiscreteUniform_LogPMF|412e845e00000000|0000000000000000|412e845e00000000||all|main grid,DiscreteUniform_LogPMF,412e845e00000000;0000000000000000;412e845e00000000,all,main grid,present,present,filled,REFERENCE_DIFFERENCE,generate_reference_values
DiscreteUniform_LogPMF|412e848000000000|c12e845e00000000|412e848000000000||all|main grid,DiscreteUniform_LogPMF,412e848000000000;c12e845e00000000;412e848000000000,all,main grid,present,present,filled,REFERENCE_DIFFERENCE,generate_reference_values
DiscreteUniform_LogPMF|c014000000000000|c014000000000000|4018000000000000||all|main grid,DiscreteUniform_LogPMF,c014000000000000;c014000000000000;4018000000000000,all,main grid,present,present,filled,REFERENCE_DIFFERENCE,generate_reference_values
DiscreteUniform_LogPMF|c12e845e00000000|c12e845e00000000|412e848000000000||all|main grid,DiscreteUniform_LogPMF,c12e845e00000000;c12e845e00000000;412e848000000000,all,main grid,present,present,filled,REFERENCE_DIFFERENCE,generate_reference_values
DiscreteUniform_Mean|0000000000000000|4022000000000000|||all|main grid,DiscreteUniform_Mean,0000000000000000;4022000000000000,all,main grid,present,present,filled,MATCH,generate_reference_values
DiscreteUniform_Mean|0000000000000000|412e845e00000000|||all|main grid,DiscreteUniform_Mean,0000000000000000;412e845e00000000,all,main grid,present,present,filled,MATCH,generate_reference_values
DiscreteUniform_Mean|3ff0000000000000|3ff0000000000000|||all|main grid,DiscreteUniform_Mean,3ff0000000000000;3ff0000000000000,all,main grid,present,present,filled,MATCH,generate_reference_values
DiscreteUniform_Mean|3ff0000000000000|4018000000000000|||all|main grid,DiscreteUniform_Mean,3ff0000000000000;4018000000000000,all,main grid,present,present,filled,MATCH,generate_reference_values
DiscreteUniform_Mean|c014000000000000|4018000000000000|||all|main grid,DiscreteUniform_Mean,c014000000000000;4018000000000000,all,main grid,present,present,filled,MATCH,generate_reference_values
DiscreteUniform_Mean|c12e845e00000000|412e848000000000|||all|main grid,DiscreteUniform_Mean,c12e845e00000000;412e848000000000,all,main grid,present,present,filled,MATCH,generate_reference_values
DiscreteUniform_PMF|0000000000000000|0000000000000000|4022000000000000||all|main grid,DiscreteUniform_PMF,0000000000000000;0000000000000000;4022000000000000,all,main grid,present,present,filled,REFERENCE_DIFFERENCE,generate_reference_values
DiscreteUniform_PMF|0000000000000000|0000000000000000|412e845e00000000||all|main grid,DiscreteUniform_PMF,0000000000000000;0000000000000000;412e845e00000000,all,main grid,present,present,filled,REFERENCE_DIFFERENCE,generate_reference_values
DiscreteUniform_PMF|0000000000000000|c014000000000000|4018000000000000||all|main grid,DiscreteUniform_PMF,0000000000000000;c014000000000000;4018000000000000,all,main grid,present,present,filled,REFERENCE_DIFFERENCE,generate_reference_values
DiscreteUniform_PMF|3ff0000000000000|3ff0000000000000|3ff0000000000000||all|main grid,DiscreteUniform_PMF,3ff0000000000000;3ff0000000000000;3ff0000000000000,all,main grid,present,present,filled,MATCH,generate_reference_values
DiscreteUniform_PMF|3ff0000000000000|3ff0000000000000|4018000000000000||all|main grid,DiscreteUniform_PMF,3ff0000000000000;3ff0000000000000;4018000000000000,all,main grid,present,present,filled,REFERENCE_DIFFERENCE,generate_reference_values
DiscreteUniform_PMF|4008000000000000|3ff0000000000000|4018000000000000||all|main grid,DiscreteUniform_PMF,4008000000000000;3ff0000000000000;4018000000000000,all,main grid,present,present,filled,REFERENCE_DIFFERENCE,generate_reference_values
DiscreteUniform_PMF|4010000000000000|0000000000000000|4022000000000000||all|main grid,DiscreteUniform_PMF,4010000000000000;0000000000000000;4022000000000000,all,main grid,present,present,filled,REFERENCE_DIFFERENCE,generate_reference_values
DiscreteUniform_PMF|4018000000000000|3ff0000000000000|4018000000000000||all|main grid,DiscreteUniform_PMF,4018000000000000;3ff0000000000000;4018000000000000,all,main grid,present,present,filled,REFERENCE_DIFFERENCE,generate_reference_values
DiscreteUniform_PMF|4018000000000000|c014000000000000|4018000000000000||all|main grid,DiscreteUniform_PMF,4018000000000000;c014000000000000;4018000000000000,all,main grid,present,present,filled,REFERENCE_DIFFERENCE,generate_reference_values
DiscreteUniform_PMF|4020000000000000|c12e845e00000000|412e848000000000||all|main grid,DiscreteUniform_PMF,4020000000000000;c12e845e00000000;412e848000000000,all,main grid,present,present,filled,REFERENCE_DIFFERENCE,generate_reference_values
DiscreteUniform_PMF|4022000000000000|0000000000000000|4022000000000000||all|main grid,DiscreteUniform_PMF,4022000000000000;0000000000000000;4022000000000000,all,main grid,present,present,filled,REFERENCE_DIFFERENCE,generate_reference_values
DiscreteUniform_PMF|411e845c00000000|0000000000000000|412e845e00000000||all|main grid,DiscreteUniform_PMF,411e845c00000000;0000000000000000;412e845e00000000,all,main grid,present,present,filled,REFERENCE_DIFFERENCE,generate_reference_values
DiscreteUniform_PMF|412e845e00000000|0000000000000000|412e845e00000000||all|main grid,DiscreteUniform_PMF,412e845e00000000;0000000000000000;412e845e00000000,all,main grid,present,present,filled,REFERENCE_DIFFERENCE,generate_reference_values
DiscreteUniform_PMF|412e848000000000|c12e845e00000000|412e848000000000||all|main grid,DiscreteUniform_PMF,412e848000000000;c12e845e00000000;412e848000000000,all,main grid,present,present,filled,REFERENCE_DIFFERENCE,generate_reference_values
DiscreteUniform_PMF|c014000000000000|c014000000000000|4018000000000000||all|main grid,DiscreteUniform_PMF,c014000000000000;c014000000000000;4018000000000000,all,main grid,present,present,filled,REFERENCE_DIFFERENCE,generate_reference_values
DiscreteUniform_PMF|c12e845e00000000|c12e845e00000000|412e848000000000||all|main grid,DiscreteUniform_PMF,c12e845e00000000;c12e845e00000000;412e848000000000,all,main grid,present,present,filled,REFERENCE_DIFFERENCE,generate_reference_values
DiscreteUniform_StdDev|0000000000000000|4022000000000000|||all|main grid,DiscreteUniform_StdDev,0000000000000000;4022000000000000,all,main grid,present,present,filled,REFERENCE_DIFFERENCE,generate_reference_values
DiscreteUniform_StdDev|0000000000000000|412e845e00000000|||all|main grid,DiscreteUniform_StdDev,0000000000000000;412e845e00000000,all,main grid,present,present,filled,REFERENCE_DIFFERENCE,generate_reference_values
DiscreteUniform_StdDev|3ff0000000000000|4018000000000000|||all|main grid,DiscreteUniform_StdDev,3ff0000000000000;4018000000000000,all,main grid,present,present,filled,REFERENCE_DIFFERENCE,generate_reference_values
DiscreteUniform_StdDev|c014000000000000|4018000000000000|||all|main grid,DiscreteUniform_StdDev,c014000000000000;4018000000000000,all,main grid,present,present,filled,REFERENCE_DIFFERENCE,generate_reference_values
DiscreteUniform_StdDev|c12e845e00000000|412e848000000000|||all|main grid,DiscreteUniform_StdDev,c12e845e00000000;412e848000000000,all,main grid,present,present,filled,REFERENCE_DIFFERENCE,generate_reference_values
DiscreteUniform_Survival|0000000000000000|0000000000000000|4022000000000000||all|main grid,DiscreteUniform_Survival,0000000000000000;0000000000000000;4022000000000000,all,main grid,present,present,filled,REFERENCE_DIFFERENCE,generate_reference_values
DiscreteUniform_Survival|0000000000000000|0000000000000000|412e845e00000000||all|main grid,DiscreteUniform_Survival,0000000000000000;0000000000000000;412e845e00000000,all,main grid,present,present,filled,REFERENCE_DIFFERENCE,generate_reference_values
DiscreteUniform_Survival|0000000000000000|c014000000000000|4018000000000000||all|main grid,DiscreteUniform_Survival,0000000000000000;c014000000000000;4018000000000000,all,main grid,present,present,filled,MATCH,generate_reference_values
DiscreteUniform_Survival|3ff0000000000000|3ff0000000000000|4018000000000000||all|main grid,DiscreteUniform_Survival,3ff0000000000000;3ff0000000000000;4018000000000000,all,main grid,present,present,filled,REFERENCE_DIFFERENCE,generate_reference_values
DiscreteUniform_Survival|4008000000000000|3ff0000000000000|4018000000000000||all|main grid,DiscreteUniform_Survival,4008000000000000;3ff0000000000000;4018000000000000,all,main grid,present,present,filled,MATCH,generate_reference_values
DiscreteUniform_Survival|4010000000000000|0000000000000000|4022000000000000||all|main grid,DiscreteUniform_Survival,4010000000000000;0000000000000000;4022000000000000,all,main grid,present,present,filled,MATCH,generate_reference_values
DiscreteUniform_Survival|4020000000000000|c12e845e00000000|412e848000000000||all|main grid,DiscreteUniform_Survival,4020000000000000;c12e845e00000000;412e848000000000,all,main grid,present,present,filled,MATCH,generate_reference_values
DiscreteUniform_Survival|411e845c00000000|0000000000000000|412e845e00000000||all|main grid,DiscreteUniform_Survival,411e845c00000000;0000000000000000;412e845e00000000,all,main grid,present,present,filled,MATCH,generate_reference_values
DiscreteUniform_Survival|c014000000000000|c014000000000000|4018000000000000||all|main grid,DiscreteUniform_Survival,c014000000000000;c014000000000000;4018000000000000,all,main grid,present,present,filled,REFERENCE_DIFFERENCE,generate_reference_values
DiscreteUniform_Survival|c12e845e00000000|c12e845e00000000|412e848000000000||all|main grid,DiscreteUniform_Survival,c12e845e00000000;c12e845e00000000;412e848000000000,all,main grid,present,present,filled,REFERENCE_DIFFERENCE,generate_reference_values
DiscreteUniform_Variance|0000000000000000|4022000000000000|||all|main grid,DiscreteUniform_Variance,0000000000000000;4022000000000000,all,main grid,present,present,filled,MATCH,generate_reference_values
DiscreteUniform_Variance|0000000000000000|412e845e00000000|||all|main grid,DiscreteUniform_Variance,0000000000000000;412e845e00000000,all,main grid,present,present,filled,REFERENCE_DIFFERENCE,generate_reference_values
DiscreteUniform_Variance|3ff0000000000000|4018000000000000|||all|main grid,DiscreteUniform_Variance,3ff0000000000000;4018000000000000,all,main grid,present,present,filled,REFERENCE_DIFFERENCE,generate_reference_values
DiscreteUniform_Variance|c014000000000000|4018000000000000|||all|main grid,DiscreteUniform_Variance,c014000000000000;4018000000000000,all,main grid,present,present,filled,REFERENCE_DIFFERENCE,generate_reference_values
DiscreteUniform_Variance|c12e845e00000000|412e848000000000|||all|main grid,DiscreteUniform_Variance,c12e845e00000000;412e848000000000,all,main grid,present,present,filled,MATCH,generate_reference_values
Exponential_Cumulative|3fe0000000000000|4000000000000000|||all|main grid,Exponential_Cumulative,3fe0000000000000;4000000000000000,all,main grid,present,present,filled,MATCH,generate_reference_values
Exponential_Cumulative|3ff0000000000000|3ff0000000000000|||all|main grid,Exponential_Cumulative,3ff0000000000000;3ff0000000000000,all,main grid,present,present,filled,MATCH,generate_reference_values
Exponential_Cumulative|4008000000000000|3fe0000000000000|||all|main grid,Exponential_Cumulative,4008000000000000;3fe0000000000000,all,main grid,present,present,filled,MATCH,generate_reference_values
Exponential_Density|3fe0000000000000|4000000000000000|||all|main grid,Exponential_Density,3fe0000000000000;4000000000000000,all,main grid,present,present,filled,MATCH,generate_reference_values
Exponential_Density|3ff0000000000000|3ff0000000000000|||all|main grid,Exponential_Density,3ff0000000000000;3ff0000000000000,all,main grid,present,present,filled,MATCH,generate_reference_values
Exponential_Density|4008000000000000|3fe0000000000000|||all|main grid,Exponential_Density,4008000000000000;3fe0000000000000,all,main grid,present,present,filled,MATCH,generate_reference_values
Exponential_InverseCumulative|3fe0000000000000|3ff0000000000000|||all|main grid,Exponential_InverseCumulative,3fe0000000000000;3ff0000000000000,all,main grid,present,present,filled,MATCH,generate_reference_values
Exponential_InverseCumulative|3fee666666666666|4000000000000000|||all|main grid,Exponential_InverseCumulative,3fee666666666666;4000000000000000,all,main grid,present,present,filled,MATCH,generate_reference_values
Exponential_Survival|3fe0000000000000|4000000000000000|||all|main grid,Exponential_Survival,3fe0000000000000;4000000000000000,all,main grid,present,present,filled,MATCH,generate_reference_values
Exponential_Survival|3ff0000000000000|3ff0000000000000|||all|main grid,Exponential_Survival,3ff0000000000000;3ff0000000000000,all,main grid,present,present,filled,MATCH,generate_reference_values
Exponential_Survival|4008000000000000|3fe0000000000000|||all|main grid,Exponential_Survival,4008000000000000;3fe0000000000000,all,main grid,present,present,filled,MATCH,generate_reference_values
F_Cumulative|3f84467381d7dbf4|3cacd2b297d889bc|3c76d3edb3a766f1||tiny_unbalanced|main grid,F_Cumulative,3f84467381d7dbf4;3cacd2b297d889bc;3c76d3edb3a766f1,tiny_unbalanced,main grid,present,absent,,GENERATOR_ONLY_UNEXPLAINED,generate_reference_values
F_Cumulative|3f84467381d7dbf4|3d819799812dea11|3d4bddb3a9cdd929||tiny_unbalanced|main grid,F_Cumulative,3f84467381d7dbf4;3d819799812dea11;3d4bddb3a9cdd929,tiny_unbalanced,main grid,present,present,filled,REFERENCE_DIFFERENCE,generate_reference_values
F_Cumulative|3f84467381d7dbf5|3cacd2b297d889bc|3c76d3edb3a766f1||tiny_unbalanced|main grid,F_Cumulative,3f84467381d7dbf5;3cacd2b297d889bc;3c76d3edb3a766f1,tiny_unbalanced,main grid,absent,present,filled,GRID_ONLY_UNEXPLAINED,
F_Cumulative|3f847ae147ae147b|3e55798ee2308c3a|3e212e0be826d695||tiny_unbalanced|main grid,F_Cumulative,3f847ae147ae147b;3e55798ee2308c3a;3e212e0be826d695,tiny_unbalanced,main grid,present,present,filled,REFERENCE_DIFFERENCE,generate_reference_values
F_Cumulative|3f847ae147ae147b|3f2a36e2eb1c432d|3ef4f8b588e368f1||tiny_unbalanced|main grid,F_Cumulative,3f847ae147ae147b;3f2a36e2eb1c432d;3ef4f8b588e368f1,tiny_unbalanced,main grid,present,present,filled,REFERENCE_DIFFERENCE,generate_reference_values
F_Cumulative|3fb95810624dd2f1|3d819799812dea11|3d4bddb3a9cdd929||tiny_unbalanced|main grid,F_Cumulative,3fb95810624dd2f1;3d819799812dea11;3d4bddb3a9cdd929,tiny_unbalanced,main grid,present,present,filled,REFERENCE_DIFFERENCE,generate_reference_values
F_Cumulative|3fb95810624dd2f2|3cacd2b297d889bc|3c76d3edb3a766f1||tiny_unbalanced|main grid,F_Cumulative,3fb95810624dd2f2;3cacd2b297d889bc;3c76d3edb3a766f1,tiny_unbalanced,main grid,present,present,filled,REFERENCE_DIFFERENCE,generate_reference_values
F_Cumulative|3fb999999999999a|3e55798ee2308c3a|3e212e0be826d695||tiny_unbalanced|main grid,F_Cumulative,3fb999999999999a;3e55798ee2308c3a;3e212e0be826d695,tiny_unbalanced,main grid,present,present,filled,REFERENCE_DIFFERENCE,generate_reference_values
F_Cumulative|3fb999999999999a|3f2a36e2eb1c432d|3ef4f8b588e368f1||tiny_unbalanced|main grid,F_Cumulative,3fb999999999999a;3f2a36e2eb1c432d;3ef4f8b588e368f1,tiny_unbalanced,main grid,present,present,filled,REFERENCE_DIFFERENCE,generate_reference_values
F_Cumulative|3fd0000000000000|3ff0000000000000|3ff0000000000000||validated|main grid,F_Cumulative,3fd0000000000000;3ff0000000000000;3ff0000000000000,validated,main grid,present,present,filled,MATCH,generate_reference_values
F_Cumulative|3fd0000000000000|4014000000000000|4000000000000000||validated|main grid,F_Cumulative,3fd0000000000000;4014000000000000;4000000000000000,validated,main grid,present,present,filled,MATCH,generate_reference_values
F_Cumulative|3fd0000000000000|4024000000000000|403e000000000000||validated|main grid,F_Cumulative,3fd0000000000000;4024000000000000;403e000000000000,validated,main grid,present,present,filled,MATCH,generate_reference_values
F_Cumulative|3fd0000000000000|4059000000000000|4059000000000000||validated|main grid,F_Cumulative,3fd0000000000000;4059000000000000;4059000000000000,validated,main grid,present,present,filled,MATCH,generate_reference_values
F_Cumulative|3fefae147ae147ad|3d819799812dea11|3d4bddb3a9cdd929||tiny_unbalanced|main grid,F_Cumulative,3fefae147ae147ad;3d819799812dea11;3d4bddb3a9cdd929,tiny_unbalanced,main grid,absent,present,filled,GRID_ONLY_UNEXPLAINED,
F_Cumulative|3fefae147ae147ae|3cacd2b297d889bc|3c76d3edb3a766f1||tiny_unbalanced|main grid,F_Cumulative,3fefae147ae147ae;3cacd2b297d889bc;3c76d3edb3a766f1,tiny_unbalanced,main grid,present,present,filled,REFERENCE_DIFFERENCE,generate_reference_values
F_Cumulative|3fefae147ae147ae|3d819799812dea11|3d4bddb3a9cdd929||tiny_unbalanced|main grid,F_Cumulative,3fefae147ae147ae;3d819799812dea11;3d4bddb3a9cdd929,tiny_unbalanced,main grid,present,absent,,GENERATOR_ONLY_UNEXPLAINED,generate_reference_values
F_Cumulative|3feff7ced916872b|412e848000000000|412e848000000000||envelope_domain|main grid,F_Cumulative,3feff7ced916872b;412e848000000000;412e848000000000,envelope_domain,main grid,absent,present,filled,GRID_ONLY_UNEXPLAINED,density_large_shape
F_Cumulative|3feff7ced916872b|4197d78400000000|4197d78400000000||envelope_domain|main grid,F_Cumulative,3feff7ced916872b;4197d78400000000;4197d78400000000,envelope_domain,main grid,absent,present,filled,GRID_ONLY_UNEXPLAINED,
F_Cumulative|3ff0000000000000|3e55798ee2308c3a|3e212e0be826d695||tiny_unbalanced|main grid,F_Cumulative,3ff0000000000000;3e55798ee2308c3a;3e212e0be826d695,tiny_unbalanced,main grid,present,present,filled,REFERENCE_DIFFERENCE,generate_reference_values
F_Cumulative|3ff0000000000000|3f2a36e2eb1c432d|3ef4f8b588e368f1||tiny_unbalanced|main grid,F_Cumulative,3ff0000000000000;3f2a36e2eb1c432d;3ef4f8b588e368f1,tiny_unbalanced,main grid,present,present,filled,REFERENCE_DIFFERENCE,generate_reference_values
F_Cumulative|3ff0000000000000|3ff0000000000000|3ff0000000000000||validated|main grid,F_Cumulative,3ff0000000000000;3ff0000000000000;3ff0000000000000,validated,main grid,present,present,filled,MATCH,generate_reference_values
F_Cumulative|3ff0000000000000|4014000000000000|4000000000000000||validated|main grid,F_Cumulative,3ff0000000000000;4014000000000000;4000000000000000,validated,main grid,present,present,filled,MATCH,generate_reference_values
F_Cumulative|3ff0000000000000|4024000000000000|403e000000000000||validated|main grid,F_Cumulative,3ff0000000000000;4024000000000000;403e000000000000,validated,main grid,present,present,filled,MATCH,generate_reference_values
F_Cumulative|3ff0000000000000|4059000000000000|4059000000000000||validated|main grid,F_Cumulative,3ff0000000000000;4059000000000000;4059000000000000,validated,main grid,present,present,filled,MATCH,generate_reference_values
F_Cumulative|3ff0000000000000|412e848000000000|412e848000000000||envelope_domain|main grid,F_Cumulative,3ff0000000000000;412e848000000000;412e848000000000,envelope_domain,main grid,absent,present,filled,GRID_ONLY_UNEXPLAINED,density_large_shape;f_envelope
F_Cumulative|3ff0000000000000|4197d78400000000|4197d78400000000||envelope_domain|main grid,F_Cumulative,3ff0000000000000;4197d78400000000;4197d78400000000,envelope_domain,main grid,absent,present,filled,GRID_ONLY_UNEXPLAINED,density_large_shape
F_Cumulative|3ff004189374bc6a|412e848000000000|412e848000000000||envelope_domain|main grid,F_Cumulative,3ff004189374bc6a;412e848000000000;412e848000000000,envelope_domain,main grid,absent,present,filled,GRID_ONLY_UNEXPLAINED,density_large_shape
F_Cumulative|3ff004189374bc6a|4197d78400000000|4197d78400000000||envelope_domain|main grid,F_Cumulative,3ff004189374bc6a;4197d78400000000;4197d78400000000,envelope_domain,main grid,absent,present,filled,GRID_ONLY_UNEXPLAINED,
F_Cumulative|3ff0295fad40a57f|3d4bddb3a9cdd929|3d819799812dea11||tiny_unbalanced|main grid,F_Cumulative,3ff0295fad40a57f;3d4bddb3a9cdd929;3d819799812dea11,tiny_unbalanced,main grid,present,present,filled,REFERENCE_DIFFERENCE,generate_reference_values
F_Cumulative|4000000000000000|3ff0000000000000|3ff0000000000000||validated|main grid,F_Cumulative,4000000000000000;3ff0000000000000;3ff0000000000000,validated,main grid,present,present,filled,MATCH,generate_reference_values
F_Cumulative|4000000000000000|4014000000000000|4000000000000000||validated|main grid,F_Cumulative,4000000000000000;4014000000000000;4000000000000000,validated,main grid,present,present,filled,MATCH,generate_reference_values
F_Cumulative|4000000000000000|4024000000000000|403e000000000000||validated|main grid,F_Cumulative,4000000000000000;4024000000000000;403e000000000000,validated,main grid,present,present,filled,MATCH,generate_reference_values
F_Cumulative|4000000000000000|4059000000000000|4059000000000000||validated|main grid,F_Cumulative,4000000000000000;4059000000000000;4059000000000000,validated,main grid,present,present,filled,MATCH,generate_reference_values
F_Cumulative|4024000000000000|3ff0000000000000|3ff0000000000000||validated|main grid,F_Cumulative,4024000000000000;3ff0000000000000;3ff0000000000000,validated,main grid,present,present,filled,MATCH,generate_reference_values
F_Cumulative|4024000000000000|4014000000000000|4000000000000000||validated|main grid,F_Cumulative,4024000000000000;4014000000000000;4000000000000000,validated,main grid,present,present,filled,MATCH,generate_reference_values
F_Cumulative|4024000000000000|4024000000000000|403e000000000000||validated|main grid,F_Cumulative,4024000000000000;4024000000000000;403e000000000000,validated,main grid,present,present,filled,MATCH,generate_reference_values
F_Cumulative|4024000000000000|4059000000000000|4059000000000000||validated|main grid,F_Cumulative,4024000000000000;4059000000000000;4059000000000000,validated,main grid,present,present,filled,MATCH,generate_reference_values
F_Cumulative|402433b79890cede|3d4bddb3a9cdd929|3d819799812dea11||tiny_unbalanced|main grid,F_Cumulative,402433b79890cede;3d4bddb3a9cdd929;3d819799812dea11,tiny_unbalanced,main grid,present,absent,,GENERATOR_ONLY_UNEXPLAINED,generate_reference_values
F_Cumulative|402433b79890cedf|3d4bddb3a9cdd929|3d819799812dea11||tiny_unbalanced|main grid,F_Cumulative,402433b79890cedf;3d4bddb3a9cdd929;3d819799812dea11,tiny_unbalanced,main grid,absent,present,filled,GRID_ONLY_UNEXPLAINED,
F_Cumulative|405940a57eb50296|3d4bddb3a9cdd929|3d819799812dea11||tiny_unbalanced|main grid,F_Cumulative,405940a57eb50296;3d4bddb3a9cdd929;3d819799812dea11,tiny_unbalanced,main grid,present,absent,,GENERATOR_ONLY_UNEXPLAINED,generate_reference_values
F_Cumulative|405940a57eb50297|3d4bddb3a9cdd929|3d819799812dea11||tiny_unbalanced|main grid,F_Cumulative,405940a57eb50297;3d4bddb3a9cdd929;3d819799812dea11,tiny_unbalanced,main grid,absent,present,filled,GRID_ONLY_UNEXPLAINED,
F_Density|3f84467381d7dbf4|3cacd2b297d889bc|3c76d3edb3a766f1||tiny_unbalanced|main grid,F_Density,3f84467381d7dbf4;3cacd2b297d889bc;3c76d3edb3a766f1,tiny_unbalanced,main grid,present,absent,,GENERATOR_ONLY_UNEXPLAINED,generate_reference_values
F_Density|3f84467381d7dbf4|3d819799812dea11|3d4bddb3a9cdd929||tiny_unbalanced|main grid,F_Density,3f84467381d7dbf4;3d819799812dea11;3d4bddb3a9cdd929,tiny_unbalanced,main grid,present,present,filled,REFERENCE_DIFFERENCE,generate_reference_values
F_Density|3f84467381d7dbf5|3cacd2b297d889bc|3c76d3edb3a766f1||tiny_unbalanced|main grid,F_Density,3f84467381d7dbf5;3cacd2b297d889bc;3c76d3edb3a766f1,tiny_unbalanced,main grid,absent,present,filled,GRID_ONLY_UNEXPLAINED,
F_Density|3f847ae147ae147b|3e55798ee2308c3a|3e212e0be826d695||tiny_unbalanced|main grid,F_Density,3f847ae147ae147b;3e55798ee2308c3a;3e212e0be826d695,tiny_unbalanced,main grid,present,present,filled,REFERENCE_DIFFERENCE,generate_reference_values
F_Density|3f847ae147ae147b|3f2a36e2eb1c432d|3ef4f8b588e368f1||tiny_unbalanced|main grid,F_Density,3f847ae147ae147b;3f2a36e2eb1c432d;3ef4f8b588e368f1,tiny_unbalanced,main grid,present,present,filled,REFERENCE_DIFFERENCE,generate_reference_values
F_Density|3fb95810624dd2f1|3d819799812dea11|3d4bddb3a9cdd929||tiny_unbalanced|main grid,F_Density,3fb95810624dd2f1;3d819799812dea11;3d4bddb3a9cdd929,tiny_unbalanced,main grid,present,present,filled,REFERENCE_DIFFERENCE,generate_reference_values
F_Density|3fb95810624dd2f2|3cacd2b297d889bc|3c76d3edb3a766f1||tiny_unbalanced|main grid,F_Density,3fb95810624dd2f2;3cacd2b297d889bc;3c76d3edb3a766f1,tiny_unbalanced,main grid,present,present,filled,REFERENCE_DIFFERENCE,generate_reference_values
F_Density|3fb999999999999a|3e55798ee2308c3a|3e212e0be826d695||tiny_unbalanced|main grid,F_Density,3fb999999999999a;3e55798ee2308c3a;3e212e0be826d695,tiny_unbalanced,main grid,present,present,filled,REFERENCE_DIFFERENCE,generate_reference_values
F_Density|3fb999999999999a|3f2a36e2eb1c432d|3ef4f8b588e368f1||tiny_unbalanced|main grid,F_Density,3fb999999999999a;3f2a36e2eb1c432d;3ef4f8b588e368f1,tiny_unbalanced,main grid,present,present,filled,REFERENCE_DIFFERENCE,generate_reference_values
F_Density|3fd0000000000000|3ff0000000000000|4341c37937e08000||extreme_ratio|main grid,F_Density,3fd0000000000000;3ff0000000000000;4341c37937e08000,extreme_ratio,main grid,absent,present,filled,GRID_ONLY_UNEXPLAINED,density_large_shape
F_Density|3fd0000000000000|3ff0000000000000|43abc16d674ec800||extreme_ratio|main grid,F_Density,3fd0000000000000;3ff0000000000000;43abc16d674ec800,extreme_ratio,main grid,absent,present,filled,GRID_ONLY_UNEXPLAINED,density_large_shape
F_Density|3fd0000000000000|3ff0000000000000|4415af1d78b58c40||extreme_ratio|main grid,F_Density,3fd0000000000000;3ff0000000000000;4415af1d78b58c40,extreme_ratio,main grid,absent,present,filled,GRID_ONLY_UNEXPLAINED,density_large_shape
F_Density|3fd0000000000000|4059000000000000|4341c37937e08000||extreme_ratio|main grid,F_Density,3fd0000000000000;4059000000000000;4341c37937e08000,extreme_ratio,main grid,absent,present,filled,GRID_ONLY_UNEXPLAINED,density_large_shape
F_Density|3fd0000000000000|4059000000000000|4415af1d78b58c40||extreme_ratio|main grid,F_Density,3fd0000000000000;4059000000000000;4415af1d78b58c40,extreme_ratio,main grid,absent,present,filled,GRID_ONLY_UNEXPLAINED,density_large_shape
F_Density|3fd0000000000000|4341c37937e08000|3ff0000000000000||extreme_ratio|main grid,F_Density,3fd0000000000000;4341c37937e08000;3ff0000000000000,extreme_ratio,main grid,absent,present,filled,GRID_ONLY_UNEXPLAINED,density_large_shape
F_Density|3fd0000000000000|4341c37937e08000|4059000000000000||extreme_ratio|main grid,F_Density,3fd0000000000000;4341c37937e08000;4059000000000000,extreme_ratio,main grid,absent,present,filled,GRID_ONLY_UNEXPLAINED,density_large_shape
F_Density|3fd0000000000000|43abc16d674ec800|3ff0000000000000||extreme_ratio|main grid,F_Density,3fd0000000000000;43abc16d674ec800;3ff0000000000000,extreme_ratio,main grid,absent,present,filled,GRID_ONLY_UNEXPLAINED,density_large_shape
F_Density|3fd0000000000000|4415af1d78b58c40|4059000000000000||extreme_ratio|main grid,F_Density,3fd0000000000000;4415af1d78b58c40;4059000000000000,extreme_ratio,main grid,absent,present,filled,GRID_ONLY_UNEXPLAINED,density_large_shape
F_Density|3fe0000000000000|4008000000000000|4008000000000000||all|density_helpers,F_Density,3fe0000000000000;4008000000000000;4008000000000000,all,density_helpers,absent,present,filled,GRID_ONLY_EXPECTED,density_helpers
F_Density|3fe999999999999a|4034000000000000|4049000000000000||all|density_helpers,F_Density,3fe999999999999a;4034000000000000;4049000000000000,all,density_helpers,absent,present,filled,GRID_ONLY_EXPECTED,density_helpers
F_Density|3fec824cf8027cfd|40c3880000000000|4059000000000000||large_shape|main grid,F_Density,3fec824cf8027cfd;40c3880000000000;4059000000000000,large_shape,main grid,absent,present,filled,GRID_ONLY_UNEXPLAINED,density_large_shape
F_Density|3feccccccccccccd|4059000000000000|4059000000000000||large_shape|main grid,F_Density,3feccccccccccccd;4059000000000000;4059000000000000,large_shape,main grid,absent,present,filled,GRID_ONLY_UNEXPLAINED,density_large_shape
F_Density|3fef8ec3615379f8|412e848000000000|40c3880000000000||large_shape|main grid,F_Density,3fef8ec3615379f8;412e848000000000;40c3880000000000,large_shape,main grid,absent,present,filled,GRID_ONLY_UNEXPLAINED,density_large_shape
F_Density|3fefae147ae147ad|3d819799812dea11|3d4bddb3a9cdd929||tiny_unbalanced|main grid,F_Density,3fefae147ae147ad;3d819799812dea11;3d4bddb3a9cdd929,tiny_unbalanced,main grid,absent,present,filled,GRID_ONLY_UNEXPLAINED,
F_Density|3fefae147ae147ae|3cacd2b297d889bc|3c76d3edb3a766f1||tiny_unbalanced|main grid,F_Density,3fefae147ae147ae;3cacd2b297d889bc;3c76d3edb3a766f1,tiny_unbalanced,main grid,present,present,filled,REFERENCE_DIFFERENCE,generate_reference_values
F_Density|3fefae147ae147ae|3d819799812dea11|3d4bddb3a9cdd929||tiny_unbalanced|main grid,F_Density,3fefae147ae147ae;3d819799812dea11;3d4bddb3a9cdd929,tiny_unbalanced,main grid,present,absent,,GENERATOR_ONLY_UNEXPLAINED,generate_reference_values
F_Density|3fefae147ae147ae|40c3880000000000|40c3880000000000||large_shape|main grid,F_Density,3fefae147ae147ae;40c3880000000000;40c3880000000000,large_shape,main grid,absent,present,filled,GRID_ONLY_UNEXPLAINED,density_large_shape
F_Density|3feff463b75458f5|4197d78400000000|412e848000000000||large_shape|main grid,F_Density,3feff463b75458f5;4197d78400000000;412e848000000000,large_shape,main grid,absent,present,filled,GRID_ONLY_UNEXPLAINED,density_large_shape
F_Density|3feff7ced916872b|412e848000000000|412e848000000000||large_shape|main grid,F_Density,3feff7ced916872b;412e848000000000;412e848000000000,large_shape,main grid,absent,present,filled,GRID_ONLY_UNEXPLAINED,density_large_shape
F_Density|3feffed605ab74f1|4202a05f20000000|4197d78400000000||large_shape|main grid,F_Density,3feffed605ab74f1;4202a05f20000000;4197d78400000000,large_shape,main grid,absent,present,filled,GRID_ONLY_UNEXPLAINED,density_large_shape
F_Density|3fefff2e48e8a71e|4197d78400000000|4197d78400000000||large_shape|main grid,F_Density,3fefff2e48e8a71e;4197d78400000000;4197d78400000000,large_shape,main grid,absent,present,filled,GRID_ONLY_UNEXPLAINED,density_large_shape
F_Density|3fefffe231d8273b|426d1a94a2000000|4202a05f20000000||large_shape|main grid,F_Density,3fefffe231d8273b;426d1a94a2000000;4202a05f20000000,large_shape,main grid,absent,present,filled,GRID_ONLY_UNEXPLAINED,density_large_shape
F_Density|3fefffeb074a771d|4202a05f20000000|4202a05f20000000||large_shape|main grid,F_Density,3fefffeb074a771d;4202a05f20000000;4202a05f20000000,large_shape,main grid,absent,present,filled,GRID_ONLY_UNEXPLAINED,density_large_shape
F_Density|3feffffde7210be9|426d1a94a2000000|426d1a94a2000000||large_shape|main grid,F_Density,3feffffde7210be9;426d1a94a2000000;426d1a94a2000000,large_shape,main grid,absent,present,filled,GRID_ONLY_UNEXPLAINED,density_large_shape
F_Density|3fefffffb3b24290|4341c37937e08000|42d6bcc41e900000||large_shape|main grid,F_Density,3fefffffb3b24290;4341c37937e08000;42d6bcc41e900000,large_shape,main grid,absent,present,filled,GRID_ONLY_UNEXPLAINED,density_large_shape
F_Density|3feffffffaa19c47|4341c37937e08000|4341c37937e08000||large_shape|main grid,F_Density,3feffffffaa19c47;4341c37937e08000;4341c37937e08000,large_shape,main grid,absent,present,filled,GRID_ONLY_UNEXPLAINED,density_large_shape
F_Density|3fefffffff3ca99d|4415af1d78b58c40|43abc16d674ec800||large_shape|main grid,F_Density,3fefffffff3ca99d;4415af1d78b58c40;43abc16d674ec800,large_shape,main grid,absent,present,filled,GRID_ONLY_UNEXPLAINED,density_large_shape
F_Density|3feffffffff24190|4415af1d78b58c40|4415af1d78b58c40||large_shape|main grid,F_Density,3feffffffff24190;4415af1d78b58c40;4415af1d78b58c40,large_shape,main grid,absent,present,filled,GRID_ONLY_UNEXPLAINED,density_large_shape
F_Density|3ff0000000000000|3e55798ee2308c3a|3e212e0be826d695||tiny_unbalanced|main grid,F_Density,3ff0000000000000;3e55798ee2308c3a;3e212e0be826d695,tiny_unbalanced,main grid,present,present,filled,REFERENCE_DIFFERENCE,generate_reference_values
F_Density|3ff0000000000000|3f2a36e2eb1c432d|3ef4f8b588e368f1||tiny_unbalanced|main grid,F_Density,3ff0000000000000;3f2a36e2eb1c432d;3ef4f8b588e368f1,tiny_unbalanced,main grid,present,present,filled,REFERENCE_DIFFERENCE,generate_reference_values
F_Density|3ff0000000000000|3ff0000000000000|4341c37937e08000||extreme_ratio|main grid,F_Density,3ff0000000000000;3ff0000000000000;4341c37937e08000,extreme_ratio,main grid,absent,present,filled,GRID_ONLY_UNEXPLAINED,density_large_shape
F_Density|3ff0000000000000|3ff0000000000000|43abc16d674ec800||extreme_ratio|main grid,F_Density,3ff0000000000000;3ff0000000000000;43abc16d674ec800,extreme_ratio,main grid,absent,present,filled,GRID_ONLY_UNEXPLAINED,density_large_shape
F_Density|3ff0000000000000|4014000000000000|4024000000000000||all|density_helpers,F_Density,3ff0000000000000;4014000000000000;4024000000000000,all,density_helpers,absent,present,filled,GRID_ONLY_EXPECTED,density_helpers
F_Density|3ff0000000000000|4059000000000000|4059000000000000||all|density_helpers,F_Density,3ff0000000000000;4059000000000000;4059000000000000,all,density_helpers,absent,present,filled,GRID_ONLY_EXPECTED,density_helpers
F_Density|3ff0000000000000|4059000000000000|4059000000000000||large_shape|main grid,F_Density,3ff0000000000000;4059000000000000;4059000000000000,large_shape,main grid,absent,present,filled,GRID_ONLY_UNEXPLAINED,density_large_shape
F_Density|3ff0000000000000|4059000000000000|4341c37937e08000||extreme_ratio|main grid,F_Density,3ff0000000000000;4059000000000000;4341c37937e08000,extreme_ratio,main grid,absent,present,filled,GRID_ONLY_UNEXPLAINED,density_large_shape
F_Density|3ff0000000000000|40c3880000000000|40c3880000000000||large_shape|main grid,F_Density,3ff0000000000000;40c3880000000000;40c3880000000000,large_shape,main grid,absent,present,filled,GRID_ONLY_UNEXPLAINED,density_large_shape;f_envelope
F_Density|3ff0000000000000|412e848000000000|412e848000000000||large_shape|main grid,F_Density,3ff0000000000000;412e848000000000;412e848000000000,large_shape,main grid,absent,present,filled,GRID_ONLY_UNEXPLAINED,density_large_shape;f_envelope
F_Density|3ff0000000000000|4197d78400000000|4197d78400000000||large_shape|main grid,F_Density,3ff0000000000000;4197d78400000000;4197d78400000000,large_shape,main grid,absent,present,filled,GRID_ONLY_UNEXPLAINED,density_large_shape
F_Density|3ff0000000000000|4202a05f20000000|4202a05f20000000||large_shape|main grid,F_Density,3ff0000000000000;4202a05f20000000;4202a05f20000000,large_shape,main grid,absent,present,filled,GRID_ONLY_UNEXPLAINED,density_large_shape
F_Density|3ff0000000000000|426d1a94a2000000|426d1a94a2000000||large_shape|main grid,F_Density,3ff0000000000000;426d1a94a2000000;426d1a94a2000000,large_shape,main grid,absent,present,filled,GRID_ONLY_UNEXPLAINED,density_large_shape
F_Density|3ff0000000000000|4341c37937e08000|3ff0000000000000||extreme_ratio|main grid,F_Density,3ff0000000000000;4341c37937e08000;3ff0000000000000,extreme_ratio,main grid,absent,present,filled,GRID_ONLY_UNEXPLAINED,density_large_shape
F_Density|3ff0000000000000|4341c37937e08000|4059000000000000||extreme_ratio|main grid,F_Density,3ff0000000000000;4341c37937e08000;4059000000000000,extreme_ratio,main grid,absent,present,filled,GRID_ONLY_UNEXPLAINED,density_large_shape
F_Density|3ff0000000000000|4341c37937e08000|4341c37937e08000||large_shape|main grid,F_Density,3ff0000000000000;4341c37937e08000;4341c37937e08000,large_shape,main grid,absent,present,filled,GRID_ONLY_UNEXPLAINED,density_large_shape
F_Density|3ff0000000000000|43abc16d674ec800|3ff0000000000000||extreme_ratio|main grid,F_Density,3ff0000000000000;43abc16d674ec800;3ff0000000000000,extreme_ratio,main grid,absent,present,filled,GRID_ONLY_UNEXPLAINED,density_large_shape
F_Density|3ff0000000000000|4415af1d78b58c40|43abc16d674ec800||large_shape|main grid,F_Density,3ff0000000000000;4415af1d78b58c40;43abc16d674ec800,large_shape,main grid,absent,present,filled,GRID_ONLY_UNEXPLAINED,density_large_shape
F_Density|3ff0000000000000|4415af1d78b58c40|4415af1d78b58c40||large_shape|main grid,F_Density,3ff0000000000000;4415af1d78b58c40;4415af1d78b58c40,large_shape,main grid,absent,present,filled,GRID_ONLY_UNEXPLAINED,density_large_shape
F_Density|3ff0000000000059|4341c37937e08000|42d6bcc41e900000||large_shape|main grid,F_Density,3ff0000000000059;4341c37937e08000;42d6bcc41e900000,large_shape,main grid,absent,present,filled,GRID_ONLY_UNEXPLAINED,density_large_shape
F_Density|3ff000000006df38|4415af1d78b58c40|4415af1d78b58c40||large_shape|main grid,F_Density,3ff000000006df38;4415af1d78b58c40;4415af1d78b58c40,large_shape,main grid,absent,present,filled,GRID_ONLY_UNEXPLAINED,density_large_shape
F_Density|3ff00000000d9b41|426d1a94a2000000|4202a05f20000000||large_shape|main grid,F_Density,3ff00000000d9b41;426d1a94a2000000;4202a05f20000000,large_shape,main grid,absent,present,filled,GRID_ONLY_UNEXPLAINED,density_large_shape
F_Density|3ff000000061ab32|4415af1d78b58c40|43abc16d674ec800||large_shape|main grid,F_Density,3ff000000061ab32;4415af1d78b58c40;43abc16d674ec800,large_shape,main grid,absent,present,filled,GRID_ONLY_UNEXPLAINED,density_large_shape
F_Density|3ff0000002af31dc|4341c37937e08000|4341c37937e08000||large_shape|main grid,F_Density,3ff0000002af31dc;4341c37937e08000;4341c37937e08000,large_shape,main grid,absent,present,filled,GRID_ONLY_UNEXPLAINED,density_large_shape
F_Density|3ff000000550a54a|4202a05f20000000|4197d78400000000||large_shape|main grid,F_Density,3ff000000550a54a;4202a05f20000000;4197d78400000000,large_shape,main grid,absent,present,filled,GRID_ONLY_UNEXPLAINED,density_large_shape
F_Density|3ff000002626e01f|4341c37937e08000|42d6bcc41e900000||large_shape|main grid,F_Density,3ff000002626e01f;4341c37937e08000;42d6bcc41e900000,large_shape,main grid,absent,present,filled,GRID_ONLY_UNEXPLAINED,density_large_shape
F_Density|3ff000010c6f7a0b|426d1a94a2000000|426d1a94a2000000||large_shape|main grid,F_Density,3ff000010c6f7a0b;426d1a94a2000000;426d1a94a2000000,large_shape,main grid,absent,present,filled,GRID_ONLY_UNEXPLAINED,density_large_shape
F_Density|3ff000021380d608|4197d78400000000|412e848000000000||large_shape|main grid,F_Density,3ff000021380d608;4197d78400000000;412e848000000000,large_shape,main grid,absent,present,filled,GRID_ONLY_UNEXPLAINED,density_large_shape
F_Density|3ff0000a7c5ac472|4202a05f20000000|4202a05f20000000||large_shape|main grid,F_Density,3ff0000a7c5ac472;4202a05f20000000;4202a05f20000000,large_shape,main grid,absent,present,filled,GRID_ONLY_UNEXPLAINED,density_large_shape
F_Density|3ff0000ee74a9fc4|426d1a94a2000000|4202a05f20000000||large_shape|main grid,F_Density,3ff0000ee74a9fc4;426d1a94a2000000;4202a05f20000000,large_shape,main grid,absent,present,filled,GRID_ONLY_UNEXPLAINED,density_large_shape
F_Density|3ff00068db8bac71|4197d78400000000|4197d78400000000||large_shape|main grid,F_Density,3ff00068db8bac71;4197d78400000000;4197d78400000000,large_shape,main grid,absent,present,filled,GRID_ONLY_UNEXPLAINED,density_large_shape
F_Density|3ff000951288579c|4202a05f20000000|4197d78400000000||large_shape|main grid,F_Density,3ff000951288579c;4202a05f20000000;4197d78400000000,large_shape,main grid,absent,present,filled,GRID_ONLY_UNEXPLAINED,density_large_shape
F_Density|3ff000cfa8da3ab8|412e848000000000|40c3880000000000||large_shape|main grid,F_Density,3ff000cfa8da3ab8;412e848000000000;40c3880000000000,large_shape,main grid,absent,present,filled,GRID_ONLY_UNEXPLAINED,density_large_shape
F_Density|3ff004189374bc6a|412e848000000000|412e848000000000||large_shape|main grid,F_Density,3ff004189374bc6a;412e848000000000;412e848000000000,large_shape,main grid,absent,present,filled,GRID_ONLY_UNEXPLAINED,density_large_shape
F_Density|3ff005d67d178f92|4197d78400000000|412e848000000000||large_shape|main grid,F_Density,3ff005d67d178f92;4197d78400000000;412e848000000000,large_shape,main grid,absent,present,filled,GRID_ONLY_UNEXPLAINED,density_large_shape
F_Density|3ff028f5c28f5c29|40c3880000000000|40c3880000000000||large_shape|main grid,F_Density,3ff028f5c28f5c29;40c3880000000000;40c3880000000000,large_shape,main grid,absent,present,filled,GRID_ONLY_UNEXPLAINED,density_large_shape
F_Density|3ff0295fad40a57f|3d4bddb3a9cdd929|3d819799812dea11||tiny_unbalanced|main grid,F_Density,3ff0295fad40a57f;3d4bddb3a9cdd929;3d819799812dea11,tiny_unbalanced,main grid,present,present,filled,REFERENCE_DIFFERENCE,generate_reference_values
F_Density|3ff03be16378f767|412e848000000000|40c3880000000000||large_shape|main grid,F_Density,3ff03be16378f767;412e848000000000;40c3880000000000,large_shape,main grid,absent,present,filled,GRID_ONLY_UNEXPLAINED,density_large_shape
F_Density|3ff052c183ddba33|40c3880000000000|4059000000000000||large_shape|main grid,F_Density,3ff052c183ddba33;40c3880000000000;4059000000000000,large_shape,main grid,absent,present,filled,GRID_ONLY_UNEXPLAINED,density_large_shape
F_Density|3ff199999999999a|4059000000000000|4059000000000000||large_shape|main grid,F_Density,3ff199999999999a;4059000000000000;4059000000000000,large_shape,main grid,absent,present,filled,GRID_ONLY_UNEXPLAINED,density_large_shape
F_Density|3ff315da7c5d3068|40c3880000000000|4059000000000000||large_shape|main grid,F_Density,3ff315da7c5d3068;40c3880000000000;4059000000000000,large_shape,main grid,absent,present,filled,GRID_ONLY_UNEXPLAINED,density_large_shape
F_Density|4000000000000000|4024000000000000|4034000000000000||all|density_helpers,F_Density,4000000000000000;4024000000000000;4034000000000000,all,density_helpers,absent,present,filled,GRID_ONLY_EXPECTED,density_helpers
F_Density|4008000000000000|4014000000000000|4000000000000000||all|density_helpers,F_Density,4008000000000000;4014000000000000;4000000000000000,all,density_helpers,absent,present,filled,GRID_ONLY_EXPECTED,density_helpers
F_Density|402433b79890cede|3d4bddb3a9cdd929|3d819799812dea11||tiny_unbalanced|main grid,F_Density,402433b79890cede;3d4bddb3a9cdd929;3d819799812dea11,tiny_unbalanced,main grid,present,absent,,GENERATOR_ONLY_UNEXPLAINED,generate_reference_values
F_Density|402433b79890cedf|3d4bddb3a9cdd929|3d819799812dea11||tiny_unbalanced|main grid,F_Density,402433b79890cedf;3d4bddb3a9cdd929;3d819799812dea11,tiny_unbalanced,main grid,absent,present,filled,GRID_ONLY_UNEXPLAINED,
F_Density|405940a57eb50296|3d4bddb3a9cdd929|3d819799812dea11||tiny_unbalanced|main grid,F_Density,405940a57eb50296;3d4bddb3a9cdd929;3d819799812dea11,tiny_unbalanced,main grid,present,absent,,GENERATOR_ONLY_UNEXPLAINED,generate_reference_values
F_Density|405940a57eb50297|3d4bddb3a9cdd929|3d819799812dea11||tiny_unbalanced|main grid,F_Density,405940a57eb50297;3d4bddb3a9cdd929;3d819799812dea11,tiny_unbalanced,main grid,absent,present,filled,GRID_ONLY_UNEXPLAINED,
F_InverseCumulative|3f92bb6041eb94b5|3fd999999999999a|3f947ae147ae147b||tiny_unbalanced_representable|main grid,F_InverseCumulative,3f92bb6041eb94b5;3fd999999999999a;3f947ae147ae147b,tiny_unbalanced_representable,main grid,present,present,filled,REFERENCE_DIFFERENCE,generate_reference_values
F_InverseCumulative|3fa2bb6041eb94b5|3fd999999999999a|3f947ae147ae147b||tiny_unbalanced_representable|main grid,F_InverseCumulative,3fa2bb6041eb94b5;3fd999999999999a;3f947ae147ae147b,tiny_unbalanced_representable,main grid,present,present,filled,REFERENCE_DIFFERENCE,generate_reference_values
F_InverseCumulative|3fa56b832614e51a|3ff0000000000000|3fb999999999999a||tiny_unbalanced_representable|main grid,F_InverseCumulative,3fa56b832614e51a;3ff0000000000000;3fb999999999999a,tiny_unbalanced_representable,main grid,present,present,filled,REFERENCE_DIFFERENCE,generate_reference_values
F_InverseCumulative|3fa999999999999a|3ff0000000000000|3ff0000000000000||validated|main grid,F_InverseCumulative,3fa999999999999a;3ff0000000000000;3ff0000000000000,validated,main grid,present,present,filled,METADATA_DIFFERENCE,generate_reference_values
F_InverseCumulative|3fa999999999999a|4014000000000000|4000000000000000||validated|main grid,F_InverseCumulative,3fa999999999999a;4014000000000000;4000000000000000,validated,main grid,present,present,filled,METADATA_DIFFERENCE,generate_reference_values
F_InverseCumulative|3fa999999999999a|4024000000000000|403e000000000000||validated|main grid,F_InverseCumulative,3fa999999999999a;4024000000000000;403e000000000000,validated,main grid,present,present,filled,METADATA_DIFFERENCE,generate_reference_values
F_InverseCumulative|3fa999999999999a|4059000000000000|4059000000000000||validated|main grid,F_InverseCumulative,3fa999999999999a;4059000000000000;4059000000000000,validated,main grid,present,present,filled,METADATA_DIFFERENCE,generate_reference_values
F_InverseCumulative|3fb0dbd6a1ba6c3d|3fd999999999999a|3f947ae147ae147b||tiny_unbalanced_representable|main grid,F_InverseCumulative,3fb0dbd6a1ba6c3d;3fd999999999999a;3f947ae147ae147b,tiny_unbalanced_representable,main grid,present,present,filled,REFERENCE_DIFFERENCE,generate_reference_values
F_InverseCumulative|3fb2b694a4288781|3fd999999999999a|3f947ae147ae147b||tiny_unbalanced_representable|main grid,F_InverseCumulative,3fb2b694a4288781;3fd999999999999a;3f947ae147ae147b,tiny_unbalanced_representable,main grid,present,present,filled,REFERENCE_DIFFERENCE,generate_reference_values
F_InverseCumulative|3fb56b832614e51a|3ff0000000000000|3fb999999999999a||tiny_unbalanced_representable|main grid,F_InverseCumulative,3fb56b832614e51a;3ff0000000000000;3fb999999999999a,tiny_unbalanced_representable,main grid,present,present,filled,REFERENCE_DIFFERENCE,generate_reference_values
F_InverseCumulative|3fb7413b10a7140f|3f2a36e2eb1c432d|3ef4f8b588e368f1||tiny_unbalanced_representable|main grid,F_InverseCumulative,3fb7413b10a7140f;3f2a36e2eb1c432d;3ef4f8b588e368f1,tiny_unbalanced_representable,main grid,present,present,filled,REFERENCE_DIFFERENCE,generate_reference_values
F_InverseCumulative|3fc347293bdf9afe|3ff0000000000000|3fb999999999999a||tiny_unbalanced_representable|main grid,F_InverseCumulative,3fc347293bdf9afe;3ff0000000000000;3fb999999999999a,tiny_unbalanced_representable,main grid,present,present,filled,REFERENCE_DIFFERENCE,generate_reference_values
F_InverseCumulative|3fc566075e9e9a1f|3ff0000000000000|3fb999999999999a||tiny_unbalanced_representable|main grid,F_InverseCumulative,3fc566075e9e9a1f;3ff0000000000000;3fb999999999999a,tiny_unbalanced_representable,main grid,present,present,filled,REFERENCE_DIFFERENCE,generate_reference_values
F_InverseCumulative|3fe0000000000000|3ff0000000000000|3ff0000000000000||validated|main grid,F_InverseCumulative,3fe0000000000000;3ff0000000000000;3ff0000000000000,validated,main grid,present,present,filled,METADATA_DIFFERENCE,generate_reference_values
F_InverseCumulative|3fe0000000000000|3ff0000000000000|40c3880000000000||validated|beta_f_inverse,F_InverseCumulative,3fe0000000000000;3ff0000000000000;40c3880000000000,validated,beta_f_inverse,absent,present,filled,GRID_ONLY_EXPECTED,beta_f_inverse
F_InverseCumulative|3fe0000000000000|4004000000000000|412e848000000000||validated|main grid,F_InverseCumulative,3fe0000000000000;4004000000000000;412e848000000000,validated,main grid,absent,present,filled,GRID_ONLY_UNEXPLAINED,beta_f_unbalanced
F_InverseCumulative|3fe0000000000000|4014000000000000|4000000000000000||validated|main grid,F_InverseCumulative,3fe0000000000000;4014000000000000;4000000000000000,validated,main grid,present,present,filled,METADATA_DIFFERENCE,generate_reference_values
F_InverseCumulative|3fe0000000000000|4014000000000000|40f86a0000000000||validated|beta_f_inverse,F_InverseCumulative,3fe0000000000000;4014000000000000;40f86a0000000000,validated,beta_f_inverse,absent,present,filled,GRID_ONLY_EXPECTED,beta_f_inverse
F_InverseCumulative|3fe0000000000000|4024000000000000|403e000000000000||validated|main grid,F_InverseCumulative,3fe0000000000000;4024000000000000;403e000000000000,validated,main grid,present,present,filled,METADATA_DIFFERENCE,generate_reference_values
F_InverseCumulative|3fe0000000000000|4059000000000000|4059000000000000||validated|main grid,F_InverseCumulative,3fe0000000000000;4059000000000000;4059000000000000,validated,main grid,present,present,filled,METADATA_DIFFERENCE,generate_reference_values
F_InverseCumulative|3fe0000000000000|4059000000000000|4202a05f20000000||envelope_domain|main grid,F_InverseCumulative,3fe0000000000000;4059000000000000;4202a05f20000000,envelope_domain,main grid,absent,present,filled,GRID_ONLY_UNEXPLAINED,
F_InverseCumulative|3fe0000000000000|412e848000000000|4008000000000000||envelope_domain|main grid,F_InverseCumulative,3fe0000000000000;412e848000000000;4008000000000000,envelope_domain,main grid,absent,present,filled,GRID_ONLY_UNEXPLAINED,beta_f_unbalanced
F_InverseCumulative|3fe0000000000000|412e848000000000|4008000000000000||validated|main grid,F_InverseCumulative,3fe0000000000000;412e848000000000;4008000000000000,validated,main grid,absent,present,filled,GRID_ONLY_UNEXPLAINED,beta_f_unbalanced
F_InverseCumulative|3fe0000000000000|412e848000000000|412e848000000000||envelope_domain|main grid,F_InverseCumulative,3fe0000000000000;412e848000000000;412e848000000000,envelope_domain,main grid,absent,present,filled,GRID_ONLY_UNEXPLAINED,cdf_large_shape;density_large_shape
F_InverseCumulative|3fe0000000000000|4197d78400000000|4024000000000000||envelope_domain|main grid,F_InverseCumulative,3fe0000000000000;4197d78400000000;4024000000000000,envelope_domain,main grid,absent,present,filled,GRID_ONLY_UNEXPLAINED,
F_InverseCumulative|3fe0000000000000|4197d78400000000|4197d78400000000||envelope_domain|main grid,F_InverseCumulative,3fe0000000000000;4197d78400000000;4197d78400000000,envelope_domain,main grid,absent,present,filled,GRID_ONLY_UNEXPLAINED,density_large_shape
F_InverseCumulative|3fe0000000000000|4202a05f20000000|4202a05f20000000||envelope_domain|main grid,F_InverseCumulative,3fe0000000000000;4202a05f20000000;4202a05f20000000,envelope_domain,main grid,absent,present,filled,GRID_ONLY_UNEXPLAINED,density_large_shape
F_InverseCumulative|3feccccccccccccd|3ff0000000000000|40c3880000000000||validated|beta_f_inverse,F_InverseCumulative,3feccccccccccccd;3ff0000000000000;40c3880000000000,validated,beta_f_inverse,absent,present,filled,GRID_ONLY_EXPECTED,beta_f_inverse
F_InverseCumulative|3feccccccccccccd|4004000000000000|412e848000000000||validated|main grid,F_InverseCumulative,3feccccccccccccd;4004000000000000;412e848000000000,validated,main grid,absent,present,filled,GRID_ONLY_UNEXPLAINED,beta_f_unbalanced
F_InverseCumulative|3feccccccccccccd|4014000000000000|40f86a0000000000||validated|beta_f_inverse,F_InverseCumulative,3feccccccccccccd;4014000000000000;40f86a0000000000,validated,beta_f_inverse,absent,present,filled,GRID_ONLY_EXPECTED,beta_f_inverse
F_InverseCumulative|3feccccccccccccd|4059000000000000|4202a05f20000000||envelope_domain|main grid,F_InverseCumulative,3feccccccccccccd;4059000000000000;4202a05f20000000,envelope_domain,main grid,absent,present,filled,GRID_ONLY_UNEXPLAINED,
F_InverseCumulative|3feccccccccccccd|412e848000000000|4008000000000000||envelope_domain|main grid,F_InverseCumulative,3feccccccccccccd;412e848000000000;4008000000000000,envelope_domain,main grid,absent,present,filled,GRID_ONLY_UNEXPLAINED,beta_f_unbalanced
F_InverseCumulative|3feccccccccccccd|412e848000000000|4008000000000000||validated|main grid,F_InverseCumulative,3feccccccccccccd;412e848000000000;4008000000000000,validated,main grid,absent,present,filled,GRID_ONLY_UNEXPLAINED,beta_f_unbalanced
F_InverseCumulative|3feccccccccccccd|412e848000000000|412e848000000000||envelope_domain|main grid,F_InverseCumulative,3feccccccccccccd;412e848000000000;412e848000000000,envelope_domain,main grid,absent,present,filled,GRID_ONLY_UNEXPLAINED,
F_InverseCumulative|3feccccccccccccd|4197d78400000000|4024000000000000||envelope_domain|main grid,F_InverseCumulative,3feccccccccccccd;4197d78400000000;4024000000000000,envelope_domain,main grid,absent,present,filled,GRID_ONLY_UNEXPLAINED,
F_InverseCumulative|3feccccccccccccd|4197d78400000000|4197d78400000000||envelope_domain|main grid,F_InverseCumulative,3feccccccccccccd;4197d78400000000;4197d78400000000,envelope_domain,main grid,absent,present,filled,GRID_ONLY_UNEXPLAINED,
F_InverseCumulative|3feccccccccccccd|4202a05f20000000|4202a05f20000000||envelope_domain|main grid,F_InverseCumulative,3feccccccccccccd;4202a05f20000000;4202a05f20000000,envelope_domain,main grid,absent,present,filled,GRID_ONLY_UNEXPLAINED,
F_InverseCumulative|3fee666666666666|3ff0000000000000|3ff0000000000000||validated|main grid,F_InverseCumulative,3fee666666666666;3ff0000000000000;3ff0000000000000,validated,main grid,present,present,filled,METADATA_DIFFERENCE,generate_reference_values
F_InverseCumulative|3fee666666666666|3ff0000000000000|40c3880000000000||validated|beta_f_inverse,F_InverseCumulative,3fee666666666666;3ff0000000000000;40c3880000000000,validated,beta_f_inverse,absent,present,filled,GRID_ONLY_EXPECTED,beta_f_inverse
F_InverseCumulative|3fee666666666666|4004000000000000|412e848000000000||validated|main grid,F_InverseCumulative,3fee666666666666;4004000000000000;412e848000000000,validated,main grid,absent,present,filled,GRID_ONLY_UNEXPLAINED,beta_f_unbalanced
F_InverseCumulative|3fee666666666666|4014000000000000|4000000000000000||validated|main grid,F_InverseCumulative,3fee666666666666;4014000000000000;4000000000000000,validated,main grid,present,present,filled,METADATA_DIFFERENCE,generate_reference_values
F_InverseCumulative|3fee666666666666|4014000000000000|40f86a0000000000||validated|beta_f_inverse,F_InverseCumulative,3fee666666666666;4014000000000000;40f86a0000000000,validated,beta_f_inverse,absent,present,filled,GRID_ONLY_EXPECTED,beta_f_inverse
F_InverseCumulative|3fee666666666666|4024000000000000|403e000000000000||validated|main grid,F_InverseCumulative,3fee666666666666;4024000000000000;403e000000000000,validated,main grid,present,present,filled,METADATA_DIFFERENCE,generate_reference_values
F_InverseCumulative|3fee666666666666|4059000000000000|4059000000000000||validated|main grid,F_InverseCumulative,3fee666666666666;4059000000000000;4059000000000000,validated,main grid,present,present,filled,METADATA_DIFFERENCE,generate_reference_values
F_InverseCumulative|3fee666666666666|412e848000000000|4008000000000000||validated|main grid,F_InverseCumulative,3fee666666666666;412e848000000000;4008000000000000,validated,main grid,absent,present,filled,GRID_ONLY_UNEXPLAINED,beta_f_unbalanced
F_InverseCumulative|3fefae147ae147ae|3ff0000000000000|40c3880000000000||validated|beta_f_inverse,F_InverseCumulative,3fefae147ae147ae;3ff0000000000000;40c3880000000000,validated,beta_f_inverse,absent,present,filled,GRID_ONLY_EXPECTED,beta_f_inverse
F_InverseCumulative|3fefae147ae147ae|4004000000000000|412e848000000000||validated|main grid,F_InverseCumulative,3fefae147ae147ae;4004000000000000;412e848000000000,validated,main grid,absent,present,filled,GRID_ONLY_UNEXPLAINED,beta_f_unbalanced
F_InverseCumulative|3fefae147ae147ae|4014000000000000|40f86a0000000000||validated|beta_f_inverse,F_InverseCumulative,3fefae147ae147ae;4014000000000000;40f86a0000000000,validated,beta_f_inverse,absent,present,filled,GRID_ONLY_EXPECTED,beta_f_inverse
F_InverseCumulative|3fefae147ae147ae|4059000000000000|4202a05f20000000||envelope_domain|main grid,F_InverseCumulative,3fefae147ae147ae;4059000000000000;4202a05f20000000,envelope_domain,main grid,absent,present,filled,GRID_ONLY_UNEXPLAINED,
F_InverseCumulative|3fefae147ae147ae|412e848000000000|4008000000000000||envelope_domain|main grid,F_InverseCumulative,3fefae147ae147ae;412e848000000000;4008000000000000,envelope_domain,main grid,absent,present,filled,GRID_ONLY_UNEXPLAINED,beta_f_unbalanced
F_InverseCumulative|3fefae147ae147ae|412e848000000000|4008000000000000||validated|main grid,F_InverseCumulative,3fefae147ae147ae;412e848000000000;4008000000000000,validated,main grid,absent,present,filled,GRID_ONLY_UNEXPLAINED,beta_f_unbalanced
F_InverseCumulative|3fefae147ae147ae|412e848000000000|412e848000000000||envelope_domain|main grid,F_InverseCumulative,3fefae147ae147ae;412e848000000000;412e848000000000,envelope_domain,main grid,absent,present,filled,GRID_ONLY_UNEXPLAINED,
F_InverseCumulative|3fefae147ae147ae|4197d78400000000|4024000000000000||envelope_domain|main grid,F_InverseCumulative,3fefae147ae147ae;4197d78400000000;4024000000000000,envelope_domain,main grid,absent,present,filled,GRID_ONLY_UNEXPLAINED,
F_InverseCumulative|3fefae147ae147ae|4197d78400000000|4197d78400000000||envelope_domain|main grid,F_InverseCumulative,3fefae147ae147ae;4197d78400000000;4197d78400000000,envelope_domain,main grid,absent,present,filled,GRID_ONLY_UNEXPLAINED,
F_InverseCumulative|3fefae147ae147ae|4202a05f20000000|4202a05f20000000||envelope_domain|main grid,F_InverseCumulative,3fefae147ae147ae;4202a05f20000000;4202a05f20000000,envelope_domain,main grid,absent,present,filled,GRID_ONLY_UNEXPLAINED,
F_Survival|3f84467381d7dbf4|3cacd2b297d889bc|3c76d3edb3a766f1||tiny_unbalanced|main grid,F_Survival,3f84467381d7dbf4;3cacd2b297d889bc;3c76d3edb3a766f1,tiny_unbalanced,main grid,present,absent,,GENERATOR_ONLY_UNEXPLAINED,generate_reference_values
F_Survival|3f84467381d7dbf4|3d819799812dea11|3d4bddb3a9cdd929||tiny_unbalanced|main grid,F_Survival,3f84467381d7dbf4;3d819799812dea11;3d4bddb3a9cdd929,tiny_unbalanced,main grid,present,present,filled,REFERENCE_DIFFERENCE,generate_reference_values
F_Survival|3f84467381d7dbf5|3cacd2b297d889bc|3c76d3edb3a766f1||tiny_unbalanced|main grid,F_Survival,3f84467381d7dbf5;3cacd2b297d889bc;3c76d3edb3a766f1,tiny_unbalanced,main grid,absent,present,filled,GRID_ONLY_UNEXPLAINED,
F_Survival|3f847ae147ae147b|3e55798ee2308c3a|3e212e0be826d695||tiny_unbalanced|main grid,F_Survival,3f847ae147ae147b;3e55798ee2308c3a;3e212e0be826d695,tiny_unbalanced,main grid,present,present,filled,REFERENCE_DIFFERENCE,generate_reference_values
F_Survival|3f847ae147ae147b|3f2a36e2eb1c432d|3ef4f8b588e368f1||tiny_unbalanced|main grid,F_Survival,3f847ae147ae147b;3f2a36e2eb1c432d;3ef4f8b588e368f1,tiny_unbalanced,main grid,present,present,filled,REFERENCE_DIFFERENCE,generate_reference_values
F_Survival|3fb95810624dd2f1|3d819799812dea11|3d4bddb3a9cdd929||tiny_unbalanced|main grid,F_Survival,3fb95810624dd2f1;3d819799812dea11;3d4bddb3a9cdd929,tiny_unbalanced,main grid,present,present,filled,REFERENCE_DIFFERENCE,generate_reference_values
F_Survival|3fb95810624dd2f2|3cacd2b297d889bc|3c76d3edb3a766f1||tiny_unbalanced|main grid,F_Survival,3fb95810624dd2f2;3cacd2b297d889bc;3c76d3edb3a766f1,tiny_unbalanced,main grid,present,present,filled,REFERENCE_DIFFERENCE,generate_reference_values
F_Survival|3fb999999999999a|3e55798ee2308c3a|3e212e0be826d695||tiny_unbalanced|main grid,F_Survival,3fb999999999999a;3e55798ee2308c3a;3e212e0be826d695,tiny_unbalanced,main grid,present,present,filled,REFERENCE_DIFFERENCE,generate_reference_values
F_Survival|3fb999999999999a|3f2a36e2eb1c432d|3ef4f8b588e368f1||tiny_unbalanced|main grid,F_Survival,3fb999999999999a;3f2a36e2eb1c432d;3ef4f8b588e368f1,tiny_unbalanced,main grid,present,present,filled,REFERENCE_DIFFERENCE,generate_reference_values
F_Survival|3fd0000000000000|3ff0000000000000|3ff0000000000000||validated|main grid,F_Survival,3fd0000000000000;3ff0000000000000;3ff0000000000000,validated,main grid,present,present,filled,MATCH,generate_reference_values
F_Survival|3fd0000000000000|4014000000000000|4000000000000000||validated|main grid,F_Survival,3fd0000000000000;4014000000000000;4000000000000000,validated,main grid,present,present,filled,MATCH,generate_reference_values
F_Survival|3fd0000000000000|4024000000000000|403e000000000000||validated|main grid,F_Survival,3fd0000000000000;4024000000000000;403e000000000000,validated,main grid,present,present,filled,MATCH,generate_reference_values
F_Survival|3fd0000000000000|4059000000000000|4059000000000000||validated|main grid,F_Survival,3fd0000000000000;4059000000000000;4059000000000000,validated,main grid,present,present,filled,MATCH,generate_reference_values
F_Survival|3fefae147ae147ad|3d819799812dea11|3d4bddb3a9cdd929||tiny_unbalanced|main grid,F_Survival,3fefae147ae147ad;3d819799812dea11;3d4bddb3a9cdd929,tiny_unbalanced,main grid,absent,present,filled,GRID_ONLY_UNEXPLAINED,
F_Survival|3fefae147ae147ae|3cacd2b297d889bc|3c76d3edb3a766f1||tiny_unbalanced|main grid,F_Survival,3fefae147ae147ae;3cacd2b297d889bc;3c76d3edb3a766f1,tiny_unbalanced,main grid,present,present,filled,REFERENCE_DIFFERENCE,generate_reference_values
F_Survival|3fefae147ae147ae|3d819799812dea11|3d4bddb3a9cdd929||tiny_unbalanced|main grid,F_Survival,3fefae147ae147ae;3d819799812dea11;3d4bddb3a9cdd929,tiny_unbalanced,main grid,present,absent,,GENERATOR_ONLY_UNEXPLAINED,generate_reference_values
F_Survival|3feff7ced916872b|412e848000000000|412e848000000000||envelope_domain|main grid,F_Survival,3feff7ced916872b;412e848000000000;412e848000000000,envelope_domain,main grid,absent,present,filled,GRID_ONLY_UNEXPLAINED,density_large_shape
F_Survival|3feff7ced916872b|4197d78400000000|4197d78400000000||envelope_domain|main grid,F_Survival,3feff7ced916872b;4197d78400000000;4197d78400000000,envelope_domain,main grid,absent,present,filled,GRID_ONLY_UNEXPLAINED,
F_Survival|3ff0000000000000|3e55798ee2308c3a|3e212e0be826d695||tiny_unbalanced|main grid,F_Survival,3ff0000000000000;3e55798ee2308c3a;3e212e0be826d695,tiny_unbalanced,main grid,present,present,filled,REFERENCE_DIFFERENCE,generate_reference_values
F_Survival|3ff0000000000000|3f2a36e2eb1c432d|3ef4f8b588e368f1||tiny_unbalanced|main grid,F_Survival,3ff0000000000000;3f2a36e2eb1c432d;3ef4f8b588e368f1,tiny_unbalanced,main grid,present,present,filled,REFERENCE_DIFFERENCE,generate_reference_values
F_Survival|3ff0000000000000|3ff0000000000000|3ff0000000000000||validated|main grid,F_Survival,3ff0000000000000;3ff0000000000000;3ff0000000000000,validated,main grid,present,present,filled,MATCH,generate_reference_values
F_Survival|3ff0000000000000|4014000000000000|4000000000000000||validated|main grid,F_Survival,3ff0000000000000;4014000000000000;4000000000000000,validated,main grid,present,present,filled,MATCH,generate_reference_values
F_Survival|3ff0000000000000|4024000000000000|403e000000000000||validated|main grid,F_Survival,3ff0000000000000;4024000000000000;403e000000000000,validated,main grid,present,present,filled,MATCH,generate_reference_values
F_Survival|3ff0000000000000|4059000000000000|4059000000000000||validated|main grid,F_Survival,3ff0000000000000;4059000000000000;4059000000000000,validated,main grid,present,present,filled,MATCH,generate_reference_values
F_Survival|3ff0000000000000|412e848000000000|412e848000000000||envelope_domain|main grid,F_Survival,3ff0000000000000;412e848000000000;412e848000000000,envelope_domain,main grid,absent,present,filled,GRID_ONLY_UNEXPLAINED,density_large_shape;f_envelope
F_Survival|3ff0000000000000|4197d78400000000|4197d78400000000||envelope_domain|main grid,F_Survival,3ff0000000000000;4197d78400000000;4197d78400000000,envelope_domain,main grid,absent,present,filled,GRID_ONLY_UNEXPLAINED,density_large_shape
F_Survival|3ff004189374bc6a|412e848000000000|412e848000000000||envelope_domain|main grid,F_Survival,3ff004189374bc6a;412e848000000000;412e848000000000,envelope_domain,main grid,absent,present,filled,GRID_ONLY_UNEXPLAINED,density_large_shape
F_Survival|3ff004189374bc6a|4197d78400000000|4197d78400000000||envelope_domain|main grid,F_Survival,3ff004189374bc6a;4197d78400000000;4197d78400000000,envelope_domain,main grid,absent,present,filled,GRID_ONLY_UNEXPLAINED,
F_Survival|3ff0295fad40a57f|3d4bddb3a9cdd929|3d819799812dea11||tiny_unbalanced|main grid,F_Survival,3ff0295fad40a57f;3d4bddb3a9cdd929;3d819799812dea11,tiny_unbalanced,main grid,present,present,filled,REFERENCE_DIFFERENCE,generate_reference_values
F_Survival|4000000000000000|3ff0000000000000|3ff0000000000000||validated|main grid,F_Survival,4000000000000000;3ff0000000000000;3ff0000000000000,validated,main grid,present,present,filled,MATCH,generate_reference_values
F_Survival|4000000000000000|4014000000000000|4000000000000000||validated|main grid,F_Survival,4000000000000000;4014000000000000;4000000000000000,validated,main grid,present,present,filled,MATCH,generate_reference_values
F_Survival|4000000000000000|4024000000000000|403e000000000000||validated|main grid,F_Survival,4000000000000000;4024000000000000;403e000000000000,validated,main grid,present,present,filled,MATCH,generate_reference_values
F_Survival|4000000000000000|4059000000000000|4059000000000000||validated|main grid,F_Survival,4000000000000000;4059000000000000;4059000000000000,validated,main grid,present,present,filled,MATCH,generate_reference_values
F_Survival|4024000000000000|3ff0000000000000|3ff0000000000000||validated|main grid,F_Survival,4024000000000000;3ff0000000000000;3ff0000000000000,validated,main grid,present,present,filled,MATCH,generate_reference_values
F_Survival|4024000000000000|4014000000000000|4000000000000000||validated|main grid,F_Survival,4024000000000000;4014000000000000;4000000000000000,validated,main grid,present,present,filled,MATCH,generate_reference_values
F_Survival|4024000000000000|4024000000000000|403e000000000000||validated|main grid,F_Survival,4024000000000000;4024000000000000;403e000000000000,validated,main grid,present,present,filled,MATCH,generate_reference_values
F_Survival|4024000000000000|4059000000000000|4059000000000000||validated|main grid,F_Survival,4024000000000000;4059000000000000;4059000000000000,validated,main grid,present,present,filled,MATCH,generate_reference_values
F_Survival|402433b79890cede|3d4bddb3a9cdd929|3d819799812dea11||tiny_unbalanced|main grid,F_Survival,402433b79890cede;3d4bddb3a9cdd929;3d819799812dea11,tiny_unbalanced,main grid,present,absent,,GENERATOR_ONLY_UNEXPLAINED,generate_reference_values
F_Survival|402433b79890cedf|3d4bddb3a9cdd929|3d819799812dea11||tiny_unbalanced|main grid,F_Survival,402433b79890cedf;3d4bddb3a9cdd929;3d819799812dea11,tiny_unbalanced,main grid,absent,present,filled,GRID_ONLY_UNEXPLAINED,
F_Survival|405940a57eb50296|3d4bddb3a9cdd929|3d819799812dea11||tiny_unbalanced|main grid,F_Survival,405940a57eb50296;3d4bddb3a9cdd929;3d819799812dea11,tiny_unbalanced,main grid,present,absent,,GENERATOR_ONLY_UNEXPLAINED,generate_reference_values
F_Survival|405940a57eb50297|3d4bddb3a9cdd929|3d819799812dea11||tiny_unbalanced|main grid,F_Survival,405940a57eb50297;3d4bddb3a9cdd929;3d819799812dea11,tiny_unbalanced,main grid,absent,present,filled,GRID_ONLY_UNEXPLAINED,
Gamma_Cumulative|3fe0000000000000|3ff8000000000000|3ff0000000000000||all|main grid,Gamma_Cumulative,3fe0000000000000;3ff8000000000000;3ff0000000000000,all,main grid,present,present,filled,METADATA_DIFFERENCE,generate_reference_values
Gamma_Cumulative|4000000000000000|4000000000000000|3ff0000000000000||all|main grid,Gamma_Cumulative,4000000000000000;4000000000000000;3ff0000000000000,all,main grid,present,present,filled,METADATA_DIFFERENCE,generate_reference_values
Gamma_Cumulative|4014000000000000|4008000000000000|4000000000000000||all|main grid,Gamma_Cumulative,4014000000000000;4008000000000000;4000000000000000,all,main grid,present,present,filled,METADATA_DIFFERENCE,generate_reference_values
Gamma_Cumulative|4056800000000000|4059000000000000|3ff0000000000000||large_shape|main grid,Gamma_Cumulative,4056800000000000;4059000000000000;3ff0000000000000,large_shape,main grid,absent,present,filled,GRID_ONLY_UNEXPLAINED,cdf_large_shape;density_large_shape
Gamma_Cumulative|4059000000000000|4059000000000000|3ff0000000000000||large_shape|main grid,Gamma_Cumulative,4059000000000000;4059000000000000;3ff0000000000000,large_shape,main grid,absent,present,filled,GRID_ONLY_UNEXPLAINED,cdf_large_shape;density_large_shape
Gamma_Cumulative|405b800000000000|4059000000000000|3ff0000000000000||large_shape|main grid,Gamma_Cumulative,405b800000000000;4059000000000000;3ff0000000000000,large_shape,main grid,absent,present,filled,GRID_ONLY_UNEXPLAINED,cdf_large_shape;density_large_shape
Gamma_Cumulative|40c3560000000000|40c3880000000000|3ff0000000000000||large_shape|main grid,Gamma_Cumulative,40c3560000000000;40c3880000000000;3ff0000000000000,large_shape,main grid,absent,present,filled,GRID_ONLY_UNEXPLAINED,cdf_large_shape;density_large_shape
Gamma_Cumulative|40c3880000000000|40c3880000000000|3ff0000000000000||large_shape|main grid,Gamma_Cumulative,40c3880000000000;40c3880000000000;3ff0000000000000,large_shape,main grid,absent,present,filled,GRID_ONLY_UNEXPLAINED,cdf_large_shape;density_large_shape
Gamma_Cumulative|40c3ba0000000000|40c3880000000000|3ff0000000000000||large_shape|main grid,Gamma_Cumulative,40c3ba0000000000;40c3880000000000;3ff0000000000000,large_shape,main grid,absent,present,filled,GRID_ONLY_UNEXPLAINED,cdf_large_shape;density_large_shape
Gamma_Cumulative|412e7cb000000000|412e848000000000|3ff0000000000000||large_shape|main grid,Gamma_Cumulative,412e7cb000000000;412e848000000000;3ff0000000000000,large_shape,main grid,absent,present,filled,GRID_ONLY_UNEXPLAINED,cdf_large_shape;density_large_shape
Gamma_Cumulative|412e848000000000|412e848000000000|3ff0000000000000||large_shape|main grid,Gamma_Cumulative,412e848000000000;412e848000000000;3ff0000000000000,large_shape,main grid,absent,present,filled,GRID_ONLY_UNEXPLAINED,cdf_large_shape;density_large_shape
Gamma_Cumulative|412e8c5000000000|412e848000000000|3ff0000000000000||large_shape|main grid,Gamma_Cumulative,412e8c5000000000;412e848000000000;3ff0000000000000,large_shape,main grid,absent,present,filled,GRID_ONLY_UNEXPLAINED,cdf_large_shape;density_large_shape
Gamma_Cumulative|4197d6e7c0000000|4197d78400000000|3ff0000000000000||extreme_shape|main grid,Gamma_Cumulative,4197d6e7c0000000;4197d78400000000;3ff0000000000000,extreme_shape,main grid,absent,present,filled,GRID_ONLY_UNEXPLAINED,cdf_large_shape;density_large_shape
Gamma_Cumulative|4197d82040000000|4197d78400000000|3ff0000000000000||extreme_shape|main grid,Gamma_Cumulative,4197d82040000000;4197d78400000000;3ff0000000000000,extreme_shape,main grid,absent,present,filled,GRID_ONLY_UNEXPLAINED,cdf_large_shape;density_large_shape
Gamma_Density|3fe0000000000000|3ff8000000000000|3ff0000000000000||all|main grid,Gamma_Density,3fe0000000000000;3ff8000000000000;3ff0000000000000,all,main grid,present,present,filled,MATCH,generate_reference_values
Gamma_Density|4000000000000000|4000000000000000|3ff0000000000000||all|main grid,Gamma_Density,4000000000000000;4000000000000000;3ff0000000000000,all,main grid,present,present,filled,MATCH,generate_reference_values
Gamma_Density|4014000000000000|4008000000000000|4000000000000000||all|main grid,Gamma_Density,4014000000000000;4008000000000000;4000000000000000,all,main grid,present,present,filled,MATCH,generate_reference_values
Gamma_Density|4056800000000000|4059000000000000|3ff0000000000000||large_shape|main grid,Gamma_Density,4056800000000000;4059000000000000;3ff0000000000000,large_shape,main grid,absent,present,filled,GRID_ONLY_UNEXPLAINED,cdf_large_shape;density_large_shape
Gamma_Density|4059000000000000|4059000000000000|3ff0000000000000||large_shape|main grid,Gamma_Density,4059000000000000;4059000000000000;3ff0000000000000,large_shape,main grid,absent,present,filled,GRID_ONLY_UNEXPLAINED,cdf_large_shape;density_large_shape
Gamma_Density|405b800000000000|4059000000000000|3ff0000000000000||large_shape|main grid,Gamma_Density,405b800000000000;4059000000000000;3ff0000000000000,large_shape,main grid,absent,present,filled,GRID_ONLY_UNEXPLAINED,cdf_large_shape;density_large_shape
Gamma_Density|40c3560000000000|40c3880000000000|3ff0000000000000||large_shape|main grid,Gamma_Density,40c3560000000000;40c3880000000000;3ff0000000000000,large_shape,main grid,absent,present,filled,GRID_ONLY_UNEXPLAINED,cdf_large_shape;density_large_shape
Gamma_Density|40c3880000000000|40c3880000000000|3ff0000000000000||large_shape|main grid,Gamma_Density,40c3880000000000;40c3880000000000;3ff0000000000000,large_shape,main grid,absent,present,filled,GRID_ONLY_UNEXPLAINED,cdf_large_shape;density_large_shape
Gamma_Density|40c3ba0000000000|40c3880000000000|3ff0000000000000||large_shape|main grid,Gamma_Density,40c3ba0000000000;40c3880000000000;3ff0000000000000,large_shape,main grid,absent,present,filled,GRID_ONLY_UNEXPLAINED,cdf_large_shape;density_large_shape
Gamma_Density|412e7cb000000000|412e848000000000|3ff0000000000000||large_shape|main grid,Gamma_Density,412e7cb000000000;412e848000000000;3ff0000000000000,large_shape,main grid,absent,present,filled,GRID_ONLY_UNEXPLAINED,cdf_large_shape;density_large_shape
Gamma_Density|412e848000000000|412e848000000000|3ff0000000000000||large_shape|main grid,Gamma_Density,412e848000000000;412e848000000000;3ff0000000000000,large_shape,main grid,absent,present,filled,GRID_ONLY_UNEXPLAINED,cdf_large_shape;density_large_shape
Gamma_Density|412e8c5000000000|412e848000000000|3ff0000000000000||large_shape|main grid,Gamma_Density,412e8c5000000000;412e848000000000;3ff0000000000000,large_shape,main grid,absent,present,filled,GRID_ONLY_UNEXPLAINED,cdf_large_shape;density_large_shape
Gamma_Density|4197d6e7c0000000|4197d78400000000|3ff0000000000000||large_shape|main grid,Gamma_Density,4197d6e7c0000000;4197d78400000000;3ff0000000000000,large_shape,main grid,absent,present,filled,GRID_ONLY_UNEXPLAINED,cdf_large_shape;density_large_shape
Gamma_Density|4197d78400000000|4197d78400000000|3ff0000000000000||large_shape|main grid,Gamma_Density,4197d78400000000;4197d78400000000;3ff0000000000000,large_shape,main grid,absent,present,filled,GRID_ONLY_UNEXPLAINED,density_large_shape
Gamma_Density|4197d82040000000|4197d78400000000|3ff0000000000000||large_shape|main grid,Gamma_Density,4197d82040000000;4197d78400000000;3ff0000000000000,large_shape,main grid,absent,present,filled,GRID_ONLY_UNEXPLAINED,cdf_large_shape;density_large_shape
Gamma_Density|4202a052eb000000|4202a05f20000000|3ff0000000000000||large_shape|main grid,Gamma_Density,4202a052eb000000;4202a05f20000000;3ff0000000000000,large_shape,main grid,absent,present,filled,GRID_ONLY_UNEXPLAINED,density_large_shape
Gamma_Density|4202a05f20000000|4202a05f20000000|3ff0000000000000||large_shape|main grid,Gamma_Density,4202a05f20000000;4202a05f20000000;3ff0000000000000,large_shape,main grid,absent,present,filled,GRID_ONLY_UNEXPLAINED,density_large_shape
Gamma_Density|4202a06b55000000|4202a05f20000000|3ff0000000000000||large_shape|main grid,Gamma_Density,4202a06b55000000;4202a05f20000000;3ff0000000000000,large_shape,main grid,absent,present,filled,GRID_ONLY_UNEXPLAINED,density_large_shape
Gamma_Density|426d1a92b9b80000|426d1a94a2000000|3ff0000000000000||large_shape|main grid,Gamma_Density,426d1a92b9b80000;426d1a94a2000000;3ff0000000000000,large_shape,main grid,absent,present,filled,GRID_ONLY_UNEXPLAINED,density_large_shape
Gamma_Density|426d1a94a2000000|426d1a94a2000000|3ff0000000000000||large_shape|main grid,Gamma_Density,426d1a94a2000000;426d1a94a2000000;3ff0000000000000,large_shape,main grid,absent,present,filled,GRID_ONLY_UNEXPLAINED,density_large_shape
Gamma_Density|426d1a968a480000|426d1a94a2000000|3ff0000000000000||large_shape|main grid,Gamma_Density,426d1a968a480000;426d1a94a2000000;3ff0000000000000,large_shape,main grid,absent,present,filled,GRID_ONLY_UNEXPLAINED,density_large_shape
Gamma_Density|4341c37934e58f80|4341c37937e08000|3ff0000000000000||large_shape|main grid,Gamma_Density,4341c37934e58f80;4341c37937e08000;3ff0000000000000,large_shape,main grid,absent,present,filled,GRID_ONLY_UNEXPLAINED,density_large_shape
Gamma_Density|4341c37937e08000|4341c37937e08000|3ff0000000000000||large_shape|main grid,Gamma_Density,4341c37937e08000;4341c37937e08000;3ff0000000000000,large_shape,main grid,absent,present,filled,GRID_ONLY_UNEXPLAINED,density_large_shape
Gamma_Density|4341c3793adb7080|4341c37937e08000|3ff0000000000000||large_shape|main grid,Gamma_Density,4341c3793adb7080;4341c37937e08000;3ff0000000000000,large_shape,main grid,absent,present,filled,GRID_ONLY_UNEXPLAINED,density_large_shape
Gamma_Density|4415af1d78ac3c10|4415af1d78b58c40|3ff0000000000000||large_shape|main grid,Gamma_Density,4415af1d78ac3c10;4415af1d78b58c40;3ff0000000000000,large_shape,main grid,absent,present,filled,GRID_ONLY_UNEXPLAINED,density_large_shape
Gamma_Density|4415af1d78b58c40|4415af1d78b58c40|3ff0000000000000||large_shape|main grid,Gamma_Density,4415af1d78b58c40;4415af1d78b58c40;3ff0000000000000,large_shape,main grid,absent,present,filled,GRID_ONLY_UNEXPLAINED,density_large_shape
Gamma_Density|4415af1d78bedc70|4415af1d78b58c40|3ff0000000000000||large_shape|main grid,Gamma_Density,4415af1d78bedc70;4415af1d78b58c40;3ff0000000000000,large_shape,main grid,absent,present,filled,GRID_ONLY_UNEXPLAINED,density_large_shape
Gamma_InverseCumulative|3fe0000000000000|4000000000000000|3ff0000000000000||all|main grid,Gamma_InverseCumulative,3fe0000000000000;4000000000000000;3ff0000000000000,all,main grid,present,present,filled,MATCH,generate_reference_values
Gamma_InverseCumulative|3fee666666666666|4008000000000000|4000000000000000||all|main grid,Gamma_InverseCumulative,3fee666666666666;4008000000000000;4000000000000000,all,main grid,present,present,filled,MATCH,generate_reference_values
Gamma_Mean|4000000000000000|4008000000000000|||all|main grid,Gamma_Mean,4000000000000000;4008000000000000,all,main grid,present,present,filled,MATCH,generate_reference_values
Gamma_Mean|4014000000000000|4000000000000000|||all|main grid,Gamma_Mean,4014000000000000;4000000000000000,all,main grid,present,present,filled,MATCH,generate_reference_values
Gamma_StdDev|4000000000000000|4008000000000000|||all|main grid,Gamma_StdDev,4000000000000000;4008000000000000,all,main grid,present,present,filled,MATCH,generate_reference_values
Gamma_StdDev|4014000000000000|4000000000000000|||all|main grid,Gamma_StdDev,4014000000000000;4000000000000000,all,main grid,present,present,filled,MATCH,generate_reference_values
Gamma_Survival|3fe0000000000000|3ff8000000000000|3ff0000000000000||all|main grid,Gamma_Survival,3fe0000000000000;3ff8000000000000;3ff0000000000000,all,main grid,present,present,filled,METADATA_DIFFERENCE,generate_reference_values
Gamma_Survival|4000000000000000|4000000000000000|3ff0000000000000||all|main grid,Gamma_Survival,4000000000000000;4000000000000000;3ff0000000000000,all,main grid,present,present,filled,METADATA_DIFFERENCE,generate_reference_values
Gamma_Survival|4014000000000000|4008000000000000|4000000000000000||all|main grid,Gamma_Survival,4014000000000000;4008000000000000;4000000000000000,all,main grid,present,present,filled,METADATA_DIFFERENCE,generate_reference_values
Gamma_Survival|4056800000000000|4059000000000000|3ff0000000000000||large_shape|main grid,Gamma_Survival,4056800000000000;4059000000000000;3ff0000000000000,large_shape,main grid,absent,present,filled,GRID_ONLY_UNEXPLAINED,cdf_large_shape;density_large_shape
Gamma_Survival|4059000000000000|4059000000000000|3ff0000000000000||large_shape|main grid,Gamma_Survival,4059000000000000;4059000000000000;3ff0000000000000,large_shape,main grid,absent,present,filled,GRID_ONLY_UNEXPLAINED,cdf_large_shape;density_large_shape
Gamma_Survival|405b800000000000|4059000000000000|3ff0000000000000||large_shape|main grid,Gamma_Survival,405b800000000000;4059000000000000;3ff0000000000000,large_shape,main grid,absent,present,filled,GRID_ONLY_UNEXPLAINED,cdf_large_shape;density_large_shape
Gamma_Survival|40c3560000000000|40c3880000000000|3ff0000000000000||large_shape|main grid,Gamma_Survival,40c3560000000000;40c3880000000000;3ff0000000000000,large_shape,main grid,absent,present,filled,GRID_ONLY_UNEXPLAINED,cdf_large_shape;density_large_shape
Gamma_Survival|40c3880000000000|40c3880000000000|3ff0000000000000||large_shape|main grid,Gamma_Survival,40c3880000000000;40c3880000000000;3ff0000000000000,large_shape,main grid,absent,present,filled,GRID_ONLY_UNEXPLAINED,cdf_large_shape;density_large_shape
Gamma_Survival|40c3ba0000000000|40c3880000000000|3ff0000000000000||large_shape|main grid,Gamma_Survival,40c3ba0000000000;40c3880000000000;3ff0000000000000,large_shape,main grid,absent,present,filled,GRID_ONLY_UNEXPLAINED,cdf_large_shape;density_large_shape
Gamma_Survival|412e7cb000000000|412e848000000000|3ff0000000000000||large_shape|main grid,Gamma_Survival,412e7cb000000000;412e848000000000;3ff0000000000000,large_shape,main grid,absent,present,filled,GRID_ONLY_UNEXPLAINED,cdf_large_shape;density_large_shape
Gamma_Survival|412e848000000000|412e848000000000|3ff0000000000000||large_shape|main grid,Gamma_Survival,412e848000000000;412e848000000000;3ff0000000000000,large_shape,main grid,absent,present,filled,GRID_ONLY_UNEXPLAINED,cdf_large_shape;density_large_shape
Gamma_Survival|412e8c5000000000|412e848000000000|3ff0000000000000||large_shape|main grid,Gamma_Survival,412e8c5000000000;412e848000000000;3ff0000000000000,large_shape,main grid,absent,present,filled,GRID_ONLY_UNEXPLAINED,cdf_large_shape;density_large_shape
Gamma_Survival|4197d6e7c0000000|4197d78400000000|3ff0000000000000||extreme_shape|main grid,Gamma_Survival,4197d6e7c0000000;4197d78400000000;3ff0000000000000,extreme_shape,main grid,absent,present,filled,GRID_ONLY_UNEXPLAINED,cdf_large_shape;density_large_shape
Gamma_Survival|4197d82040000000|4197d78400000000|3ff0000000000000||extreme_shape|main grid,Gamma_Survival,4197d82040000000;4197d78400000000;3ff0000000000000,extreme_shape,main grid,absent,present,filled,GRID_ONLY_UNEXPLAINED,cdf_large_shape;density_large_shape
Gamma_Variance|4000000000000000|4008000000000000|||all|main grid,Gamma_Variance,4000000000000000;4008000000000000,all,main grid,present,present,filled,MATCH,generate_reference_values
Gamma_Variance|4014000000000000|4000000000000000|||all|main grid,Gamma_Variance,4014000000000000;4000000000000000,all,main grid,present,present,filled,MATCH,generate_reference_values
Geometric_Cumulative|0000000000000000|3eb0c6f7a0b5ed8d|||all|main grid,Geometric_Cumulative,0000000000000000;3eb0c6f7a0b5ed8d,all,main grid,present,present,filled,MATCH,generate_reference_values
Geometric_Cumulative|0000000000000000|3f50624dd2f1a9fc|||all|main grid,Geometric_Cumulative,0000000000000000;3f50624dd2f1a9fc,all,main grid,present,present,filled,MATCH,generate_reference_values
Geometric_Cumulative|0000000000000000|3fa999999999999a|||all|main grid,Geometric_Cumulative,0000000000000000;3fa999999999999a,all,main grid,present,present,filled,MATCH,generate_reference_values
Geometric_Cumulative|0000000000000000|3fe0000000000000|||all|main grid,Geometric_Cumulative,0000000000000000;3fe0000000000000,all,main grid,present,present,filled,MATCH,generate_reference_values
Geometric_Cumulative|3ff0000000000000|3fe0000000000000|||all|main grid,Geometric_Cumulative,3ff0000000000000;3fe0000000000000,all,main grid,present,present,filled,MATCH,generate_reference_values
Geometric_Cumulative|4020000000000000|3fe0000000000000|||all|main grid,Geometric_Cumulative,4020000000000000;3fe0000000000000,all,main grid,present,present,filled,MATCH,generate_reference_values
Geometric_Cumulative|4032000000000000|3fa999999999999a|||all|main grid,Geometric_Cumulative,4032000000000000;3fa999999999999a,all,main grid,present,present,filled,MATCH,generate_reference_values
Geometric_Cumulative|404e800000000000|3fa999999999999a|||all|main grid,Geometric_Cumulative,404e800000000000;3fa999999999999a,all,main grid,present,present,filled,MATCH,generate_reference_values
Geometric_Cumulative|408f300000000000|3f50624dd2f1a9fc|||all|main grid,Geometric_Cumulative,408f300000000000;3f50624dd2f1a9fc,all,main grid,present,present,filled,MATCH,generate_reference_values
Geometric_Cumulative|40a7720000000000|3f50624dd2f1a9fc|||all|main grid,Geometric_Cumulative,40a7720000000000;3f50624dd2f1a9fc,all,main grid,present,present,filled,MATCH,generate_reference_values
Geometric_Cumulative|412e847e00000000|3eb0c6f7a0b5ed8d|||all|main grid,Geometric_Cumulative,412e847e00000000;3eb0c6f7a0b5ed8d,all,main grid,present,present,filled,MATCH,generate_reference_values
Geometric_Cumulative|4146e36100000000|3eb0c6f7a0b5ed8d|||all|main grid,Geometric_Cumulative,4146e36100000000;3eb0c6f7a0b5ed8d,all,main grid,present,present,filled,MATCH,generate_reference_values
Geometric_InverseCumulative|3fa999999999999a|3eb0c6f7a0b5ed8d|||all|main grid,Geometric_InverseCumulative,3fa999999999999a;3eb0c6f7a0b5ed8d,all,main grid,present,present,filled,MATCH,generate_reference_values
Geometric_InverseCumulative|3fa999999999999a|3f50624dd2f1a9fc|||all|main grid,Geometric_InverseCumulative,3fa999999999999a;3f50624dd2f1a9fc,all,main grid,present,present,filled,MATCH,generate_reference_values
Geometric_InverseCumulative|3fa999999999999a|3fa999999999999a|||all|main grid,Geometric_InverseCumulative,3fa999999999999a;3fa999999999999a,all,main grid,present,present,filled,MATCH,generate_reference_values
Geometric_InverseCumulative|3fa999999999999a|3fe0000000000000|||all|main grid,Geometric_InverseCumulative,3fa999999999999a;3fe0000000000000,all,main grid,present,present,filled,MATCH,generate_reference_values
Geometric_InverseCumulative|3fe0000000000000|3eb0c6f7a0b5ed8d|||all|main grid,Geometric_InverseCumulative,3fe0000000000000;3eb0c6f7a0b5ed8d,all,main grid,present,present,filled,MATCH,generate_reference_values
Geometric_InverseCumulative|3fe0000000000000|3f50624dd2f1a9fc|||all|main grid,Geometric_InverseCumulative,3fe0000000000000;3f50624dd2f1a9fc,all,main grid,present,present,filled,MATCH,generate_reference_values
Geometric_InverseCumulative|3fe0000000000000|3fa999999999999a|||all|main grid,Geometric_InverseCumulative,3fe0000000000000;3fa999999999999a,all,main grid,present,present,filled,MATCH,generate_reference_values
Geometric_InverseCumulative|3fe0000000000000|3fe0000000000000|||all|main grid,Geometric_InverseCumulative,3fe0000000000000;3fe0000000000000,all,main grid,present,present,filled,MATCH,generate_reference_values
Geometric_InverseCumulative|3fef333333333333|3eb0c6f7a0b5ed8d|||all|main grid,Geometric_InverseCumulative,3fef333333333333;3eb0c6f7a0b5ed8d,all,main grid,present,present,filled,MATCH,generate_reference_values
Geometric_InverseCumulative|3fef333333333333|3f50624dd2f1a9fc|||all|main grid,Geometric_InverseCumulative,3fef333333333333;3f50624dd2f1a9fc,all,main grid,present,present,filled,MATCH,generate_reference_values
Geometric_InverseCumulative|3fef333333333333|3fa999999999999a|||all|main grid,Geometric_InverseCumulative,3fef333333333333;3fa999999999999a,all,main grid,present,present,filled,MATCH,generate_reference_values
Geometric_InverseCumulative|3fef333333333333|3fe0000000000000|||all|main grid,Geometric_InverseCumulative,3fef333333333333;3fe0000000000000,all,main grid,present,present,filled,MATCH,generate_reference_values
Geometric_LogPMF|0000000000000000|3eb0c6f7a0b5ed8d|||all|main grid,Geometric_LogPMF,0000000000000000;3eb0c6f7a0b5ed8d,all,main grid,present,present,filled,MATCH,generate_reference_values
Geometric_LogPMF|0000000000000000|3f50624dd2f1a9fc|||all|main grid,Geometric_LogPMF,0000000000000000;3f50624dd2f1a9fc,all,main grid,present,present,filled,MATCH,generate_reference_values
Geometric_LogPMF|0000000000000000|3fa999999999999a|||all|main grid,Geometric_LogPMF,0000000000000000;3fa999999999999a,all,main grid,present,present,filled,MATCH,generate_reference_values
Geometric_LogPMF|0000000000000000|3fe0000000000000|||all|main grid,Geometric_LogPMF,0000000000000000;3fe0000000000000,all,main grid,present,present,filled,MATCH,generate_reference_values
Geometric_LogPMF|3ff0000000000000|3fe0000000000000|||all|main grid,Geometric_LogPMF,3ff0000000000000;3fe0000000000000,all,main grid,present,present,filled,MATCH,generate_reference_values
Geometric_LogPMF|4020000000000000|3fe0000000000000|||all|main grid,Geometric_LogPMF,4020000000000000;3fe0000000000000,all,main grid,present,present,filled,MATCH,generate_reference_values
Geometric_LogPMF|4032000000000000|3fa999999999999a|||all|main grid,Geometric_LogPMF,4032000000000000;3fa999999999999a,all,main grid,present,present,filled,MATCH,generate_reference_values
Geometric_LogPMF|404e800000000000|3fa999999999999a|||all|main grid,Geometric_LogPMF,404e800000000000;3fa999999999999a,all,main grid,present,present,filled,MATCH,generate_reference_values
Geometric_LogPMF|408f300000000000|3f50624dd2f1a9fc|||all|main grid,Geometric_LogPMF,408f300000000000;3f50624dd2f1a9fc,all,main grid,present,present,filled,MATCH,generate_reference_values
Geometric_LogPMF|40a7720000000000|3f50624dd2f1a9fc|||all|main grid,Geometric_LogPMF,40a7720000000000;3f50624dd2f1a9fc,all,main grid,present,present,filled,MATCH,generate_reference_values
Geometric_LogPMF|412e847e00000000|3eb0c6f7a0b5ed8d|||all|main grid,Geometric_LogPMF,412e847e00000000;3eb0c6f7a0b5ed8d,all,main grid,present,present,filled,MATCH,generate_reference_values
Geometric_LogPMF|4146e36100000000|3eb0c6f7a0b5ed8d|||all|main grid,Geometric_LogPMF,4146e36100000000;3eb0c6f7a0b5ed8d,all,main grid,present,present,filled,MATCH,generate_reference_values
Geometric_Mean|3eb0c6f7a0b5ed8d||||all|main grid,Geometric_Mean,3eb0c6f7a0b5ed8d,all,main grid,present,present,filled,MATCH,generate_reference_values
Geometric_Mean|3f50624dd2f1a9fc||||all|main grid,Geometric_Mean,3f50624dd2f1a9fc,all,main grid,present,present,filled,MATCH,generate_reference_values
Geometric_Mean|3fa999999999999a||||all|main grid,Geometric_Mean,3fa999999999999a,all,main grid,present,present,filled,MATCH,generate_reference_values
Geometric_Mean|3fe0000000000000||||all|main grid,Geometric_Mean,3fe0000000000000,all,main grid,present,present,filled,MATCH,generate_reference_values
Geometric_PMF|0000000000000000|3eb0c6f7a0b5ed8d|||all|main grid,Geometric_PMF,0000000000000000;3eb0c6f7a0b5ed8d,all,main grid,present,present,filled,MATCH,generate_reference_values
Geometric_PMF|0000000000000000|3f50624dd2f1a9fc|||all|main grid,Geometric_PMF,0000000000000000;3f50624dd2f1a9fc,all,main grid,present,present,filled,MATCH,generate_reference_values
Geometric_PMF|0000000000000000|3fa999999999999a|||all|main grid,Geometric_PMF,0000000000000000;3fa999999999999a,all,main grid,present,present,filled,MATCH,generate_reference_values
Geometric_PMF|0000000000000000|3fe0000000000000|||all|main grid,Geometric_PMF,0000000000000000;3fe0000000000000,all,main grid,present,present,filled,MATCH,generate_reference_values
Geometric_PMF|3ff0000000000000|3fe0000000000000|||all|main grid,Geometric_PMF,3ff0000000000000;3fe0000000000000,all,main grid,present,present,filled,MATCH,generate_reference_values
Geometric_PMF|4020000000000000|3fe0000000000000|||all|main grid,Geometric_PMF,4020000000000000;3fe0000000000000,all,main grid,present,present,filled,MATCH,generate_reference_values
Geometric_PMF|4032000000000000|3fa999999999999a|||all|main grid,Geometric_PMF,4032000000000000;3fa999999999999a,all,main grid,present,present,filled,MATCH,generate_reference_values
Geometric_PMF|404e800000000000|3fa999999999999a|||all|main grid,Geometric_PMF,404e800000000000;3fa999999999999a,all,main grid,present,present,filled,MATCH,generate_reference_values
Geometric_PMF|408f300000000000|3f50624dd2f1a9fc|||all|main grid,Geometric_PMF,408f300000000000;3f50624dd2f1a9fc,all,main grid,present,present,filled,MATCH,generate_reference_values
Geometric_PMF|40a7720000000000|3f50624dd2f1a9fc|||all|main grid,Geometric_PMF,40a7720000000000;3f50624dd2f1a9fc,all,main grid,present,present,filled,MATCH,generate_reference_values
Geometric_PMF|412e847e00000000|3eb0c6f7a0b5ed8d|||all|main grid,Geometric_PMF,412e847e00000000;3eb0c6f7a0b5ed8d,all,main grid,present,present,filled,MATCH,generate_reference_values
Geometric_PMF|4146e36100000000|3eb0c6f7a0b5ed8d|||all|main grid,Geometric_PMF,4146e36100000000;3eb0c6f7a0b5ed8d,all,main grid,present,present,filled,MATCH,generate_reference_values
Geometric_StdDev|3eb0c6f7a0b5ed8d||||all|main grid,Geometric_StdDev,3eb0c6f7a0b5ed8d,all,main grid,present,present,filled,MATCH,generate_reference_values
Geometric_StdDev|3f50624dd2f1a9fc||||all|main grid,Geometric_StdDev,3f50624dd2f1a9fc,all,main grid,present,present,filled,MATCH,generate_reference_values
Geometric_StdDev|3fa999999999999a||||all|main grid,Geometric_StdDev,3fa999999999999a,all,main grid,present,present,filled,MATCH,generate_reference_values
Geometric_StdDev|3fe0000000000000||||all|main grid,Geometric_StdDev,3fe0000000000000,all,main grid,present,present,filled,MATCH,generate_reference_values
Geometric_Survival|0000000000000000|3eb0c6f7a0b5ed8d|||all|main grid,Geometric_Survival,0000000000000000;3eb0c6f7a0b5ed8d,all,main grid,present,present,filled,MATCH,generate_reference_values
Geometric_Survival|0000000000000000|3f50624dd2f1a9fc|||all|main grid,Geometric_Survival,0000000000000000;3f50624dd2f1a9fc,all,main grid,present,present,filled,MATCH,generate_reference_values
Geometric_Survival|0000000000000000|3fa999999999999a|||all|main grid,Geometric_Survival,0000000000000000;3fa999999999999a,all,main grid,present,present,filled,MATCH,generate_reference_values
Geometric_Survival|0000000000000000|3fe0000000000000|||all|main grid,Geometric_Survival,0000000000000000;3fe0000000000000,all,main grid,present,present,filled,MATCH,generate_reference_values
Geometric_Survival|3ff0000000000000|3fe0000000000000|||all|main grid,Geometric_Survival,3ff0000000000000;3fe0000000000000,all,main grid,present,present,filled,MATCH,generate_reference_values
Geometric_Survival|4020000000000000|3fe0000000000000|||all|main grid,Geometric_Survival,4020000000000000;3fe0000000000000,all,main grid,present,present,filled,MATCH,generate_reference_values
Geometric_Survival|4032000000000000|3fa999999999999a|||all|main grid,Geometric_Survival,4032000000000000;3fa999999999999a,all,main grid,present,present,filled,MATCH,generate_reference_values
Geometric_Survival|404e800000000000|3fa999999999999a|||all|main grid,Geometric_Survival,404e800000000000;3fa999999999999a,all,main grid,present,present,filled,MATCH,generate_reference_values
Geometric_Survival|408f300000000000|3f50624dd2f1a9fc|||all|main grid,Geometric_Survival,408f300000000000;3f50624dd2f1a9fc,all,main grid,present,present,filled,MATCH,generate_reference_values
Geometric_Survival|40a7720000000000|3f50624dd2f1a9fc|||all|main grid,Geometric_Survival,40a7720000000000;3f50624dd2f1a9fc,all,main grid,present,present,filled,MATCH,generate_reference_values
Geometric_Survival|412e847e00000000|3eb0c6f7a0b5ed8d|||all|main grid,Geometric_Survival,412e847e00000000;3eb0c6f7a0b5ed8d,all,main grid,present,present,filled,MATCH,generate_reference_values
Geometric_Survival|4146e36100000000|3eb0c6f7a0b5ed8d|||all|main grid,Geometric_Survival,4146e36100000000;3eb0c6f7a0b5ed8d,all,main grid,present,present,filled,MATCH,generate_reference_values
Geometric_Variance|3eb0c6f7a0b5ed8d||||all|main grid,Geometric_Variance,3eb0c6f7a0b5ed8d,all,main grid,present,present,filled,MATCH,generate_reference_values
Geometric_Variance|3f50624dd2f1a9fc||||all|main grid,Geometric_Variance,3f50624dd2f1a9fc,all,main grid,present,present,filled,MATCH,generate_reference_values
Geometric_Variance|3fa999999999999a||||all|main grid,Geometric_Variance,3fa999999999999a,all,main grid,present,present,filled,MATCH,generate_reference_values
Geometric_Variance|3fe0000000000000||||all|main grid,Geometric_Variance,3fe0000000000000,all,main grid,present,present,filled,MATCH,generate_reference_values
Hypergeometric_Cumulative|4010000000000000|4024000000000000|4034000000000000|4049000000000000|all|main grid,Hypergeometric_Cumulative,4010000000000000;4024000000000000;4034000000000000;4049000000000000,all,main grid,present,present,filled,REFERENCE_DIFFERENCE,generate_reference_values
Hypergeometric_Cumulative|401c000000000000|4024000000000000|4034000000000000|4049000000000000|all|main grid,Hypergeometric_Cumulative,401c000000000000;4024000000000000;4034000000000000;4049000000000000,all,main grid,present,present,filled,REFERENCE_DIFFERENCE,generate_reference_values
Hypergeometric_Cumulative|4024000000000000|4049000000000000|4069000000000000|408f400000000000|all|main grid,Hypergeometric_Cumulative,4024000000000000;4049000000000000;4069000000000000;408f400000000000,all,main grid,present,present,filled,REFERENCE_DIFFERENCE,generate_reference_values
Hypergeometric_Cumulative|4028000000000000|403e000000000000|4044000000000000|4059000000000000|all|main grid,Hypergeometric_Cumulative,4028000000000000;403e000000000000;4044000000000000;4059000000000000,all,main grid,present,present,filled,REFERENCE_DIFFERENCE,generate_reference_values
Hypergeometric_Cumulative|4030000000000000|4049000000000000|4069000000000000|408f400000000000|all|main grid,Hypergeometric_Cumulative,4030000000000000;4049000000000000;4069000000000000;408f400000000000,all,main grid,present,present,filled,REFERENCE_DIFFERENCE,generate_reference_values
Hypergeometric_Cumulative|4031000000000000|403e000000000000|4044000000000000|4059000000000000|all|main grid,Hypergeometric_Cumulative,4031000000000000;403e000000000000;4044000000000000;4059000000000000,all,main grid,present,present,filled,REFERENCE_DIFFERENCE,generate_reference_values
Hypergeometric_Cumulative|4039000000000000|407f400000000000|40b3880000000000|40f86a0000000000|all|main grid,Hypergeometric_Cumulative,4039000000000000;407f400000000000;40b3880000000000;40f86a0000000000,all,main grid,present,present,filled,REFERENCE_DIFFERENCE,generate_reference_values
Hypergeometric_Cumulative|4041800000000000|407f400000000000|40b3880000000000|40f86a0000000000|all|main grid,Hypergeometric_Cumulative,4041800000000000;407f400000000000;40b3880000000000;40f86a0000000000,all,main grid,present,present,filled,REFERENCE_DIFFERENCE,generate_reference_values
Hypergeometric_Cumulative|4049000000000000|4059000000000000|407f400000000000|408f400000000000|all|main grid,Hypergeometric_Cumulative,4049000000000000;4059000000000000;407f400000000000;408f400000000000,all,main grid,present,present,filled,REFERENCE_DIFFERENCE,generate_reference_values
Hypergeometric_Cumulative|404e000000000000|4059000000000000|407f400000000000|408f400000000000|all|main grid,Hypergeometric_Cumulative,404e000000000000;4059000000000000;407f400000000000;408f400000000000,all,main grid,present,present,filled,REFERENCE_DIFFERENCE,generate_reference_values
Hypergeometric_InverseCumulative|3fc0a3d70a3d70a4|4024000000000000|4034000000000000|4049000000000000|all|main grid,Hypergeometric_InverseCumulative,3fc0a3d70a3d70a4;4024000000000000;4034000000000000;4049000000000000,all,main grid,present,present,filled,MATCH,generate_reference_values
Hypergeometric_InverseCumulative|3fc0a3d70a3d70a4|403e000000000000|4044000000000000|4059000000000000|all|main grid,Hypergeometric_InverseCumulative,3fc0a3d70a3d70a4;403e000000000000;4044000000000000;4059000000000000,all,main grid,present,present,filled,MATCH,generate_reference_values
Hypergeometric_InverseCumulative|3fc0a3d70a3d70a4|4049000000000000|4069000000000000|408f400000000000|all|main grid,Hypergeometric_InverseCumulative,3fc0a3d70a3d70a4;4049000000000000;4069000000000000;408f400000000000,all,main grid,present,present,filled,MATCH,generate_reference_values
Hypergeometric_InverseCumulative|3fc0a3d70a3d70a4|4059000000000000|407f400000000000|408f400000000000|all|main grid,Hypergeometric_InverseCumulative,3fc0a3d70a3d70a4;4059000000000000;407f400000000000;408f400000000000,all,main grid,present,present,filled,MATCH,generate_reference_values
Hypergeometric_InverseCumulative|3fc0a3d70a3d70a4|407f400000000000|40b3880000000000|40f86a0000000000|all|main grid,Hypergeometric_InverseCumulative,3fc0a3d70a3d70a4;407f400000000000;40b3880000000000;40f86a0000000000,all,main grid,present,present,filled,MATCH,generate_reference_values
Hypergeometric_InverseCumulative|3fe23d70a3d70a3d|4024000000000000|4034000000000000|4049000000000000|all|main grid,Hypergeometric_InverseCumulative,3fe23d70a3d70a3d;4024000000000000;4034000000000000;4049000000000000,all,main grid,present,present,filled,MATCH,generate_reference_values
Hypergeometric_InverseCumulative|3fe23d70a3d70a3d|403e000000000000|4044000000000000|4059000000000000|all|main grid,Hypergeometric_InverseCumulative,3fe23d70a3d70a3d;403e000000000000;4044000000000000;4059000000000000,all,main grid,present,present,filled,MATCH,generate_reference_values
Hypergeometric_InverseCumulative|3fe23d70a3d70a3d|4049000000000000|4069000000000000|408f400000000000|all|main grid,Hypergeometric_InverseCumulative,3fe23d70a3d70a3d;4049000000000000;4069000000000000;408f400000000000,all,main grid,present,present,filled,MATCH,generate_reference_values
Hypergeometric_InverseCumulative|3fe23d70a3d70a3d|4059000000000000|407f400000000000|408f400000000000|all|main grid,Hypergeometric_InverseCumulative,3fe23d70a3d70a3d;4059000000000000;407f400000000000;408f400000000000,all,main grid,present,present,filled,MATCH,generate_reference_values
Hypergeometric_InverseCumulative|3fe23d70a3d70a3d|407f400000000000|40b3880000000000|40f86a0000000000|all|main grid,Hypergeometric_InverseCumulative,3fe23d70a3d70a3d;407f400000000000;40b3880000000000;40f86a0000000000,all,main grid,present,present,filled,MATCH,generate_reference_values
Hypergeometric_InverseCumulative|3fed1eb851eb851f|4024000000000000|4034000000000000|4049000000000000|all|main grid,Hypergeometric_InverseCumulative,3fed1eb851eb851f;4024000000000000;4034000000000000;4049000000000000,all,main grid,present,present,filled,MATCH,generate_reference_values
Hypergeometric_InverseCumulative|3fed1eb851eb851f|403e000000000000|4044000000000000|4059000000000000|all|main grid,Hypergeometric_InverseCumulative,3fed1eb851eb851f;403e000000000000;4044000000000000;4059000000000000,all,main grid,present,present,filled,MATCH,generate_reference_values
Hypergeometric_InverseCumulative|3fed1eb851eb851f|4049000000000000|4069000000000000|408f400000000000|all|main grid,Hypergeometric_InverseCumulative,3fed1eb851eb851f;4049000000000000;4069000000000000;408f400000000000,all,main grid,present,present,filled,MATCH,generate_reference_values
Hypergeometric_InverseCumulative|3fed1eb851eb851f|4059000000000000|407f400000000000|408f400000000000|all|main grid,Hypergeometric_InverseCumulative,3fed1eb851eb851f;4059000000000000;407f400000000000;408f400000000000,all,main grid,present,present,filled,MATCH,generate_reference_values
Hypergeometric_InverseCumulative|3fed1eb851eb851f|407f400000000000|40b3880000000000|40f86a0000000000|all|main grid,Hypergeometric_InverseCumulative,3fed1eb851eb851f;407f400000000000;40b3880000000000;40f86a0000000000,all,main grid,present,present,filled,MATCH,generate_reference_values
Hypergeometric_LogPMF|4010000000000000|4024000000000000|4034000000000000|4049000000000000|all|main grid,Hypergeometric_LogPMF,4010000000000000;4024000000000000;4034000000000000;4049000000000000,all,main grid,present,present,filled,REFERENCE_DIFFERENCE,generate_reference_values
Hypergeometric_LogPMF|401c000000000000|4024000000000000|4034000000000000|4049000000000000|all|main grid,Hypergeometric_LogPMF,401c000000000000;4024000000000000;4034000000000000;4049000000000000,all,main grid,present,present,filled,REFERENCE_DIFFERENCE,generate_reference_values
Hypergeometric_LogPMF|4024000000000000|4049000000000000|4069000000000000|408f400000000000|all|main grid,Hypergeometric_LogPMF,4024000000000000;4049000000000000;4069000000000000;408f400000000000,all,main grid,present,present,filled,REFERENCE_DIFFERENCE,generate_reference_values
Hypergeometric_LogPMF|4028000000000000|403e000000000000|4044000000000000|4059000000000000|all|main grid,Hypergeometric_LogPMF,4028000000000000;403e000000000000;4044000000000000;4059000000000000,all,main grid,present,present,filled,REFERENCE_DIFFERENCE,generate_reference_values
Hypergeometric_LogPMF|4030000000000000|4049000000000000|4069000000000000|408f400000000000|all|main grid,Hypergeometric_LogPMF,4030000000000000;4049000000000000;4069000000000000;408f400000000000,all,main grid,present,present,filled,REFERENCE_DIFFERENCE,generate_reference_values
Hypergeometric_LogPMF|4031000000000000|403e000000000000|4044000000000000|4059000000000000|all|main grid,Hypergeometric_LogPMF,4031000000000000;403e000000000000;4044000000000000;4059000000000000,all,main grid,present,present,filled,REFERENCE_DIFFERENCE,generate_reference_values
Hypergeometric_LogPMF|4039000000000000|407f400000000000|40b3880000000000|40f86a0000000000|all|main grid,Hypergeometric_LogPMF,4039000000000000;407f400000000000;40b3880000000000;40f86a0000000000,all,main grid,present,present,filled,REFERENCE_DIFFERENCE,generate_reference_values
Hypergeometric_LogPMF|4041800000000000|407f400000000000|40b3880000000000|40f86a0000000000|all|main grid,Hypergeometric_LogPMF,4041800000000000;407f400000000000;40b3880000000000;40f86a0000000000,all,main grid,present,present,filled,REFERENCE_DIFFERENCE,generate_reference_values
Hypergeometric_LogPMF|4049000000000000|4059000000000000|407f400000000000|408f400000000000|all|main grid,Hypergeometric_LogPMF,4049000000000000;4059000000000000;407f400000000000;408f400000000000,all,main grid,present,present,filled,REFERENCE_DIFFERENCE,generate_reference_values
Hypergeometric_LogPMF|404e000000000000|4059000000000000|407f400000000000|408f400000000000|all|main grid,Hypergeometric_LogPMF,404e000000000000;4059000000000000;407f400000000000;408f400000000000,all,main grid,present,present,filled,REFERENCE_DIFFERENCE,generate_reference_values
Hypergeometric_Mean|4024000000000000|4034000000000000|4049000000000000||all|main grid,Hypergeometric_Mean,4024000000000000;4034000000000000;4049000000000000,all,main grid,present,present,filled,MATCH,generate_reference_values
Hypergeometric_Mean|403e000000000000|4044000000000000|4059000000000000||all|main grid,Hypergeometric_Mean,403e000000000000;4044000000000000;4059000000000000,all,main grid,present,present,filled,MATCH,generate_reference_values
Hypergeometric_Mean|4049000000000000|4069000000000000|408f400000000000||all|main grid,Hypergeometric_Mean,4049000000000000;4069000000000000;408f400000000000,all,main grid,present,present,filled,MATCH,generate_reference_values
Hypergeometric_Mean|4059000000000000|407f400000000000|408f400000000000||all|main grid,Hypergeometric_Mean,4059000000000000;407f400000000000;408f400000000000,all,main grid,present,present,filled,MATCH,generate_reference_values
Hypergeometric_Mean|407f400000000000|40b3880000000000|40f86a0000000000||all|main grid,Hypergeometric_Mean,407f400000000000;40b3880000000000;40f86a0000000000,all,main grid,present,present,filled,MATCH,generate_reference_values
Hypergeometric_PMF|4010000000000000|4024000000000000|4034000000000000|4049000000000000|all|main grid,Hypergeometric_PMF,4010000000000000;4024000000000000;4034000000000000;4049000000000000,all,main grid,present,present,filled,REFERENCE_DIFFERENCE,generate_reference_values
Hypergeometric_PMF|401c000000000000|4024000000000000|4034000000000000|4049000000000000|all|main grid,Hypergeometric_PMF,401c000000000000;4024000000000000;4034000000000000;4049000000000000,all,main grid,present,present,filled,REFERENCE_DIFFERENCE,generate_reference_values
Hypergeometric_PMF|4024000000000000|4049000000000000|4069000000000000|408f400000000000|all|main grid,Hypergeometric_PMF,4024000000000000;4049000000000000;4069000000000000;408f400000000000,all,main grid,present,present,filled,REFERENCE_DIFFERENCE,generate_reference_values
Hypergeometric_PMF|4028000000000000|403e000000000000|4044000000000000|4059000000000000|all|main grid,Hypergeometric_PMF,4028000000000000;403e000000000000;4044000000000000;4059000000000000,all,main grid,present,present,filled,REFERENCE_DIFFERENCE,generate_reference_values
Hypergeometric_PMF|4030000000000000|4049000000000000|4069000000000000|408f400000000000|all|main grid,Hypergeometric_PMF,4030000000000000;4049000000000000;4069000000000000;408f400000000000,all,main grid,present,present,filled,REFERENCE_DIFFERENCE,generate_reference_values
Hypergeometric_PMF|4031000000000000|403e000000000000|4044000000000000|4059000000000000|all|main grid,Hypergeometric_PMF,4031000000000000;403e000000000000;4044000000000000;4059000000000000,all,main grid,present,present,filled,REFERENCE_DIFFERENCE,generate_reference_values
Hypergeometric_PMF|4039000000000000|407f400000000000|40b3880000000000|40f86a0000000000|all|main grid,Hypergeometric_PMF,4039000000000000;407f400000000000;40b3880000000000;40f86a0000000000,all,main grid,present,present,filled,REFERENCE_DIFFERENCE,generate_reference_values
Hypergeometric_PMF|4041800000000000|407f400000000000|40b3880000000000|40f86a0000000000|all|main grid,Hypergeometric_PMF,4041800000000000;407f400000000000;40b3880000000000;40f86a0000000000,all,main grid,present,present,filled,REFERENCE_DIFFERENCE,generate_reference_values
Hypergeometric_PMF|4049000000000000|4059000000000000|407f400000000000|408f400000000000|all|main grid,Hypergeometric_PMF,4049000000000000;4059000000000000;407f400000000000;408f400000000000,all,main grid,present,present,filled,REFERENCE_DIFFERENCE,generate_reference_values
Hypergeometric_PMF|404e000000000000|4059000000000000|407f400000000000|408f400000000000|all|main grid,Hypergeometric_PMF,404e000000000000;4059000000000000;407f400000000000;408f400000000000,all,main grid,present,present,filled,REFERENCE_DIFFERENCE,generate_reference_values
Hypergeometric_StdDev|4024000000000000|4034000000000000|4049000000000000||all|main grid,Hypergeometric_StdDev,4024000000000000;4034000000000000;4049000000000000,all,main grid,present,present,filled,REFERENCE_DIFFERENCE,generate_reference_values
Hypergeometric_StdDev|403e000000000000|4044000000000000|4059000000000000||all|main grid,Hypergeometric_StdDev,403e000000000000;4044000000000000;4059000000000000,all,main grid,present,present,filled,REFERENCE_DIFFERENCE,generate_reference_values
Hypergeometric_StdDev|4049000000000000|4069000000000000|408f400000000000||all|main grid,Hypergeometric_StdDev,4049000000000000;4069000000000000;408f400000000000,all,main grid,present,present,filled,REFERENCE_DIFFERENCE,generate_reference_values
Hypergeometric_StdDev|4059000000000000|407f400000000000|408f400000000000||all|main grid,Hypergeometric_StdDev,4059000000000000;407f400000000000;408f400000000000,all,main grid,present,present,filled,REFERENCE_DIFFERENCE,generate_reference_values
Hypergeometric_StdDev|407f400000000000|40b3880000000000|40f86a0000000000||all|main grid,Hypergeometric_StdDev,407f400000000000;40b3880000000000;40f86a0000000000,all,main grid,present,present,filled,REFERENCE_DIFFERENCE,generate_reference_values
Hypergeometric_Survival|4010000000000000|4024000000000000|4034000000000000|4049000000000000|all|main grid,Hypergeometric_Survival,4010000000000000;4024000000000000;4034000000000000;4049000000000000,all,main grid,present,present,filled,REFERENCE_DIFFERENCE,generate_reference_values
Hypergeometric_Survival|401c000000000000|4024000000000000|4034000000000000|4049000000000000|all|main grid,Hypergeometric_Survival,401c000000000000;4024000000000000;4034000000000000;4049000000000000,all,main grid,present,present,filled,REFERENCE_DIFFERENCE,generate_reference_values
Hypergeometric_Survival|4024000000000000|4049000000000000|4069000000000000|408f400000000000|all|main grid,Hypergeometric_Survival,4024000000000000;4049000000000000;4069000000000000;408f400000000000,all,main grid,present,present,filled,REFERENCE_DIFFERENCE,generate_reference_values
Hypergeometric_Survival|4028000000000000|403e000000000000|4044000000000000|4059000000000000|all|main grid,Hypergeometric_Survival,4028000000000000;403e000000000000;4044000000000000;4059000000000000,all,main grid,present,present,filled,REFERENCE_DIFFERENCE,generate_reference_values
Hypergeometric_Survival|4030000000000000|4049000000000000|4069000000000000|408f400000000000|all|main grid,Hypergeometric_Survival,4030000000000000;4049000000000000;4069000000000000;408f400000000000,all,main grid,present,present,filled,REFERENCE_DIFFERENCE,generate_reference_values
Hypergeometric_Survival|4031000000000000|403e000000000000|4044000000000000|4059000000000000|all|main grid,Hypergeometric_Survival,4031000000000000;403e000000000000;4044000000000000;4059000000000000,all,main grid,present,present,filled,REFERENCE_DIFFERENCE,generate_reference_values
Hypergeometric_Survival|4039000000000000|407f400000000000|40b3880000000000|40f86a0000000000|all|main grid,Hypergeometric_Survival,4039000000000000;407f400000000000;40b3880000000000;40f86a0000000000,all,main grid,present,present,filled,REFERENCE_DIFFERENCE,generate_reference_values
Hypergeometric_Survival|4041800000000000|407f400000000000|40b3880000000000|40f86a0000000000|all|main grid,Hypergeometric_Survival,4041800000000000;407f400000000000;40b3880000000000;40f86a0000000000,all,main grid,present,present,filled,REFERENCE_DIFFERENCE,generate_reference_values
Hypergeometric_Survival|4049000000000000|4059000000000000|407f400000000000|408f400000000000|all|main grid,Hypergeometric_Survival,4049000000000000;4059000000000000;407f400000000000;408f400000000000,all,main grid,present,present,filled,REFERENCE_DIFFERENCE,generate_reference_values
Hypergeometric_Survival|404e000000000000|4059000000000000|407f400000000000|408f400000000000|all|main grid,Hypergeometric_Survival,404e000000000000;4059000000000000;407f400000000000;408f400000000000,all,main grid,present,present,filled,REFERENCE_DIFFERENCE,generate_reference_values
Hypergeometric_Variance|4024000000000000|4034000000000000|4049000000000000||all|main grid,Hypergeometric_Variance,4024000000000000;4034000000000000;4049000000000000,all,main grid,present,present,filled,REFERENCE_DIFFERENCE,generate_reference_values
Hypergeometric_Variance|403e000000000000|4044000000000000|4059000000000000||all|main grid,Hypergeometric_Variance,403e000000000000;4044000000000000;4059000000000000,all,main grid,present,present,filled,REFERENCE_DIFFERENCE,generate_reference_values
Hypergeometric_Variance|4049000000000000|4069000000000000|408f400000000000||all|main grid,Hypergeometric_Variance,4049000000000000;4069000000000000;408f400000000000,all,main grid,present,present,filled,REFERENCE_DIFFERENCE,generate_reference_values
Hypergeometric_Variance|4059000000000000|407f400000000000|408f400000000000||all|main grid,Hypergeometric_Variance,4059000000000000;407f400000000000;408f400000000000,all,main grid,present,present,filled,REFERENCE_DIFFERENCE,generate_reference_values
Hypergeometric_Variance|407f400000000000|40b3880000000000|40f86a0000000000||all|main grid,Hypergeometric_Variance,407f400000000000;40b3880000000000;40f86a0000000000,all,main grid,present,present,filled,REFERENCE_DIFFERENCE,generate_reference_values
LogChoose|4000000000000000|0000000000000000|||all|main grid,LogChoose,4000000000000000;0000000000000000,all,main grid,present,present,filled,MATCH,generate_reference_values
LogChoose|4000000000000000|3ff0000000000000|||all|main grid,LogChoose,4000000000000000;3ff0000000000000,all,main grid,present,present,filled,MATCH,generate_reference_values
LogChoose|4000000000000000|4000000000000000|||all|main grid,LogChoose,4000000000000000;4000000000000000,all,main grid,present,present,filled,MATCH,generate_reference_values
LogChoose|4024000000000000|0000000000000000|||all|main grid,LogChoose,4024000000000000;0000000000000000,all,main grid,present,present,filled,MATCH,generate_reference_values
LogChoose|4024000000000000|4014000000000000|||all|main grid,LogChoose,4024000000000000;4014000000000000,all,main grid,present,present,filled,MATCH,generate_reference_values
LogChoose|4024000000000000|4022000000000000|||all|main grid,LogChoose,4024000000000000;4022000000000000,all,main grid,present,present,filled,MATCH,generate_reference_values
LogChoose|4024000000000000|4024000000000000|||all|main grid,LogChoose,4024000000000000;4024000000000000,all,main grid,present,present,filled,MATCH,generate_reference_values
LogChoose|4059000000000000|0000000000000000|||all|main grid,LogChoose,4059000000000000;0000000000000000,all,main grid,present,present,filled,MATCH,generate_reference_values
LogChoose|4059000000000000|3ff0000000000000|||all|main grid,LogChoose,4059000000000000;3ff0000000000000,all,main grid,present,present,filled,MATCH,generate_reference_values
LogChoose|4059000000000000|4049000000000000|||all|main grid,LogChoose,4059000000000000;4049000000000000,all,main grid,present,present,filled,MATCH,generate_reference_values
LogChoose|4059000000000000|4058c00000000000|||all|main grid,LogChoose,4059000000000000;4058c00000000000,all,main grid,present,present,filled,MATCH,generate_reference_values
LogChoose|4059000000000000|4059000000000000|||all|main grid,LogChoose,4059000000000000;4059000000000000,all,main grid,present,present,filled,MATCH,generate_reference_values
LogChoose|4090180000000000|0000000000000000|||all|main grid,LogChoose,4090180000000000;0000000000000000,all,main grid,present,present,filled,MATCH,generate_reference_values
LogChoose|4090180000000000|4024000000000000|||all|main grid,LogChoose,4090180000000000;4024000000000000,all,main grid,present,present,filled,MATCH,generate_reference_values
LogChoose|4090180000000000|4080180000000000|||all|main grid,LogChoose,4090180000000000;4080180000000000,all,main grid,present,present,filled,MATCH,generate_reference_values
LogChoose|4090180000000000|408fd80000000000|||all|main grid,LogChoose,4090180000000000;408fd80000000000,all,main grid,present,present,filled,MATCH,generate_reference_values
LogChoose|4090180000000000|4090180000000000|||all|main grid,LogChoose,4090180000000000;4090180000000000,all,main grid,present,present,filled,MATCH,generate_reference_values
LogChoose|412e848000000000|0000000000000000|||all|main grid,LogChoose,412e848000000000;0000000000000000,all,main grid,present,present,filled,MATCH,generate_reference_values
LogChoose|412e848000000000|40c3880000000000|||all|main grid,LogChoose,412e848000000000;40c3880000000000,all,main grid,present,present,filled,MATCH,generate_reference_values
LogChoose|412e848000000000|411e848000000000|||all|main grid,LogChoose,412e848000000000;411e848000000000,all,main grid,present,present,filled,MATCH,generate_reference_values
LogChoose|412e848000000000|412e366000000000|||all|main grid,LogChoose,412e848000000000;412e366000000000,all,main grid,present,present,filled,MATCH,generate_reference_values
LogChoose|412e848000000000|412e848000000000|||all|main grid,LogChoose,412e848000000000;412e848000000000,all,main grid,present,present,filled,MATCH,generate_reference_values
LogChoose|4340000000000000|0000000000000000|||all|main grid,LogChoose,4340000000000000;0000000000000000,all,main grid,present,present,filled,MATCH,generate_reference_values
LogChoose|4340000000000000|42d47ae147ae1440|||all|main grid,LogChoose,4340000000000000;42d47ae147ae1440,all,main grid,present,present,filled,MATCH,generate_reference_values
LogChoose|4340000000000000|4330000000000000|||all|main grid,LogChoose,4340000000000000;4330000000000000,all,main grid,present,present,filled,MATCH,generate_reference_values
LogChoose|4340000000000000|433fae147ae147ae|||all|main grid,LogChoose,4340000000000000;433fae147ae147ae,all,main grid,present,present,filled,MATCH,generate_reference_values
LogChoose|4340000000000000|4340000000000000|||all|main grid,LogChoose,4340000000000000;4340000000000000,all,main grid,present,present,filled,MATCH,generate_reference_values
LogGamma|3e45798ee2308c3a||||all|main grid,LogGamma,3e45798ee2308c3a,all,main grid,present,present,filled,MATCH,generate_reference_values
LogGamma|3e949ab8196704a2||||all|main grid,LogGamma,3e949ab8196704a2,all,main grid,present,present,filled,MATCH,generate_reference_values
LogGamma|3ee3c4e9a8d00e7c||||all|main grid,LogGamma,3ee3c4e9a8d00e7c,all,main grid,present,present,filled,MATCH,generate_reference_values
LogGamma|3f32f7c5d5cce8a7||||all|main grid,LogGamma,3f32f7c5d5cce8a7,all,main grid,present,present,filled,MATCH,generate_reference_values
LogGamma|3f8232f2b258fc56||||all|main grid,LogGamma,3f8232f2b258fc56,all,main grid,present,present,filled,MATCH,generate_reference_values
LogGamma|3fd17619f59d69f6||||all|main grid,LogGamma,3fd17619f59d69f6,all,main grid,present,present,filled,MATCH,generate_reference_values
LogGamma|4020c0e8d61daceb||||all|main grid,LogGamma,4020c0e8d61daceb,all,main grid,present,present,filled,MATCH,generate_reference_values
LogGamma|4070130fe56cc115||||all|main grid,LogGamma,4070130fe56cc115,all,main grid,present,present,filled,MATCH,generate_reference_values
LogGamma|40bed885dab5c26f||||all|main grid,LogGamma,40bed885dab5c26f,all,main grid,present,present,filled,MATCH,generate_reference_values
LogGamma|410d98719d1934bb||||all|main grid,LogGamma,410d98719d1934bb,all,main grid,present,present,filled,MATCH,generate_reference_values
LogGamma|415c6556c0d91d9c||||all|main grid,LogGamma,415c6556c0d91d9c,all,main grid,present,present,filled,MATCH,generate_reference_values
LogGamma|41ab3eaea4d3b625||||all|main grid,LogGamma,41ab3eaea4d3b625,all,main grid,present,present,filled,MATCH,generate_reference_values
LogGamma|41fa23f81ceb42e1||||all|main grid,LogGamma,41fa23f81ceb42e1,all,main grid,present,present,filled,MATCH,generate_reference_values
LogGamma|424914b73965981d||||all|main grid,LogGamma,424914b73965981d,all,main grid,present,present,filled,MATCH,generate_reference_values
LogGamma|4298107510973899||||all|main grid,LogGamma,4298107510973899,all,main grid,present,present,filled,MATCH,generate_reference_values
LogGamma|42e716bf8ac23d32||||all|main grid,LogGamma,42e716bf8ac23d32,all,main grid,present,present,filled,MATCH,generate_reference_values
LogGamma|4336272930122b3a||||all|main grid,LogGamma,4336272930122b3a,all,main grid,present,present,filled,MATCH,generate_reference_values
LogGamma|43854148f89ecc6f||||all|main grid,LogGamma,43854148f89ecc6f,all,main grid,present,present,filled,MATCH,generate_reference_values
LogGamma|43d464ba1e60feea||||all|main grid,LogGamma,43d464ba1e60feea,all,main grid,present,present,filled,MATCH,generate_reference_values
LogGamma|4423911bf1054dc4||||all|main grid,LogGamma,4423911bf1054dc4,all,main grid,present,present,filled,MATCH,generate_reference_values
LogGamma|4472c611ab88f498||||all|main grid,LogGamma,4472c611ab88f498,all,main grid,present,present,filled,MATCH,generate_reference_values
LogGamma|44c203424b8eb8f0||||all|main grid,LogGamma,44c203424b8eb8f0,all,main grid,present,present,filled,MATCH,generate_reference_values
LogGamma|451148586a59c5a9||||all|main grid,LogGamma,451148586a59c5a9,all,main grid,present,present,filled,MATCH,generate_reference_values
LogGamma|45609502175d6d24||||all|main grid,LogGamma,45609502175d6d24,all,main grid,present,present,filled,MATCH,generate_reference_values
LogGamma|45afd1e168a2d17c||||all|main grid,LogGamma,45afd1e168a2d17c,all,main grid,present,present,filled,MATCH,generate_reference_values
LogGamma|45fe87b1a575ac9a||||all|main grid,LogGamma,45fe87b1a575ac9a,all,main grid,present,present,filled,MATCH,generate_reference_values
LogGamma|464d4ae425b5af93||||all|main grid,LogGamma,464d4ae425b5af93,all,main grid,present,present,filled,MATCH,generate_reference_values
LogGamma|469c1aee07e8ac15||||all|main grid,LogGamma,469c1aee07e8ac15,all,main grid,present,present,filled,MATCH,generate_reference_values
LogGamma|46eaf74a0bb5fbee||||all|main grid,LogGamma,46eaf74a0bb5fbee,all,main grid,present,present,filled,MATCH,generate_reference_values
LogGamma|4739df78577c3fa9||||all|main grid,LogGamma,4739df78577c3fa9,all,main grid,present,present,filled,MATCH,generate_reference_values
LogGamma|4788d2fe404545c1||||all|main grid,LogGamma,4788d2fe404545c1,all,main grid,present,present,filled,MATCH,generate_reference_values
LogGamma|47d7d16613ff8867||||all|main grid,LogGamma,47d7d16613ff8867,all,main grid,present,present,filled,MATCH,generate_reference_values
LogGamma|4826da3ee5e5aef0||||all|main grid,LogGamma,4826da3ee5e5aef0,all,main grid,present,present,filled,MATCH,generate_reference_values
LogGamma|4875ed1c5cfd747a||||all|main grid,LogGamma,4875ed1c5cfd747a,all,main grid,present,present,filled,MATCH,generate_reference_values
LogGamma|48c5099684984022||||all|main grid,LogGamma,48c5099684984022,all,main grid,present,present,filled,MATCH,generate_reference_values
LogGamma|49142f499ec09c5b||||all|main grid,LogGamma,49142f499ec09c5b,all,main grid,present,present,filled,MATCH,generate_reference_values
LogGamma|49635dd5f88092f6||||all|main grid,LogGamma,49635dd5f88092f6,all,main grid,present,present,filled,MATCH,generate_reference_values
LogGamma|49b294dfbfedc2c5||||all|main grid,LogGamma,49b294dfbfedc2c5,all,main grid,present,present,filled,MATCH,generate_reference_values
LogGamma|4a01d40edbe8caa4||||all|main grid,LogGamma,4a01d40edbe8caa4,all,main grid,present,present,filled,MATCH,generate_reference_values
LogGamma|4a511b0ec57e649a||||all|main grid,LogGamma,4a511b0ec57e649a,all,main grid,present,present,filled,MATCH,generate_reference_values
LogGammaDelta|4004000000000000|3fd0000000000000|||all|delta_seam_study,LogGammaDelta,4004000000000000;3fd0000000000000,all,delta_seam_study,absent,present,filled,GRID_ONLY_EXPECTED,delta_seam_study
LogGammaDelta|4009000000000000|3fd0000000000000|||all|delta_seam_study,LogGammaDelta,4009000000000000;3fd0000000000000,all,delta_seam_study,absent,present,filled,GRID_ONLY_EXPECTED,delta_seam_study
LogGammaDelta|4014000000000000|3fd0000000000000|||all|delta_seam_study,LogGammaDelta,4014000000000000;3fd0000000000000,all,delta_seam_study,absent,present,filled,GRID_ONLY_EXPECTED,delta_seam_study
LogGammaDelta|401c000000000000|3fe6666666666666|||all|delta_seam_study,LogGammaDelta,401c000000000000;3fe6666666666666,all,delta_seam_study,absent,present,filled,GRID_ONLY_EXPECTED,delta_seam_study
LogGammaDelta|4020aaaaaaaaaaab|3fd0000000000000|||all|delta_seam_study,LogGammaDelta,4020aaaaaaaaaaab;3fd0000000000000,all,delta_seam_study,absent,present,filled,GRID_ONLY_EXPECTED,delta_seam_study
LogGammaDelta|4021800000000000|3fe6666666666666|||all|delta_seam_study,LogGammaDelta,4021800000000000;3fe6666666666666,all,delta_seam_study,absent,present,filled,GRID_ONLY_EXPECTED,delta_seam_study
LogGammaDelta|4029000000000000|3fd0000000000000|||all|delta_seam_study,LogGammaDelta,4029000000000000;3fd0000000000000,all,delta_seam_study,absent,present,filled,GRID_ONLY_EXPECTED,delta_seam_study
LogGammaDelta|402a000000000000|3ff4cccccccccccd|||all|delta_seam_study,LogGammaDelta,402a000000000000;3ff4cccccccccccd,all,delta_seam_study,absent,present,filled,GRID_ONLY_EXPECTED,delta_seam_study
LogGammaDelta|402c000000000000|3fe6666666666666|||all|delta_seam_study,LogGammaDelta,402c000000000000;3fe6666666666666,all,delta_seam_study,absent,present,filled,GRID_ONLY_EXPECTED,delta_seam_study
LogGammaDelta|4030400000000000|3ff4cccccccccccd|||all|delta_seam_study,LogGammaDelta,4030400000000000;3ff4cccccccccccd,all,delta_seam_study,absent,present,filled,GRID_ONLY_EXPECTED,delta_seam_study
LogGammaDelta|4037555555555555|3fe6666666666666|||all|delta_seam_study,LogGammaDelta,4037555555555555;3fe6666666666666,all,delta_seam_study,absent,present,filled,GRID_ONLY_EXPECTED,delta_seam_study
LogGammaDelta|4039000000000000|3fd0000000000000|||all|delta_seam_study,LogGammaDelta,4039000000000000;3fd0000000000000,all,delta_seam_study,absent,present,filled,GRID_ONLY_EXPECTED,delta_seam_study
LogGammaDelta|4039000000000000|4004000000000000|||all|delta_seam_study,LogGammaDelta,4039000000000000;4004000000000000,all,delta_seam_study,absent,present,filled,GRID_ONLY_EXPECTED,delta_seam_study
LogGammaDelta|403a000000000000|3ff4cccccccccccd|||all|delta_seam_study,LogGammaDelta,403a000000000000;3ff4cccccccccccd,all,delta_seam_study,absent,present,filled,GRID_ONLY_EXPECTED,delta_seam_study
LogGammaDelta|403f400000000000|4004000000000000|||all|delta_seam_study,LogGammaDelta,403f400000000000;4004000000000000,all,delta_seam_study,absent,present,filled,GRID_ONLY_EXPECTED,delta_seam_study
LogGammaDelta|4041800000000000|3fe6666666666666|||all|delta_seam_study,LogGammaDelta,4041800000000000;3fe6666666666666,all,delta_seam_study,absent,present,filled,GRID_ONLY_EXPECTED,delta_seam_study
LogGammaDelta|4045aaaaaaaaaaab|3ff4cccccccccccd|||all|delta_seam_study,LogGammaDelta,4045aaaaaaaaaaab;3ff4cccccccccccd,all,delta_seam_study,absent,present,filled,GRID_ONLY_EXPECTED,delta_seam_study
LogGammaDelta|4049000000000000|3fd0000000000000|||all|delta_seam_study,LogGammaDelta,4049000000000000;3fd0000000000000,all,delta_seam_study,absent,present,filled,GRID_ONLY_EXPECTED,delta_seam_study
LogGammaDelta|4049000000000000|4004000000000000|||all|delta_seam_study,LogGammaDelta,4049000000000000;4004000000000000,all,delta_seam_study,absent,present,filled,GRID_ONLY_EXPECTED,delta_seam_study
LogGammaDelta|404cc00000000000|4017000000000000|||all|delta_seam_study,LogGammaDelta,404cc00000000000;4017000000000000,all,delta_seam_study,absent,present,filled,GRID_ONLY_EXPECTED,delta_seam_study
LogGammaDelta|4050400000000000|3ff4cccccccccccd|||all|delta_seam_study,LogGammaDelta,4050400000000000;3ff4cccccccccccd,all,delta_seam_study,absent,present,filled,GRID_ONLY_EXPECTED,delta_seam_study
LogGammaDelta|4051800000000000|3fe6666666666666|||all|delta_seam_study,LogGammaDelta,4051800000000000;3fe6666666666666,all,delta_seam_study,absent,present,filled,GRID_ONLY_EXPECTED,delta_seam_study
LogGammaDelta|4051f80000000000|4017000000000000|||all|delta_seam_study,LogGammaDelta,4051f80000000000;4017000000000000,all,delta_seam_study,absent,present,filled,GRID_ONLY_EXPECTED,delta_seam_study
LogGammaDelta|4054d55555555555|4004000000000000|||all|delta_seam_study,LogGammaDelta,4054d55555555555;4004000000000000,all,delta_seam_study,absent,present,filled,GRID_ONLY_EXPECTED,delta_seam_study
LogGammaDelta|4059000000000000|3fd0000000000000|||all|delta_seam_study,LogGammaDelta,4059000000000000;3fd0000000000000,all,delta_seam_study,absent,present,filled,GRID_ONLY_EXPECTED,delta_seam_study
LogGammaDelta|4059000000000000|3fe6666666666666|||all|delta_seam_study,LogGammaDelta,4059000000000000;3fe6666666666666,all,delta_seam_study,absent,present,filled,GRID_ONLY_EXPECTED,delta_seam_study
LogGammaDelta|4059000000000000|3ff4cccccccccccd|||all|delta_seam_study,LogGammaDelta,4059000000000000;3ff4cccccccccccd,all,delta_seam_study,absent,present,filled,GRID_ONLY_EXPECTED,delta_seam_study
LogGammaDelta|4059000000000000|4004000000000000|||all|delta_seam_study,LogGammaDelta,4059000000000000;4004000000000000,all,delta_seam_study,absent,present,filled,GRID_ONLY_EXPECTED,delta_seam_study
LogGammaDelta|4059000000000000|4017000000000000|||all|delta_seam_study,LogGammaDelta,4059000000000000;4017000000000000,all,delta_seam_study,absent,present,filled,GRID_ONLY_EXPECTED,delta_seam_study
LogGammaDelta|4059a00000000000|4024800000000000|||all|delta_seam_study,LogGammaDelta,4059a00000000000;4024800000000000,all,delta_seam_study,absent,present,filled,GRID_ONLY_EXPECTED,delta_seam_study
LogGammaDelta|405cc00000000000|4017000000000000|||all|delta_seam_study,LogGammaDelta,405cc00000000000;4017000000000000,all,delta_seam_study,absent,present,filled,GRID_ONLY_EXPECTED,delta_seam_study
LogGammaDelta|405f400000000000|4004000000000000|||all|delta_seam_study,LogGammaDelta,405f400000000000;4004000000000000,all,delta_seam_study,absent,present,filled,GRID_ONLY_EXPECTED,delta_seam_study
LogGammaDelta|4060040000000000|4024800000000000|||all|delta_seam_study,LogGammaDelta,4060040000000000;4024800000000000,all,delta_seam_study,absent,present,filled,GRID_ONLY_EXPECTED,delta_seam_study
LogGammaDelta|4060400000000000|3ff4cccccccccccd|||all|delta_seam_study,LogGammaDelta,4060400000000000;3ff4cccccccccccd,all,delta_seam_study,absent,present,filled,GRID_ONLY_EXPECTED,delta_seam_study
LogGammaDelta|4061800000000000|3fe6666666666666|||all|delta_seam_study,LogGammaDelta,4061800000000000;3fe6666666666666,all,delta_seam_study,absent,present,filled,GRID_ONLY_EXPECTED,delta_seam_study
LogGammaDelta|4067f55555555555|4017000000000000|||all|delta_seam_study,LogGammaDelta,4067f55555555555;4017000000000000,all,delta_seam_study,absent,present,filled,GRID_ONLY_EXPECTED,delta_seam_study
LogGammaDelta|4069a00000000000|4024800000000000|||all|delta_seam_study,LogGammaDelta,4069a00000000000;4024800000000000,all,delta_seam_study,absent,present,filled,GRID_ONLY_EXPECTED,delta_seam_study
LogGammaDelta|406f400000000000|3fd0000000000000|||all|delta_seam_study,LogGammaDelta,406f400000000000;3fd0000000000000,all,delta_seam_study,absent,present,filled,GRID_ONLY_EXPECTED,delta_seam_study
LogGammaDelta|406f400000000000|4004000000000000|||all|delta_seam_study,LogGammaDelta,406f400000000000;4004000000000000,all,delta_seam_study,absent,present,filled,GRID_ONLY_EXPECTED,delta_seam_study
LogGammaDelta|4070400000000000|3ff4cccccccccccd|||all|delta_seam_study,LogGammaDelta,4070400000000000;3ff4cccccccccccd,all,delta_seam_study,absent,present,filled,GRID_ONLY_EXPECTED,delta_seam_study
LogGammaDelta|4071f80000000000|4017000000000000|||all|delta_seam_study,LogGammaDelta,4071f80000000000;4017000000000000,all,delta_seam_study,absent,present,filled,GRID_ONLY_EXPECTED,delta_seam_study
LogGammaDelta|40755aaaaaaaaaab|4024800000000000|||all|delta_seam_study,LogGammaDelta,40755aaaaaaaaaab;4024800000000000,all,delta_seam_study,absent,present,filled,GRID_ONLY_EXPECTED,delta_seam_study
LogGammaDelta|407f400000000000|4004000000000000|||all|delta_seam_study,LogGammaDelta,407f400000000000;4004000000000000,all,delta_seam_study,absent,present,filled,GRID_ONLY_EXPECTED,delta_seam_study
LogGammaDelta|4080040000000000|4024800000000000|||all|delta_seam_study,LogGammaDelta,4080040000000000;4024800000000000,all,delta_seam_study,absent,present,filled,GRID_ONLY_EXPECTED,delta_seam_study
LogGammaDelta|4081f80000000000|4017000000000000|||all|delta_seam_study,LogGammaDelta,4081f80000000000;4017000000000000,all,delta_seam_study,absent,present,filled,GRID_ONLY_EXPECTED,delta_seam_study
LogGammaDelta|4085e00000000000|3fe6666666666666|||all|delta_seam_study,LogGammaDelta,4085e00000000000;3fe6666666666666,all,delta_seam_study,absent,present,filled,GRID_ONLY_EXPECTED,delta_seam_study
LogGammaDelta|4090040000000000|4024800000000000|||all|delta_seam_study,LogGammaDelta,4090040000000000;4024800000000000,all,delta_seam_study,absent,present,filled,GRID_ONLY_EXPECTED,delta_seam_study
LogGammaDelta|4091f80000000000|4017000000000000|||all|delta_seam_study,LogGammaDelta,4091f80000000000;4017000000000000,all,delta_seam_study,absent,present,filled,GRID_ONLY_EXPECTED,delta_seam_study
LogGammaDelta|4094500000000000|3ff4cccccccccccd|||all|delta_seam_study,LogGammaDelta,4094500000000000;3ff4cccccccccccd,all,delta_seam_study,absent,present,filled,GRID_ONLY_EXPECTED,delta_seam_study
LogGammaDelta|40a0040000000000|4024800000000000|||all|delta_seam_study,LogGammaDelta,40a0040000000000;4024800000000000,all,delta_seam_study,absent,present,filled,GRID_ONLY_EXPECTED,delta_seam_study
LogGammaDelta|40a3880000000000|3fd0000000000000|||all|delta_seam_study,LogGammaDelta,40a3880000000000;3fd0000000000000,all,delta_seam_study,absent,present,filled,GRID_ONLY_EXPECTED,delta_seam_study
LogGammaDelta|40a3880000000000|4004000000000000|||all|delta_seam_study,LogGammaDelta,40a3880000000000;4004000000000000,all,delta_seam_study,absent,present,filled,GRID_ONLY_EXPECTED,delta_seam_study
LogGammaDelta|40b6760000000000|4017000000000000|||all|delta_seam_study,LogGammaDelta,40b6760000000000;4017000000000000,all,delta_seam_study,absent,present,filled,GRID_ONLY_EXPECTED,delta_seam_study
LogGammaDelta|40bb580000000000|3fe6666666666666|||all|delta_seam_study,LogGammaDelta,40bb580000000000;3fe6666666666666,all,delta_seam_study,absent,present,filled,GRID_ONLY_EXPECTED,delta_seam_study
LogGammaDelta|40c3880000000000|3fd0000000000000|||all|delta_seam_study,LogGammaDelta,40c3880000000000;3fd0000000000000,all,delta_seam_study,absent,present,filled,GRID_ONLY_EXPECTED,delta_seam_study
LogGammaDelta|40c3880000000000|3fe6666666666666|||all|delta_seam_study,LogGammaDelta,40c3880000000000;3fe6666666666666,all,delta_seam_study,absent,present,filled,GRID_ONLY_EXPECTED,delta_seam_study
LogGammaDelta|40c3880000000000|3ff4cccccccccccd|||all|delta_seam_study,LogGammaDelta,40c3880000000000;3ff4cccccccccccd,all,delta_seam_study,absent,present,filled,GRID_ONLY_EXPECTED,delta_seam_study
LogGammaDelta|40c3880000000000|4004000000000000|||all|delta_seam_study,LogGammaDelta,40c3880000000000;4004000000000000,all,delta_seam_study,absent,present,filled,GRID_ONLY_EXPECTED,delta_seam_study
LogGammaDelta|40c3880000000000|4017000000000000|||all|delta_seam_study,LogGammaDelta,40c3880000000000;4017000000000000,all,delta_seam_study,absent,present,filled,GRID_ONLY_EXPECTED,delta_seam_study
LogGammaDelta|40c3880000000000|4024800000000000|||all|delta_seam_study,LogGammaDelta,40c3880000000000;4024800000000000,all,delta_seam_study,absent,present,filled,GRID_ONLY_EXPECTED,delta_seam_study
LogGammaDelta|40c4050000000000|4024800000000000|||all|delta_seam_study,LogGammaDelta,40c4050000000000;4024800000000000,all,delta_seam_study,absent,present,filled,GRID_ONLY_EXPECTED,delta_seam_study
LogGammaDelta|40c9640000000000|3ff4cccccccccccd|||all|delta_seam_study,LogGammaDelta,40c9640000000000;3ff4cccccccccccd,all,delta_seam_study,absent,present,filled,GRID_ONLY_EXPECTED,delta_seam_study
LogGammaDelta|40d86a0000000000|4004000000000000|||all|delta_seam_study,LogGammaDelta,40d86a0000000000;4004000000000000,all,delta_seam_study,absent,present,filled,GRID_ONLY_EXPECTED,delta_seam_study
LogGammaDelta|40ec138000000000|4017000000000000|||all|delta_seam_study,LogGammaDelta,40ec138000000000;4017000000000000,all,delta_seam_study,absent,present,filled,GRID_ONLY_EXPECTED,delta_seam_study
LogGammaDelta|40f9064000000000|4024800000000000|||all|delta_seam_study,LogGammaDelta,40f9064000000000;4024800000000000,all,delta_seam_study,absent,present,filled,GRID_ONLY_EXPECTED,delta_seam_study
LogGammaDelta|410e848000000000|3fd0000000000000|||all|delta_seam_study,LogGammaDelta,410e848000000000;3fd0000000000000,all,delta_seam_study,absent,present,filled,GRID_ONLY_EXPECTED,delta_seam_study
LogGammaDelta|41255cc000000000|3fe6666666666666|||all|delta_seam_study,LogGammaDelta,41255cc000000000;3fe6666666666666,all,delta_seam_study,absent,present,filled,GRID_ONLY_EXPECTED,delta_seam_study
LogGammaDelta|4133d62000000000|3ff4cccccccccccd|||all|delta_seam_study,LogGammaDelta,4133d62000000000;3ff4cccccccccccd,all,delta_seam_study,absent,present,filled,GRID_ONLY_EXPECTED,delta_seam_study
LogGammaDelta|414312d000000000|4004000000000000|||all|delta_seam_study,LogGammaDelta,414312d000000000;4004000000000000,all,delta_seam_study,absent,present,filled,GRID_ONLY_EXPECTED,delta_seam_study
LogGammaDelta|4155ef3c00000000|4017000000000000|||all|delta_seam_study,LogGammaDelta,4155ef3c00000000;4017000000000000,all,delta_seam_study,absent,present,filled,GRID_ONLY_EXPECTED,delta_seam_study
LogGammaDelta|41638ce200000000|4024800000000000|||all|delta_seam_study,LogGammaDelta,41638ce200000000;4024800000000000,all,delta_seam_study,absent,present,filled,GRID_ONLY_EXPECTED,delta_seam_study
LogGammaDelta|4177d78400000000|3fd0000000000000|||all|delta_seam_study,LogGammaDelta,4177d78400000000;3fd0000000000000,all,delta_seam_study,absent,present,filled,GRID_ONLY_EXPECTED,delta_seam_study
LogGammaDelta|4190b07600000000|3fe6666666666666|||all|delta_seam_study,LogGammaDelta,4190b07600000000;3fe6666666666666,all,delta_seam_study,absent,present,filled,GRID_ONLY_EXPECTED,delta_seam_study
LogGammaDelta|4197d78400000000|3fd0000000000000|||all|delta_seam_study,LogGammaDelta,4197d78400000000;3fd0000000000000,all,delta_seam_study,absent,present,filled,GRID_ONLY_EXPECTED,delta_seam_study
LogGammaDelta|4197d78400000000|3fe6666666666666|||all|delta_seam_study,LogGammaDelta,4197d78400000000;3fe6666666666666,all,delta_seam_study,absent,present,filled,GRID_ONLY_EXPECTED,delta_seam_study
LogGammaDelta|4197d78400000000|3ff4cccccccccccd|||all|delta_seam_study,LogGammaDelta,4197d78400000000;3ff4cccccccccccd,all,delta_seam_study,absent,present,filled,GRID_ONLY_EXPECTED,delta_seam_study
LogGammaDelta|4197d78400000000|4004000000000000|||all|delta_seam_study,LogGammaDelta,4197d78400000000;4004000000000000,all,delta_seam_study,absent,present,filled,GRID_ONLY_EXPECTED,delta_seam_study
LogGammaDelta|4197d78400000000|4017000000000000|||all|delta_seam_study,LogGammaDelta,4197d78400000000;4017000000000000,all,delta_seam_study,absent,present,filled,GRID_ONLY_EXPECTED,delta_seam_study
LogGammaDelta|4197d78400000000|4024800000000000|||all|delta_seam_study,LogGammaDelta,4197d78400000000;4024800000000000,all,delta_seam_study,absent,present,filled,GRID_ONLY_EXPECTED,delta_seam_study
LogGammaDelta|419efe9200000000|3ff4cccccccccccd|||all|delta_seam_study,LogGammaDelta,419efe9200000000;3ff4cccccccccccd,all,delta_seam_study,absent,present,filled,GRID_ONLY_EXPECTED,delta_seam_study
LogGammaDelta|41adcd6500000000|4004000000000000|||all|delta_seam_study,LogGammaDelta,41adcd6500000000;4004000000000000,all,delta_seam_study,absent,present,filled,GRID_ONLY_EXPECTED,delta_seam_study
LogGammaDelta|41c122e6e0000000|4017000000000000|||all|delta_seam_study,LogGammaDelta,41c122e6e0000000;4017000000000000,all,delta_seam_study,absent,present,filled,GRID_ONLY_EXPECTED,delta_seam_study
LogGammaDelta|41ce8c2120000000|4024800000000000|||all|delta_seam_study,LogGammaDelta,41ce8c2120000000;4024800000000000,all,delta_seam_study,absent,present,filled,GRID_ONLY_EXPECTED,delta_seam_study
LogGammaDelta|41e2a05f20000000|3fd0000000000000|||all|delta_seam_study,LogGammaDelta,41e2a05f20000000;3fd0000000000000,all,delta_seam_study,absent,present,filled,GRID_ONLY_EXPECTED,delta_seam_study
LogGammaDelta|41fa13b860000000|3fe6666666666666|||all|delta_seam_study,LogGammaDelta,41fa13b860000000;3fe6666666666666,all,delta_seam_study,absent,present,filled,GRID_ONLY_EXPECTED,delta_seam_study
LogGammaDelta|420836e210000000|3ff4cccccccccccd|||all|delta_seam_study,LogGammaDelta,420836e210000000;3ff4cccccccccccd,all,delta_seam_study,absent,present,filled,GRID_ONLY_EXPECTED,delta_seam_study
LogGammaDelta|42174876e8000000|4004000000000000|||all|delta_seam_study,LogGammaDelta,42174876e8000000;4004000000000000,all,delta_seam_study,absent,present,filled,GRID_ONLY_EXPECTED,delta_seam_study
LogGammaDelta|422ac688be000000|4017000000000000|||all|delta_seam_study,LogGammaDelta,422ac688be000000;4017000000000000,all,delta_seam_study,absent,present,filled,GRID_ONLY_EXPECTED,delta_seam_study
LogGammaDelta|4237dd79e1000000|4024800000000000|||all|delta_seam_study,LogGammaDelta,4237dd79e1000000;4024800000000000,all,delta_seam_study,absent,present,filled,GRID_ONLY_EXPECTED,delta_seam_study
LogGammaDelta|424d1a94a2000000|3fd0000000000000|||all|delta_seam_study,LogGammaDelta,424d1a94a2000000;3fd0000000000000,all,delta_seam_study,absent,present,filled,GRID_ONLY_EXPECTED,delta_seam_study
LogGammaDelta|42645f680b000000|3fe6666666666666|||all|delta_seam_study,LogGammaDelta,42645f680b000000;3fe6666666666666,all,delta_seam_study,absent,present,filled,GRID_ONLY_EXPECTED,delta_seam_study
LogGammaDelta|426d1a94a2000000|3fd0000000000000|||all|delta_seam_study,LogGammaDelta,426d1a94a2000000;3fd0000000000000,all,delta_seam_study,absent,present,filled,GRID_ONLY_EXPECTED,delta_seam_study
LogGammaDelta|426d1a94a2000000|3fe6666666666666|||all|delta_seam_study,LogGammaDelta,426d1a94a2000000;3fe6666666666666,all,delta_seam_study,absent,present,filled,GRID_ONLY_EXPECTED,delta_seam_study
LogGammaDelta|426d1a94a2000000|3ff4cccccccccccd|||all|delta_seam_study,LogGammaDelta,426d1a94a2000000;3ff4cccccccccccd,all,delta_seam_study,absent,present,filled,GRID_ONLY_EXPECTED,delta_seam_study
LogGammaDelta|426d1a94a2000000|4004000000000000|||all|delta_seam_study,LogGammaDelta,426d1a94a2000000;4004000000000000,all,delta_seam_study,absent,present,filled,GRID_ONLY_EXPECTED,delta_seam_study
LogGammaDelta|426d1a94a2000000|4017000000000000|||all|delta_seam_study,LogGammaDelta,426d1a94a2000000;4017000000000000,all,delta_seam_study,absent,present,filled,GRID_ONLY_EXPECTED,delta_seam_study
LogGammaDelta|426d1a94a2000000|4024800000000000|||all|delta_seam_study,LogGammaDelta,426d1a94a2000000;4024800000000000,all,delta_seam_study,absent,present,filled,GRID_ONLY_EXPECTED,delta_seam_study
LogGammaDelta|4272eae09c800000|3ff4cccccccccccd|||all|delta_seam_study,LogGammaDelta,4272eae09c800000;3ff4cccccccccccd,all,delta_seam_study,absent,present,filled,GRID_ONLY_EXPECTED,delta_seam_study
LogGammaDelta|4282309ce5400000|4004000000000000|||all|delta_seam_study,LogGammaDelta,4282309ce5400000;4004000000000000,all,delta_seam_study,absent,present,filled,GRID_ONLY_EXPECTED,delta_seam_study
LogGammaDelta|4294eb1ad4700000|4017000000000000|||all|delta_seam_study,LogGammaDelta,4294eb1ad4700000;4017000000000000,all,delta_seam_study,absent,present,filled,GRID_ONLY_EXPECTED,delta_seam_study
LogGammaDelta|42a2a50737c80000|4024800000000000|||all|delta_seam_study,LogGammaDelta,42a2a50737c80000;4024800000000000,all,delta_seam_study,absent,present,filled,GRID_ONLY_EXPECTED,delta_seam_study
LogGammaDelta|42ec6bf526340000|3fd0000000000000|||all|delta_seam_study,LogGammaDelta,42ec6bf526340000;3fd0000000000000,all,delta_seam_study,absent,present,filled,GRID_ONLY_EXPECTED,delta_seam_study
LogGammaDelta|4303e52b9abe0000|3fe6666666666666|||all|delta_seam_study,LogGammaDelta,4303e52b9abe0000;3fe6666666666666,all,delta_seam_study,absent,present,filled,GRID_ONLY_EXPECTED,delta_seam_study
LogGammaDelta|4312795f58d50000|3ff4cccccccccccd|||all|delta_seam_study,LogGammaDelta,4312795f58d50000;3ff4cccccccccccd,all,delta_seam_study,absent,present,filled,GRID_ONLY_EXPECTED,delta_seam_study
LogGammaDelta|4321c37937e08000|4004000000000000|||all|delta_seam_study,LogGammaDelta,4321c37937e08000;4004000000000000,all,delta_seam_study,absent,present,filled,GRID_ONLY_EXPECTED,delta_seam_study
LogGammaDelta|43346d9833756000|4017000000000000|||all|delta_seam_study,LogGammaDelta,43346d9833756000;4017000000000000,all,delta_seam_study,absent,present,filled,GRID_ONLY_EXPECTED,delta_seam_study
LogGammaDelta|434235290c795000|4024800000000000|||all|delta_seam_study,LogGammaDelta,434235290c795000;4024800000000000,all,delta_seam_study,absent,present,filled,GRID_ONLY_EXPECTED,delta_seam_study
LogGammaDelta|438bc16d674ec800|3fd0000000000000|||all|delta_seam_study,LogGammaDelta,438bc16d674ec800;3fd0000000000000,all,delta_seam_study,absent,present,filled,GRID_ONLY_EXPECTED,delta_seam_study
LogGammaDelta|43a36dcc951d8c00|3fe6666666666666|||all|delta_seam_study,LogGammaDelta,43a36dcc951d8c00;3fe6666666666666,all,delta_seam_study,absent,present,filled,GRID_ONLY_EXPECTED,delta_seam_study
LogGammaDelta|43b20a871cc00200|3ff4cccccccccccd|||all|delta_seam_study,LogGammaDelta,43b20a871cc00200;3ff4cccccccccccd,all,delta_seam_study,absent,present,filled,GRID_ONLY_EXPECTED,delta_seam_study
LogGammaDelta|43c158e460913d00|4004000000000000|||all|delta_seam_study,LogGammaDelta,43c158e460913d00;4004000000000000,all,delta_seam_study,absent,present,filled,GRID_ONLY_EXPECTED,delta_seam_study
LogGammaDelta|43d3f306a2409fc0|4017000000000000|||all|delta_seam_study,LogGammaDelta,43d3f306a2409fc0;4017000000000000,all,delta_seam_study,absent,present,filled,GRID_ONLY_EXPECTED,delta_seam_study
LogGammaDelta|43e1c7ea162e7820|4024800000000000|||all|delta_seam_study,LogGammaDelta,43e1c7ea162e7820;4024800000000000,all,delta_seam_study,absent,present,filled,GRID_ONLY_EXPECTED,delta_seam_study
LogGammaDelta|4415af1d78b58c40|3fd0000000000000|||all|delta_seam_study,LogGammaDelta,4415af1d78b58c40;3fd0000000000000,all,delta_seam_study,absent,present,filled,GRID_ONLY_EXPECTED,delta_seam_study
LogGammaDelta|4415af1d78b58c40|3fe6666666666666|||all|delta_seam_study,LogGammaDelta,4415af1d78b58c40;3fe6666666666666,all,delta_seam_study,absent,present,filled,GRID_ONLY_EXPECTED,delta_seam_study
LogGammaDelta|4415af1d78b58c40|3ff4cccccccccccd|||all|delta_seam_study,LogGammaDelta,4415af1d78b58c40;3ff4cccccccccccd,all,delta_seam_study,absent,present,filled,GRID_ONLY_EXPECTED,delta_seam_study
LogGammaDelta|4415af1d78b58c40|4004000000000000|||all|delta_seam_study,LogGammaDelta,4415af1d78b58c40;4004000000000000,all,delta_seam_study,absent,present,filled,GRID_ONLY_EXPECTED,delta_seam_study
LogGammaDelta|4415af1d78b58c40|4017000000000000|||all|delta_seam_study,LogGammaDelta,4415af1d78b58c40;4017000000000000,all,delta_seam_study,absent,present,filled,GRID_ONLY_EXPECTED,delta_seam_study
LogGammaDelta|4415af1d78b58c40|4024800000000000|||all|delta_seam_study,LogGammaDelta,4415af1d78b58c40;4024800000000000,all,delta_seam_study,absent,present,filled,GRID_ONLY_EXPECTED,delta_seam_study
LogGammaDelta|4a511b0ec57e649a|3fd0000000000000|||all|delta_seam_study,LogGammaDelta,4a511b0ec57e649a;3fd0000000000000,all,delta_seam_study,absent,present,filled,GRID_ONLY_EXPECTED,delta_seam_study
LogGammaDelta|4a511b0ec57e649a|3fe6666666666666|||all|delta_seam_study,LogGammaDelta,4a511b0ec57e649a;3fe6666666666666,all,delta_seam_study,absent,present,filled,GRID_ONLY_EXPECTED,delta_seam_study
LogGammaDelta|4a511b0ec57e649a|3ff4cccccccccccd|||all|delta_seam_study,LogGammaDelta,4a511b0ec57e649a;3ff4cccccccccccd,all,delta_seam_study,absent,present,filled,GRID_ONLY_EXPECTED,delta_seam_study
LogGammaDelta|4a511b0ec57e649a|4004000000000000|||all|delta_seam_study,LogGammaDelta,4a511b0ec57e649a;4004000000000000,all,delta_seam_study,absent,present,filled,GRID_ONLY_EXPECTED,delta_seam_study
LogGammaDelta|4a511b0ec57e649a|4017000000000000|||all|delta_seam_study,LogGammaDelta,4a511b0ec57e649a;4017000000000000,all,delta_seam_study,absent,present,filled,GRID_ONLY_EXPECTED,delta_seam_study
LogGammaDelta|4a511b0ec57e649a|4024800000000000|||all|delta_seam_study,LogGammaDelta,4a511b0ec57e649a;4024800000000000,all,delta_seam_study,absent,present,filled,GRID_ONLY_EXPECTED,delta_seam_study
LogGammaHalfDiff|3eb0c6f7a0b5ed8d||||all|main grid,LogGammaHalfDiff,3eb0c6f7a0b5ed8d,all,main grid,present,present,filled,MATCH,generate_reference_values
LogGammaHalfDiff|3ed18336ee1b62b6||||all|main grid,LogGammaHalfDiff,3ed18336ee1b62b6,all,main grid,present,present,filled,MATCH,generate_reference_values
LogGammaHalfDiff|3ef247b671c470ed||||all|main grid,LogGammaHalfDiff,3ef247b671c470ed,all,main grid,present,present,filled,MATCH,generate_reference_values
LogGammaHalfDiff|3f1314d2bf94861e||||all|main grid,LogGammaHalfDiff,3f1314d2bf94861e,all,main grid,present,present,filled,MATCH,generate_reference_values
LogGammaHalfDiff|3f33eaec7a3192f5||||all|main grid,LogGammaHalfDiff,3f33eaec7a3192f5,all,main grid,present,present,filled,MATCH,generate_reference_values
LogGammaHalfDiff|3f54ca68808b5afb||||all|main grid,LogGammaHalfDiff,3f54ca68808b5afb,all,main grid,present,present,filled,MATCH,generate_reference_values
LogGammaHalfDiff|3f75b3b01d619e1c||||all|main grid,LogGammaHalfDiff,3f75b3b01d619e1c,all,main grid,present,present,filled,MATCH,generate_reference_values
LogGammaHalfDiff|3f96a73138df7f89||||all|main grid,LogGammaHalfDiff,3f96a73138df7f89,all,main grid,present,present,filled,MATCH,generate_reference_values
LogGammaHalfDiff|3fb7a55e8c63891f||||all|main grid,LogGammaHalfDiff,3fb7a55e8c63891f,all,main grid,present,present,filled,MATCH,generate_reference_values
LogGammaHalfDiff|3fd8aeafd88cb0b7||||all|main grid,LogGammaHalfDiff,3fd8aeafd88cb0b7,all,main grid,present,present,filled,MATCH,generate_reference_values
LogGammaHalfDiff|3ff9c3a21da5d692||||all|main grid,LogGammaHalfDiff,3ff9c3a21da5d692,all,main grid,present,present,filled,MATCH,generate_reference_values
LogGammaHalfDiff|401ae4b7d68a51b1||||all|main grid,LogGammaHalfDiff,401ae4b7d68a51b1,all,main grid,present,present,filled,MATCH,generate_reference_values
LogGammaHalfDiff|403c1279361f4945||||all|main grid,LogGammaHalfDiff,403c1279361f4945,all,main grid,present,present,filled,MATCH,generate_reference_values
LogGammaHalfDiff|405d4d74677ed1a8||||all|main grid,LogGammaHalfDiff,405d4d74677ed1a8,all,main grid,present,present,filled,MATCH,generate_reference_values
LogGammaHalfDiff|407e963dd0f30851||||all|main grid,LogGammaHalfDiff,407e963dd0f30851,all,main grid,present,present,filled,MATCH,generate_reference_values
LogGammaHalfDiff|409fed7059e0bd69||||all|main grid,LogGammaHalfDiff,409fed7059e0bd69,all,main grid,present,present,filled,MATCH,generate_reference_values
LogGammaHalfDiff|40c0a9d6d9e14de1||||all|main grid,LogGammaHalfDiff,40c0a9d6d9e14de1,all,main grid,present,present,filled,MATCH,generate_reference_values
LogGammaHalfDiff|40e164cf532b98bc||||all|main grid,LogGammaHalfDiff,40e164cf532b98bc,all,main grid,present,present,filled,MATCH,generate_reference_values
LogGammaHalfDiff|410227f9af92debc||||all|main grid,LogGammaHalfDiff,410227f9af92debc,all,main grid,present,present,filled,MATCH,generate_reference_values
LogGammaHalfDiff|4122f3b1e23f9c5b||||all|main grid,LogGammaHalfDiff,4122f3b1e23f9c5b,all,main grid,present,present,filled,MATCH,generate_reference_values
LogGammaHalfDiff|4143c857e6115b2c||||all|main grid,LogGammaHalfDiff,4143c857e6115b2c,all,main grid,present,present,filled,MATCH,generate_reference_values
LogGammaHalfDiff|4164a64fead6f669||||all|main grid,LogGammaHalfDiff,4164a64fead6f669,all,main grid,present,present,filled,MATCH,generate_reference_values
LogGammaHalfDiff|41858e02848241fe||||all|main grid,LogGammaHalfDiff,41858e02848241fe,all,main grid,present,present,filled,MATCH,generate_reference_values
LogGammaHalfDiff|41a67fdcdc6d5125||||all|main grid,LogGammaHalfDiff,41a67fdcdc6d5125,all,main grid,present,present,filled,MATCH,generate_reference_values
LogGammaHalfDiff|41c77c50e4c8932b||||all|main grid,LogGammaHalfDiff,41c77c50e4c8932b,all,main grid,present,present,filled,MATCH,generate_reference_values
LogGammaHalfDiff|41e883d58e4a0161||||all|main grid,LogGammaHalfDiff,41e883d58e4a0161,all,main grid,present,present,filled,MATCH,generate_reference_values
LogGammaHalfDiff|420996e70036a939||||all|main grid,LogGammaHalfDiff,420996e70036a939,all,main grid,present,present,filled,MATCH,generate_reference_values
LogGammaHalfDiff|422ab606d2e0f93d||||all|main grid,LogGammaHalfDiff,422ab606d2e0f93d,all,main grid,present,present,filled,MATCH,generate_reference_values
LogGammaHalfDiff|424be1bc4cb75fd0||||all|main grid,LogGammaHalfDiff,424be1bc4cb75fd0,all,main grid,present,present,filled,MATCH,generate_reference_values
LogGammaHalfDiff|426d1a94a2000000||||all|main grid,LogGammaHalfDiff,426d1a94a2000000,all,main grid,present,present,filled,MATCH,generate_reference_values
Lognormal_Cumulative|3fe0000000000000|0000000000000000|3ff0000000000000||all|main grid,Lognormal_Cumulative,3fe0000000000000;0000000000000000;3ff0000000000000,all,main grid,present,present,filled,MATCH,generate_reference_values
Lognormal_Cumulative|3ff0000000000000|0000000000000000|3ff0000000000000||all|main grid,Lognormal_Cumulative,3ff0000000000000;0000000000000000;3ff0000000000000,all,main grid,present,present,filled,MATCH,generate_reference_values
Lognormal_Cumulative|4000000000000000|3fe0000000000000|3fd0000000000000||all|main grid,Lognormal_Cumulative,4000000000000000;3fe0000000000000;3fd0000000000000,all,main grid,present,present,filled,MATCH,generate_reference_values
Lognormal_Density|36ea8c1f14e2af5d|0000000000000000|4004000000000000||all|main grid,Lognormal_Density,36ea8c1f14e2af5d;0000000000000000;4004000000000000,all,main grid,present,present,filled,MATCH,generate_reference_values
Lognormal_Density|3fe0000000000000|0000000000000000|3ff0000000000000||all|main grid,Lognormal_Density,3fe0000000000000;0000000000000000;3ff0000000000000,all,main grid,present,present,filled,MATCH,generate_reference_values
Lognormal_Density|3ff0000000000000|0000000000000000|3ff0000000000000||all|main grid,Lognormal_Density,3ff0000000000000;0000000000000000;3ff0000000000000,all,main grid,present,present,filled,MATCH,generate_reference_values
Lognormal_Density|4000000000000000|3fe0000000000000|3fd0000000000000||all|main grid,Lognormal_Density,4000000000000000;3fe0000000000000;3fd0000000000000,all,main grid,present,present,filled,MATCH,generate_reference_values
Lognormal_InverseCumulative|3f9999999999999a|0000000000000000|3ff0000000000000||all|main grid,Lognormal_InverseCumulative,3f9999999999999a;0000000000000000;3ff0000000000000,all,main grid,present,present,filled,MATCH,generate_reference_values
Lognormal_InverseCumulative|3fe0000000000000|0000000000000000|3ff0000000000000||all|main grid,Lognormal_InverseCumulative,3fe0000000000000;0000000000000000;3ff0000000000000,all,main grid,present,present,filled,MATCH,generate_reference_values
Lognormal_InverseSurvival|01a56e1fc2f8f359|0000000000000000|3ff0000000000000||deep_tail|main grid,Lognormal_InverseSurvival,01a56e1fc2f8f359;0000000000000000;3ff0000000000000,deep_tail,main grid,present,present,filled,REFERENCE_DIFFERENCE,generate_reference_values
Lognormal_InverseSurvival|01a56e1fc2f8f359|3ff0000000000000|3fe0000000000000||deep_tail|main grid,Lognormal_InverseSurvival,01a56e1fc2f8f359;3ff0000000000000;3fe0000000000000,deep_tail,main grid,present,present,filled,REFERENCE_DIFFERENCE,generate_reference_values
Lognormal_InverseSurvival|16687e92154ef7ac|0000000000000000|3ff0000000000000||deep_tail|main grid,Lognormal_InverseSurvival,16687e92154ef7ac;0000000000000000;3ff0000000000000,deep_tail,main grid,present,present,filled,REFERENCE_DIFFERENCE,generate_reference_values
Lognormal_InverseSurvival|16687e92154ef7ac|3ff0000000000000|3fe0000000000000||deep_tail|main grid,Lognormal_InverseSurvival,16687e92154ef7ac;3ff0000000000000;3fe0000000000000,deep_tail,main grid,present,present,filled,REFERENCE_DIFFERENCE,generate_reference_values
Lognormal_InverseSurvival|2b2bff2ee48e0530|0000000000000000|3ff0000000000000||deep_tail|main grid,Lognormal_InverseSurvival,2b2bff2ee48e0530;0000000000000000;3ff0000000000000,deep_tail,main grid,present,present,filled,REFERENCE_DIFFERENCE,generate_reference_values
Lognormal_InverseSurvival|2b2bff2ee48e0530|3ff0000000000000|3fe0000000000000||deep_tail|main grid,Lognormal_InverseSurvival,2b2bff2ee48e0530;3ff0000000000000;3fe0000000000000,deep_tail,main grid,present,present,filled,REFERENCE_DIFFERENCE,generate_reference_values
Lognormal_InverseSurvival|358dee7a4ad4b81f|0000000000000000|3ff0000000000000||deep_tail|main grid,Lognormal_InverseSurvival,358dee7a4ad4b81f;0000000000000000;3ff0000000000000,deep_tail,main grid,present,present,filled,REFERENCE_DIFFERENCE,generate_reference_values
Lognormal_InverseSurvival|358dee7a4ad4b81f|3ff0000000000000|3fe0000000000000||deep_tail|main grid,Lognormal_InverseSurvival,358dee7a4ad4b81f;3ff0000000000000;3fe0000000000000,deep_tail,main grid,present,present,filled,REFERENCE_DIFFERENCE,generate_reference_values
Lognormal_InverseSurvival|39b4484bfeebc2a0|0000000000000000|3ff0000000000000||deep_tail|main grid,Lognormal_InverseSurvival,39b4484bfeebc2a0;0000000000000000;3ff0000000000000,deep_tail,main grid,present,present,filled,REFERENCE_DIFFERENCE,generate_reference_values
Lognormal_InverseSurvival|39b4484bfeebc2a0|3ff0000000000000|3fe0000000000000||deep_tail|main grid,Lognormal_InverseSurvival,39b4484bfeebc2a0;3ff0000000000000;3fe0000000000000,deep_tail,main grid,present,present,filled,REFERENCE_DIFFERENCE,generate_reference_values
Lognormal_InverseSurvival|3c32725dd1d243ac|0000000000000000|3ff0000000000000||deep_tail|main grid,Lognormal_InverseSurvival,3c32725dd1d243ac;0000000000000000;3ff0000000000000,deep_tail,main grid,present,present,filled,REFERENCE_DIFFERENCE,generate_reference_values
Lognormal_InverseSurvival|3c32725dd1d243ac|3ff0000000000000|3fe0000000000000||deep_tail|main grid,Lognormal_InverseSurvival,3c32725dd1d243ac;3ff0000000000000;3fe0000000000000,deep_tail,main grid,present,present,filled,REFERENCE_DIFFERENCE,generate_reference_values
Lognormal_InverseSurvival|3cd203af9ee75616|0000000000000000|3ff0000000000000||deep_tail|main grid,Lognormal_InverseSurvival,3cd203af9ee75616;0000000000000000;3ff0000000000000,deep_tail,main grid,present,present,filled,REFERENCE_DIFFERENCE,generate_reference_values
Lognormal_InverseSurvival|3cd203af9ee75616|3ff0000000000000|3fe0000000000000||deep_tail|main grid,Lognormal_InverseSurvival,3cd203af9ee75616;3ff0000000000000;3fe0000000000000,deep_tail,main grid,present,present,filled,REFERENCE_DIFFERENCE,generate_reference_values
Lognormal_InverseSurvival|3d719799812dea11|0000000000000000|3ff0000000000000||deep_tail|main grid,Lognormal_InverseSurvival,3d719799812dea11;0000000000000000;3ff0000000000000,deep_tail,main grid,present,absent,,GENERATOR_ONLY_UNEXPLAINED,generate_reference_values
Lognormal_InverseSurvival|3d719799812dea11|0000000000000000|3ff0000000000000||split_boundary|main grid,Lognormal_InverseSurvival,3d719799812dea11;0000000000000000;3ff0000000000000,split_boundary,main grid,absent,present,filled,GRID_ONLY_UNEXPLAINED,
Lognormal_InverseSurvival|3d719799812dea11|3ff0000000000000|3fe0000000000000||deep_tail|main grid,Lognormal_InverseSurvival,3d719799812dea11;3ff0000000000000;3fe0000000000000,deep_tail,main grid,present,absent,,GENERATOR_ONLY_UNEXPLAINED,generate_reference_values
Lognormal_InverseSurvival|3d719799812dea11|3ff0000000000000|3fe0000000000000||split_boundary|main grid,Lognormal_InverseSurvival,3d719799812dea11;3ff0000000000000;3fe0000000000000,split_boundary,main grid,absent,present,filled,GRID_ONLY_UNEXPLAINED,
Lognormal_InverseSurvival|3f9999999999999a|0000000000000000|3ff0000000000000||all|main grid,Lognormal_InverseSurvival,3f9999999999999a;0000000000000000;3ff0000000000000,all,main grid,present,present,filled,MATCH,generate_reference_values
Lognormal_InverseSurvival|3fe0000000000000|0000000000000000|3ff0000000000000||all|main grid,Lognormal_InverseSurvival,3fe0000000000000;0000000000000000;3ff0000000000000,all,main grid,present,present,filled,MATCH,generate_reference_values
Lognormal_Mean|0000000000000000|3ff0000000000000|||all|main grid,Lognormal_Mean,0000000000000000;3ff0000000000000,all,main grid,present,present,filled,MATCH,generate_reference_values
Lognormal_Mean|3fe0000000000000|3fd0000000000000|||all|main grid,Lognormal_Mean,3fe0000000000000;3fd0000000000000,all,main grid,present,present,filled,MATCH,generate_reference_values
Lognormal_ParametersFromMeanStdDev|3ff0000000000000|3fb999999999999a|||param_meanlog|density_helpers,Lognormal_ParametersFromMeanStdDev,3ff0000000000000;3fb999999999999a,param_meanlog,density_helpers,absent,present,filled,GRID_ONLY_EXPECTED,density_helpers
Lognormal_ParametersFromMeanStdDev|3ff0000000000000|3fb999999999999a|||param_stddevlog|density_helpers,Lognormal_ParametersFromMeanStdDev,3ff0000000000000;3fb999999999999a,param_stddevlog,density_helpers,absent,present,filled,GRID_ONLY_EXPECTED,density_helpers
Lognormal_ParametersFromMeanStdDev|4000000000000000|3fe0000000000000|||param_meanlog|density_helpers,Lognormal_ParametersFromMeanStdDev,4000000000000000;3fe0000000000000,param_meanlog,density_helpers,absent,present,filled,GRID_ONLY_EXPECTED,density_helpers
Lognormal_ParametersFromMeanStdDev|4000000000000000|3fe0000000000000|||param_stddevlog|density_helpers,Lognormal_ParametersFromMeanStdDev,4000000000000000;3fe0000000000000,param_stddevlog,density_helpers,absent,present,filled,GRID_ONLY_EXPECTED,density_helpers
Lognormal_ParametersFromMeanStdDev|4014000000000000|4014000000000000|||param_meanlog|density_helpers,Lognormal_ParametersFromMeanStdDev,4014000000000000;4014000000000000,param_meanlog,density_helpers,absent,present,filled,GRID_ONLY_EXPECTED,density_helpers
Lognormal_ParametersFromMeanStdDev|4014000000000000|4014000000000000|||param_stddevlog|density_helpers,Lognormal_ParametersFromMeanStdDev,4014000000000000;4014000000000000,param_stddevlog,density_helpers,absent,present,filled,GRID_ONLY_EXPECTED,density_helpers
Lognormal_ParametersFromMeanStdDev|4024000000000000|4008000000000000|||param_meanlog|density_helpers,Lognormal_ParametersFromMeanStdDev,4024000000000000;4008000000000000,param_meanlog,density_helpers,absent,present,filled,GRID_ONLY_EXPECTED,density_helpers
Lognormal_ParametersFromMeanStdDev|4024000000000000|4008000000000000|||param_stddevlog|density_helpers,Lognormal_ParametersFromMeanStdDev,4024000000000000;4008000000000000,param_stddevlog,density_helpers,absent,present,filled,GRID_ONLY_EXPECTED,density_helpers
Lognormal_ParametersFromMeanStdDev|4059000000000000|4049000000000000|||param_meanlog|density_helpers,Lognormal_ParametersFromMeanStdDev,4059000000000000;4049000000000000,param_meanlog,density_helpers,absent,present,filled,GRID_ONLY_EXPECTED,density_helpers
Lognormal_ParametersFromMeanStdDev|4059000000000000|4049000000000000|||param_stddevlog|density_helpers,Lognormal_ParametersFromMeanStdDev,4059000000000000;4049000000000000,param_stddevlog,density_helpers,absent,present,filled,GRID_ONLY_EXPECTED,density_helpers
Lognormal_StdDev|0000000000000000|3ff0000000000000|||all|main grid,Lognormal_StdDev,0000000000000000;3ff0000000000000,all,main grid,present,present,filled,MATCH,generate_reference_values
Lognormal_StdDev|3fe0000000000000|3fd0000000000000|||all|main grid,Lognormal_StdDev,3fe0000000000000;3fd0000000000000,all,main grid,present,present,filled,MATCH,generate_reference_values
Lognormal_Survival|3fe0000000000000|0000000000000000|3ff0000000000000||all|main grid,Lognormal_Survival,3fe0000000000000;0000000000000000;3ff0000000000000,all,main grid,present,present,filled,MATCH,generate_reference_values
Lognormal_Survival|3ff0000000000000|0000000000000000|3ff0000000000000||all|main grid,Lognormal_Survival,3ff0000000000000;0000000000000000;3ff0000000000000,all,main grid,present,present,filled,MATCH,generate_reference_values
Lognormal_Survival|4000000000000000|3fe0000000000000|3fd0000000000000||all|main grid,Lognormal_Survival,4000000000000000;3fe0000000000000;3fd0000000000000,all,main grid,present,present,filled,MATCH,generate_reference_values
Lognormal_Variance|0000000000000000|3ff0000000000000|||all|main grid,Lognormal_Variance,0000000000000000;3ff0000000000000,all,main grid,present,present,filled,MATCH,generate_reference_values
Lognormal_Variance|3fe0000000000000|3fd0000000000000|||all|main grid,Lognormal_Variance,3fe0000000000000;3fd0000000000000,all,main grid,present,present,filled,MATCH,generate_reference_values
NegativeBinomial_Cumulative|0000000000000000|3ff0000000000000|3feb333333333333||all|main grid,NegativeBinomial_Cumulative,0000000000000000;3ff0000000000000;3feb333333333333,all,main grid,present,present,filled,REFERENCE_DIFFERENCE,generate_reference_values
NegativeBinomial_Cumulative|0000000000000000|4014000000000000|3feb333333333333||all|main grid,NegativeBinomial_Cumulative,0000000000000000;4014000000000000;3feb333333333333,all,main grid,present,present,filled,REFERENCE_DIFFERENCE,generate_reference_values
NegativeBinomial_Cumulative|3ff0000000000000|3ff0000000000000|3fe0000000000000||all|main grid,NegativeBinomial_Cumulative,3ff0000000000000;3ff0000000000000;3fe0000000000000,all,main grid,present,present,filled,MATCH,generate_reference_values
NegativeBinomial_Cumulative|3ff0000000000000|3ff0000000000000|3feb333333333333||all|main grid,NegativeBinomial_Cumulative,3ff0000000000000;3ff0000000000000;3feb333333333333,all,main grid,present,present,filled,REFERENCE_DIFFERENCE,generate_reference_values
NegativeBinomial_Cumulative|4008000000000000|4014000000000000|3feb333333333333||all|main grid,NegativeBinomial_Cumulative,4008000000000000;4014000000000000;3feb333333333333,all,main grid,present,present,filled,REFERENCE_DIFFERENCE,generate_reference_values
NegativeBinomial_Cumulative|4010000000000000|3ff0000000000000|3fc999999999999a||all|main grid,NegativeBinomial_Cumulative,4010000000000000;3ff0000000000000;3fc999999999999a,all,main grid,present,present,filled,REFERENCE_DIFFERENCE,generate_reference_values
NegativeBinomial_Cumulative|4014000000000000|3ff0000000000000|3fe0000000000000||all|main grid,NegativeBinomial_Cumulative,4014000000000000;3ff0000000000000;3fe0000000000000,all,main grid,present,present,filled,MATCH,generate_reference_values
NegativeBinomial_Cumulative|4014000000000000|4014000000000000|3fe0000000000000||all|main grid,NegativeBinomial_Cumulative,4014000000000000;4014000000000000;3fe0000000000000,all,main grid,present,present,filled,REFERENCE_DIFFERENCE,generate_reference_values
NegativeBinomial_Cumulative|4020000000000000|4049000000000000|3feb333333333333||all|main grid,NegativeBinomial_Cumulative,4020000000000000;4049000000000000;3feb333333333333,all,main grid,present,present,filled,REFERENCE_DIFFERENCE,generate_reference_values
NegativeBinomial_Cumulative|402c000000000000|4014000000000000|3fe0000000000000||all|main grid,NegativeBinomial_Cumulative,402c000000000000;4014000000000000;3fe0000000000000,all,main grid,present,present,filled,MATCH,generate_reference_values
NegativeBinomial_Cumulative|4031000000000000|3ff0000000000000|3fc999999999999a||all|main grid,NegativeBinomial_Cumulative,4031000000000000;3ff0000000000000;3fc999999999999a,all,main grid,present,present,filled,REFERENCE_DIFFERENCE,generate_reference_values
NegativeBinomial_Cumulative|4032000000000000|4049000000000000|3feb333333333333||all|main grid,NegativeBinomial_Cumulative,4032000000000000;4049000000000000;3feb333333333333,all,main grid,present,present,filled,REFERENCE_DIFFERENCE,generate_reference_values
NegativeBinomial_Cumulative|4034000000000000|4014000000000000|3fc999999999999a||all|main grid,NegativeBinomial_Cumulative,4034000000000000;4014000000000000;3fc999999999999a,all,main grid,present,present,filled,REFERENCE_DIFFERENCE,generate_reference_values
NegativeBinomial_Cumulative|4049000000000000|4014000000000000|3fc999999999999a||all|main grid,NegativeBinomial_Cumulative,4049000000000000;4014000000000000;3fc999999999999a,all,main grid,present,present,filled,REFERENCE_DIFFERENCE,generate_reference_values
NegativeBinomial_Cumulative|4049000000000000|4049000000000000|3fe0000000000000||all|main grid,NegativeBinomial_Cumulative,4049000000000000;4049000000000000;3fe0000000000000,all,main grid,present,present,filled,REFERENCE_DIFFERENCE,generate_reference_values
NegativeBinomial_Cumulative|4054000000000000|4049000000000000|3fe0000000000000||all|main grid,NegativeBinomial_Cumulative,4054000000000000;4049000000000000;3fe0000000000000,all,main grid,present,present,filled,REFERENCE_DIFFERENCE,generate_reference_values
NegativeBinomial_Cumulative|4056000000000000|407f400000000000|3feb333333333333||all|main grid,NegativeBinomial_Cumulative,4056000000000000;407f400000000000;3feb333333333333,all,main grid,present,present,filled,REFERENCE_DIFFERENCE,generate_reference_values
NegativeBinomial_Cumulative|405d800000000000|407f400000000000|3feb333333333333||all|main grid,NegativeBinomial_Cumulative,405d800000000000;407f400000000000;3feb333333333333,all,main grid,present,present,filled,REFERENCE_DIFFERENCE,generate_reference_values
NegativeBinomial_Cumulative|4069000000000000|4049000000000000|3fc999999999999a||all|main grid,NegativeBinomial_Cumulative,4069000000000000;4049000000000000;3fc999999999999a,all,main grid,present,present,filled,REFERENCE_DIFFERENCE,generate_reference_values
NegativeBinomial_Cumulative|4072600000000000|4049000000000000|3fc999999999999a||all|main grid,NegativeBinomial_Cumulative,4072600000000000;4049000000000000;3fc999999999999a,all,main grid,present,present,filled,REFERENCE_DIFFERENCE,generate_reference_values
NegativeBinomial_Cumulative|407f400000000000|407f400000000000|3fe0000000000000||all|main grid,NegativeBinomial_Cumulative,407f400000000000;407f400000000000;3fe0000000000000,all,main grid,present,present,filled,REFERENCE_DIFFERENCE,generate_reference_values
NegativeBinomial_Cumulative|4082900000000000|407f400000000000|3fe0000000000000||all|main grid,NegativeBinomial_Cumulative,4082900000000000;407f400000000000;3fe0000000000000,all,main grid,present,present,filled,REFERENCE_DIFFERENCE,generate_reference_values
NegativeBinomial_Cumulative|408b900000000000|40b3880000000000|3feb333333333333||all|main grid,NegativeBinomial_Cumulative,408b900000000000;40b3880000000000;3feb333333333333,all,main grid,present,present,filled,REFERENCE_DIFFERENCE,generate_reference_values
NegativeBinomial_Cumulative|408e980000000000|40b3880000000000|3feb333333333333||all|main grid,NegativeBinomial_Cumulative,408e980000000000;40b3880000000000;3feb333333333333,all,main grid,present,present,filled,REFERENCE_DIFFERENCE,generate_reference_values
NegativeBinomial_Cumulative|409f400000000000|407f400000000000|3fc999999999999a||all|main grid,NegativeBinomial_Cumulative,409f400000000000;407f400000000000;3fc999999999999a,all,main grid,present,present,filled,REFERENCE_DIFFERENCE,generate_reference_values
NegativeBinomial_Cumulative|40a1f80000000000|407f400000000000|3fc999999999999a||all|main grid,NegativeBinomial_Cumulative,40a1f80000000000;407f400000000000;3fc999999999999a,all,main grid,present,present,filled,REFERENCE_DIFFERENCE,generate_reference_values
NegativeBinomial_Cumulative|40b3880000000000|40b3880000000000|3fe0000000000000||all|main grid,NegativeBinomial_Cumulative,40b3880000000000;40b3880000000000;3fe0000000000000,all,main grid,present,present,filled,REFERENCE_DIFFERENCE,generate_reference_values
NegativeBinomial_Cumulative|40b4b40000000000|40b3880000000000|3fe0000000000000||all|main grid,NegativeBinomial_Cumulative,40b4b40000000000;40b3880000000000;3fe0000000000000,all,main grid,present,present,filled,REFERENCE_DIFFERENCE,generate_reference_values
NegativeBinomial_Cumulative|40d3880000000000|40b3880000000000|3fc999999999999a||all|main grid,NegativeBinomial_Cumulative,40d3880000000000;40b3880000000000;3fc999999999999a,all,main grid,present,present,filled,REFERENCE_DIFFERENCE,generate_reference_values
NegativeBinomial_Cumulative|40d4750000000000|40b3880000000000|3fc999999999999a||all|main grid,NegativeBinomial_Cumulative,40d4750000000000;40b3880000000000;3fc999999999999a,all,main grid,present,present,filled,REFERENCE_DIFFERENCE,generate_reference_values
NegativeBinomial_InverseCumulative|3fb1eb851eb851ec|3ff0000000000000|3fc999999999999a||all|main grid,NegativeBinomial_InverseCumulative,3fb1eb851eb851ec;3ff0000000000000;3fc999999999999a,all,main grid,present,present,filled,MATCH,generate_reference_values
NegativeBinomial_InverseCumulative|3fb1eb851eb851ec|3ff0000000000000|3fe0000000000000||all|main grid,NegativeBinomial_InverseCumulative,3fb1eb851eb851ec;3ff0000000000000;3fe0000000000000,all,main grid,present,present,filled,MATCH,generate_reference_values
NegativeBinomial_InverseCumulative|3fb1eb851eb851ec|3ff0000000000000|3feb333333333333||all|main grid,NegativeBinomial_InverseCumulative,3fb1eb851eb851ec;3ff0000000000000;3feb333333333333,all,main grid,present,present,filled,MATCH,generate_reference_values
NegativeBinomial_InverseCumulative|3fb1eb851eb851ec|4014000000000000|3fc999999999999a||all|main grid,NegativeBinomial_InverseCumulative,3fb1eb851eb851ec;4014000000000000;3fc999999999999a,all,main grid,present,present,filled,MATCH,generate_reference_values
NegativeBinomial_InverseCumulative|3fb1eb851eb851ec|4014000000000000|3fe0000000000000||all|main grid,NegativeBinomial_InverseCumulative,3fb1eb851eb851ec;4014000000000000;3fe0000000000000,all,main grid,present,present,filled,MATCH,generate_reference_values
NegativeBinomial_InverseCumulative|3fb1eb851eb851ec|4014000000000000|3feb333333333333||all|main grid,NegativeBinomial_InverseCumulative,3fb1eb851eb851ec;4014000000000000;3feb333333333333,all,main grid,present,present,filled,MATCH,generate_reference_values
NegativeBinomial_InverseCumulative|3fb1eb851eb851ec|4049000000000000|3fc999999999999a||all|main grid,NegativeBinomial_InverseCumulative,3fb1eb851eb851ec;4049000000000000;3fc999999999999a,all,main grid,present,present,filled,MATCH,generate_reference_values
NegativeBinomial_InverseCumulative|3fb1eb851eb851ec|4049000000000000|3fe0000000000000||all|main grid,NegativeBinomial_InverseCumulative,3fb1eb851eb851ec;4049000000000000;3fe0000000000000,all,main grid,present,present,filled,MATCH,generate_reference_values
NegativeBinomial_InverseCumulative|3fb1eb851eb851ec|4049000000000000|3feb333333333333||all|main grid,NegativeBinomial_InverseCumulative,3fb1eb851eb851ec;4049000000000000;3feb333333333333,all,main grid,present,present,filled,MATCH,generate_reference_values
NegativeBinomial_InverseCumulative|3fb1eb851eb851ec|407f400000000000|3fc999999999999a||all|main grid,NegativeBinomial_InverseCumulative,3fb1eb851eb851ec;407f400000000000;3fc999999999999a,all,main grid,present,present,filled,MATCH,generate_reference_values
NegativeBinomial_InverseCumulative|3fb1eb851eb851ec|407f400000000000|3fe0000000000000||all|main grid,NegativeBinomial_InverseCumulative,3fb1eb851eb851ec;407f400000000000;3fe0000000000000,all,main grid,present,present,filled,MATCH,generate_reference_values
NegativeBinomial_InverseCumulative|3fb1eb851eb851ec|407f400000000000|3feb333333333333||all|main grid,NegativeBinomial_InverseCumulative,3fb1eb851eb851ec;407f400000000000;3feb333333333333,all,main grid,present,present,filled,MATCH,generate_reference_values
NegativeBinomial_InverseCumulative|3fb1eb851eb851ec|40b3880000000000|3fc999999999999a||all|main grid,NegativeBinomial_InverseCumulative,3fb1eb851eb851ec;40b3880000000000;3fc999999999999a,all,main grid,present,present,filled,MATCH,generate_reference_values
NegativeBinomial_InverseCumulative|3fb1eb851eb851ec|40b3880000000000|3fe0000000000000||all|main grid,NegativeBinomial_InverseCumulative,3fb1eb851eb851ec;40b3880000000000;3fe0000000000000,all,main grid,present,present,filled,MATCH,generate_reference_values
NegativeBinomial_InverseCumulative|3fb1eb851eb851ec|40b3880000000000|3feb333333333333||all|main grid,NegativeBinomial_InverseCumulative,3fb1eb851eb851ec;40b3880000000000;3feb333333333333,all,main grid,present,present,filled,MATCH,generate_reference_values
NegativeBinomial_InverseCumulative|3fe0f5c28f5c28f6|3ff0000000000000|3fc999999999999a||all|main grid,NegativeBinomial_InverseCumulative,3fe0f5c28f5c28f6;3ff0000000000000;3fc999999999999a,all,main grid,present,present,filled,MATCH,generate_reference_values
NegativeBinomial_InverseCumulative|3fe0f5c28f5c28f6|3ff0000000000000|3fe0000000000000||all|main grid,NegativeBinomial_InverseCumulative,3fe0f5c28f5c28f6;3ff0000000000000;3fe0000000000000,all,main grid,present,present,filled,MATCH,generate_reference_values
NegativeBinomial_InverseCumulative|3fe0f5c28f5c28f6|3ff0000000000000|3feb333333333333||all|main grid,NegativeBinomial_InverseCumulative,3fe0f5c28f5c28f6;3ff0000000000000;3feb333333333333,all,main grid,present,present,filled,MATCH,generate_reference_values
NegativeBinomial_InverseCumulative|3fe0f5c28f5c28f6|4014000000000000|3fc999999999999a||all|main grid,NegativeBinomial_InverseCumulative,3fe0f5c28f5c28f6;4014000000000000;3fc999999999999a,all,main grid,present,present,filled,MATCH,generate_reference_values
NegativeBinomial_InverseCumulative|3fe0f5c28f5c28f6|4014000000000000|3fe0000000000000||all|main grid,NegativeBinomial_InverseCumulative,3fe0f5c28f5c28f6;4014000000000000;3fe0000000000000,all,main grid,present,present,filled,MATCH,generate_reference_values
NegativeBinomial_InverseCumulative|3fe0f5c28f5c28f6|4014000000000000|3feb333333333333||all|main grid,NegativeBinomial_InverseCumulative,3fe0f5c28f5c28f6;4014000000000000;3feb333333333333,all,main grid,present,present,filled,MATCH,generate_reference_values
NegativeBinomial_InverseCumulative|3fe0f5c28f5c28f6|4049000000000000|3fc999999999999a||all|main grid,NegativeBinomial_InverseCumulative,3fe0f5c28f5c28f6;4049000000000000;3fc999999999999a,all,main grid,present,present,filled,MATCH,generate_reference_values
NegativeBinomial_InverseCumulative|3fe0f5c28f5c28f6|4049000000000000|3fe0000000000000||all|main grid,NegativeBinomial_InverseCumulative,3fe0f5c28f5c28f6;4049000000000000;3fe0000000000000,all,main grid,present,present,filled,MATCH,generate_reference_values
NegativeBinomial_InverseCumulative|3fe0f5c28f5c28f6|4049000000000000|3feb333333333333||all|main grid,NegativeBinomial_InverseCumulative,3fe0f5c28f5c28f6;4049000000000000;3feb333333333333,all,main grid,present,present,filled,MATCH,generate_reference_values
NegativeBinomial_InverseCumulative|3fe0f5c28f5c28f6|407f400000000000|3fc999999999999a||all|main grid,NegativeBinomial_InverseCumulative,3fe0f5c28f5c28f6;407f400000000000;3fc999999999999a,all,main grid,present,present,filled,MATCH,generate_reference_values
NegativeBinomial_InverseCumulative|3fe0f5c28f5c28f6|407f400000000000|3fe0000000000000||all|main grid,NegativeBinomial_InverseCumulative,3fe0f5c28f5c28f6;407f400000000000;3fe0000000000000,all,main grid,present,present,filled,MATCH,generate_reference_values
NegativeBinomial_InverseCumulative|3fe0f5c28f5c28f6|407f400000000000|3feb333333333333||all|main grid,NegativeBinomial_InverseCumulative,3fe0f5c28f5c28f6;407f400000000000;3feb333333333333,all,main grid,present,present,filled,MATCH,generate_reference_values
NegativeBinomial_InverseCumulative|3fe0f5c28f5c28f6|40b3880000000000|3fc999999999999a||all|main grid,NegativeBinomial_InverseCumulative,3fe0f5c28f5c28f6;40b3880000000000;3fc999999999999a,all,main grid,present,present,filled,MATCH,generate_reference_values
NegativeBinomial_InverseCumulative|3fe0f5c28f5c28f6|40b3880000000000|3fe0000000000000||all|main grid,NegativeBinomial_InverseCumulative,3fe0f5c28f5c28f6;40b3880000000000;3fe0000000000000,all,main grid,present,present,filled,MATCH,generate_reference_values
NegativeBinomial_InverseCumulative|3fe0f5c28f5c28f6|40b3880000000000|3feb333333333333||all|main grid,NegativeBinomial_InverseCumulative,3fe0f5c28f5c28f6;40b3880000000000;3feb333333333333,all,main grid,present,present,filled,MATCH,generate_reference_values
NegativeBinomial_InverseCumulative|3fee147ae147ae14|3ff0000000000000|3fc999999999999a||all|main grid,NegativeBinomial_InverseCumulative,3fee147ae147ae14;3ff0000000000000;3fc999999999999a,all,main grid,present,present,filled,MATCH,generate_reference_values
NegativeBinomial_InverseCumulative|3fee147ae147ae14|3ff0000000000000|3fe0000000000000||all|main grid,NegativeBinomial_InverseCumulative,3fee147ae147ae14;3ff0000000000000;3fe0000000000000,all,main grid,present,present,filled,MATCH,generate_reference_values
NegativeBinomial_InverseCumulative|3fee147ae147ae14|3ff0000000000000|3feb333333333333||all|main grid,NegativeBinomial_InverseCumulative,3fee147ae147ae14;3ff0000000000000;3feb333333333333,all,main grid,present,present,filled,MATCH,generate_reference_values
NegativeBinomial_InverseCumulative|3fee147ae147ae14|4014000000000000|3fc999999999999a||all|main grid,NegativeBinomial_InverseCumulative,3fee147ae147ae14;4014000000000000;3fc999999999999a,all,main grid,present,present,filled,MATCH,generate_reference_values
NegativeBinomial_InverseCumulative|3fee147ae147ae14|4014000000000000|3fe0000000000000||all|main grid,NegativeBinomial_InverseCumulative,3fee147ae147ae14;4014000000000000;3fe0000000000000,all,main grid,present,present,filled,MATCH,generate_reference_values
NegativeBinomial_InverseCumulative|3fee147ae147ae14|4014000000000000|3feb333333333333||all|main grid,NegativeBinomial_InverseCumulative,3fee147ae147ae14;4014000000000000;3feb333333333333,all,main grid,present,present,filled,MATCH,generate_reference_values
NegativeBinomial_InverseCumulative|3fee147ae147ae14|4049000000000000|3fc999999999999a||all|main grid,NegativeBinomial_InverseCumulative,3fee147ae147ae14;4049000000000000;3fc999999999999a,all,main grid,present,present,filled,MATCH,generate_reference_values
NegativeBinomial_InverseCumulative|3fee147ae147ae14|4049000000000000|3fe0000000000000||all|main grid,NegativeBinomial_InverseCumulative,3fee147ae147ae14;4049000000000000;3fe0000000000000,all,main grid,present,present,filled,MATCH,generate_reference_values
NegativeBinomial_InverseCumulative|3fee147ae147ae14|4049000000000000|3feb333333333333||all|main grid,NegativeBinomial_InverseCumulative,3fee147ae147ae14;4049000000000000;3feb333333333333,all,main grid,present,present,filled,MATCH,generate_reference_values
NegativeBinomial_InverseCumulative|3fee147ae147ae14|407f400000000000|3fc999999999999a||all|main grid,NegativeBinomial_InverseCumulative,3fee147ae147ae14;407f400000000000;3fc999999999999a,all,main grid,present,present,filled,MATCH,generate_reference_values
NegativeBinomial_InverseCumulative|3fee147ae147ae14|407f400000000000|3fe0000000000000||all|main grid,NegativeBinomial_InverseCumulative,3fee147ae147ae14;407f400000000000;3fe0000000000000,all,main grid,present,present,filled,MATCH,generate_reference_values
NegativeBinomial_InverseCumulative|3fee147ae147ae14|407f400000000000|3feb333333333333||all|main grid,NegativeBinomial_InverseCumulative,3fee147ae147ae14;407f400000000000;3feb333333333333,all,main grid,present,present,filled,MATCH,generate_reference_values
NegativeBinomial_InverseCumulative|3fee147ae147ae14|40b3880000000000|3fc999999999999a||all|main grid,NegativeBinomial_InverseCumulative,3fee147ae147ae14;40b3880000000000;3fc999999999999a,all,main grid,present,present,filled,MATCH,generate_reference_values
NegativeBinomial_InverseCumulative|3fee147ae147ae14|40b3880000000000|3fe0000000000000||all|main grid,NegativeBinomial_InverseCumulative,3fee147ae147ae14;40b3880000000000;3fe0000000000000,all,main grid,present,present,filled,MATCH,generate_reference_values
NegativeBinomial_InverseCumulative|3fee147ae147ae14|40b3880000000000|3feb333333333333||all|main grid,NegativeBinomial_InverseCumulative,3fee147ae147ae14;40b3880000000000;3feb333333333333,all,main grid,present,present,filled,MATCH,generate_reference_values
NegativeBinomial_LogPMF|0000000000000000|3ff0000000000000|3feb333333333333||all|main grid,NegativeBinomial_LogPMF,0000000000000000;3ff0000000000000;3feb333333333333,all,main grid,present,present,filled,REFERENCE_DIFFERENCE,generate_reference_values
NegativeBinomial_LogPMF|0000000000000000|4014000000000000|3feb333333333333||all|main grid,NegativeBinomial_LogPMF,0000000000000000;4014000000000000;3feb333333333333,all,main grid,present,present,filled,REFERENCE_DIFFERENCE,generate_reference_values
NegativeBinomial_LogPMF|3ff0000000000000|3ff0000000000000|3fe0000000000000||all|main grid,NegativeBinomial_LogPMF,3ff0000000000000;3ff0000000000000;3fe0000000000000,all,main grid,present,present,filled,REFERENCE_DIFFERENCE,generate_reference_values
NegativeBinomial_LogPMF|3ff0000000000000|3ff0000000000000|3feb333333333333||all|main grid,NegativeBinomial_LogPMF,3ff0000000000000;3ff0000000000000;3feb333333333333,all,main grid,present,present,filled,REFERENCE_DIFFERENCE,generate_reference_values
NegativeBinomial_LogPMF|4008000000000000|4014000000000000|3feb333333333333||all|main grid,NegativeBinomial_LogPMF,4008000000000000;4014000000000000;3feb333333333333,all,main grid,present,present,filled,REFERENCE_DIFFERENCE,generate_reference_values
NegativeBinomial_LogPMF|4010000000000000|3ff0000000000000|3fc999999999999a||all|main grid,NegativeBinomial_LogPMF,4010000000000000;3ff0000000000000;3fc999999999999a,all,main grid,present,present,filled,REFERENCE_DIFFERENCE,generate_reference_values
NegativeBinomial_LogPMF|4014000000000000|3ff0000000000000|3fe0000000000000||all|main grid,NegativeBinomial_LogPMF,4014000000000000;3ff0000000000000;3fe0000000000000,all,main grid,present,present,filled,REFERENCE_DIFFERENCE,generate_reference_values
NegativeBinomial_LogPMF|4014000000000000|4014000000000000|3fe0000000000000||all|main grid,NegativeBinomial_LogPMF,4014000000000000;4014000000000000;3fe0000000000000,all,main grid,present,present,filled,REFERENCE_DIFFERENCE,generate_reference_values
NegativeBinomial_LogPMF|4020000000000000|4049000000000000|3feb333333333333||all|main grid,NegativeBinomial_LogPMF,4020000000000000;4049000000000000;3feb333333333333,all,main grid,present,present,filled,REFERENCE_DIFFERENCE,generate_reference_values
NegativeBinomial_LogPMF|402c000000000000|4014000000000000|3fe0000000000000||all|main grid,NegativeBinomial_LogPMF,402c000000000000;4014000000000000;3fe0000000000000,all,main grid,present,present,filled,REFERENCE_DIFFERENCE,generate_reference_values
NegativeBinomial_LogPMF|4031000000000000|3ff0000000000000|3fc999999999999a||all|main grid,NegativeBinomial_LogPMF,4031000000000000;3ff0000000000000;3fc999999999999a,all,main grid,present,present,filled,REFERENCE_DIFFERENCE,generate_reference_values
NegativeBinomial_LogPMF|4032000000000000|4049000000000000|3feb333333333333||all|main grid,NegativeBinomial_LogPMF,4032000000000000;4049000000000000;3feb333333333333,all,main grid,present,present,filled,REFERENCE_DIFFERENCE,generate_reference_values
NegativeBinomial_LogPMF|4034000000000000|4014000000000000|3fc999999999999a||all|main grid,NegativeBinomial_LogPMF,4034000000000000;4014000000000000;3fc999999999999a,all,main grid,present,present,filled,REFERENCE_DIFFERENCE,generate_reference_values
NegativeBinomial_LogPMF|4049000000000000|4014000000000000|3fc999999999999a||all|main grid,NegativeBinomial_LogPMF,4049000000000000;4014000000000000;3fc999999999999a,all,main grid,present,present,filled,REFERENCE_DIFFERENCE,generate_reference_values
NegativeBinomial_LogPMF|4049000000000000|4049000000000000|3fe0000000000000||all|main grid,NegativeBinomial_LogPMF,4049000000000000;4049000000000000;3fe0000000000000,all,main grid,present,present,filled,REFERENCE_DIFFERENCE,generate_reference_values
NegativeBinomial_LogPMF|4054000000000000|4049000000000000|3fe0000000000000||all|main grid,NegativeBinomial_LogPMF,4054000000000000;4049000000000000;3fe0000000000000,all,main grid,present,present,filled,REFERENCE_DIFFERENCE,generate_reference_values
NegativeBinomial_LogPMF|4056000000000000|407f400000000000|3feb333333333333||all|main grid,NegativeBinomial_LogPMF,4056000000000000;407f400000000000;3feb333333333333,all,main grid,present,present,filled,REFERENCE_DIFFERENCE,generate_reference_values
NegativeBinomial_LogPMF|405d800000000000|407f400000000000|3feb333333333333||all|main grid,NegativeBinomial_LogPMF,405d800000000000;407f400000000000;3feb333333333333,all,main grid,present,present,filled,REFERENCE_DIFFERENCE,generate_reference_values
NegativeBinomial_LogPMF|4069000000000000|4049000000000000|3fc999999999999a||all|main grid,NegativeBinomial_LogPMF,4069000000000000;4049000000000000;3fc999999999999a,all,main grid,present,present,filled,REFERENCE_DIFFERENCE,generate_reference_values
NegativeBinomial_LogPMF|4072600000000000|4049000000000000|3fc999999999999a||all|main grid,NegativeBinomial_LogPMF,4072600000000000;4049000000000000;3fc999999999999a,all,main grid,present,present,filled,REFERENCE_DIFFERENCE,generate_reference_values
NegativeBinomial_LogPMF|407f400000000000|407f400000000000|3fe0000000000000||all|main grid,NegativeBinomial_LogPMF,407f400000000000;407f400000000000;3fe0000000000000,all,main grid,present,present,filled,REFERENCE_DIFFERENCE,generate_reference_values
NegativeBinomial_LogPMF|4082900000000000|407f400000000000|3fe0000000000000||all|main grid,NegativeBinomial_LogPMF,4082900000000000;407f400000000000;3fe0000000000000,all,main grid,present,present,filled,REFERENCE_DIFFERENCE,generate_reference_values
NegativeBinomial_LogPMF|408b900000000000|40b3880000000000|3feb333333333333||all|main grid,NegativeBinomial_LogPMF,408b900000000000;40b3880000000000;3feb333333333333,all,main grid,present,present,filled,REFERENCE_DIFFERENCE,generate_reference_values
NegativeBinomial_LogPMF|408e980000000000|40b3880000000000|3feb333333333333||all|main grid,NegativeBinomial_LogPMF,408e980000000000;40b3880000000000;3feb333333333333,all,main grid,present,present,filled,REFERENCE_DIFFERENCE,generate_reference_values
NegativeBinomial_LogPMF|409f400000000000|407f400000000000|3fc999999999999a||all|main grid,NegativeBinomial_LogPMF,409f400000000000;407f400000000000;3fc999999999999a,all,main grid,present,present,filled,REFERENCE_DIFFERENCE,generate_reference_values
NegativeBinomial_LogPMF|40a1f80000000000|407f400000000000|3fc999999999999a||all|main grid,NegativeBinomial_LogPMF,40a1f80000000000;407f400000000000;3fc999999999999a,all,main grid,present,present,filled,REFERENCE_DIFFERENCE,generate_reference_values
NegativeBinomial_LogPMF|40b3880000000000|40b3880000000000|3fe0000000000000||all|main grid,NegativeBinomial_LogPMF,40b3880000000000;40b3880000000000;3fe0000000000000,all,main grid,present,present,filled,REFERENCE_DIFFERENCE,generate_reference_values
NegativeBinomial_LogPMF|40b4b40000000000|40b3880000000000|3fe0000000000000||all|main grid,NegativeBinomial_LogPMF,40b4b40000000000;40b3880000000000;3fe0000000000000,all,main grid,present,present,filled,REFERENCE_DIFFERENCE,generate_reference_values
NegativeBinomial_LogPMF|40d3880000000000|40b3880000000000|3fc999999999999a||all|main grid,NegativeBinomial_LogPMF,40d3880000000000;40b3880000000000;3fc999999999999a,all,main grid,present,present,filled,REFERENCE_DIFFERENCE,generate_reference_values
NegativeBinomial_LogPMF|40d4750000000000|40b3880000000000|3fc999999999999a||all|main grid,NegativeBinomial_LogPMF,40d4750000000000;40b3880000000000;3fc999999999999a,all,main grid,present,present,filled,REFERENCE_DIFFERENCE,generate_reference_values
NegativeBinomial_Mean|3ff0000000000000|3fc999999999999a|||all|main grid,NegativeBinomial_Mean,3ff0000000000000;3fc999999999999a,all,main grid,present,present,filled,MATCH,generate_reference_values
NegativeBinomial_Mean|3ff0000000000000|3fe0000000000000|||all|main grid,NegativeBinomial_Mean,3ff0000000000000;3fe0000000000000,all,main grid,present,present,filled,MATCH,generate_reference_values
NegativeBinomial_Mean|3ff0000000000000|3feb333333333333|||all|main grid,NegativeBinomial_Mean,3ff0000000000000;3feb333333333333,all,main grid,present,present,filled,REFERENCE_DIFFERENCE,generate_reference_values
NegativeBinomial_Mean|4014000000000000|3fc999999999999a|||all|main grid,NegativeBinomial_Mean,4014000000000000;3fc999999999999a,all,main grid,present,present,filled,MATCH,generate_reference_values
NegativeBinomial_Mean|4014000000000000|3fe0000000000000|||all|main grid,NegativeBinomial_Mean,4014000000000000;3fe0000000000000,all,main grid,present,present,filled,MATCH,generate_reference_values
NegativeBinomial_Mean|4014000000000000|3feb333333333333|||all|main grid,NegativeBinomial_Mean,4014000000000000;3feb333333333333,all,main grid,present,present,filled,REFERENCE_DIFFERENCE,generate_reference_values
NegativeBinomial_Mean|4049000000000000|3fc999999999999a|||all|main grid,NegativeBinomial_Mean,4049000000000000;3fc999999999999a,all,main grid,present,present,filled,MATCH,generate_reference_values
NegativeBinomial_Mean|4049000000000000|3fe0000000000000|||all|main grid,NegativeBinomial_Mean,4049000000000000;3fe0000000000000,all,main grid,present,present,filled,MATCH,generate_reference_values
NegativeBinomial_Mean|4049000000000000|3feb333333333333|||all|main grid,NegativeBinomial_Mean,4049000000000000;3feb333333333333,all,main grid,present,present,filled,REFERENCE_DIFFERENCE,generate_reference_values
NegativeBinomial_Mean|407f400000000000|3fc999999999999a|||all|main grid,NegativeBinomial_Mean,407f400000000000;3fc999999999999a,all,main grid,present,present,filled,MATCH,generate_reference_values
NegativeBinomial_Mean|407f400000000000|3fe0000000000000|||all|main grid,NegativeBinomial_Mean,407f400000000000;3fe0000000000000,all,main grid,present,present,filled,MATCH,generate_reference_values
NegativeBinomial_Mean|407f400000000000|3feb333333333333|||all|main grid,NegativeBinomial_Mean,407f400000000000;3feb333333333333,all,main grid,present,present,filled,REFERENCE_DIFFERENCE,generate_reference_values
NegativeBinomial_Mean|40b3880000000000|3fc999999999999a|||all|main grid,NegativeBinomial_Mean,40b3880000000000;3fc999999999999a,all,main grid,present,present,filled,MATCH,generate_reference_values
NegativeBinomial_Mean|40b3880000000000|3fe0000000000000|||all|main grid,NegativeBinomial_Mean,40b3880000000000;3fe0000000000000,all,main grid,present,present,filled,MATCH,generate_reference_values
NegativeBinomial_Mean|40b3880000000000|3feb333333333333|||all|main grid,NegativeBinomial_Mean,40b3880000000000;3feb333333333333,all,main grid,present,present,filled,REFERENCE_DIFFERENCE,generate_reference_values
NegativeBinomial_PMF|0000000000000000|3ff0000000000000|3feb333333333333||all|main grid,NegativeBinomial_PMF,0000000000000000;3ff0000000000000;3feb333333333333,all,main grid,present,present,filled,REFERENCE_DIFFERENCE,generate_reference_values
NegativeBinomial_PMF|0000000000000000|4014000000000000|3feb333333333333||all|main grid,NegativeBinomial_PMF,0000000000000000;4014000000000000;3feb333333333333,all,main grid,present,present,filled,REFERENCE_DIFFERENCE,generate_reference_values
NegativeBinomial_PMF|3ff0000000000000|3ff0000000000000|3fe0000000000000||all|main grid,NegativeBinomial_PMF,3ff0000000000000;3ff0000000000000;3fe0000000000000,all,main grid,present,present,filled,MATCH,generate_reference_values
NegativeBinomial_PMF|3ff0000000000000|3ff0000000000000|3feb333333333333||all|main grid,NegativeBinomial_PMF,3ff0000000000000;3ff0000000000000;3feb333333333333,all,main grid,present,present,filled,REFERENCE_DIFFERENCE,generate_reference_values
NegativeBinomial_PMF|4008000000000000|4014000000000000|3feb333333333333||all|main grid,NegativeBinomial_PMF,4008000000000000;4014000000000000;3feb333333333333,all,main grid,present,present,filled,REFERENCE_DIFFERENCE,generate_reference_values
NegativeBinomial_PMF|4010000000000000|3ff0000000000000|3fc999999999999a||all|main grid,NegativeBinomial_PMF,4010000000000000;3ff0000000000000;3fc999999999999a,all,main grid,present,present,filled,REFERENCE_DIFFERENCE,generate_reference_values
NegativeBinomial_PMF|4014000000000000|3ff0000000000000|3fe0000000000000||all|main grid,NegativeBinomial_PMF,4014000000000000;3ff0000000000000;3fe0000000000000,all,main grid,present,present,filled,MATCH,generate_reference_values
NegativeBinomial_PMF|4014000000000000|4014000000000000|3fe0000000000000||all|main grid,NegativeBinomial_PMF,4014000000000000;4014000000000000;3fe0000000000000,all,main grid,present,present,filled,MATCH,generate_reference_values
NegativeBinomial_PMF|4020000000000000|4049000000000000|3feb333333333333||all|main grid,NegativeBinomial_PMF,4020000000000000;4049000000000000;3feb333333333333,all,main grid,present,present,filled,REFERENCE_DIFFERENCE,generate_reference_values
NegativeBinomial_PMF|402c000000000000|4014000000000000|3fe0000000000000||all|main grid,NegativeBinomial_PMF,402c000000000000;4014000000000000;3fe0000000000000,all,main grid,present,present,filled,MATCH,generate_reference_values
NegativeBinomial_PMF|4031000000000000|3ff0000000000000|3fc999999999999a||all|main grid,NegativeBinomial_PMF,4031000000000000;3ff0000000000000;3fc999999999999a,all,main grid,present,present,filled,REFERENCE_DIFFERENCE,generate_reference_values
NegativeBinomial_PMF|4032000000000000|4049000000000000|3feb333333333333||all|main grid,NegativeBinomial_PMF,4032000000000000;4049000000000000;3feb333333333333,all,main grid,present,present,filled,REFERENCE_DIFFERENCE,generate_reference_values
NegativeBinomial_PMF|4034000000000000|4014000000000000|3fc999999999999a||all|main grid,NegativeBinomial_PMF,4034000000000000;4014000000000000;3fc999999999999a,all,main grid,present,present,filled,REFERENCE_DIFFERENCE,generate_reference_values
NegativeBinomial_PMF|4049000000000000|4014000000000000|3fc999999999999a||all|main grid,NegativeBinomial_PMF,4049000000000000;4014000000000000;3fc999999999999a,all,main grid,present,present,filled,REFERENCE_DIFFERENCE,generate_reference_values
NegativeBinomial_PMF|4049000000000000|4049000000000000|3fe0000000000000||all|main grid,NegativeBinomial_PMF,4049000000000000;4049000000000000;3fe0000000000000,all,main grid,present,present,filled,REFERENCE_DIFFERENCE,generate_reference_values
NegativeBinomial_PMF|4054000000000000|4049000000000000|3fe0000000000000||all|main grid,NegativeBinomial_PMF,4054000000000000;4049000000000000;3fe0000000000000,all,main grid,present,present,filled,REFERENCE_DIFFERENCE,generate_reference_values
NegativeBinomial_PMF|4056000000000000|407f400000000000|3feb333333333333||all|main grid,NegativeBinomial_PMF,4056000000000000;407f400000000000;3feb333333333333,all,main grid,present,present,filled,REFERENCE_DIFFERENCE,generate_reference_values
NegativeBinomial_PMF|405d800000000000|407f400000000000|3feb333333333333||all|main grid,NegativeBinomial_PMF,405d800000000000;407f400000000000;3feb333333333333,all,main grid,present,present,filled,REFERENCE_DIFFERENCE,generate_reference_values
NegativeBinomial_PMF|4069000000000000|4049000000000000|3fc999999999999a||all|main grid,NegativeBinomial_PMF,4069000000000000;4049000000000000;3fc999999999999a,all,main grid,present,present,filled,REFERENCE_DIFFERENCE,generate_reference_values
NegativeBinomial_PMF|4072600000000000|4049000000000000|3fc999999999999a||all|main grid,NegativeBinomial_PMF,4072600000000000;4049000000000000;3fc999999999999a,all,main grid,present,present,filled,REFERENCE_DIFFERENCE,generate_reference_values
NegativeBinomial_PMF|407f400000000000|407f400000000000|3fe0000000000000||all|main grid,NegativeBinomial_PMF,407f400000000000;407f400000000000;3fe0000000000000,all,main grid,present,present,filled,REFERENCE_DIFFERENCE,generate_reference_values
NegativeBinomial_PMF|4082900000000000|407f400000000000|3fe0000000000000||all|main grid,NegativeBinomial_PMF,4082900000000000;407f400000000000;3fe0000000000000,all,main grid,present,present,filled,REFERENCE_DIFFERENCE,generate_reference_values
NegativeBinomial_PMF|408b900000000000|40b3880000000000|3feb333333333333||all|main grid,NegativeBinomial_PMF,408b900000000000;40b3880000000000;3feb333333333333,all,main grid,present,present,filled,REFERENCE_DIFFERENCE,generate_reference_values
NegativeBinomial_PMF|408e980000000000|40b3880000000000|3feb333333333333||all|main grid,NegativeBinomial_PMF,408e980000000000;40b3880000000000;3feb333333333333,all,main grid,present,present,filled,REFERENCE_DIFFERENCE,generate_reference_values
NegativeBinomial_PMF|409f400000000000|407f400000000000|3fc999999999999a||all|main grid,NegativeBinomial_PMF,409f400000000000;407f400000000000;3fc999999999999a,all,main grid,present,present,filled,REFERENCE_DIFFERENCE,generate_reference_values
NegativeBinomial_PMF|40a1f80000000000|407f400000000000|3fc999999999999a||all|main grid,NegativeBinomial_PMF,40a1f80000000000;407f400000000000;3fc999999999999a,all,main grid,present,present,filled,REFERENCE_DIFFERENCE,generate_reference_values
NegativeBinomial_PMF|40b3880000000000|40b3880000000000|3fe0000000000000||all|main grid,NegativeBinomial_PMF,40b3880000000000;40b3880000000000;3fe0000000000000,all,main grid,present,present,filled,REFERENCE_DIFFERENCE,generate_reference_values
NegativeBinomial_PMF|40b4b40000000000|40b3880000000000|3fe0000000000000||all|main grid,NegativeBinomial_PMF,40b4b40000000000;40b3880000000000;3fe0000000000000,all,main grid,present,present,filled,REFERENCE_DIFFERENCE,generate_reference_values
NegativeBinomial_PMF|40d3880000000000|40b3880000000000|3fc999999999999a||all|main grid,NegativeBinomial_PMF,40d3880000000000;40b3880000000000;3fc999999999999a,all,main grid,present,present,filled,REFERENCE_DIFFERENCE,generate_reference_values
NegativeBinomial_PMF|40d4750000000000|40b3880000000000|3fc999999999999a||all|main grid,NegativeBinomial_PMF,40d4750000000000;40b3880000000000;3fc999999999999a,all,main grid,present,present,filled,REFERENCE_DIFFERENCE,generate_reference_values
NegativeBinomial_StdDev|3ff0000000000000|3fc999999999999a|||all|main grid,NegativeBinomial_StdDev,3ff0000000000000;3fc999999999999a,all,main grid,present,present,filled,REFERENCE_DIFFERENCE,generate_reference_values
NegativeBinomial_StdDev|3ff0000000000000|3fe0000000000000|||all|main grid,NegativeBinomial_StdDev,3ff0000000000000;3fe0000000000000,all,main grid,present,present,filled,REFERENCE_DIFFERENCE,generate_reference_values
NegativeBinomial_StdDev|3ff0000000000000|3feb333333333333|||all|main grid,NegativeBinomial_StdDev,3ff0000000000000;3feb333333333333,all,main grid,present,present,filled,REFERENCE_DIFFERENCE,generate_reference_values
NegativeBinomial_StdDev|4014000000000000|3fc999999999999a|||all|main grid,NegativeBinomial_StdDev,4014000000000000;3fc999999999999a,all,main grid,present,present,filled,MATCH,generate_reference_values
NegativeBinomial_StdDev|4014000000000000|3fe0000000000000|||all|main grid,NegativeBinomial_StdDev,4014000000000000;3fe0000000000000,all,main grid,present,present,filled,REFERENCE_DIFFERENCE,generate_reference_values
NegativeBinomial_StdDev|4014000000000000|3feb333333333333|||all|main grid,NegativeBinomial_StdDev,4014000000000000;3feb333333333333,all,main grid,present,present,filled,REFERENCE_DIFFERENCE,generate_reference_values
NegativeBinomial_StdDev|4049000000000000|3fc999999999999a|||all|main grid,NegativeBinomial_StdDev,4049000000000000;3fc999999999999a,all,main grid,present,present,filled,REFERENCE_DIFFERENCE,generate_reference_values
NegativeBinomial_StdDev|4049000000000000|3fe0000000000000|||all|main grid,NegativeBinomial_StdDev,4049000000000000;3fe0000000000000,all,main grid,present,present,filled,MATCH,generate_reference_values
NegativeBinomial_StdDev|4049000000000000|3feb333333333333|||all|main grid,NegativeBinomial_StdDev,4049000000000000;3feb333333333333,all,main grid,present,present,filled,REFERENCE_DIFFERENCE,generate_reference_values
NegativeBinomial_StdDev|407f400000000000|3fc999999999999a|||all|main grid,NegativeBinomial_StdDev,407f400000000000;3fc999999999999a,all,main grid,present,present,filled,MATCH,generate_reference_values
NegativeBinomial_StdDev|407f400000000000|3fe0000000000000|||all|main grid,NegativeBinomial_StdDev,407f400000000000;3fe0000000000000,all,main grid,present,present,filled,REFERENCE_DIFFERENCE,generate_reference_values
NegativeBinomial_StdDev|407f400000000000|3feb333333333333|||all|main grid,NegativeBinomial_StdDev,407f400000000000;3feb333333333333,all,main grid,present,present,filled,REFERENCE_DIFFERENCE,generate_reference_values
NegativeBinomial_StdDev|40b3880000000000|3fc999999999999a|||all|main grid,NegativeBinomial_StdDev,40b3880000000000;3fc999999999999a,all,main grid,present,present,filled,REFERENCE_DIFFERENCE,generate_reference_values
NegativeBinomial_StdDev|40b3880000000000|3fe0000000000000|||all|main grid,NegativeBinomial_StdDev,40b3880000000000;3fe0000000000000,all,main grid,present,present,filled,MATCH,generate_reference_values
NegativeBinomial_StdDev|40b3880000000000|3feb333333333333|||all|main grid,NegativeBinomial_StdDev,40b3880000000000;3feb333333333333,all,main grid,present,present,filled,REFERENCE_DIFFERENCE,generate_reference_values
NegativeBinomial_Survival|0000000000000000|3ff0000000000000|3feb333333333333||all|main grid,NegativeBinomial_Survival,0000000000000000;3ff0000000000000;3feb333333333333,all,main grid,present,present,filled,REFERENCE_DIFFERENCE,generate_reference_values
NegativeBinomial_Survival|0000000000000000|4014000000000000|3feb333333333333||all|main grid,NegativeBinomial_Survival,0000000000000000;4014000000000000;3feb333333333333,all,main grid,present,present,filled,REFERENCE_DIFFERENCE,generate_reference_values
NegativeBinomial_Survival|3ff0000000000000|3ff0000000000000|3fe0000000000000||all|main grid,NegativeBinomial_Survival,3ff0000000000000;3ff0000000000000;3fe0000000000000,all,main grid,present,present,filled,REFERENCE_DIFFERENCE,generate_reference_values
NegativeBinomial_Survival|3ff0000000000000|3ff0000000000000|3feb333333333333||all|main grid,NegativeBinomial_Survival,3ff0000000000000;3ff0000000000000;3feb333333333333,all,main grid,present,present,filled,REFERENCE_DIFFERENCE,generate_reference_values
NegativeBinomial_Survival|4008000000000000|4014000000000000|3feb333333333333||all|main grid,NegativeBinomial_Survival,4008000000000000;4014000000000000;3feb333333333333,all,main grid,present,present,filled,REFERENCE_DIFFERENCE,generate_reference_values
NegativeBinomial_Survival|4010000000000000|3ff0000000000000|3fc999999999999a||all|main grid,NegativeBinomial_Survival,4010000000000000;3ff0000000000000;3fc999999999999a,all,main grid,present,present,filled,REFERENCE_DIFFERENCE,generate_reference_values
NegativeBinomial_Survival|4014000000000000|3ff0000000000000|3fe0000000000000||all|main grid,NegativeBinomial_Survival,4014000000000000;3ff0000000000000;3fe0000000000000,all,main grid,present,present,filled,REFERENCE_DIFFERENCE,generate_reference_values
NegativeBinomial_Survival|4014000000000000|4014000000000000|3fe0000000000000||all|main grid,NegativeBinomial_Survival,4014000000000000;4014000000000000;3fe0000000000000,all,main grid,present,present,filled,REFERENCE_DIFFERENCE,generate_reference_values
NegativeBinomial_Survival|4020000000000000|4049000000000000|3feb333333333333||all|main grid,NegativeBinomial_Survival,4020000000000000;4049000000000000;3feb333333333333,all,main grid,present,present,filled,REFERENCE_DIFFERENCE,generate_reference_values
NegativeBinomial_Survival|402c000000000000|4014000000000000|3fe0000000000000||all|main grid,NegativeBinomial_Survival,402c000000000000;4014000000000000;3fe0000000000000,all,main grid,present,present,filled,REFERENCE_DIFFERENCE,generate_reference_values
NegativeBinomial_Survival|4031000000000000|3ff0000000000000|3fc999999999999a||all|main grid,NegativeBinomial_Survival,4031000000000000;3ff0000000000000;3fc999999999999a,all,main grid,present,present,filled,REFERENCE_DIFFERENCE,generate_reference_values
NegativeBinomial_Survival|4032000000000000|4049000000000000|3feb333333333333||all|main grid,NegativeBinomial_Survival,4032000000000000;4049000000000000;3feb333333333333,all,main grid,present,present,filled,REFERENCE_DIFFERENCE,generate_reference_values
NegativeBinomial_Survival|4034000000000000|4014000000000000|3fc999999999999a||all|main grid,NegativeBinomial_Survival,4034000000000000;4014000000000000;3fc999999999999a,all,main grid,present,present,filled,REFERENCE_DIFFERENCE,generate_reference_values
NegativeBinomial_Survival|4049000000000000|4014000000000000|3fc999999999999a||all|main grid,NegativeBinomial_Survival,4049000000000000;4014000000000000;3fc999999999999a,all,main grid,present,present,filled,REFERENCE_DIFFERENCE,generate_reference_values
NegativeBinomial_Survival|4049000000000000|4049000000000000|3fe0000000000000||all|main grid,NegativeBinomial_Survival,4049000000000000;4049000000000000;3fe0000000000000,all,main grid,present,present,filled,REFERENCE_DIFFERENCE,generate_reference_values
NegativeBinomial_Survival|4054000000000000|4049000000000000|3fe0000000000000||all|main grid,NegativeBinomial_Survival,4054000000000000;4049000000000000;3fe0000000000000,all,main grid,present,present,filled,REFERENCE_DIFFERENCE,generate_reference_values
NegativeBinomial_Survival|4056000000000000|407f400000000000|3feb333333333333||all|main grid,NegativeBinomial_Survival,4056000000000000;407f400000000000;3feb333333333333,all,main grid,present,present,filled,REFERENCE_DIFFERENCE,generate_reference_values
NegativeBinomial_Survival|405d800000000000|407f400000000000|3feb333333333333||all|main grid,NegativeBinomial_Survival,405d800000000000;407f400000000000;3feb333333333333,all,main grid,present,present,filled,REFERENCE_DIFFERENCE,generate_reference_values
NegativeBinomial_Survival|4069000000000000|4049000000000000|3fc999999999999a||all|main grid,NegativeBinomial_Survival,4069000000000000;4049000000000000;3fc999999999999a,all,main grid,present,present,filled,REFERENCE_DIFFERENCE,generate_reference_values
NegativeBinomial_Survival|4072600000000000|4049000000000000|3fc999999999999a||all|main grid,NegativeBinomial_Survival,4072600000000000;4049000000000000;3fc999999999999a,all,main grid,present,present,filled,REFERENCE_DIFFERENCE,generate_reference_values
NegativeBinomial_Survival|407f400000000000|407f400000000000|3fe0000000000000||all|main grid,NegativeBinomial_Survival,407f400000000000;407f400000000000;3fe0000000000000,all,main grid,present,present,filled,REFERENCE_DIFFERENCE,generate_reference_values
NegativeBinomial_Survival|4082900000000000|407f400000000000|3fe0000000000000||all|main grid,NegativeBinomial_Survival,4082900000000000;407f400000000000;3fe0000000000000,all,main grid,present,present,filled,REFERENCE_DIFFERENCE,generate_reference_values
NegativeBinomial_Survival|408b900000000000|40b3880000000000|3feb333333333333||all|main grid,NegativeBinomial_Survival,408b900000000000;40b3880000000000;3feb333333333333,all,main grid,present,present,filled,REFERENCE_DIFFERENCE,generate_reference_values
NegativeBinomial_Survival|408e980000000000|40b3880000000000|3feb333333333333||all|main grid,NegativeBinomial_Survival,408e980000000000;40b3880000000000;3feb333333333333,all,main grid,present,present,filled,REFERENCE_DIFFERENCE,generate_reference_values
NegativeBinomial_Survival|409f400000000000|407f400000000000|3fc999999999999a||all|main grid,NegativeBinomial_Survival,409f400000000000;407f400000000000;3fc999999999999a,all,main grid,present,present,filled,REFERENCE_DIFFERENCE,generate_reference_values
NegativeBinomial_Survival|40a1f80000000000|407f400000000000|3fc999999999999a||all|main grid,NegativeBinomial_Survival,40a1f80000000000;407f400000000000;3fc999999999999a,all,main grid,present,present,filled,REFERENCE_DIFFERENCE,generate_reference_values
NegativeBinomial_Survival|40b3880000000000|40b3880000000000|3fe0000000000000||all|main grid,NegativeBinomial_Survival,40b3880000000000;40b3880000000000;3fe0000000000000,all,main grid,present,present,filled,REFERENCE_DIFFERENCE,generate_reference_values
NegativeBinomial_Survival|40b4b40000000000|40b3880000000000|3fe0000000000000||all|main grid,NegativeBinomial_Survival,40b4b40000000000;40b3880000000000;3fe0000000000000,all,main grid,present,present,filled,REFERENCE_DIFFERENCE,generate_reference_values
NegativeBinomial_Survival|40d3880000000000|40b3880000000000|3fc999999999999a||all|main grid,NegativeBinomial_Survival,40d3880000000000;40b3880000000000;3fc999999999999a,all,main grid,present,present,filled,REFERENCE_DIFFERENCE,generate_reference_values
NegativeBinomial_Survival|40d4750000000000|40b3880000000000|3fc999999999999a||all|main grid,NegativeBinomial_Survival,40d4750000000000;40b3880000000000;3fc999999999999a,all,main grid,present,present,filled,REFERENCE_DIFFERENCE,generate_reference_values
NegativeBinomial_Variance|3ff0000000000000|3fc999999999999a|||all|main grid,NegativeBinomial_Variance,3ff0000000000000;3fc999999999999a,all,main grid,present,present,filled,REFERENCE_DIFFERENCE,generate_reference_values
NegativeBinomial_Variance|3ff0000000000000|3fe0000000000000|||all|main grid,NegativeBinomial_Variance,3ff0000000000000;3fe0000000000000,all,main grid,present,present,filled,MATCH,generate_reference_values
NegativeBinomial_Variance|3ff0000000000000|3feb333333333333|||all|main grid,NegativeBinomial_Variance,3ff0000000000000;3feb333333333333,all,main grid,present,present,filled,REFERENCE_DIFFERENCE,generate_reference_values
NegativeBinomial_Variance|4014000000000000|3fc999999999999a|||all|main grid,NegativeBinomial_Variance,4014000000000000;3fc999999999999a,all,main grid,present,present,filled,REFERENCE_DIFFERENCE,generate_reference_values
NegativeBinomial_Variance|4014000000000000|3fe0000000000000|||all|main grid,NegativeBinomial_Variance,4014000000000000;3fe0000000000000,all,main grid,present,present,filled,MATCH,generate_reference_values
NegativeBinomial_Variance|4014000000000000|3feb333333333333|||all|main grid,NegativeBinomial_Variance,4014000000000000;3feb333333333333,all,main grid,present,present,filled,REFERENCE_DIFFERENCE,generate_reference_values
NegativeBinomial_Variance|4049000000000000|3fc999999999999a|||all|main grid,NegativeBinomial_Variance,4049000000000000;3fc999999999999a,all,main grid,present,present,filled,REFERENCE_DIFFERENCE,generate_reference_values
NegativeBinomial_Variance|4049000000000000|3fe0000000000000|||all|main grid,NegativeBinomial_Variance,4049000000000000;3fe0000000000000,all,main grid,present,present,filled,MATCH,generate_reference_values
NegativeBinomial_Variance|4049000000000000|3feb333333333333|||all|main grid,NegativeBinomial_Variance,4049000000000000;3feb333333333333,all,main grid,present,present,filled,REFERENCE_DIFFERENCE,generate_reference_values
NegativeBinomial_Variance|407f400000000000|3fc999999999999a|||all|main grid,NegativeBinomial_Variance,407f400000000000;3fc999999999999a,all,main grid,present,present,filled,REFERENCE_DIFFERENCE,generate_reference_values
NegativeBinomial_Variance|407f400000000000|3fe0000000000000|||all|main grid,NegativeBinomial_Variance,407f400000000000;3fe0000000000000,all,main grid,present,present,filled,MATCH,generate_reference_values
NegativeBinomial_Variance|407f400000000000|3feb333333333333|||all|main grid,NegativeBinomial_Variance,407f400000000000;3feb333333333333,all,main grid,present,present,filled,REFERENCE_DIFFERENCE,generate_reference_values
NegativeBinomial_Variance|40b3880000000000|3fc999999999999a|||all|main grid,NegativeBinomial_Variance,40b3880000000000;3fc999999999999a,all,main grid,present,present,filled,REFERENCE_DIFFERENCE,generate_reference_values
NegativeBinomial_Variance|40b3880000000000|3fe0000000000000|||all|main grid,NegativeBinomial_Variance,40b3880000000000;3fe0000000000000,all,main grid,present,present,filled,MATCH,generate_reference_values
NegativeBinomial_Variance|40b3880000000000|3feb333333333333|||all|main grid,NegativeBinomial_Variance,40b3880000000000;3feb333333333333,all,main grid,present,present,filled,REFERENCE_DIFFERENCE,generate_reference_values
NormalStandard_Cumulative|3fe0000000000000||||all|main grid,NormalStandard_Cumulative,3fe0000000000000,all,main grid,present,present,filled,MATCH,generate_reference_values
NormalStandard_Cumulative|3ff0000000000000||||all|main grid,NormalStandard_Cumulative,3ff0000000000000,all,main grid,present,present,filled,MATCH,generate_reference_values
NormalStandard_Cumulative|3fff5c28f5c28f5c||||all|main grid,NormalStandard_Cumulative,3fff5c28f5c28f5c,all,main grid,present,present,filled,MATCH,generate_reference_values
NormalStandard_Cumulative|4008000000000000||||all|main grid,NormalStandard_Cumulative,4008000000000000,all,main grid,present,present,filled,MATCH,generate_reference_values
NormalStandard_Cumulative|bfe0000000000000||||all|main grid,NormalStandard_Cumulative,bfe0000000000000,all,main grid,present,present,filled,MATCH,generate_reference_values
NormalStandard_Cumulative|c000000000000000||||all|main grid,NormalStandard_Cumulative,c000000000000000,all,main grid,present,present,filled,MATCH,generate_reference_values
NormalStandard_Density|3fe0000000000000||||all|main grid,NormalStandard_Density,3fe0000000000000,all,main grid,present,present,filled,MATCH,generate_reference_values
NormalStandard_Density|3ff0000000000000||||all|main grid,NormalStandard_Density,3ff0000000000000,all,main grid,present,present,filled,MATCH,generate_reference_values
NormalStandard_Density|3fff5c28f5c28f5c||||all|main grid,NormalStandard_Density,3fff5c28f5c28f5c,all,main grid,present,present,filled,MATCH,generate_reference_values
NormalStandard_Density|4008000000000000||||all|main grid,NormalStandard_Density,4008000000000000,all,main grid,present,present,filled,MATCH,generate_reference_values
NormalStandard_Density|bfe0000000000000||||all|main grid,NormalStandard_Density,bfe0000000000000,all,main grid,present,present,filled,MATCH,generate_reference_values
NormalStandard_Density|c000000000000000||||all|main grid,NormalStandard_Density,c000000000000000,all,main grid,present,present,filled,MATCH,generate_reference_values
NormalStandard_IntervalProbability|0000000000000000|4008000000000000|||all|main grid,NormalStandard_IntervalProbability,0000000000000000;4008000000000000,all,main grid,present,present,filled,MATCH,generate_reference_values
NormalStandard_IntervalProbability|bff0000000000000|4000000000000000|||all|main grid,NormalStandard_IntervalProbability,bff0000000000000;4000000000000000,all,main grid,present,present,filled,MATCH,generate_reference_values
NormalStandard_IntervalProbability|bfff5c28f5c28f5c|3fff5c28f5c28f5c|||all|main grid,NormalStandard_IntervalProbability,bfff5c28f5c28f5c;3fff5c28f5c28f5c,all,main grid,present,present,filled,MATCH,generate_reference_values
NormalStandard_InverseCumulative|01a56e1fc2f8f359||||deep_tail|main grid,NormalStandard_InverseCumulative,01a56e1fc2f8f359,deep_tail,main grid,present,present,filled,REFERENCE_DIFFERENCE,generate_reference_values
NormalStandard_InverseCumulative|16687e92154ef7ac||||deep_tail|main grid,NormalStandard_InverseCumulative,16687e92154ef7ac,deep_tail,main grid,present,present,filled,REFERENCE_DIFFERENCE,generate_reference_values
NormalStandard_InverseCumulative|2b2bff2ee48e0530||||deep_tail|main grid,NormalStandard_InverseCumulative,2b2bff2ee48e0530,deep_tail,main grid,present,present,filled,REFERENCE_DIFFERENCE,generate_reference_values
NormalStandard_InverseCumulative|358dee7a4ad4b81f||||deep_tail|main grid,NormalStandard_InverseCumulative,358dee7a4ad4b81f,deep_tail,main grid,present,present,filled,REFERENCE_DIFFERENCE,generate_reference_values
NormalStandard_InverseCumulative|39b4484bfeebc2a0||||deep_tail|main grid,NormalStandard_InverseCumulative,39b4484bfeebc2a0,deep_tail,main grid,present,present,filled,REFERENCE_DIFFERENCE,generate_reference_values
NormalStandard_InverseCumulative|3c32725dd1d243ac||||deep_tail|main grid,NormalStandard_InverseCumulative,3c32725dd1d243ac,deep_tail,main grid,present,present,filled,REFERENCE_DIFFERENCE,generate_reference_values
NormalStandard_InverseCumulative|3cd203af9ee75616||||deep_tail|main grid,NormalStandard_InverseCumulative,3cd203af9ee75616,deep_tail,main grid,present,present,filled,REFERENCE_DIFFERENCE,generate_reference_values
NormalStandard_InverseCumulative|3d719799812dea11||||deep_tail|main grid,NormalStandard_InverseCumulative,3d719799812dea11,deep_tail,main grid,present,absent,,GENERATOR_ONLY_UNEXPLAINED,generate_reference_values
NormalStandard_InverseCumulative|3d719799812dea11||||split_boundary|main grid,NormalStandard_InverseCumulative,3d719799812dea11,split_boundary,main grid,absent,present,filled,GRID_ONLY_UNEXPLAINED,loggamma1p_study
NormalStandard_InverseCumulative|3f847ae147ae147b||||all|main grid,NormalStandard_InverseCumulative,3f847ae147ae147b,all,main grid,present,present,filled,MATCH,generate_reference_values
NormalStandard_InverseCumulative|3fd0000000000000||||all|main grid,NormalStandard_InverseCumulative,3fd0000000000000,all,main grid,present,present,filled,MATCH,generate_reference_values
NormalStandard_InverseCumulative|3fe0000000000000||||all|main grid,NormalStandard_InverseCumulative,3fe0000000000000,all,main grid,present,present,filled,MATCH,generate_reference_values
NormalStandard_InverseCumulative|3fef333333333333||||all|main grid,NormalStandard_InverseCumulative,3fef333333333333,all,main grid,present,present,filled,MATCH,generate_reference_values
NormalStandard_InverseCumulative|3feff7ced916872b||||all|main grid,NormalStandard_InverseCumulative,3feff7ced916872b,all,main grid,present,present,filled,MATCH,generate_reference_values
NormalStandard_InverseCumulativeFast|3f847ae147ae147b||||all|main grid,NormalStandard_InverseCumulativeFast,3f847ae147ae147b,all,main grid,present,present,filled,MATCH,generate_reference_values
NormalStandard_InverseCumulativeFast|3fd0000000000000||||all|main grid,NormalStandard_InverseCumulativeFast,3fd0000000000000,all,main grid,present,present,filled,MATCH,generate_reference_values
NormalStandard_InverseCumulativeFast|3fe0000000000000||||all|main grid,NormalStandard_InverseCumulativeFast,3fe0000000000000,all,main grid,present,present,filled,MATCH,generate_reference_values
NormalStandard_InverseCumulativeFast|3fef333333333333||||all|main grid,NormalStandard_InverseCumulativeFast,3fef333333333333,all,main grid,present,present,filled,MATCH,generate_reference_values
NormalStandard_InverseCumulativeFast|3feff7ced916872b||||all|main grid,NormalStandard_InverseCumulativeFast,3feff7ced916872b,all,main grid,present,present,filled,MATCH,generate_reference_values
NormalStandard_InverseSurvival|01a56e1fc2f8f359||||deep_tail|main grid,NormalStandard_InverseSurvival,01a56e1fc2f8f359,deep_tail,main grid,present,present,filled,REFERENCE_DIFFERENCE,generate_reference_values
NormalStandard_InverseSurvival|16687e92154ef7ac||||deep_tail|main grid,NormalStandard_InverseSurvival,16687e92154ef7ac,deep_tail,main grid,present,present,filled,REFERENCE_DIFFERENCE,generate_reference_values
NormalStandard_InverseSurvival|2b2bff2ee48e0530||||deep_tail|main grid,NormalStandard_InverseSurvival,2b2bff2ee48e0530,deep_tail,main grid,present,present,filled,REFERENCE_DIFFERENCE,generate_reference_values
NormalStandard_InverseSurvival|358dee7a4ad4b81f||||deep_tail|main grid,NormalStandard_InverseSurvival,358dee7a4ad4b81f,deep_tail,main grid,present,present,filled,REFERENCE_DIFFERENCE,generate_reference_values
NormalStandard_InverseSurvival|39b4484bfeebc2a0||||deep_tail|main grid,NormalStandard_InverseSurvival,39b4484bfeebc2a0,deep_tail,main grid,present,present,filled,REFERENCE_DIFFERENCE,generate_reference_values
NormalStandard_InverseSurvival|3c32725dd1d243ac||||deep_tail|main grid,NormalStandard_InverseSurvival,3c32725dd1d243ac,deep_tail,main grid,present,present,filled,REFERENCE_DIFFERENCE,generate_reference_values
NormalStandard_InverseSurvival|3cd203af9ee75616||||deep_tail|main grid,NormalStandard_InverseSurvival,3cd203af9ee75616,deep_tail,main grid,present,present,filled,REFERENCE_DIFFERENCE,generate_reference_values
NormalStandard_InverseSurvival|3d719799812dea11||||deep_tail|main grid,NormalStandard_InverseSurvival,3d719799812dea11,deep_tail,main grid,present,absent,,GENERATOR_ONLY_UNEXPLAINED,generate_reference_values
NormalStandard_InverseSurvival|3d719799812dea11||||split_boundary|main grid,NormalStandard_InverseSurvival,3d719799812dea11,split_boundary,main grid,absent,present,filled,GRID_ONLY_UNEXPLAINED,loggamma1p_study
NormalStandard_InverseSurvival|3f847ae147ae147b||||all|main grid,NormalStandard_InverseSurvival,3f847ae147ae147b,all,main grid,present,present,filled,MATCH,generate_reference_values
NormalStandard_InverseSurvival|3fd0000000000000||||all|main grid,NormalStandard_InverseSurvival,3fd0000000000000,all,main grid,present,present,filled,MATCH,generate_reference_values
NormalStandard_InverseSurvival|3fe0000000000000||||all|main grid,NormalStandard_InverseSurvival,3fe0000000000000,all,main grid,present,present,filled,MATCH,generate_reference_values
NormalStandard_InverseSurvival|3fef333333333333||||all|main grid,NormalStandard_InverseSurvival,3fef333333333333,all,main grid,present,present,filled,MATCH,generate_reference_values
NormalStandard_InverseSurvival|3feff7ced916872b||||all|main grid,NormalStandard_InverseSurvival,3feff7ced916872b,all,main grid,present,present,filled,MATCH,generate_reference_values
NormalStandard_Survival|3fe0000000000000||||all|main grid,NormalStandard_Survival,3fe0000000000000,all,main grid,present,present,filled,MATCH,generate_reference_values
NormalStandard_Survival|3ff0000000000000||||all|main grid,NormalStandard_Survival,3ff0000000000000,all,main grid,present,present,filled,MATCH,generate_reference_values
NormalStandard_Survival|3fff5c28f5c28f5c||||all|main grid,NormalStandard_Survival,3fff5c28f5c28f5c,all,main grid,present,present,filled,MATCH,generate_reference_values
NormalStandard_Survival|4008000000000000||||all|main grid,NormalStandard_Survival,4008000000000000,all,main grid,present,present,filled,MATCH,generate_reference_values
NormalStandard_Survival|bfe0000000000000||||all|main grid,NormalStandard_Survival,bfe0000000000000,all,main grid,present,present,filled,MATCH,generate_reference_values
NormalStandard_Survival|c000000000000000||||all|main grid,NormalStandard_Survival,c000000000000000,all,main grid,present,present,filled,MATCH,generate_reference_values
Normal_Cumulative|3fff5c28f5c28f5c|0000000000000000|3ff0000000000000||all|main grid,Normal_Cumulative,3fff5c28f5c28f5c;0000000000000000;3ff0000000000000,all,main grid,present,present,filled,MATCH,generate_reference_values
Normal_Cumulative|4008000000000000|4014000000000000|4000000000000000||all|main grid,Normal_Cumulative,4008000000000000;4014000000000000;4000000000000000,all,main grid,present,present,filled,MATCH,generate_reference_values
Normal_Cumulative|405b800000000000|4059000000000000|402e000000000000||all|main grid,Normal_Cumulative,405b800000000000;4059000000000000;402e000000000000,all,main grid,present,present,filled,MATCH,generate_reference_values
Normal_Density|3fff5c28f5c28f5c|0000000000000000|3ff0000000000000||all|main grid,Normal_Density,3fff5c28f5c28f5c;0000000000000000;3ff0000000000000,all,main grid,present,present,filled,MATCH,generate_reference_values
Normal_Density|4008000000000000|4014000000000000|4000000000000000||all|main grid,Normal_Density,4008000000000000;4014000000000000;4000000000000000,all,main grid,present,present,filled,MATCH,generate_reference_values
Normal_Density|405b800000000000|4059000000000000|402e000000000000||all|main grid,Normal_Density,405b800000000000;4059000000000000;402e000000000000,all,main grid,present,present,filled,MATCH,generate_reference_values
Normal_IntervalProbability|0000000000000000|3ff0000000000000|4000000000000000||all|density_helpers,Normal_IntervalProbability,0000000000000000;3ff0000000000000;4000000000000000,all,density_helpers,absent,present,filled,GRID_ONLY_EXPECTED,density_helpers
Normal_IntervalProbability|0000000000000000|4000000000000000|3ff0000000000000||all|density_helpers,Normal_IntervalProbability,0000000000000000;4000000000000000;3ff0000000000000,all,density_helpers,absent,present,filled,GRID_ONLY_EXPECTED,density_helpers
Normal_IntervalProbability|3ff0000000000000|4000000000000000|3ff0000000000000||all|density_helpers,Normal_IntervalProbability,3ff0000000000000;4000000000000000;3ff0000000000000,all,density_helpers,absent,present,filled,GRID_ONLY_EXPECTED,density_helpers
Normal_IntervalProbability|4000000000000000|4010000000000000|3ff0000000000000||all|density_helpers,Normal_IntervalProbability,4000000000000000;4010000000000000;3ff0000000000000,all,density_helpers,absent,present,filled,GRID_ONLY_EXPECTED,density_helpers
Normal_IntervalProbability|bff0000000000000|3ff0000000000000|3ff0000000000000||all|density_helpers,Normal_IntervalProbability,bff0000000000000;3ff0000000000000;3ff0000000000000,all,density_helpers,absent,present,filled,GRID_ONLY_EXPECTED,density_helpers
Normal_IntervalProbability|c008000000000000|bff0000000000000|3ff0000000000000||all|density_helpers,Normal_IntervalProbability,c008000000000000;bff0000000000000;3ff0000000000000,all,density_helpers,absent,present,filled,GRID_ONLY_EXPECTED,density_helpers
Normal_IntervalProbability|c014000000000000|4014000000000000|3ff0000000000000||all|density_helpers,Normal_IntervalProbability,c014000000000000;4014000000000000;3ff0000000000000,all,density_helpers,absent,present,filled,GRID_ONLY_EXPECTED,density_helpers
Normal_InverseCumulative|3f9999999999999a|4024000000000000|4000000000000000||all|main grid,Normal_InverseCumulative,3f9999999999999a;4024000000000000;4000000000000000,all,main grid,present,present,filled,MATCH,generate_reference_values
Normal_InverseCumulative|3fefae147ae147ae|4059000000000000|402e000000000000||all|main grid,Normal_InverseCumulative,3fefae147ae147ae;4059000000000000;402e000000000000,all,main grid,present,present,filled,MATCH,generate_reference_values
Normal_InverseSurvival|01a56e1fc2f8f359|4059000000000000|402e000000000000||deep_tail|main grid,Normal_InverseSurvival,01a56e1fc2f8f359;4059000000000000;402e000000000000,deep_tail,main grid,present,present,filled,REFERENCE_DIFFERENCE,generate_reference_values
Normal_InverseSurvival|01a56e1fc2f8f359|c004000000000000|3fe8000000000000||deep_tail|main grid,Normal_InverseSurvival,01a56e1fc2f8f359;c004000000000000;3fe8000000000000,deep_tail,main grid,present,present,filled,REFERENCE_DIFFERENCE,generate_reference_values
Normal_InverseSurvival|16687e92154ef7ac|4059000000000000|402e000000000000||deep_tail|main grid,Normal_InverseSurvival,16687e92154ef7ac;4059000000000000;402e000000000000,deep_tail,main grid,present,present,filled,REFERENCE_DIFFERENCE,generate_reference_values
Normal_InverseSurvival|16687e92154ef7ac|c004000000000000|3fe8000000000000||deep_tail|main grid,Normal_InverseSurvival,16687e92154ef7ac;c004000000000000;3fe8000000000000,deep_tail,main grid,present,present,filled,REFERENCE_DIFFERENCE,generate_reference_values
Normal_InverseSurvival|2b2bff2ee48e0530|4059000000000000|402e000000000000||deep_tail|main grid,Normal_InverseSurvival,2b2bff2ee48e0530;4059000000000000;402e000000000000,deep_tail,main grid,present,present,filled,REFERENCE_DIFFERENCE,generate_reference_values
Normal_InverseSurvival|2b2bff2ee48e0530|c004000000000000|3fe8000000000000||deep_tail|main grid,Normal_InverseSurvival,2b2bff2ee48e0530;c004000000000000;3fe8000000000000,deep_tail,main grid,present,present,filled,REFERENCE_DIFFERENCE,generate_reference_values
Normal_InverseSurvival|358dee7a4ad4b81f|4059000000000000|402e000000000000||deep_tail|main grid,Normal_InverseSurvival,358dee7a4ad4b81f;4059000000000000;402e000000000000,deep_tail,main grid,present,present,filled,REFERENCE_DIFFERENCE,generate_reference_values
Normal_InverseSurvival|358dee7a4ad4b81f|c004000000000000|3fe8000000000000||deep_tail|main grid,Normal_InverseSurvival,358dee7a4ad4b81f;c004000000000000;3fe8000000000000,deep_tail,main grid,present,present,filled,REFERENCE_DIFFERENCE,generate_reference_values
Normal_InverseSurvival|39b4484bfeebc2a0|4059000000000000|402e000000000000||deep_tail|main grid,Normal_InverseSurvival,39b4484bfeebc2a0;4059000000000000;402e000000000000,deep_tail,main grid,present,present,filled,REFERENCE_DIFFERENCE,generate_reference_values
Normal_InverseSurvival|39b4484bfeebc2a0|c004000000000000|3fe8000000000000||deep_tail|main grid,Normal_InverseSurvival,39b4484bfeebc2a0;c004000000000000;3fe8000000000000,deep_tail,main grid,present,present,filled,REFERENCE_DIFFERENCE,generate_reference_values
Normal_InverseSurvival|3c32725dd1d243ac|4059000000000000|402e000000000000||deep_tail|main grid,Normal_InverseSurvival,3c32725dd1d243ac;4059000000000000;402e000000000000,deep_tail,main grid,present,present,filled,REFERENCE_DIFFERENCE,generate_reference_values
Normal_InverseSurvival|3c32725dd1d243ac|c004000000000000|3fe8000000000000||deep_tail|main grid,Normal_InverseSurvival,3c32725dd1d243ac;c004000000000000;3fe8000000000000,deep_tail,main grid,present,present,filled,REFERENCE_DIFFERENCE,generate_reference_values
Normal_InverseSurvival|3cd203af9ee75616|4059000000000000|402e000000000000||deep_tail|main grid,Normal_InverseSurvival,3cd203af9ee75616;4059000000000000;402e000000000000,deep_tail,main grid,present,present,filled,REFERENCE_DIFFERENCE,generate_reference_values
Normal_InverseSurvival|3cd203af9ee75616|c004000000000000|3fe8000000000000||deep_tail|main grid,Normal_InverseSurvival,3cd203af9ee75616;c004000000000000;3fe8000000000000,deep_tail,main grid,present,present,filled,REFERENCE_DIFFERENCE,generate_reference_values
Normal_InverseSurvival|3d719799812dea11|4059000000000000|402e000000000000||deep_tail|main grid,Normal_InverseSurvival,3d719799812dea11;4059000000000000;402e000000000000,deep_tail,main grid,present,absent,,GENERATOR_ONLY_UNEXPLAINED,generate_reference_values
Normal_InverseSurvival|3d719799812dea11|4059000000000000|402e000000000000||split_boundary|main grid,Normal_InverseSurvival,3d719799812dea11;4059000000000000;402e000000000000,split_boundary,main grid,absent,present,filled,GRID_ONLY_UNEXPLAINED,
Normal_InverseSurvival|3d719799812dea11|c004000000000000|3fe8000000000000||deep_tail|main grid,Normal_InverseSurvival,3d719799812dea11;c004000000000000;3fe8000000000000,deep_tail,main grid,present,absent,,GENERATOR_ONLY_UNEXPLAINED,generate_reference_values
Normal_InverseSurvival|3d719799812dea11|c004000000000000|3fe8000000000000||split_boundary|main grid,Normal_InverseSurvival,3d719799812dea11;c004000000000000;3fe8000000000000,split_boundary,main grid,absent,present,filled,GRID_ONLY_UNEXPLAINED,
Normal_InverseSurvival|3f9999999999999a|4024000000000000|4000000000000000||all|main grid,Normal_InverseSurvival,3f9999999999999a;4024000000000000;4000000000000000,all,main grid,present,present,filled,MATCH,generate_reference_values
Normal_InverseSurvival|3fefae147ae147ae|4059000000000000|402e000000000000||all|main grid,Normal_InverseSurvival,3fefae147ae147ae;4059000000000000;402e000000000000,all,main grid,present,present,filled,MATCH,generate_reference_values
Normal_Survival|3fff5c28f5c28f5c|0000000000000000|3ff0000000000000||all|main grid,Normal_Survival,3fff5c28f5c28f5c;0000000000000000;3ff0000000000000,all,main grid,present,present,filled,MATCH,generate_reference_values
Normal_Survival|4008000000000000|4014000000000000|4000000000000000||all|main grid,Normal_Survival,4008000000000000;4014000000000000;4000000000000000,all,main grid,present,present,filled,MATCH,generate_reference_values
Normal_Survival|405b800000000000|4059000000000000|402e000000000000||all|main grid,Normal_Survival,405b800000000000;4059000000000000;402e000000000000,all,main grid,present,present,filled,MATCH,generate_reference_values
Normal_ZScore|3fff5c28f5c28f5c|0000000000000000|3ff0000000000000||all|main grid,Normal_ZScore,3fff5c28f5c28f5c;0000000000000000;3ff0000000000000,all,main grid,present,present,filled,MATCH,generate_reference_values
Normal_ZScore|4008000000000000|4014000000000000|4000000000000000||all|main grid,Normal_ZScore,4008000000000000;4014000000000000;4000000000000000,all,main grid,present,present,filled,MATCH,generate_reference_values
Normal_ZScore|405b800000000000|4059000000000000|402e000000000000||all|main grid,Normal_ZScore,405b800000000000;4059000000000000;402e000000000000,all,main grid,present,present,filled,MATCH,generate_reference_values
PROB_LogBeta|3c66d3edb3a766f1|3c9cd2b297d889bc|||tiny_unbalanced|main grid,PROB_LogBeta,3c66d3edb3a766f1;3c9cd2b297d889bc,tiny_unbalanced,main grid,present,present,filled,REFERENCE_DIFFERENCE,generate_reference_values
PROB_LogBeta|3c9cd2b297d889bc|3c66d3edb3a766f1|||tiny_unbalanced|main grid,PROB_LogBeta,3c9cd2b297d889bc;3c66d3edb3a766f1,tiny_unbalanced,main grid,present,present,filled,REFERENCE_DIFFERENCE,generate_reference_values
PROB_LogBeta|3d3bddb3a9cdd929|3d719799812dea11|||tiny_unbalanced|main grid,PROB_LogBeta,3d3bddb3a9cdd929;3d719799812dea11,tiny_unbalanced,main grid,present,present,filled,REFERENCE_DIFFERENCE,generate_reference_values
PROB_LogBeta|3d719799812dea11|3d3bddb3a9cdd929|||tiny_unbalanced|main grid,PROB_LogBeta,3d719799812dea11;3d3bddb3a9cdd929,tiny_unbalanced,main grid,present,present,filled,REFERENCE_DIFFERENCE,generate_reference_values
PROB_LogBeta|3e45798ee2308c3a|3e112e0be826d695|||tiny_unbalanced|main grid,PROB_LogBeta,3e45798ee2308c3a;3e112e0be826d695,tiny_unbalanced,main grid,present,present,filled,REFERENCE_DIFFERENCE,generate_reference_values
PROB_LogBeta|3eb0c6f7a0b5ed8d|3e7d87247702c0d0|||tiny_unbalanced|main grid,PROB_LogBeta,3eb0c6f7a0b5ed8d;3e7d87247702c0d0,tiny_unbalanced,main grid,present,present,filled,REFERENCE_DIFFERENCE,generate_reference_values
PROB_LogBeta|3eb0c6f7a0b5ed8d|3e8421f5f40d8376|||tiny_unbalanced|main grid,PROB_LogBeta,3eb0c6f7a0b5ed8d;3e8421f5f40d8376,tiny_unbalanced,main grid,present,present,filled,REFERENCE_DIFFERENCE,generate_reference_values
PROB_LogBeta|3f1a36e2eb1c432d|3ee4f8b588e368f1|||tiny_unbalanced|main grid,PROB_LogBeta,3f1a36e2eb1c432d;3ee4f8b588e368f1,tiny_unbalanced,main grid,present,present,filled,REFERENCE_DIFFERENCE,generate_reference_values
PROB_LogBeta|3f50624dd2f1a9fc|3f19f3c70c996b76|||tiny_unbalanced|main grid,PROB_LogBeta,3f50624dd2f1a9fc;3f19f3c70c996b76,tiny_unbalanced,main grid,present,present,filled,REFERENCE_DIFFERENCE,generate_reference_values
PROB_LogBeta|3f50624dd2f1a9fc|3f1cd5f99c38b04b|||tiny_unbalanced|main grid,PROB_LogBeta,3f50624dd2f1a9fc;3f1cd5f99c38b04b,tiny_unbalanced,main grid,present,present,filled,REFERENCE_DIFFERENCE,generate_reference_values
PROB_LogBeta|3fe0000000000000|3fd0000000000000|||all|delta_seam_study,PROB_LogBeta,3fe0000000000000;3fd0000000000000,all,delta_seam_study,absent,present,filled,GRID_ONLY_EXPECTED,delta_seam_study
PROB_LogBeta|3ff4000000000000|3fd0000000000000|||all|delta_seam_study,PROB_LogBeta,3ff4000000000000;3fd0000000000000,all,delta_seam_study,absent,present,filled,GRID_ONLY_EXPECTED,delta_seam_study
PROB_LogBeta|3ff6666666666666|3fe6666666666666|||all|delta_seam_study,PROB_LogBeta,3ff6666666666666;3fe6666666666666,all,delta_seam_study,absent,present,filled,GRID_ONLY_EXPECTED,delta_seam_study
PROB_LogBeta|3ffaaaaaaaaaaaab|3fd0000000000000|||all|delta_seam_study,PROB_LogBeta,3ffaaaaaaaaaaaab;3fd0000000000000,all,delta_seam_study,absent,present,filled,GRID_ONLY_EXPECTED,delta_seam_study
PROB_LogBeta|4004000000000000|3fd0000000000000|||all|delta_seam_study,PROB_LogBeta,4004000000000000;3fd0000000000000,all,delta_seam_study,absent,present,filled,GRID_ONLY_EXPECTED,delta_seam_study
PROB_LogBeta|4004cccccccccccd|3ff4cccccccccccd|||all|delta_seam_study,PROB_LogBeta,4004cccccccccccd;3ff4cccccccccccd,all,delta_seam_study,absent,present,filled,GRID_ONLY_EXPECTED,delta_seam_study
PROB_LogBeta|4009000000000000|3fd0000000000000|||all|delta_seam_study,PROB_LogBeta,4009000000000000;3fd0000000000000,all,delta_seam_study,absent,present,filled,GRID_ONLY_EXPECTED,delta_seam_study
PROB_LogBeta|400c000000000000|3fe6666666666666|||all|delta_seam_study,PROB_LogBeta,400c000000000000;3fe6666666666666,all,delta_seam_study,absent,present,filled,GRID_ONLY_EXPECTED,delta_seam_study
PROB_LogBeta|4012aaaaaaaaaaab|3fe6666666666666|||all|delta_seam_study,PROB_LogBeta,4012aaaaaaaaaaab;3fe6666666666666,all,delta_seam_study,absent,present,filled,GRID_ONLY_EXPECTED,delta_seam_study
PROB_LogBeta|4014000000000000|3fd0000000000000|||all|delta_seam_study,PROB_LogBeta,4014000000000000;3fd0000000000000,all,delta_seam_study,absent,present,filled,GRID_ONLY_EXPECTED,delta_seam_study
PROB_LogBeta|4014000000000000|4004000000000000|||all|delta_seam_study,PROB_LogBeta,4014000000000000;4004000000000000,all,delta_seam_study,absent,present,filled,GRID_ONLY_EXPECTED,delta_seam_study
PROB_LogBeta|401a000000000000|3ff4cccccccccccd|||all|delta_seam_study,PROB_LogBeta,401a000000000000;3ff4cccccccccccd,all,delta_seam_study,absent,present,filled,GRID_ONLY_EXPECTED,delta_seam_study
PROB_LogBeta|401c000000000000|3fe6666666666666|||all|delta_seam_study,PROB_LogBeta,401c000000000000;3fe6666666666666,all,delta_seam_study,absent,present,filled,GRID_ONLY_EXPECTED,delta_seam_study
PROB_LogBeta|4020aaaaaaaaaaab|3fd0000000000000|||all|delta_seam_study,PROB_LogBeta,4020aaaaaaaaaaab;3fd0000000000000,all,delta_seam_study,absent,present,filled,GRID_ONLY_EXPECTED,delta_seam_study
PROB_LogBeta|4021555555555555|3ff4cccccccccccd|||all|delta_seam_study,PROB_LogBeta,4021555555555555;3ff4cccccccccccd,all,delta_seam_study,absent,present,filled,GRID_ONLY_EXPECTED,delta_seam_study
PROB_LogBeta|4021800000000000|3fe6666666666666|||all|delta_seam_study,PROB_LogBeta,4021800000000000;3fe6666666666666,all,delta_seam_study,absent,present,filled,GRID_ONLY_EXPECTED,delta_seam_study
PROB_LogBeta|4027000000000000|4017000000000000|||all|delta_seam_study,PROB_LogBeta,4027000000000000;4017000000000000,all,delta_seam_study,absent,present,filled,GRID_ONLY_EXPECTED,delta_seam_study
PROB_LogBeta|4029000000000000|3fd0000000000000|||all|delta_seam_study,PROB_LogBeta,4029000000000000;3fd0000000000000,all,delta_seam_study,absent,present,filled,GRID_ONLY_EXPECTED,delta_seam_study
PROB_LogBeta|4029000000000000|4004000000000000|||all|delta_seam_study,PROB_LogBeta,4029000000000000;4004000000000000,all,delta_seam_study,absent,present,filled,GRID_ONLY_EXPECTED,delta_seam_study
PROB_LogBeta|402a000000000000|3ff4cccccccccccd|||all|delta_seam_study,PROB_LogBeta,402a000000000000;3ff4cccccccccccd,all,delta_seam_study,absent,present,filled,GRID_ONLY_EXPECTED,delta_seam_study
PROB_LogBeta|402c000000000000|3fe6666666666666|||all|delta_seam_study,PROB_LogBeta,402c000000000000;3fe6666666666666,all,delta_seam_study,absent,present,filled,GRID_ONLY_EXPECTED,delta_seam_study
PROB_LogBeta|4030400000000000|3ff4cccccccccccd|||all|delta_seam_study,PROB_LogBeta,4030400000000000;3ff4cccccccccccd,all,delta_seam_study,absent,present,filled,GRID_ONLY_EXPECTED,delta_seam_study
PROB_LogBeta|4030aaaaaaaaaaab|4004000000000000|||all|delta_seam_study,PROB_LogBeta,4030aaaaaaaaaaab;4004000000000000,all,delta_seam_study,absent,present,filled,GRID_ONLY_EXPECTED,delta_seam_study
PROB_LogBeta|4034800000000000|4024800000000000|||all|delta_seam_study,PROB_LogBeta,4034800000000000;4024800000000000,all,delta_seam_study,absent,present,filled,GRID_ONLY_EXPECTED,delta_seam_study
PROB_LogBeta|4037555555555555|3fe6666666666666|||all|delta_seam_study,PROB_LogBeta,4037555555555555;3fe6666666666666,all,delta_seam_study,absent,present,filled,GRID_ONLY_EXPECTED,delta_seam_study
PROB_LogBeta|4039000000000000|3fd0000000000000|||all|delta_seam_study,PROB_LogBeta,4039000000000000;3fd0000000000000,all,delta_seam_study,absent,present,filled,GRID_ONLY_EXPECTED,delta_seam_study
PROB_LogBeta|4039000000000000|4004000000000000|||all|delta_seam_study,PROB_LogBeta,4039000000000000;4004000000000000,all,delta_seam_study,absent,present,filled,GRID_ONLY_EXPECTED,delta_seam_study
PROB_LogBeta|403a000000000000|3ff4cccccccccccd|||all|delta_seam_study,PROB_LogBeta,403a000000000000;3ff4cccccccccccd,all,delta_seam_study,absent,present,filled,GRID_ONLY_EXPECTED,delta_seam_study
PROB_LogBeta|403cc00000000000|4017000000000000|||all|delta_seam_study,PROB_LogBeta,403cc00000000000;4017000000000000,all,delta_seam_study,absent,present,filled,GRID_ONLY_EXPECTED,delta_seam_study
PROB_LogBeta|403f400000000000|4004000000000000|||all|delta_seam_study,PROB_LogBeta,403f400000000000;4004000000000000,all,delta_seam_study,absent,present,filled,GRID_ONLY_EXPECTED,delta_seam_study
PROB_LogBeta|4041800000000000|3fe6666666666666|||all|delta_seam_study,PROB_LogBeta,4041800000000000;3fe6666666666666,all,delta_seam_study,absent,present,filled,GRID_ONLY_EXPECTED,delta_seam_study
PROB_LogBeta|40432aaaaaaaaaab|4017000000000000|||all|delta_seam_study,PROB_LogBeta,40432aaaaaaaaaab;4017000000000000,all,delta_seam_study,absent,present,filled,GRID_ONLY_EXPECTED,delta_seam_study
PROB_LogBeta|4045aaaaaaaaaaab|3ff4cccccccccccd|||all|delta_seam_study,PROB_LogBeta,4045aaaaaaaaaaab;3ff4cccccccccccd,all,delta_seam_study,absent,present,filled,GRID_ONLY_EXPECTED,delta_seam_study
PROB_LogBeta|4049000000000000|3fd0000000000000|||all|delta_seam_study,PROB_LogBeta,4049000000000000;3fd0000000000000,all,delta_seam_study,absent,present,filled,GRID_ONLY_EXPECTED,delta_seam_study
PROB_LogBeta|4049000000000000|4004000000000000|||all|delta_seam_study,PROB_LogBeta,4049000000000000;4004000000000000,all,delta_seam_study,absent,present,filled,GRID_ONLY_EXPECTED,delta_seam_study
PROB_LogBeta|4049a00000000000|4024800000000000|||all|delta_seam_study,PROB_LogBeta,4049a00000000000;4024800000000000,all,delta_seam_study,absent,present,filled,GRID_ONLY_EXPECTED,delta_seam_study
PROB_LogBeta|404cc00000000000|4017000000000000|||all|delta_seam_study,PROB_LogBeta,404cc00000000000;4017000000000000,all,delta_seam_study,absent,present,filled,GRID_ONLY_EXPECTED,delta_seam_study
PROB_LogBeta|4050400000000000|3ff4cccccccccccd|||all|delta_seam_study,PROB_LogBeta,4050400000000000;3ff4cccccccccccd,all,delta_seam_study,absent,present,filled,GRID_ONLY_EXPECTED,delta_seam_study
PROB_LogBeta|4051155555555555|4024800000000000|||all|delta_seam_study,PROB_LogBeta,4051155555555555;4024800000000000,all,delta_seam_study,absent,present,filled,GRID_ONLY_EXPECTED,delta_seam_study
PROB_LogBeta|4051800000000000|3fe6666666666666|||all|delta_seam_study,PROB_LogBeta,4051800000000000;3fe6666666666666,all,delta_seam_study,absent,present,filled,GRID_ONLY_EXPECTED,delta_seam_study
PROB_LogBeta|4051f80000000000|4017000000000000|||all|delta_seam_study,PROB_LogBeta,4051f80000000000;4017000000000000,all,delta_seam_study,absent,present,filled,GRID_ONLY_EXPECTED,delta_seam_study
PROB_LogBeta|4054d55555555555|4004000000000000|||all|delta_seam_study,PROB_LogBeta,4054d55555555555;4004000000000000,all,delta_seam_study,absent,present,filled,GRID_ONLY_EXPECTED,delta_seam_study
PROB_LogBeta|4059a00000000000|4024800000000000|||all|delta_seam_study,PROB_LogBeta,4059a00000000000;4024800000000000,all,delta_seam_study,absent,present,filled,GRID_ONLY_EXPECTED,delta_seam_study
PROB_LogBeta|405cc00000000000|4017000000000000|||all|delta_seam_study,PROB_LogBeta,405cc00000000000;4017000000000000,all,delta_seam_study,absent,present,filled,GRID_ONLY_EXPECTED,delta_seam_study
PROB_LogBeta|405f400000000000|4004000000000000|||all|delta_seam_study,PROB_LogBeta,405f400000000000;4004000000000000,all,delta_seam_study,absent,present,filled,GRID_ONLY_EXPECTED,delta_seam_study
PROB_LogBeta|4060040000000000|4024800000000000|||all|delta_seam_study,PROB_LogBeta,4060040000000000;4024800000000000,all,delta_seam_study,absent,present,filled,GRID_ONLY_EXPECTED,delta_seam_study
PROB_LogBeta|4060400000000000|3ff4cccccccccccd|||all|delta_seam_study,PROB_LogBeta,4060400000000000;3ff4cccccccccccd,all,delta_seam_study,absent,present,filled,GRID_ONLY_EXPECTED,delta_seam_study
PROB_LogBeta|4061800000000000|3fe6666666666666|||all|delta_seam_study,PROB_LogBeta,4061800000000000;3fe6666666666666,all,delta_seam_study,absent,present,filled,GRID_ONLY_EXPECTED,delta_seam_study
PROB_LogBeta|4067f55555555555|4017000000000000|||all|delta_seam_study,PROB_LogBeta,4067f55555555555;4017000000000000,all,delta_seam_study,absent,present,filled,GRID_ONLY_EXPECTED,delta_seam_study
PROB_LogBeta|4069a00000000000|4024800000000000|||all|delta_seam_study,PROB_LogBeta,4069a00000000000;4024800000000000,all,delta_seam_study,absent,present,filled,GRID_ONLY_EXPECTED,delta_seam_study
PROB_LogBeta|406f400000000000|3fd0000000000000|||all|delta_seam_study,PROB_LogBeta,406f400000000000;3fd0000000000000,all,delta_seam_study,absent,present,filled,GRID_ONLY_EXPECTED,delta_seam_study
PROB_LogBeta|406f400000000000|4004000000000000|||all|delta_seam_study,PROB_LogBeta,406f400000000000;4004000000000000,all,delta_seam_study,absent,present,filled,GRID_ONLY_EXPECTED,delta_seam_study
PROB_LogBeta|4070400000000000|3ff4cccccccccccd|||all|delta_seam_study,PROB_LogBeta,4070400000000000;3ff4cccccccccccd,all,delta_seam_study,absent,present,filled,GRID_ONLY_EXPECTED,delta_seam_study
PROB_LogBeta|4071f80000000000|4017000000000000|||all|delta_seam_study,PROB_LogBeta,4071f80000000000;4017000000000000,all,delta_seam_study,absent,present,filled,GRID_ONLY_EXPECTED,delta_seam_study
PROB_LogBeta|40755aaaaaaaaaab|4024800000000000|||all|delta_seam_study,PROB_LogBeta,40755aaaaaaaaaab;4024800000000000,all,delta_seam_study,absent,present,filled,GRID_ONLY_EXPECTED,delta_seam_study
PROB_LogBeta|407f400000000000|4004000000000000|||all|delta_seam_study,PROB_LogBeta,407f400000000000;4004000000000000,all,delta_seam_study,absent,present,filled,GRID_ONLY_EXPECTED,delta_seam_study
PROB_LogBeta|4080040000000000|4024800000000000|||all|delta_seam_study,PROB_LogBeta,4080040000000000;4024800000000000,all,delta_seam_study,absent,present,filled,GRID_ONLY_EXPECTED,delta_seam_study
PROB_LogBeta|4081f80000000000|4017000000000000|||all|delta_seam_study,PROB_LogBeta,4081f80000000000;4017000000000000,all,delta_seam_study,absent,present,filled,GRID_ONLY_EXPECTED,delta_seam_study
PROB_LogBeta|4085e00000000000|3fe6666666666666|||all|delta_seam_study,PROB_LogBeta,4085e00000000000;3fe6666666666666,all,delta_seam_study,absent,present,filled,GRID_ONLY_EXPECTED,delta_seam_study
PROB_LogBeta|4090040000000000|4024800000000000|||all|delta_seam_study,PROB_LogBeta,4090040000000000;4024800000000000,all,delta_seam_study,absent,present,filled,GRID_ONLY_EXPECTED,delta_seam_study
PROB_LogBeta|4091f80000000000|4017000000000000|||all|delta_seam_study,PROB_LogBeta,4091f80000000000;4017000000000000,all,delta_seam_study,absent,present,filled,GRID_ONLY_EXPECTED,delta_seam_study
PROB_LogBeta|4094500000000000|3ff4cccccccccccd|||all|delta_seam_study,PROB_LogBeta,4094500000000000;3ff4cccccccccccd,all,delta_seam_study,absent,present,filled,GRID_ONLY_EXPECTED,delta_seam_study
PROB_LogBeta|40a0040000000000|4024800000000000|||all|delta_seam_study,PROB_LogBeta,40a0040000000000;4024800000000000,all,delta_seam_study,absent,present,filled,GRID_ONLY_EXPECTED,delta_seam_study
PROB_LogBeta|40a3880000000000|3fd0000000000000|||all|delta_seam_study,PROB_LogBeta,40a3880000000000;3fd0000000000000,all,delta_seam_study,absent,present,filled,GRID_ONLY_EXPECTED,delta_seam_study
PROB_LogBeta|40a3880000000000|4004000000000000|||all|delta_seam_study,PROB_LogBeta,40a3880000000000;4004000000000000,all,delta_seam_study,absent,present,filled,GRID_ONLY_EXPECTED,delta_seam_study
PROB_LogBeta|40b6760000000000|4017000000000000|||all|delta_seam_study,PROB_LogBeta,40b6760000000000;4017000000000000,all,delta_seam_study,absent,present,filled,GRID_ONLY_EXPECTED,delta_seam_study
PROB_LogBeta|40bb580000000000|3fe6666666666666|||all|delta_seam_study,PROB_LogBeta,40bb580000000000;3fe6666666666666,all,delta_seam_study,absent,present,filled,GRID_ONLY_EXPECTED,delta_seam_study
PROB_LogBeta|40c4050000000000|4024800000000000|||all|delta_seam_study,PROB_LogBeta,40c4050000000000;4024800000000000,all,delta_seam_study,absent,present,filled,GRID_ONLY_EXPECTED,delta_seam_study
PROB_LogBeta|40c9640000000000|3ff4cccccccccccd|||all|delta_seam_study,PROB_LogBeta,40c9640000000000;3ff4cccccccccccd,all,delta_seam_study,absent,present,filled,GRID_ONLY_EXPECTED,delta_seam_study
PROB_LogBeta|40d86a0000000000|4004000000000000|||all|delta_seam_study,PROB_LogBeta,40d86a0000000000;4004000000000000,all,delta_seam_study,absent,present,filled,GRID_ONLY_EXPECTED,delta_seam_study
PROB_LogBeta|40ec138000000000|4017000000000000|||all|delta_seam_study,PROB_LogBeta,40ec138000000000;4017000000000000,all,delta_seam_study,absent,present,filled,GRID_ONLY_EXPECTED,delta_seam_study
PROB_LogBeta|40f9064000000000|4024800000000000|||all|delta_seam_study,PROB_LogBeta,40f9064000000000;4024800000000000,all,delta_seam_study,absent,present,filled,GRID_ONLY_EXPECTED,delta_seam_study
PROB_LogBeta|410e848000000000|3fd0000000000000|||all|delta_seam_study,PROB_LogBeta,410e848000000000;3fd0000000000000,all,delta_seam_study,absent,present,filled,GRID_ONLY_EXPECTED,delta_seam_study
PROB_LogBeta|41255cc000000000|3fe6666666666666|||all|delta_seam_study,PROB_LogBeta,41255cc000000000;3fe6666666666666,all,delta_seam_study,absent,present,filled,GRID_ONLY_EXPECTED,delta_seam_study
PROB_LogBeta|4133d62000000000|3ff4cccccccccccd|||all|delta_seam_study,PROB_LogBeta,4133d62000000000;3ff4cccccccccccd,all,delta_seam_study,absent,present,filled,GRID_ONLY_EXPECTED,delta_seam_study
PROB_LogBeta|414312d000000000|4004000000000000|||all|delta_seam_study,PROB_LogBeta,414312d000000000;4004000000000000,all,delta_seam_study,absent,present,filled,GRID_ONLY_EXPECTED,delta_seam_study
PROB_LogBeta|4155ef3c00000000|4017000000000000|||all|delta_seam_study,PROB_LogBeta,4155ef3c00000000;4017000000000000,all,delta_seam_study,absent,present,filled,GRID_ONLY_EXPECTED,delta_seam_study
PROB_LogBeta|41638ce200000000|4024800000000000|||all|delta_seam_study,PROB_LogBeta,41638ce200000000;4024800000000000,all,delta_seam_study,absent,present,filled,GRID_ONLY_EXPECTED,delta_seam_study
PROB_LogBeta|4177d78400000000|3fd0000000000000|||all|delta_seam_study,PROB_LogBeta,4177d78400000000;3fd0000000000000,all,delta_seam_study,absent,present,filled,GRID_ONLY_EXPECTED,delta_seam_study
PROB_LogBeta|4190b07600000000|3fe6666666666666|||all|delta_seam_study,PROB_LogBeta,4190b07600000000;3fe6666666666666,all,delta_seam_study,absent,present,filled,GRID_ONLY_EXPECTED,delta_seam_study
PROB_LogBeta|419efe9200000000|3ff4cccccccccccd|||all|delta_seam_study,PROB_LogBeta,419efe9200000000;3ff4cccccccccccd,all,delta_seam_study,absent,present,filled,GRID_ONLY_EXPECTED,delta_seam_study
PROB_LogBeta|41adcd6500000000|4004000000000000|||all|delta_seam_study,PROB_LogBeta,41adcd6500000000;4004000000000000,all,delta_seam_study,absent,present,filled,GRID_ONLY_EXPECTED,delta_seam_study
PROB_LogBeta|41c122e6e0000000|4017000000000000|||all|delta_seam_study,PROB_LogBeta,41c122e6e0000000;4017000000000000,all,delta_seam_study,absent,present,filled,GRID_ONLY_EXPECTED,delta_seam_study
PROB_LogBeta|41ce8c2120000000|4024800000000000|||all|delta_seam_study,PROB_LogBeta,41ce8c2120000000;4024800000000000,all,delta_seam_study,absent,present,filled,GRID_ONLY_EXPECTED,delta_seam_study
PROB_LogBeta|41e2a05f20000000|3fd0000000000000|||all|delta_seam_study,PROB_LogBeta,41e2a05f20000000;3fd0000000000000,all,delta_seam_study,absent,present,filled,GRID_ONLY_EXPECTED,delta_seam_study
PROB_LogBeta|41fa13b860000000|3fe6666666666666|||all|delta_seam_study,PROB_LogBeta,41fa13b860000000;3fe6666666666666,all,delta_seam_study,absent,present,filled,GRID_ONLY_EXPECTED,delta_seam_study
PROB_LogBeta|420836e210000000|3ff4cccccccccccd|||all|delta_seam_study,PROB_LogBeta,420836e210000000;3ff4cccccccccccd,all,delta_seam_study,absent,present,filled,GRID_ONLY_EXPECTED,delta_seam_study
PROB_LogBeta|42174876e8000000|4004000000000000|||all|delta_seam_study,PROB_LogBeta,42174876e8000000;4004000000000000,all,delta_seam_study,absent,present,filled,GRID_ONLY_EXPECTED,delta_seam_study
PROB_LogBeta|422ac688be000000|4017000000000000|||all|delta_seam_study,PROB_LogBeta,422ac688be000000;4017000000000000,all,delta_seam_study,absent,present,filled,GRID_ONLY_EXPECTED,delta_seam_study
PROB_LogBeta|4237dd79e1000000|4024800000000000|||all|delta_seam_study,PROB_LogBeta,4237dd79e1000000;4024800000000000,all,delta_seam_study,absent,present,filled,GRID_ONLY_EXPECTED,delta_seam_study
PROB_LogBeta|424d1a94a2000000|3fd0000000000000|||all|delta_seam_study,PROB_LogBeta,424d1a94a2000000;3fd0000000000000,all,delta_seam_study,absent,present,filled,GRID_ONLY_EXPECTED,delta_seam_study
PROB_LogBeta|42645f680b000000|3fe6666666666666|||all|delta_seam_study,PROB_LogBeta,42645f680b000000;3fe6666666666666,all,delta_seam_study,absent,present,filled,GRID_ONLY_EXPECTED,delta_seam_study
PROB_LogBeta|4272eae09c800000|3ff4cccccccccccd|||all|delta_seam_study,PROB_LogBeta,4272eae09c800000;3ff4cccccccccccd,all,delta_seam_study,absent,present,filled,GRID_ONLY_EXPECTED,delta_seam_study
PROB_LogBeta|4282309ce5400000|4004000000000000|||all|delta_seam_study,PROB_LogBeta,4282309ce5400000;4004000000000000,all,delta_seam_study,absent,present,filled,GRID_ONLY_EXPECTED,delta_seam_study
PROB_LogBeta|4294eb1ad4700000|4017000000000000|||all|delta_seam_study,PROB_LogBeta,4294eb1ad4700000;4017000000000000,all,delta_seam_study,absent,present,filled,GRID_ONLY_EXPECTED,delta_seam_study
PROB_LogBeta|42a2a50737c80000|4024800000000000|||all|delta_seam_study,PROB_LogBeta,42a2a50737c80000;4024800000000000,all,delta_seam_study,absent,present,filled,GRID_ONLY_EXPECTED,delta_seam_study
PROB_LogBeta|42ec6bf526340000|3fd0000000000000|||all|delta_seam_study,PROB_LogBeta,42ec6bf526340000;3fd0000000000000,all,delta_seam_study,absent,present,filled,GRID_ONLY_EXPECTED,delta_seam_study
PROB_LogBeta|4303e52b9abe0000|3fe6666666666666|||all|delta_seam_study,PROB_LogBeta,4303e52b9abe0000;3fe6666666666666,all,delta_seam_study,absent,present,filled,GRID_ONLY_EXPECTED,delta_seam_study
PROB_LogBeta|4312795f58d50000|3ff4cccccccccccd|||all|delta_seam_study,PROB_LogBeta,4312795f58d50000;3ff4cccccccccccd,all,delta_seam_study,absent,present,filled,GRID_ONLY_EXPECTED,delta_seam_study
PROB_LogBeta|4321c37937e08000|4004000000000000|||all|delta_seam_study,PROB_LogBeta,4321c37937e08000;4004000000000000,all,delta_seam_study,absent,present,filled,GRID_ONLY_EXPECTED,delta_seam_study
PROB_LogBeta|43346d9833756000|4017000000000000|||all|delta_seam_study,PROB_LogBeta,43346d9833756000;4017000000000000,all,delta_seam_study,absent,present,filled,GRID_ONLY_EXPECTED,delta_seam_study
PROB_LogBeta|434235290c795000|4024800000000000|||all|delta_seam_study,PROB_LogBeta,434235290c795000;4024800000000000,all,delta_seam_study,absent,present,filled,GRID_ONLY_EXPECTED,delta_seam_study
PROB_LogBeta|438bc16d674ec800|3fd0000000000000|||all|delta_seam_study,PROB_LogBeta,438bc16d674ec800;3fd0000000000000,all,delta_seam_study,absent,present,filled,GRID_ONLY_EXPECTED,delta_seam_study
PROB_LogBeta|43a36dcc951d8c00|3fe6666666666666|||all|delta_seam_study,PROB_LogBeta,43a36dcc951d8c00;3fe6666666666666,all,delta_seam_study,absent,present,filled,GRID_ONLY_EXPECTED,delta_seam_study
PROB_LogBeta|43b20a871cc00200|3ff4cccccccccccd|||all|delta_seam_study,PROB_LogBeta,43b20a871cc00200;3ff4cccccccccccd,all,delta_seam_study,absent,present,filled,GRID_ONLY_EXPECTED,delta_seam_study
PROB_LogBeta|43c158e460913d00|4004000000000000|||all|delta_seam_study,PROB_LogBeta,43c158e460913d00;4004000000000000,all,delta_seam_study,absent,present,filled,GRID_ONLY_EXPECTED,delta_seam_study
PROB_LogBeta|43d3f306a2409fc0|4017000000000000|||all|delta_seam_study,PROB_LogBeta,43d3f306a2409fc0;4017000000000000,all,delta_seam_study,absent,present,filled,GRID_ONLY_EXPECTED,delta_seam_study
PROB_LogBeta|43e1c7ea162e7820|4024800000000000|||all|delta_seam_study,PROB_LogBeta,43e1c7ea162e7820;4024800000000000,all,delta_seam_study,absent,present,filled,GRID_ONLY_EXPECTED,delta_seam_study
Poisson_Cumulative|4008000000000000|4008000000000000|||all|main grid,Poisson_Cumulative,4008000000000000;4008000000000000,all,main grid,present,present,filled,MATCH,generate_reference_values
Poisson_Cumulative|4020000000000000|4008000000000000|||all|main grid,Poisson_Cumulative,4020000000000000;4008000000000000,all,main grid,present,present,filled,MATCH,generate_reference_values
Poisson_Cumulative|4049000000000000|4049000000000000|||all|main grid,Poisson_Cumulative,4049000000000000;4049000000000000,all,main grid,present,present,filled,MATCH,generate_reference_values
Poisson_Cumulative|4051c00000000000|4049000000000000|||all|main grid,Poisson_Cumulative,4051c00000000000;4049000000000000,all,main grid,present,present,filled,MATCH,generate_reference_values
Poisson_Cumulative|408f400000000000|408f400000000000|||all|main grid,Poisson_Cumulative,408f400000000000;408f400000000000,all,main grid,present,present,filled,MATCH,generate_reference_values
Poisson_Cumulative|4091180000000000|408f400000000000|||all|main grid,Poisson_Cumulative,4091180000000000;408f400000000000,all,main grid,present,present,filled,MATCH,generate_reference_values
Poisson_Cumulative|412e848000000000|412e848000000000|||all|main grid,Poisson_Cumulative,412e848000000000;412e848000000000,all,main grid,present,present,filled,MATCH,generate_reference_values
Poisson_Cumulative|412e9bf000000000|412e848000000000|||all|main grid,Poisson_Cumulative,412e9bf000000000;412e848000000000,all,main grid,present,present,filled,MATCH,generate_reference_values
Poisson_InverseCumulative|3fa999999999999a|4008000000000000|||all|main grid,Poisson_InverseCumulative,3fa999999999999a;4008000000000000,all,main grid,present,present,filled,MATCH,generate_reference_values
Poisson_InverseCumulative|3fa999999999999a|4049000000000000|||all|main grid,Poisson_InverseCumulative,3fa999999999999a;4049000000000000,all,main grid,present,present,filled,MATCH,generate_reference_values
Poisson_InverseCumulative|3fa999999999999a|408f400000000000|||all|main grid,Poisson_InverseCumulative,3fa999999999999a;408f400000000000,all,main grid,present,present,filled,MATCH,generate_reference_values
Poisson_InverseCumulative|3fa999999999999a|412e848000000000|||all|main grid,Poisson_InverseCumulative,3fa999999999999a;412e848000000000,all,main grid,present,present,filled,MATCH,generate_reference_values
Poisson_InverseCumulative|3fe0000000000000|4008000000000000|||all|main grid,Poisson_InverseCumulative,3fe0000000000000;4008000000000000,all,main grid,present,present,filled,MATCH,generate_reference_values
Poisson_InverseCumulative|3fe0000000000000|4049000000000000|||all|main grid,Poisson_InverseCumulative,3fe0000000000000;4049000000000000,all,main grid,present,present,filled,MATCH,generate_reference_values
Poisson_InverseCumulative|3fe0000000000000|408f400000000000|||all|main grid,Poisson_InverseCumulative,3fe0000000000000;408f400000000000,all,main grid,present,present,filled,MATCH,generate_reference_values
Poisson_InverseCumulative|3fe0000000000000|412e848000000000|||all|main grid,Poisson_InverseCumulative,3fe0000000000000;412e848000000000,all,main grid,present,present,filled,MATCH,generate_reference_values
Poisson_InverseCumulative|3fef333333333333|4008000000000000|||all|main grid,Poisson_InverseCumulative,3fef333333333333;4008000000000000,all,main grid,present,present,filled,MATCH,generate_reference_values
Poisson_InverseCumulative|3fef333333333333|4049000000000000|||all|main grid,Poisson_InverseCumulative,3fef333333333333;4049000000000000,all,main grid,present,present,filled,MATCH,generate_reference_values
Poisson_InverseCumulative|3fef333333333333|408f400000000000|||all|main grid,Poisson_InverseCumulative,3fef333333333333;408f400000000000,all,main grid,present,present,filled,MATCH,generate_reference_values
Poisson_InverseCumulative|3fef333333333333|412e848000000000|||all|main grid,Poisson_InverseCumulative,3fef333333333333;412e848000000000,all,main grid,present,present,filled,MATCH,generate_reference_values
Poisson_LogPMF|0000000000000000|4008000000000000|||all|main grid,Poisson_LogPMF,0000000000000000;4008000000000000,all,main grid,present,present,filled,MATCH,generate_reference_values
Poisson_LogPMF|0000000000000000|4049000000000000|||all|main grid,Poisson_LogPMF,0000000000000000;4049000000000000,all,main grid,present,present,filled,MATCH,generate_reference_values
Poisson_LogPMF|0000000000000000|408f400000000000|||all|main grid,Poisson_LogPMF,0000000000000000;408f400000000000,all,main grid,present,present,filled,MATCH,generate_reference_values
Poisson_LogPMF|0000000000000000|412e848000000000|||all|main grid,Poisson_LogPMF,0000000000000000;412e848000000000,all,main grid,present,present,filled,MATCH,generate_reference_values
Poisson_LogPMF|4008000000000000|4008000000000000|||all|main grid,Poisson_LogPMF,4008000000000000;4008000000000000,all,main grid,present,present,filled,MATCH,generate_reference_values
Poisson_LogPMF|4020000000000000|4008000000000000|||all|main grid,Poisson_LogPMF,4020000000000000;4008000000000000,all,main grid,present,present,filled,MATCH,generate_reference_values
Poisson_LogPMF|4049000000000000|4049000000000000|||all|main grid,Poisson_LogPMF,4049000000000000;4049000000000000,all,main grid,present,present,filled,MATCH,generate_reference_values
Poisson_LogPMF|4051c00000000000|4049000000000000|||all|main grid,Poisson_LogPMF,4051c00000000000;4049000000000000,all,main grid,present,present,filled,MATCH,generate_reference_values
Poisson_LogPMF|408f400000000000|408f400000000000|||all|main grid,Poisson_LogPMF,408f400000000000;408f400000000000,all,main grid,present,present,filled,MATCH,generate_reference_values
Poisson_LogPMF|4091180000000000|408f400000000000|||all|main grid,Poisson_LogPMF,4091180000000000;408f400000000000,all,main grid,present,present,filled,MATCH,generate_reference_values
Poisson_LogPMF|412e848000000000|412e848000000000|||all|main grid,Poisson_LogPMF,412e848000000000;412e848000000000,all,main grid,present,present,filled,MATCH,generate_reference_values
Poisson_LogPMF|412e9bf000000000|412e848000000000|||all|main grid,Poisson_LogPMF,412e9bf000000000;412e848000000000,all,main grid,present,present,filled,MATCH,generate_reference_values
Poisson_Mean|4008000000000000||||all|main grid,Poisson_Mean,4008000000000000,all,main grid,present,present,filled,MATCH,generate_reference_values
Poisson_Mean|4049000000000000||||all|main grid,Poisson_Mean,4049000000000000,all,main grid,present,present,filled,MATCH,generate_reference_values
Poisson_Mean|408f400000000000||||all|main grid,Poisson_Mean,408f400000000000,all,main grid,present,present,filled,MATCH,generate_reference_values
Poisson_Mean|412e848000000000||||all|main grid,Poisson_Mean,412e848000000000,all,main grid,present,present,filled,MATCH,generate_reference_values
Poisson_PMF|4008000000000000|4008000000000000|||all|main grid,Poisson_PMF,4008000000000000;4008000000000000,all,main grid,present,present,filled,MATCH,generate_reference_values
Poisson_PMF|4020000000000000|4008000000000000|||all|main grid,Poisson_PMF,4020000000000000;4008000000000000,all,main grid,present,present,filled,MATCH,generate_reference_values
Poisson_PMF|4049000000000000|4049000000000000|||all|main grid,Poisson_PMF,4049000000000000;4049000000000000,all,main grid,present,present,filled,MATCH,generate_reference_values
Poisson_PMF|4051c00000000000|4049000000000000|||all|main grid,Poisson_PMF,4051c00000000000;4049000000000000,all,main grid,present,present,filled,MATCH,generate_reference_values
Poisson_PMF|408f400000000000|408f400000000000|||all|main grid,Poisson_PMF,408f400000000000;408f400000000000,all,main grid,present,present,filled,MATCH,generate_reference_values
Poisson_PMF|4091180000000000|408f400000000000|||all|main grid,Poisson_PMF,4091180000000000;408f400000000000,all,main grid,present,present,filled,MATCH,generate_reference_values
Poisson_PMF|412e848000000000|412e848000000000|||all|main grid,Poisson_PMF,412e848000000000;412e848000000000,all,main grid,present,present,filled,MATCH,generate_reference_values
Poisson_PMF|412e9bf000000000|412e848000000000|||all|main grid,Poisson_PMF,412e9bf000000000;412e848000000000,all,main grid,present,present,filled,MATCH,generate_reference_values
Poisson_StdDev|4008000000000000||||all|main grid,Poisson_StdDev,4008000000000000,all,main grid,present,present,filled,MATCH,generate_reference_values
Poisson_StdDev|4049000000000000||||all|main grid,Poisson_StdDev,4049000000000000,all,main grid,present,present,filled,MATCH,generate_reference_values
Poisson_StdDev|408f400000000000||||all|main grid,Poisson_StdDev,408f400000000000,all,main grid,present,present,filled,MATCH,generate_reference_values
Poisson_StdDev|412e848000000000||||all|main grid,Poisson_StdDev,412e848000000000,all,main grid,present,present,filled,MATCH,generate_reference_values
Poisson_Survival|4008000000000000|4008000000000000|||all|main grid,Poisson_Survival,4008000000000000;4008000000000000,all,main grid,present,present,filled,MATCH,generate_reference_values
Poisson_Survival|4020000000000000|4008000000000000|||all|main grid,Poisson_Survival,4020000000000000;4008000000000000,all,main grid,present,present,filled,MATCH,generate_reference_values
Poisson_Survival|4049000000000000|4049000000000000|||all|main grid,Poisson_Survival,4049000000000000;4049000000000000,all,main grid,present,present,filled,MATCH,generate_reference_values
Poisson_Survival|4051c00000000000|4049000000000000|||all|main grid,Poisson_Survival,4051c00000000000;4049000000000000,all,main grid,present,present,filled,MATCH,generate_reference_values
Poisson_Survival|408f400000000000|408f400000000000|||all|main grid,Poisson_Survival,408f400000000000;408f400000000000,all,main grid,present,present,filled,MATCH,generate_reference_values
Poisson_Survival|4091180000000000|408f400000000000|||all|main grid,Poisson_Survival,4091180000000000;408f400000000000,all,main grid,present,present,filled,MATCH,generate_reference_values
Poisson_Survival|412e848000000000|412e848000000000|||all|main grid,Poisson_Survival,412e848000000000;412e848000000000,all,main grid,present,present,filled,MATCH,generate_reference_values
Poisson_Survival|412e9bf000000000|412e848000000000|||all|main grid,Poisson_Survival,412e9bf000000000;412e848000000000,all,main grid,present,present,filled,MATCH,generate_reference_values
Poisson_Variance|4008000000000000||||all|main grid,Poisson_Variance,4008000000000000,all,main grid,present,present,filled,MATCH,generate_reference_values
Poisson_Variance|4049000000000000||||all|main grid,Poisson_Variance,4049000000000000,all,main grid,present,present,filled,MATCH,generate_reference_values
Poisson_Variance|408f400000000000||||all|main grid,Poisson_Variance,408f400000000000,all,main grid,present,present,filled,MATCH,generate_reference_values
Poisson_Variance|412e848000000000||||all|main grid,Poisson_Variance,412e848000000000,all,main grid,present,present,filled,MATCH,generate_reference_values
StirlingError|3fe0000000000000||||all|main grid,StirlingError,3fe0000000000000,all,main grid,present,present,filled,METADATA_DIFFERENCE,generate_reference_values
StirlingError|3ff0000000000000||||all|main grid,StirlingError,3ff0000000000000,all,main grid,present,present,filled,METADATA_DIFFERENCE,generate_reference_values
StirlingError|4000000000000000||||all|main grid,StirlingError,4000000000000000,all,main grid,present,present,filled,METADATA_DIFFERENCE,generate_reference_values
StirlingError|4008000000000000||||all|main grid,StirlingError,4008000000000000,all,main grid,present,present,filled,METADATA_DIFFERENCE,generate_reference_values
StirlingError|4014000000000000||||all|main grid,StirlingError,4014000000000000,all,main grid,present,present,filled,METADATA_DIFFERENCE,generate_reference_values
StirlingError|4024000000000000||||all|main grid,StirlingError,4024000000000000,all,main grid,present,present,filled,METADATA_DIFFERENCE,generate_reference_values
StirlingError|4049000000000000||||all|main grid,StirlingError,4049000000000000,all,main grid,present,present,filled,METADATA_DIFFERENCE,generate_reference_values
StirlingError|4059000000000000||||all|main grid,StirlingError,4059000000000000,all,main grid,present,present,filled,METADATA_DIFFERENCE,generate_reference_values
StirlingError|407f400000000000||||all|main grid,StirlingError,407f400000000000,all,main grid,present,present,filled,METADATA_DIFFERENCE,generate_reference_values
StirlingError|407f500000000000||||all|main grid,StirlingError,407f500000000000,all,main grid,present,present,filled,METADATA_DIFFERENCE,generate_reference_values
StirlingError|408f400000000000||||all|main grid,StirlingError,408f400000000000,all,main grid,present,present,filled,METADATA_DIFFERENCE,generate_reference_values
StirlingError|412e848000000000||||all|main grid,StirlingError,412e848000000000,all,main grid,present,present,filled,METADATA_DIFFERENCE,generate_reference_values
StudentT_Cumulative|3fb999999999999a|3ff0000000000000|||all|main grid,StudentT_Cumulative,3fb999999999999a;3ff0000000000000,all,main grid,present,present,filled,MATCH,generate_reference_values
StudentT_Cumulative|3fb999999999999a|4000000000000000|||all|main grid,StudentT_Cumulative,3fb999999999999a;4000000000000000,all,main grid,present,present,filled,MATCH,generate_reference_values
StudentT_Cumulative|3fb999999999999a|4014000000000000|||all|main grid,StudentT_Cumulative,3fb999999999999a;4014000000000000,all,main grid,present,present,filled,MATCH,generate_reference_values
StudentT_Cumulative|3fb999999999999a|403e000000000000|||all|main grid,StudentT_Cumulative,3fb999999999999a;403e000000000000,all,main grid,present,present,filled,MATCH,generate_reference_values
StudentT_Cumulative|3fb999999999999a|408f400000000000|||all|main grid,StudentT_Cumulative,3fb999999999999a;408f400000000000,all,main grid,present,present,filled,MATCH,generate_reference_values
StudentT_Cumulative|3fe0000000000000|412e848000000000|||envelope_domain|main grid,StudentT_Cumulative,3fe0000000000000;412e848000000000,envelope_domain,main grid,absent,present,filled,GRID_ONLY_UNEXPLAINED,tchi_large_df
StudentT_Cumulative|3fe0000000000000|416312d000000000|||envelope_domain|main grid,StudentT_Cumulative,3fe0000000000000;416312d000000000,envelope_domain,main grid,absent,present,filled,GRID_ONLY_UNEXPLAINED,tchi_large_df
StudentT_Cumulative|3fe0000000000000|4197d78400000000|||envelope_domain|main grid,StudentT_Cumulative,3fe0000000000000;4197d78400000000,envelope_domain,main grid,absent,present,filled,GRID_ONLY_UNEXPLAINED,tchi_large_df
StudentT_Cumulative|3ff0000000000000|3ff0000000000000|||all|main grid,StudentT_Cumulative,3ff0000000000000;3ff0000000000000,all,main grid,present,present,filled,MATCH,generate_reference_values
StudentT_Cumulative|3ff0000000000000|4000000000000000|||all|main grid,StudentT_Cumulative,3ff0000000000000;4000000000000000,all,main grid,present,present,filled,MATCH,generate_reference_values
StudentT_Cumulative|3ff0000000000000|4014000000000000|||all|main grid,StudentT_Cumulative,3ff0000000000000;4014000000000000,all,main grid,present,present,filled,MATCH,generate_reference_values
StudentT_Cumulative|3ff0000000000000|403e000000000000|||all|main grid,StudentT_Cumulative,3ff0000000000000;403e000000000000,all,main grid,present,present,filled,MATCH,generate_reference_values
StudentT_Cumulative|3ff0000000000000|408f400000000000|||all|main grid,StudentT_Cumulative,3ff0000000000000;408f400000000000,all,main grid,present,present,filled,MATCH,generate_reference_values
StudentT_Cumulative|3ff0000000000000|412e848000000000|||envelope_domain|main grid,StudentT_Cumulative,3ff0000000000000;412e848000000000,envelope_domain,main grid,absent,present,filled,GRID_ONLY_UNEXPLAINED,t_density_large_df;tchi_large_df
StudentT_Cumulative|3ff0000000000000|416312d000000000|||envelope_domain|main grid,StudentT_Cumulative,3ff0000000000000;416312d000000000,envelope_domain,main grid,absent,present,filled,GRID_ONLY_UNEXPLAINED,tchi_large_df
StudentT_Cumulative|3ff0000000000000|4197d78400000000|||envelope_domain|main grid,StudentT_Cumulative,3ff0000000000000;4197d78400000000,envelope_domain,main grid,absent,present,filled,GRID_ONLY_UNEXPLAINED,t_density_large_df;tchi_large_df
StudentT_Cumulative|4000000000000000|3ff0000000000000|||all|main grid,StudentT_Cumulative,4000000000000000;3ff0000000000000,all,main grid,present,present,filled,MATCH,generate_reference_values
StudentT_Cumulative|4000000000000000|4000000000000000|||all|main grid,StudentT_Cumulative,4000000000000000;4000000000000000,all,main grid,present,present,filled,MATCH,generate_reference_values
StudentT_Cumulative|4000000000000000|4014000000000000|||all|main grid,StudentT_Cumulative,4000000000000000;4014000000000000,all,main grid,present,present,filled,MATCH,generate_reference_values
StudentT_Cumulative|4000000000000000|403e000000000000|||all|main grid,StudentT_Cumulative,4000000000000000;403e000000000000,all,main grid,present,present,filled,MATCH,generate_reference_values
StudentT_Cumulative|4000000000000000|408f400000000000|||all|main grid,StudentT_Cumulative,4000000000000000;408f400000000000,all,main grid,present,present,filled,MATCH,generate_reference_values
StudentT_Cumulative|4000000000000000|412e848000000000|||envelope_domain|main grid,StudentT_Cumulative,4000000000000000;412e848000000000,envelope_domain,main grid,absent,present,filled,GRID_ONLY_UNEXPLAINED,t_density_large_df;tchi_large_df
StudentT_Cumulative|4000000000000000|416312d000000000|||envelope_domain|main grid,StudentT_Cumulative,4000000000000000;416312d000000000,envelope_domain,main grid,absent,present,filled,GRID_ONLY_UNEXPLAINED,tchi_large_df
StudentT_Cumulative|4000000000000000|4197d78400000000|||envelope_domain|main grid,StudentT_Cumulative,4000000000000000;4197d78400000000,envelope_domain,main grid,absent,present,filled,GRID_ONLY_UNEXPLAINED,t_density_large_df;tchi_large_df
StudentT_Cumulative|4014000000000000|3ff0000000000000|||all|main grid,StudentT_Cumulative,4014000000000000;3ff0000000000000,all,main grid,present,present,filled,MATCH,generate_reference_values
StudentT_Cumulative|4014000000000000|4000000000000000|||all|main grid,StudentT_Cumulative,4014000000000000;4000000000000000,all,main grid,present,present,filled,MATCH,generate_reference_values
StudentT_Cumulative|4014000000000000|4014000000000000|||all|main grid,StudentT_Cumulative,4014000000000000;4014000000000000,all,main grid,present,present,filled,MATCH,generate_reference_values
StudentT_Cumulative|4014000000000000|403e000000000000|||all|main grid,StudentT_Cumulative,4014000000000000;403e000000000000,all,main grid,present,present,filled,MATCH,generate_reference_values
StudentT_Cumulative|4014000000000000|408f400000000000|||all|main grid,StudentT_Cumulative,4014000000000000;408f400000000000,all,main grid,present,present,filled,MATCH,generate_reference_values
StudentT_Cumulative|4034000000000000|3ff0000000000000|||all|main grid,StudentT_Cumulative,4034000000000000;3ff0000000000000,all,main grid,present,present,filled,MATCH,generate_reference_values
StudentT_Cumulative|4034000000000000|4000000000000000|||all|main grid,StudentT_Cumulative,4034000000000000;4000000000000000,all,main grid,present,present,filled,MATCH,generate_reference_values
StudentT_Cumulative|4034000000000000|4014000000000000|||all|main grid,StudentT_Cumulative,4034000000000000;4014000000000000,all,main grid,present,present,filled,MATCH,generate_reference_values
StudentT_Cumulative|4034000000000000|403e000000000000|||all|main grid,StudentT_Cumulative,4034000000000000;403e000000000000,all,main grid,present,present,filled,MATCH,generate_reference_values
StudentT_Cumulative|4034000000000000|408f400000000000|||all|main grid,StudentT_Cumulative,4034000000000000;408f400000000000,all,main grid,present,present,filled,MATCH,generate_reference_values
StudentT_Density|0000000000000000|4059000000000000|||large_df|main grid,StudentT_Density,0000000000000000;4059000000000000,large_df,main grid,absent,present,filled,GRID_ONLY_UNEXPLAINED,t_density_large_df
StudentT_Density|0000000000000000|40c3880000000000|||large_df|main grid,StudentT_Density,0000000000000000;40c3880000000000,large_df,main grid,absent,present,filled,GRID_ONLY_UNEXPLAINED,t_density_large_df
StudentT_Density|0000000000000000|412e848000000000|||large_df|main grid,StudentT_Density,0000000000000000;412e848000000000,large_df,main grid,absent,present,filled,GRID_ONLY_UNEXPLAINED,t_density_large_df
StudentT_Density|0000000000000000|4197d78400000000|||large_df|main grid,StudentT_Density,0000000000000000;4197d78400000000,large_df,main grid,absent,present,filled,GRID_ONLY_UNEXPLAINED,t_density_large_df
StudentT_Density|0000000000000000|4202a05f20000000|||large_df|main grid,StudentT_Density,0000000000000000;4202a05f20000000,large_df,main grid,absent,present,filled,GRID_ONLY_UNEXPLAINED,t_density_large_df
StudentT_Density|0000000000000000|426d1a94a2000000|||large_df|main grid,StudentT_Density,0000000000000000;426d1a94a2000000,large_df,main grid,absent,present,filled,GRID_ONLY_UNEXPLAINED,t_density_large_df
StudentT_Density|0000000000000000|42d6bcc41e900000|||large_df|main grid,StudentT_Density,0000000000000000;42d6bcc41e900000,large_df,main grid,absent,present,filled,GRID_ONLY_UNEXPLAINED,t_density_large_df
StudentT_Density|0000000000000000|4341c37937e08000|||large_df|main grid,StudentT_Density,0000000000000000;4341c37937e08000,large_df,main grid,absent,present,filled,GRID_ONLY_UNEXPLAINED,t_density_large_df
StudentT_Density|0000000000000000|43abc16d674ec800|||large_df|main grid,StudentT_Density,0000000000000000;43abc16d674ec800,large_df,main grid,absent,present,filled,GRID_ONLY_UNEXPLAINED,t_density_large_df
StudentT_Density|0000000000000000|4415af1d78b58c40|||large_df|main grid,StudentT_Density,0000000000000000;4415af1d78b58c40,large_df,main grid,absent,present,filled,GRID_ONLY_UNEXPLAINED,t_density_large_df
StudentT_Density|3fb999999999999a|3ff0000000000000|||all|main grid,StudentT_Density,3fb999999999999a;3ff0000000000000,all,main grid,present,present,filled,MATCH,generate_reference_values
StudentT_Density|3fb999999999999a|4000000000000000|||all|main grid,StudentT_Density,3fb999999999999a;4000000000000000,all,main grid,present,present,filled,MATCH,generate_reference_values
StudentT_Density|3fb999999999999a|4014000000000000|||all|main grid,StudentT_Density,3fb999999999999a;4014000000000000,all,main grid,present,present,filled,MATCH,generate_reference_values
StudentT_Density|3fb999999999999a|403e000000000000|||all|main grid,StudentT_Density,3fb999999999999a;403e000000000000,all,main grid,present,present,filled,MATCH,generate_reference_values
StudentT_Density|3fb999999999999a|408f400000000000|||all|main grid,StudentT_Density,3fb999999999999a;408f400000000000,all,main grid,present,present,filled,MATCH,generate_reference_values
StudentT_Density|3ff0000000000000|3ff0000000000000|||all|main grid,StudentT_Density,3ff0000000000000;3ff0000000000000,all,main grid,present,present,filled,MATCH,generate_reference_values
StudentT_Density|3ff0000000000000|4000000000000000|||all|main grid,StudentT_Density,3ff0000000000000;4000000000000000,all,main grid,present,present,filled,MATCH,generate_reference_values
StudentT_Density|3ff0000000000000|4014000000000000|||all|main grid,StudentT_Density,3ff0000000000000;4014000000000000,all,main grid,present,present,filled,MATCH,generate_reference_values
StudentT_Density|3ff0000000000000|403e000000000000|||all|main grid,StudentT_Density,3ff0000000000000;403e000000000000,all,main grid,present,present,filled,MATCH,generate_reference_values
StudentT_Density|3ff0000000000000|4059000000000000|||large_df|main grid,StudentT_Density,3ff0000000000000;4059000000000000,large_df,main grid,absent,present,filled,GRID_ONLY_UNEXPLAINED,t_density_large_df
StudentT_Density|3ff0000000000000|408f400000000000|||all|main grid,StudentT_Density,3ff0000000000000;408f400000000000,all,main grid,present,present,filled,MATCH,generate_reference_values
StudentT_Density|3ff0000000000000|40c3880000000000|||large_df|main grid,StudentT_Density,3ff0000000000000;40c3880000000000,large_df,main grid,absent,present,filled,GRID_ONLY_UNEXPLAINED,t_density_large_df
StudentT_Density|3ff0000000000000|412e848000000000|||large_df|main grid,StudentT_Density,3ff0000000000000;412e848000000000,large_df,main grid,absent,present,filled,GRID_ONLY_UNEXPLAINED,t_density_large_df;tchi_large_df
StudentT_Density|3ff0000000000000|4197d78400000000|||large_df|main grid,StudentT_Density,3ff0000000000000;4197d78400000000,large_df,main grid,absent,present,filled,GRID_ONLY_UNEXPLAINED,t_density_large_df;tchi_large_df
StudentT_Density|3ff0000000000000|4202a05f20000000|||large_df|main grid,StudentT_Density,3ff0000000000000;4202a05f20000000,large_df,main grid,absent,present,filled,GRID_ONLY_UNEXPLAINED,t_density_large_df
StudentT_Density|3ff0000000000000|426d1a94a2000000|||large_df|main grid,StudentT_Density,3ff0000000000000;426d1a94a2000000,large_df,main grid,absent,present,filled,GRID_ONLY_UNEXPLAINED,t_density_large_df
StudentT_Density|3ff0000000000000|42d6bcc41e900000|||large_df|main grid,StudentT_Density,3ff0000000000000;42d6bcc41e900000,large_df,main grid,absent,present,filled,GRID_ONLY_UNEXPLAINED,t_density_large_df
StudentT_Density|3ff0000000000000|4341c37937e08000|||large_df|main grid,StudentT_Density,3ff0000000000000;4341c37937e08000,large_df,main grid,absent,present,filled,GRID_ONLY_UNEXPLAINED,t_density_large_df
StudentT_Density|3ff0000000000000|43abc16d674ec800|||large_df|main grid,StudentT_Density,3ff0000000000000;43abc16d674ec800,large_df,main grid,absent,present,filled,GRID_ONLY_UNEXPLAINED,t_density_large_df;tchi_large_df
StudentT_Density|3ff0000000000000|4415af1d78b58c40|||large_df|main grid,StudentT_Density,3ff0000000000000;4415af1d78b58c40,large_df,main grid,absent,present,filled,GRID_ONLY_UNEXPLAINED,t_density_large_df
StudentT_Density|4000000000000000|3ff0000000000000|||all|main grid,StudentT_Density,4000000000000000;3ff0000000000000,all,main grid,present,present,filled,MATCH,generate_reference_values
StudentT_Density|4000000000000000|4000000000000000|||all|main grid,StudentT_Density,4000000000000000;4000000000000000,all,main grid,present,present,filled,MATCH,generate_reference_values
StudentT_Density|4000000000000000|4014000000000000|||all|main grid,StudentT_Density,4000000000000000;4014000000000000,all,main grid,present,present,filled,MATCH,generate_reference_values
StudentT_Density|4000000000000000|403e000000000000|||all|main grid,StudentT_Density,4000000000000000;403e000000000000,all,main grid,present,present,filled,MATCH,generate_reference_values
StudentT_Density|4000000000000000|408f400000000000|||all|main grid,StudentT_Density,4000000000000000;408f400000000000,all,main grid,present,present,filled,MATCH,generate_reference_values
StudentT_Density|4008000000000000|4059000000000000|||large_df|main grid,StudentT_Density,4008000000000000;4059000000000000,large_df,main grid,absent,present,filled,GRID_ONLY_UNEXPLAINED,t_density_large_df
StudentT_Density|4008000000000000|40c3880000000000|||large_df|main grid,StudentT_Density,4008000000000000;40c3880000000000,large_df,main grid,absent,present,filled,GRID_ONLY_UNEXPLAINED,t_density_large_df
StudentT_Density|4008000000000000|412e848000000000|||large_df|main grid,StudentT_Density,4008000000000000;412e848000000000,large_df,main grid,absent,present,filled,GRID_ONLY_UNEXPLAINED,t_density_large_df;tchi_large_df
StudentT_Density|4008000000000000|4197d78400000000|||large_df|main grid,StudentT_Density,4008000000000000;4197d78400000000,large_df,main grid,absent,present,filled,GRID_ONLY_UNEXPLAINED,t_density_large_df;tchi_large_df
StudentT_Density|4008000000000000|4202a05f20000000|||large_df|main grid,StudentT_Density,4008000000000000;4202a05f20000000,large_df,main grid,absent,present,filled,GRID_ONLY_UNEXPLAINED,t_density_large_df
StudentT_Density|4008000000000000|426d1a94a2000000|||large_df|main grid,StudentT_Density,4008000000000000;426d1a94a2000000,large_df,main grid,absent,present,filled,GRID_ONLY_UNEXPLAINED,t_density_large_df
StudentT_Density|4008000000000000|42d6bcc41e900000|||large_df|main grid,StudentT_Density,4008000000000000;42d6bcc41e900000,large_df,main grid,absent,present,filled,GRID_ONLY_UNEXPLAINED,t_density_large_df
StudentT_Density|4008000000000000|4341c37937e08000|||large_df|main grid,StudentT_Density,4008000000000000;4341c37937e08000,large_df,main grid,absent,present,filled,GRID_ONLY_UNEXPLAINED,t_density_large_df
StudentT_Density|4008000000000000|43abc16d674ec800|||large_df|main grid,StudentT_Density,4008000000000000;43abc16d674ec800,large_df,main grid,absent,present,filled,GRID_ONLY_UNEXPLAINED,t_density_large_df;tchi_large_df
StudentT_Density|4008000000000000|4415af1d78b58c40|||large_df|main grid,StudentT_Density,4008000000000000;4415af1d78b58c40,large_df,main grid,absent,present,filled,GRID_ONLY_UNEXPLAINED,t_density_large_df
StudentT_Density|4014000000000000|3ff0000000000000|||all|main grid,StudentT_Density,4014000000000000;3ff0000000000000,all,main grid,present,present,filled,MATCH,generate_reference_values
StudentT_Density|4014000000000000|4000000000000000|||all|main grid,StudentT_Density,4014000000000000;4000000000000000,all,main grid,present,present,filled,MATCH,generate_reference_values
StudentT_Density|4014000000000000|4014000000000000|||all|main grid,StudentT_Density,4014000000000000;4014000000000000,all,main grid,present,present,filled,MATCH,generate_reference_values
StudentT_Density|4014000000000000|403e000000000000|||all|main grid,StudentT_Density,4014000000000000;403e000000000000,all,main grid,present,present,filled,MATCH,generate_reference_values
StudentT_Density|4014000000000000|408f400000000000|||all|main grid,StudentT_Density,4014000000000000;408f400000000000,all,main grid,present,present,filled,MATCH,generate_reference_values
StudentT_Density|4034000000000000|3ff0000000000000|||all|main grid,StudentT_Density,4034000000000000;3ff0000000000000,all,main grid,present,present,filled,MATCH,generate_reference_values
StudentT_Density|4034000000000000|4000000000000000|||all|main grid,StudentT_Density,4034000000000000;4000000000000000,all,main grid,present,present,filled,MATCH,generate_reference_values
StudentT_Density|4034000000000000|4014000000000000|||all|main grid,StudentT_Density,4034000000000000;4014000000000000,all,main grid,present,present,filled,MATCH,generate_reference_values
StudentT_Density|4034000000000000|403e000000000000|||all|main grid,StudentT_Density,4034000000000000;403e000000000000,all,main grid,present,present,filled,MATCH,generate_reference_values
StudentT_Density|4034000000000000|408f400000000000|||all|main grid,StudentT_Density,4034000000000000;408f400000000000,all,main grid,present,present,filled,MATCH,generate_reference_values
StudentT_InverseCumulative|3f50624dd2f1a9fc|3ff0000000000000|||all|main grid,StudentT_InverseCumulative,3f50624dd2f1a9fc;3ff0000000000000,all,main grid,present,present,filled,MATCH,generate_reference_values
StudentT_InverseCumulative|3f50624dd2f1a9fc|4000000000000000|||all|main grid,StudentT_InverseCumulative,3f50624dd2f1a9fc;4000000000000000,all,main grid,present,present,filled,MATCH,generate_reference_values
StudentT_InverseCumulative|3f50624dd2f1a9fc|4014000000000000|||all|main grid,StudentT_InverseCumulative,3f50624dd2f1a9fc;4014000000000000,all,main grid,present,present,filled,MATCH,generate_reference_values
StudentT_InverseCumulative|3f50624dd2f1a9fc|403e000000000000|||all|main grid,StudentT_InverseCumulative,3f50624dd2f1a9fc;403e000000000000,all,main grid,present,present,filled,MATCH,generate_reference_values
StudentT_InverseCumulative|3f50624dd2f1a9fc|408f400000000000|||all|main grid,StudentT_InverseCumulative,3f50624dd2f1a9fc;408f400000000000,all,main grid,present,present,filled,MATCH,generate_reference_values
StudentT_InverseCumulative|3fa999999999999a|3ff0000000000000|||all|main grid,StudentT_InverseCumulative,3fa999999999999a;3ff0000000000000,all,main grid,present,present,filled,MATCH,generate_reference_values
StudentT_InverseCumulative|3fa999999999999a|4000000000000000|||all|main grid,StudentT_InverseCumulative,3fa999999999999a;4000000000000000,all,main grid,present,present,filled,MATCH,generate_reference_values
StudentT_InverseCumulative|3fa999999999999a|4014000000000000|||all|main grid,StudentT_InverseCumulative,3fa999999999999a;4014000000000000,all,main grid,present,present,filled,MATCH,generate_reference_values
StudentT_InverseCumulative|3fa999999999999a|403e000000000000|||all|main grid,StudentT_InverseCumulative,3fa999999999999a;403e000000000000,all,main grid,present,present,filled,MATCH,generate_reference_values
StudentT_InverseCumulative|3fa999999999999a|408f400000000000|||all|main grid,StudentT_InverseCumulative,3fa999999999999a;408f400000000000,all,main grid,present,present,filled,MATCH,generate_reference_values
StudentT_InverseCumulative|3fe0000000000000|3ff0000000000000|||all|main grid,StudentT_InverseCumulative,3fe0000000000000;3ff0000000000000,all,main grid,present,present,filled,MATCH,generate_reference_values
StudentT_InverseCumulative|3fe0000000000000|4000000000000000|||all|main grid,StudentT_InverseCumulative,3fe0000000000000;4000000000000000,all,main grid,present,present,filled,MATCH,generate_reference_values
StudentT_InverseCumulative|3fe0000000000000|4014000000000000|||all|main grid,StudentT_InverseCumulative,3fe0000000000000;4014000000000000,all,main grid,present,present,filled,MATCH,generate_reference_values
StudentT_InverseCumulative|3fe0000000000000|403e000000000000|||all|main grid,StudentT_InverseCumulative,3fe0000000000000;403e000000000000,all,main grid,present,present,filled,MATCH,generate_reference_values
StudentT_InverseCumulative|3fe0000000000000|408f400000000000|||all|main grid,StudentT_InverseCumulative,3fe0000000000000;408f400000000000,all,main grid,present,present,filled,MATCH,generate_reference_values
StudentT_InverseCumulative|3fe0000000000000|412e848000000000|||envelope_domain|main grid,StudentT_InverseCumulative,3fe0000000000000;412e848000000000,envelope_domain,main grid,absent,present,filled,GRID_ONLY_UNEXPLAINED,tchi_large_df
StudentT_InverseCumulative|3fe0000000000000|416312d000000000|||envelope_domain|main grid,StudentT_InverseCumulative,3fe0000000000000;416312d000000000,envelope_domain,main grid,absent,present,filled,GRID_ONLY_UNEXPLAINED,tchi_large_df
StudentT_InverseCumulative|3fe0000000000000|4197d78400000000|||envelope_domain|main grid,StudentT_InverseCumulative,3fe0000000000000;4197d78400000000,envelope_domain,main grid,absent,present,filled,GRID_ONLY_UNEXPLAINED,tchi_large_df
StudentT_InverseCumulative|3feccccccccccccd|412e848000000000|||envelope_domain|main grid,StudentT_InverseCumulative,3feccccccccccccd;412e848000000000,envelope_domain,main grid,absent,present,filled,GRID_ONLY_UNEXPLAINED,tchi_large_df
StudentT_InverseCumulative|3feccccccccccccd|416312d000000000|||envelope_domain|main grid,StudentT_InverseCumulative,3feccccccccccccd;416312d000000000,envelope_domain,main grid,absent,present,filled,GRID_ONLY_UNEXPLAINED,tchi_large_df
StudentT_InverseCumulative|3feccccccccccccd|4197d78400000000|||envelope_domain|main grid,StudentT_InverseCumulative,3feccccccccccccd;4197d78400000000,envelope_domain,main grid,absent,present,filled,GRID_ONLY_UNEXPLAINED,tchi_large_df
StudentT_InverseCumulative|3fee666666666666|3ff0000000000000|||all|main grid,StudentT_InverseCumulative,3fee666666666666;3ff0000000000000,all,main grid,present,present,filled,MATCH,generate_reference_values
StudentT_InverseCumulative|3fee666666666666|4000000000000000|||all|main grid,StudentT_InverseCumulative,3fee666666666666;4000000000000000,all,main grid,present,present,filled,MATCH,generate_reference_values
StudentT_InverseCumulative|3fee666666666666|4014000000000000|||all|main grid,StudentT_InverseCumulative,3fee666666666666;4014000000000000,all,main grid,present,present,filled,MATCH,generate_reference_values
StudentT_InverseCumulative|3fee666666666666|403e000000000000|||all|main grid,StudentT_InverseCumulative,3fee666666666666;403e000000000000,all,main grid,present,present,filled,MATCH,generate_reference_values
StudentT_InverseCumulative|3fee666666666666|408f400000000000|||all|main grid,StudentT_InverseCumulative,3fee666666666666;408f400000000000,all,main grid,present,present,filled,MATCH,generate_reference_values
StudentT_InverseCumulative|3fefae147ae147ae|412e848000000000|||envelope_domain|main grid,StudentT_InverseCumulative,3fefae147ae147ae;412e848000000000,envelope_domain,main grid,absent,present,filled,GRID_ONLY_UNEXPLAINED,tchi_large_df
StudentT_InverseCumulative|3fefae147ae147ae|416312d000000000|||envelope_domain|main grid,StudentT_InverseCumulative,3fefae147ae147ae;416312d000000000,envelope_domain,main grid,absent,present,filled,GRID_ONLY_UNEXPLAINED,tchi_large_df
StudentT_InverseCumulative|3fefae147ae147ae|4197d78400000000|||envelope_domain|main grid,StudentT_InverseCumulative,3fefae147ae147ae;4197d78400000000,envelope_domain,main grid,absent,present,filled,GRID_ONLY_UNEXPLAINED,tchi_large_df
StudentT_InverseCumulative|3feff7ced916872b|3ff0000000000000|||all|main grid,StudentT_InverseCumulative,3feff7ced916872b;3ff0000000000000,all,main grid,present,present,filled,MATCH,generate_reference_values
StudentT_InverseCumulative|3feff7ced916872b|4000000000000000|||all|main grid,StudentT_InverseCumulative,3feff7ced916872b;4000000000000000,all,main grid,present,present,filled,MATCH,generate_reference_values
StudentT_InverseCumulative|3feff7ced916872b|4014000000000000|||all|main grid,StudentT_InverseCumulative,3feff7ced916872b;4014000000000000,all,main grid,present,present,filled,MATCH,generate_reference_values
StudentT_InverseCumulative|3feff7ced916872b|403e000000000000|||all|main grid,StudentT_InverseCumulative,3feff7ced916872b;403e000000000000,all,main grid,present,present,filled,MATCH,generate_reference_values
StudentT_InverseCumulative|3feff7ced916872b|408f400000000000|||all|main grid,StudentT_InverseCumulative,3feff7ced916872b;408f400000000000,all,main grid,present,present,filled,MATCH,generate_reference_values
StudentT_Survival|3fb999999999999a|3ff0000000000000|||all|main grid,StudentT_Survival,3fb999999999999a;3ff0000000000000,all,main grid,present,present,filled,MATCH,generate_reference_values
StudentT_Survival|3fb999999999999a|4000000000000000|||all|main grid,StudentT_Survival,3fb999999999999a;4000000000000000,all,main grid,present,present,filled,MATCH,generate_reference_values
StudentT_Survival|3fb999999999999a|4014000000000000|||all|main grid,StudentT_Survival,3fb999999999999a;4014000000000000,all,main grid,present,present,filled,MATCH,generate_reference_values
StudentT_Survival|3fb999999999999a|403e000000000000|||all|main grid,StudentT_Survival,3fb999999999999a;403e000000000000,all,main grid,present,present,filled,MATCH,generate_reference_values
StudentT_Survival|3fb999999999999a|408f400000000000|||all|main grid,StudentT_Survival,3fb999999999999a;408f400000000000,all,main grid,present,present,filled,MATCH,generate_reference_values
StudentT_Survival|3fe0000000000000|412e848000000000|||envelope_domain|main grid,StudentT_Survival,3fe0000000000000;412e848000000000,envelope_domain,main grid,absent,present,filled,GRID_ONLY_UNEXPLAINED,tchi_large_df
StudentT_Survival|3fe0000000000000|416312d000000000|||envelope_domain|main grid,StudentT_Survival,3fe0000000000000;416312d000000000,envelope_domain,main grid,absent,present,filled,GRID_ONLY_UNEXPLAINED,tchi_large_df
StudentT_Survival|3fe0000000000000|4197d78400000000|||envelope_domain|main grid,StudentT_Survival,3fe0000000000000;4197d78400000000,envelope_domain,main grid,absent,present,filled,GRID_ONLY_UNEXPLAINED,tchi_large_df
StudentT_Survival|3ff0000000000000|3ff0000000000000|||all|main grid,StudentT_Survival,3ff0000000000000;3ff0000000000000,all,main grid,present,present,filled,MATCH,generate_reference_values
StudentT_Survival|3ff0000000000000|4000000000000000|||all|main grid,StudentT_Survival,3ff0000000000000;4000000000000000,all,main grid,present,present,filled,MATCH,generate_reference_values
StudentT_Survival|3ff0000000000000|4014000000000000|||all|main grid,StudentT_Survival,3ff0000000000000;4014000000000000,all,main grid,present,present,filled,MATCH,generate_reference_values
StudentT_Survival|3ff0000000000000|403e000000000000|||all|main grid,StudentT_Survival,3ff0000000000000;403e000000000000,all,main grid,present,present,filled,MATCH,generate_reference_values
StudentT_Survival|3ff0000000000000|408f400000000000|||all|main grid,StudentT_Survival,3ff0000000000000;408f400000000000,all,main grid,present,present,filled,MATCH,generate_reference_values
StudentT_Survival|3ff0000000000000|412e848000000000|||envelope_domain|main grid,StudentT_Survival,3ff0000000000000;412e848000000000,envelope_domain,main grid,absent,present,filled,GRID_ONLY_UNEXPLAINED,t_density_large_df;tchi_large_df
StudentT_Survival|3ff0000000000000|416312d000000000|||envelope_domain|main grid,StudentT_Survival,3ff0000000000000;416312d000000000,envelope_domain,main grid,absent,present,filled,GRID_ONLY_UNEXPLAINED,tchi_large_df
StudentT_Survival|3ff0000000000000|4197d78400000000|||envelope_domain|main grid,StudentT_Survival,3ff0000000000000;4197d78400000000,envelope_domain,main grid,absent,present,filled,GRID_ONLY_UNEXPLAINED,t_density_large_df;tchi_large_df
StudentT_Survival|4000000000000000|3ff0000000000000|||all|main grid,StudentT_Survival,4000000000000000;3ff0000000000000,all,main grid,present,present,filled,MATCH,generate_reference_values
StudentT_Survival|4000000000000000|4000000000000000|||all|main grid,StudentT_Survival,4000000000000000;4000000000000000,all,main grid,present,present,filled,MATCH,generate_reference_values
StudentT_Survival|4000000000000000|4014000000000000|||all|main grid,StudentT_Survival,4000000000000000;4014000000000000,all,main grid,present,present,filled,MATCH,generate_reference_values
StudentT_Survival|4000000000000000|403e000000000000|||all|main grid,StudentT_Survival,4000000000000000;403e000000000000,all,main grid,present,present,filled,MATCH,generate_reference_values
StudentT_Survival|4000000000000000|408f400000000000|||all|main grid,StudentT_Survival,4000000000000000;408f400000000000,all,main grid,present,present,filled,MATCH,generate_reference_values
StudentT_Survival|4000000000000000|412e848000000000|||envelope_domain|main grid,StudentT_Survival,4000000000000000;412e848000000000,envelope_domain,main grid,absent,present,filled,GRID_ONLY_UNEXPLAINED,t_density_large_df;tchi_large_df
StudentT_Survival|4000000000000000|416312d000000000|||envelope_domain|main grid,StudentT_Survival,4000000000000000;416312d000000000,envelope_domain,main grid,absent,present,filled,GRID_ONLY_UNEXPLAINED,tchi_large_df
StudentT_Survival|4000000000000000|4197d78400000000|||envelope_domain|main grid,StudentT_Survival,4000000000000000;4197d78400000000,envelope_domain,main grid,absent,present,filled,GRID_ONLY_UNEXPLAINED,t_density_large_df;tchi_large_df
StudentT_Survival|4014000000000000|3ff0000000000000|||all|main grid,StudentT_Survival,4014000000000000;3ff0000000000000,all,main grid,present,present,filled,MATCH,generate_reference_values
StudentT_Survival|4014000000000000|4000000000000000|||all|main grid,StudentT_Survival,4014000000000000;4000000000000000,all,main grid,present,present,filled,MATCH,generate_reference_values
StudentT_Survival|4014000000000000|4014000000000000|||all|main grid,StudentT_Survival,4014000000000000;4014000000000000,all,main grid,present,present,filled,MATCH,generate_reference_values
StudentT_Survival|4014000000000000|403e000000000000|||all|main grid,StudentT_Survival,4014000000000000;403e000000000000,all,main grid,present,present,filled,MATCH,generate_reference_values
StudentT_Survival|4014000000000000|408f400000000000|||all|main grid,StudentT_Survival,4014000000000000;408f400000000000,all,main grid,present,present,filled,MATCH,generate_reference_values
StudentT_Survival|4034000000000000|3ff0000000000000|||all|main grid,StudentT_Survival,4034000000000000;3ff0000000000000,all,main grid,present,present,filled,MATCH,generate_reference_values
StudentT_Survival|4034000000000000|4000000000000000|||all|main grid,StudentT_Survival,4034000000000000;4000000000000000,all,main grid,present,present,filled,MATCH,generate_reference_values
StudentT_Survival|4034000000000000|4014000000000000|||all|main grid,StudentT_Survival,4034000000000000;4014000000000000,all,main grid,present,present,filled,MATCH,generate_reference_values
StudentT_Survival|4034000000000000|403e000000000000|||all|main grid,StudentT_Survival,4034000000000000;403e000000000000,all,main grid,present,present,filled,MATCH,generate_reference_values
StudentT_Survival|4034000000000000|408f400000000000|||all|main grid,StudentT_Survival,4034000000000000;408f400000000000,all,main grid,present,present,filled,MATCH,generate_reference_values
Uniform_Cumulative|4004000000000000|3ff0000000000000|4010000000000000||all|main grid,Uniform_Cumulative,4004000000000000;3ff0000000000000;4010000000000000,all,main grid,present,present,filled,MATCH,generate_reference_values
Uniform_Cumulative|4008000000000000|0000000000000000|4024000000000000||all|main grid,Uniform_Cumulative,4008000000000000;0000000000000000;4024000000000000,all,main grid,present,present,filled,MATCH,generate_reference_values
Uniform_Density|4004000000000000|3ff0000000000000|4010000000000000||all|main grid,Uniform_Density,4004000000000000;3ff0000000000000;4010000000000000,all,main grid,present,present,filled,MATCH,generate_reference_values
Uniform_Density|4008000000000000|0000000000000000|4024000000000000||all|main grid,Uniform_Density,4008000000000000;0000000000000000;4024000000000000,all,main grid,present,present,filled,MATCH,generate_reference_values
Uniform_InverseCumulative|3fe0000000000000|0000000000000000|4024000000000000||all|main grid,Uniform_InverseCumulative,3fe0000000000000;0000000000000000;4024000000000000,all,main grid,present,present,filled,MATCH,generate_reference_values
Uniform_InverseCumulative|3feccccccccccccd|3ff0000000000000|4010000000000000||all|main grid,Uniform_InverseCumulative,3feccccccccccccd;3ff0000000000000;4010000000000000,all,main grid,present,present,filled,MATCH,generate_reference_values
Uniform_Survival|4004000000000000|3ff0000000000000|4010000000000000||all|main grid,Uniform_Survival,4004000000000000;3ff0000000000000;4010000000000000,all,main grid,present,present,filled,MATCH,generate_reference_values
Uniform_Survival|4008000000000000|0000000000000000|4024000000000000||all|main grid,Uniform_Survival,4008000000000000;0000000000000000;4024000000000000,all,main grid,present,present,filled,MATCH,generate_reference_values
Weibull_Cumulative|3fe0000000000000|4008000000000000|3ff0000000000000||all|main grid,Weibull_Cumulative,3fe0000000000000;4008000000000000;3ff0000000000000,all,main grid,present,present,filled,MATCH,generate_reference_values
Weibull_Cumulative|3ff0000000000000|3ff8000000000000|3ff0000000000000||all|main grid,Weibull_Cumulative,3ff0000000000000;3ff8000000000000;3ff0000000000000,all,main grid,present,present,filled,MATCH,generate_reference_values
Weibull_Cumulative|4000000000000000|4000000000000000|4000000000000000||all|main grid,Weibull_Cumulative,4000000000000000;4000000000000000;4000000000000000,all,main grid,present,present,filled,MATCH,generate_reference_values
Weibull_Density|3fe0000000000000|4008000000000000|3ff0000000000000||all|main grid,Weibull_Density,3fe0000000000000;4008000000000000;3ff0000000000000,all,main grid,present,present,filled,MATCH,generate_reference_values
Weibull_Density|3ff0000000000000|3ff8000000000000|3ff0000000000000||all|main grid,Weibull_Density,3ff0000000000000;3ff8000000000000;3ff0000000000000,all,main grid,present,present,filled,MATCH,generate_reference_values
Weibull_Density|4000000000000000|4000000000000000|4000000000000000||all|main grid,Weibull_Density,4000000000000000;4000000000000000;4000000000000000,all,main grid,present,present,filled,MATCH,generate_reference_values
Weibull_InverseCumulative|3fe0000000000000|3ff8000000000000|3ff0000000000000||all|main grid,Weibull_InverseCumulative,3fe0000000000000;3ff8000000000000;3ff0000000000000,all,main grid,present,present,filled,MATCH,generate_reference_values
Weibull_InverseCumulative|3fee666666666666|4000000000000000|4000000000000000||all|main grid,Weibull_InverseCumulative,3fee666666666666;4000000000000000;4000000000000000,all,main grid,present,present,filled,MATCH,generate_reference_values
Weibull_Mean|3ff8000000000000|3ff0000000000000|||all|main grid,Weibull_Mean,3ff8000000000000;3ff0000000000000,all,main grid,present,present,filled,MATCH,generate_reference_values
Weibull_Mean|4000000000000000|4000000000000000|||all|main grid,Weibull_Mean,4000000000000000;4000000000000000,all,main grid,present,present,filled,MATCH,generate_reference_values
Weibull_StdDev|3ff8000000000000|3ff0000000000000|||all|main grid,Weibull_StdDev,3ff8000000000000;3ff0000000000000,all,main grid,present,present,filled,MATCH,generate_reference_values
Weibull_StdDev|4000000000000000|4000000000000000|||all|main grid,Weibull_StdDev,4000000000000000;4000000000000000,all,main grid,present,present,filled,MATCH,generate_reference_values
Weibull_Survival|3fe0000000000000|4008000000000000|3ff0000000000000||all|main grid,Weibull_Survival,3fe0000000000000;4008000000000000;3ff0000000000000,all,main grid,present,present,filled,MATCH,generate_reference_values
Weibull_Survival|3ff0000000000000|3ff8000000000000|3ff0000000000000||all|main grid,Weibull_Survival,3ff0000000000000;3ff8000000000000;3ff0000000000000,all,main grid,present,present,filled,MATCH,generate_reference_values
Weibull_Survival|4000000000000000|4000000000000000|4000000000000000||all|main grid,Weibull_Survival,4000000000000000;4000000000000000;4000000000000000,all,main grid,present,present,filled,MATCH,generate_reference_values
Weibull_Variance|3ff8000000000000|3ff0000000000000|||all|main grid,Weibull_Variance,3ff8000000000000;3ff0000000000000,all,main grid,present,present,filled,MATCH,generate_reference_values
Weibull_Variance|4000000000000000|4000000000000000|||all|main grid,Weibull_Variance,4000000000000000;4000000000000000,all,main grid,present,present,filled,MATCH,generate_reference_values
