function,vba_kernel,claim,metric,arg1,arg2,arg3,arg4,reference,observed_vba,regime,evidence_set,expected_error
LogGammaHalfDiff,PROB_LogGammaHalfDiff,rel<=2E-14,rel,1.0e-6,,,,-13.24314700133229025051594,-1.32431470013323E+001;1.42108547152020E-014,all,main grid,
LogGammaHalfDiff,PROB_LogGammaHalfDiff,rel<=2E-14,rel,4.1753189365604013e-6,,,,-11.8139606558563807230272,-1.18139606558564E+001;2.13162820728030E-014,all,main grid,
LogGammaHalfDiff,PROB_LogGammaHalfDiff,rel<=2E-14,rel,1.743328822199988e-5,,,,-10.38478828745758797016362,-1.03847882874576E+001;1.42108547152020E-014,all,main grid,
LogGammaHalfDiff,PROB_LogGammaHalfDiff,rel<=2E-14,rel,7.2789538439831508e-5,,,,-8.955674271924963059641276,-8.95567427192496E+000;-1.77635683940025E-015,all,main grid,
LogGammaHalfDiff,PROB_LogGammaHalfDiff,rel<=2E-14,rel,0.00030391953823131974,,,,-7.526803795608890411332411,-7.52680379560889E+000;1.77635683940025E-015,all,main grid,
LogGammaHalfDiff,PROB_LogGammaHalfDiff,rel<=2E-14,rel,0.0012689610031679222,,,,-6.098948387772475556105063,-6.09894838777247E+000;-3.55271367880050E-015,all,main grid,
LogGammaHalfDiff,PROB_LogGammaHalfDiff,rel<=2E-14,rel,0.0052983169062837087,,,,-4.675300335397722609656335,-4.67530033539772E+000;-1.77635683940025E-015,all,main grid,
LogGammaHalfDiff,PROB_LogGammaHalfDiff,rel<=2E-14,rel,0.02212216291070449,,,,-3.26869835100371235015847,-3.26869835100371E+000;-8.88178419700125E-016,all,main grid,
LogGammaHalfDiff,PROB_LogGammaHalfDiff,rel<=2E-14,rel,0.092367085718738622,,,,-1.925288571479488046500772,-1.92528857147949E+000;4.44089209850063E-015,all,main grid,
LogGammaHalfDiff,PROB_LogGammaHalfDiff,rel<=2E-14,rel,0.38566204211634717,,,,-0.7567673746021069826649317,-7.56767374602101E-001;1.11022302462516E-016,all,main grid,
LogGammaHalfDiff,PROB_LogGammaHalfDiff,rel<=2E-14,rel,1.6102620275609393,,,,0.1617033478733243690703346,1.61703347873327E-001;-1.66533453693773E-016,all,main grid,
LogGammaHalfDiff,PROB_LogGammaHalfDiff,rel<=2E-14,rel,6.7233575364993368,,,,0.9342189555725789634834703,9.34218955572581E-001;5.55111512312578E-016,all,main grid,
LogGammaHalfDiff,PROB_LogGammaHalfDiff,rel<=2E-14,rel,28.07216203941177,,,,1.66293663075426728566167,1.66293663075427E+000;-2.44249065417534E-015,all,main grid,
LogGammaHalfDiff,PROB_LogGammaHalfDiff,rel<=2E-14,rel,117.21022975334802,,,,2.380918122378228611014216,2.38091812237823E+000;-1.77635683940025E-015,all,main grid,
LogGammaHalfDiff,PROB_LogGammaHalfDiff,rel<=2E-14,rel,489.39009184774935,,,,3.096324532726868563361351,3.09632453272687E+000;-1.33226762955019E-015,all,main grid,
LogGammaHalfDiff,PROB_LogGammaHalfDiff,rel<=2E-14,rel,2043.3597178569419,,,,3.811114152574101657118792,3.81111415257410E+000;1.77635683940025E-015,all,main grid,
LogGammaHalfDiff,PROB_LogGammaHalfDiff,rel<=2E-14,rel,8531.6785241728083,,,,4.525756048744068676907666,4.52575604874407E+000;-8.88178419700125E-016,all,main grid,
LogGammaHalfDiff,PROB_LogGammaHalfDiff,rel<=2E-14,rel,35622.478902624424,,,,5.240362564690331941134543,5.24036256469033E+000;1.77635683940025E-015,all,main grid,
LogGammaHalfDiff,PROB_LogGammaHalfDiff,rel<=2E-14,rel,148735.21072935114,,,,5.954960606978701992185951,5.95496060697870E+000;1.77635683940025E-015,all,main grid,
LogGammaHalfDiff,PROB_LogGammaHalfDiff,rel<=2E-14,rel,621016.94189156158,,,,6.669556619803447873456812,6.66955661980345E+000;-1.77635683940025E-015,all,main grid,
LogGammaHalfDiff,PROB_LogGammaHalfDiff,rel<=2E-14,rel,2592943.7974046674,,,,7.384152146566253302065393,7.38415214656625E+000;3.55271367880050E-015,all,main grid,
LogGammaHalfDiff,PROB_LogGammaHalfDiff,rel<=2E-14,rel,10826367.338740544,,,,8.098747556915930138450797,8.09874755691593E+000;0E+000,all,main grid,
LogGammaHalfDiff,PROB_LogGammaHalfDiff,rel<=2E-14,rel,45203536.563602431,,,,8.813342939384352784715806,8.81334293938435E+000;1.77635683940025E-015,all,main grid,
LogGammaHalfDiff,PROB_LogGammaHalfDiff,rel<=2E-14,rel,188739182.21350972,,,,9.527938315175140775076607,9.52793831517514E+000;0E+000,all,main grid,
LogGammaHalfDiff,PROB_LogGammaHalfDiff,rel<=2E-14,rel,788046281.5669912,,,,10.24253368936661757729551,1.02425336893666E+001;1.95399252334028E-014,all,main grid,
LogGammaHalfDiff,PROB_LogGammaHalfDiff,rel<=2E-14,rel,3290344562.3126683,,,,10.95712906317505504765405,1.09571290631751E+001;-4.44089209850063E-014,all,main grid,
LogGammaHalfDiff,PROB_LogGammaHalfDiff,rel<=2E-14,rel,13738237958.832629,,,,11.67172443689175354225147,1.16717244368918E+001;-4.61852778244065E-014,all,main grid,
LogGammaHalfDiff,PROB_LogGammaHalfDiff,rel<=2E-14,rel,57361525104.48679,,,,12.3863198105864804106492,1.23863198105865E+001;-1.95399252334028E-014,all,main grid,
LogGammaHalfDiff,PROB_LogGammaHalfDiff,rel<=2E-14,rel,239502661998.74854,,,,13.10091518427594488885169,1.31009151842759E+001;4.44089209850063E-014,all,main grid,
LogGammaHalfDiff,PROB_LogGammaHalfDiff,rel<=2E-14,rel,1000000000000.0,,,,13.81551055796414910410795,1.38155105579641E+001;4.97379915032070E-014,all,main grid,
StirlingError,PROB_StirlingError,abs<=3E-17,abs,0.5,,,,0.1534264097200273452913839,1.53426409720027E-001;3.33066907387547E-016,all,main grid,
StirlingError,PROB_StirlingError,abs<=3E-17,abs,1.0,,,,0.08106146679532725821967026,8.10614667953273E-002;-4.16333634234434E-017,all,main grid,
StirlingError,PROB_StirlingError,abs<=3E-17,abs,2.0,,,,0.04134069595540929409382208,4.13406959554093E-002;-6.93889390390723E-018,all,main grid,
StirlingError,PROB_StirlingError,abs<=3E-17,abs,3.0,,,,0.02767792568499833914878929,2.76779256849983E-002;3.81639164714898E-017,all,main grid,
StirlingError,PROB_StirlingError,abs<=3E-17,abs,5.0,,,,0.01664469118982119216319487,1.66446911898212E-002;-6.93889390390723E-018,all,main grid,
StirlingError,PROB_StirlingError,abs<=3E-17,abs,10.0,,,,0.008330563433362871256469319,8.33056343336287E-003;1.73472347597681E-018,all,main grid,
StirlingError,PROB_StirlingError,abs<=3E-17,abs,50.0,,,,0.001666644446983365509949325,1.66664444698336E-003;4.55364912443912E-018,all,main grid,
StirlingError,PROB_StirlingError,abs<=3E-17,abs,100.0,,,,0.0008333305556349146833812417,8.33330555634920E-004;3.25260651745651E-019,all,main grid,
StirlingError,PROB_StirlingError,abs<=3E-17,abs,500.0,,,,0.0001666666444444698411936512,1.66666644444470E-004;-2.16840434497101E-019,all,main grid,
StirlingError,PROB_StirlingError,abs<=3E-17,abs,501.0,,,,0.0001663339765799327051812295,1.66333976579907E-004;4.87890977618477E-019,all,main grid,
StirlingError,PROB_StirlingError,abs<=3E-17,abs,1000.0,,,,0.00008333333055555634920575397,8.33333305555555E-005;2.71050543121376E-020,all,main grid,
StirlingError,PROB_StirlingError,abs<=3E-17,abs,1000000.0,,,,8.333333333333055555555556e-8,8.33333333333305E-008;1.32348898008484E-023,all,main grid,
LogChoose,PROB_LogChoose,rel<=3.2E-16,rel,2.0,0.0,,,0.0,0E+000;0E+000,all,main grid,
LogChoose,PROB_LogChoose,rel<=3.2E-16,rel,2.0,0.0,,,0.0,0E+000;0E+000,all,main grid,
LogChoose,PROB_LogChoose,rel<=3.2E-16,rel,2.0,1.0,,,0.6931471805599453094172321,6.93147180559945E-001;4.44089209850063E-016,all,main grid,
LogChoose,PROB_LogChoose,rel<=3.2E-16,rel,2.0,1.0,,,0.6931471805599453094172321,6.93147180559945E-001;4.44089209850063E-016,all,main grid,
LogChoose,PROB_LogChoose,rel<=3.2E-16,rel,2.0,2.0,,,0.0,0E+000;0E+000,all,main grid,
LogChoose,PROB_LogChoose,rel<=3.2E-16,rel,10.0,0.0,,,0.0,0E+000;0E+000,all,main grid,
LogChoose,PROB_LogChoose,rel<=3.2E-16,rel,10.0,0.0,,,0.0,0E+000;0E+000,all,main grid,
LogChoose,PROB_LogChoose,rel<=3.2E-16,rel,10.0,5.0,,,5.529429087511423306730307,5.52942908751142E+000;3.55271367880050E-015,all,main grid,
LogChoose,PROB_LogChoose,rel<=3.2E-16,rel,10.0,9.0,,,2.302585092994045684017991,2.30258509299405E+000;-3.99680288865056E-015,all,main grid,
LogChoose,PROB_LogChoose,rel<=3.2E-16,rel,10.0,10.0,,,0.0,0E+000;0E+000,all,main grid,
LogChoose,PROB_LogChoose,rel<=3.2E-16,rel,100.0,0.0,,,0.0,0E+000;0E+000,all,main grid,
LogChoose,PROB_LogChoose,rel<=3.2E-16,rel,100.0,1.0,,,4.605170185988091368035983,4.60517018598809E+000;1.77635683940025E-015,all,main grid,
LogChoose,PROB_LogChoose,rel<=3.2E-16,rel,100.0,50.0,,,66.78384165201742600900561,6.67838416520174E+001;2.84217094304040E-014,all,main grid,
LogChoose,PROB_LogChoose,rel<=3.2E-16,rel,100.0,99.0,,,4.605170185988091368035983,4.60517018598809E+000;1.77635683940025E-015,all,main grid,
LogChoose,PROB_LogChoose,rel<=3.2E-16,rel,100.0,100.0,,,0.0,0E+000;0E+000,all,main grid,
LogChoose,PROB_LogChoose,rel<=3.2E-16,rel,1030.0,0.0,,,0.0,0E+000;0E+000,all,main grid,
LogChoose,PROB_LogChoose,rel<=3.2E-16,rel,1030.0,10.0,,,54.22490397770850268521467,5.42249039777085E+001;7.10542735760100E-015,all,main grid,
LogChoose,PROB_LogChoose,rel<=3.2E-16,rel,1030.0,515.0,,,710.2469048650786294575879,7.10246904865079E+002;-4.54747350886464E-013,all,main grid,
LogChoose,PROB_LogChoose,rel<=3.2E-16,rel,1030.0,1019.0,,,58.75456661118844890623273,5.87545666111885E+001;-4.97379915032070E-014,all,main grid,
LogChoose,PROB_LogChoose,rel<=3.2E-16,rel,1030.0,1030.0,,,0.0,0E+000;0E+000,all,main grid,
LogChoose,PROB_LogChoose,rel<=3.2E-16,rel,1000000.0,0.0,,,0.0,0E+000;0E+000,all,main grid,
LogChoose,PROB_LogChoose,rel<=3.2E-16,rel,1000000.0,10000.0,,,55996.01526296189935728667,5.59960152629619E+004;7.27595761418343E-012,all,main grid,
LogChoose,PROB_LogChoose,rel<=3.2E-16,rel,1000000.0,500000.0,,,693140.0470130636825527477,6.93140047013064E+005;-3.49245965480804E-010,all,main grid,
LogChoose,PROB_LogChoose,rel<=3.2E-16,rel,1000000.0,990000.0,,,55996.01526296189935728667,5.59960152629619E+004;7.27595761418343E-012,all,main grid,
LogChoose,PROB_LogChoose,rel<=3.2E-16,rel,1000000.0,1000000.0,,,0.0,0E+000;0E+000,all,main grid,
LogChoose,PROB_LogChoose,rel<=3.2E-16,rel,9007199254740992.0,0.0,,,0.0,0E+000;0E+000,all,main grid,
LogChoose,PROB_LogChoose,rel<=3.2E-16,rel,9007199254740992.0,90071992547409.0,,,504416978505311.8179096455,5.04416978505312E+014;-1.87500000000000E-001,all,main grid,
LogChoose,PROB_LogChoose,rel<=3.2E-16,rel,9007199254740992.0,4503599627370496.0,,,6243314768165340.61468953,6.24331476816534E+015;0E+000,all,main grid,
LogChoose,PROB_LogChoose,rel<=3.2E-16,rel,9007199254740992.0,8917127262193582.0,,,504416978505316.4130294957,5.04416978505316E+014;4.37500000000000E-001,all,main grid,
LogChoose,PROB_LogChoose,rel<=3.2E-16,rel,9007199254740992.0,9007199254740992.0,,,0.0,0E+000;0E+000,all,main grid,
StudentT_Density,K_STATS_StudentT_Density,rel<=2E-14,rel,0.1,1.0,,,0.3151583031522679912751203,3.15158303152269E-001;-3.33066907387547E-016,all,main grid,
StudentT_Cumulative,K_STATS_StudentT_Cumulative,rel<=1.3E-12,rel,0.1,1.0,,,0.5317255174305535712644571,5.31725517430554E-001;-4.44089209850063E-016,all,main grid,
StudentT_Survival,K_STATS_StudentT_Survival,rel<=1.3E-12,rel,0.1,1.0,,,0.4682744825694464287355429,4.68274482569446E-001;4.44089209850063E-016,all,main grid,
StudentT_Density,K_STATS_StudentT_Density,rel<=2E-14,rel,1.0,1.0,,,0.1591549430918953357688838,1.59154943091896E-001;-3.33066907387547E-016,all,main grid,
StudentT_Cumulative,K_STATS_StudentT_Cumulative,rel<=1.3E-12,rel,1.0,1.0,,,0.75,7.50000000000000E-001;0E+000,all,main grid,
StudentT_Survival,K_STATS_StudentT_Survival,rel<=1.3E-12,rel,1.0,1.0,,,0.25,2.50000000000000E-001;0E+000,all,main grid,
StudentT_Density,K_STATS_StudentT_Density,rel<=2E-14,rel,2.0,1.0,,,0.06366197723675813430755351,6.36619772367583E-002;-1.38777878078145E-017,all,main grid,
StudentT_Cumulative,K_STATS_StudentT_Cumulative,rel<=1.3E-12,rel,2.0,1.0,,,0.8524163823495667258245989,8.52416382349567E-001;-2.22044604925031E-016,all,main grid,
StudentT_Survival,K_STATS_StudentT_Survival,rel<=1.3E-12,rel,2.0,1.0,,,0.1475836176504332741754011,1.47583617650433E-001;2.49800180540660E-016,all,main grid,
StudentT_Density,K_STATS_StudentT_Density,rel<=2E-14,rel,5.0,1.0,,,0.0122426879301457950591449,1.22426879301458E-002;2.42861286636753E-017,all,main grid,
StudentT_Cumulative,K_STATS_StudentT_Cumulative,rel<=1.3E-12,rel,5.0,1.0,,,0.9371670418109988161862527,9.37167041810999E-001;-2.22044604925031E-016,all,main grid,
StudentT_Survival,K_STATS_StudentT_Survival,rel<=1.3E-12,rel,5.0,1.0,,,0.06283295818900118381374725,6.28329581890012E-002;0E+000,all,main grid,
StudentT_Density,K_STATS_StudentT_Density,rel<=2E-14,rel,20.0,1.0,,,0.0007937902398598271110667519,7.93790239859829E-004;-4.33680868994202E-019,all,main grid,
StudentT_Cumulative,K_STATS_StudentT_Cumulative,rel<=1.3E-12,rel,20.0,1.0,,,0.9840977487438236248183703,9.84097748743824E-001;-4.44089209850063E-016,all,main grid,
StudentT_Survival,K_STATS_StudentT_Survival,rel<=1.3E-12,rel,20.0,1.0,,,0.01590225125617637518162969,1.59022512561764E-002;-2.08166817117217E-017,all,main grid,
StudentT_InverseCumulative,K_STATS_StudentT_InverseCumulative,rel<=3.0E-12,rel,0.001,1.0,,,-318.3088389855504392955093,-3.18308838985550E+002;-4.54747350886464E-013,all,main grid,
StudentT_InverseCumulative,K_STATS_StudentT_InverseCumulative,rel<=3.0E-12,rel,0.05,1.0,,,-6.313751514675042742663543,-6.31375151467504E+000;-3.55271367880050E-015,all,main grid,
StudentT_InverseCumulative,K_STATS_StudentT_InverseCumulative,rel<=3.0E-12,rel,0.5,1.0,,,0.0,0E+000;0E+000,all,main grid,
StudentT_InverseCumulative,K_STATS_StudentT_InverseCumulative,rel<=3.0E-12,rel,0.95,1.0,,,6.313751514675037397924723,6.31375151467504E+000;-2.66453525910038E-015,all,main grid,
StudentT_InverseCumulative,K_STATS_StudentT_InverseCumulative,rel<=3.0E-12,rel,0.999,1.0,,,318.3088389855501632047849,3.18308838985550E+002;1.70530256582424E-013,all,main grid,
StudentT_Density,K_STATS_StudentT_Density,rel<=2E-14,rel,0.1,2.0,,,0.3509182168450737652832666,3.50918216845075E-001;0E+000,all,main grid,
StudentT_Cumulative,K_STATS_StudentT_Cumulative,rel<=1.3E-12,rel,0.1,2.0,,,0.5352672807929299153881755,5.35267280792930E-001;-1.11022302462516E-016,all,main grid,
StudentT_Survival,K_STATS_StudentT_Survival,rel<=1.3E-12,rel,0.1,2.0,,,0.4647327192070700846118245,4.64732719207070E-001;1.66533453693773E-016,all,main grid,
StudentT_Density,K_STATS_StudentT_Density,rel<=2E-14,rel,1.0,2.0,,,0.1924500897298752548363829,1.92450089729876E-001;-8.32667268468867E-017,all,main grid,
StudentT_Cumulative,K_STATS_StudentT_Cumulative,rel<=1.3E-12,rel,1.0,2.0,,,0.7886751345948128822545744,7.88675134594813E-001;-1.11022302462516E-016,all,main grid,
StudentT_Survival,K_STATS_StudentT_Survival,rel<=1.3E-12,rel,1.0,2.0,,,0.2113248654051871177454256,2.11324865405187E-001;1.38777878078145E-016,all,main grid,
StudentT_Density,K_STATS_StudentT_Density,rel<=2E-14,rel,2.0,2.0,,,0.068041381743977169394369,6.80413817439774E-002;2.77555756156289E-017,all,main grid,
StudentT_Cumulative,K_STATS_StudentT_Cumulative,rel<=1.3E-12,rel,2.0,2.0,,,0.908248290463863016366214,9.08248290463863E-001;0E+000,all,main grid,
StudentT_Survival,K_STATS_StudentT_Survival,rel<=1.3E-12,rel,2.0,2.0,,,0.09175170953613698363378599,9.17517095361370E-002;0E+000,all,main grid,
StudentT_Density,K_STATS_StudentT_Density,rel<=2E-14,rel,5.0,2.0,,,0.007127781101106490919866034,7.12778110110652E-003;-4.33680868994202E-018,all,main grid,
StudentT_Cumulative,K_STATS_StudentT_Cumulative,rel<=1.3E-12,rel,5.0,2.0,,,0.9811252243246881370909573,9.81125224324688E-001;2.22044604925031E-016,all,main grid,
StudentT_Survival,K_STATS_StudentT_Survival,rel<=1.3E-12,rel,5.0,2.0,,,0.01887477567531186290904268,1.88747756753119E-002;-3.81639164714898E-017,all,main grid,
StudentT_Density,K_STATS_StudentT_Density,rel<=2E-14,rel,20.0,2.0,,,0.0001240683253865215053510974,1.24068325386522E-004;5.42101086242752E-020,all,main grid,
StudentT_Cumulative,K_STATS_StudentT_Cumulative,rel<=1.3E-12,rel,20.0,2.0,,,0.9987546680538164515114114,9.98754668053816E-001;4.44089209850063E-016,all,main grid,
StudentT_Survival,K_STATS_StudentT_Survival,rel<=1.3E-12,rel,20.0,2.0,,,0.001245331946183548488588594,1.24533194618355E-003;-1.30104260698261E-018,all,main grid,
StudentT_InverseCumulative,K_STATS_StudentT_InverseCumulative,rel<=3.0E-12,rel,0.001,2.0,,,-22.32712477011987520218788,-2.23271247701199E+001;2.84217094304040E-014,all,main grid,
StudentT_InverseCumulative,K_STATS_StudentT_InverseCumulative,rel<=3.0E-12,rel,0.05,2.0,,,-2.919985580353725592170114,-2.91998558035373E+000;4.88498130835069E-015,all,main grid,
StudentT_InverseCumulative,K_STATS_StudentT_InverseCumulative,rel<=3.0E-12,rel,0.5,2.0,,,0.0,0E+000;0E+000,all,main grid,
StudentT_InverseCumulative,K_STATS_StudentT_InverseCumulative,rel<=3.0E-12,rel,0.95,2.0,,,2.91998558035372417031256,2.91998558035372E+000;4.44089209850063E-015,all,main grid,
StudentT_InverseCumulative,K_STATS_StudentT_InverseCumulative,rel<=3.0E-12,rel,0.999,2.0,,,22.32712477011986549022454,2.23271247701199E+001;-3.55271367880050E-014,all,main grid,
StudentT_Density,K_STATS_StudentT_Density,rel<=2E-14,rel,0.1,5.0,,,0.37733812996643120678858,3.77338129966432E-001;3.33066907387547E-016,all,main grid,
StudentT_Cumulative,K_STATS_StudentT_Cumulative,rel<=1.3E-12,rel,0.1,5.0,,,0.5378849294226698148600157,5.37884929422670E-001;0E+000,all,main grid,
StudentT_Survival,K_STATS_StudentT_Survival,rel<=1.3E-12,rel,0.1,5.0,,,0.4621150705773301851399843,4.62115070577330E-001;1.11022302462516E-016,all,main grid,
StudentT_Density,K_STATS_StudentT_Density,rel<=2E-14,rel,1.0,5.0,,,0.2196797973509805736039391,2.19679797350981E-001;1.94289029309402E-016,all,main grid,
StudentT_Cumulative,K_STATS_StudentT_Cumulative,rel<=1.3E-12,rel,1.0,5.0,,,0.8183912661754386871999257,8.18391266175439E-001;3.33066907387547E-016,all,main grid,
StudentT_Survival,K_STATS_StudentT_Survival,rel<=1.3E-12,rel,1.0,5.0,,,0.1816087338245613128000743,1.81608733824561E-001;-3.88578058618805E-016,all,main grid,
StudentT_Density,K_STATS_StudentT_Density,rel<=2E-14,rel,2.0,5.0,,,0.06509031032621646625301899,6.50903103262166E-002;4.16333634234434E-017,all,main grid,
StudentT_Cumulative,K_STATS_StudentT_Cumulative,rel<=1.3E-12,rel,2.0,5.0,,,0.9490302605850708218773194,9.49030260585071E-001;-1.11022302462516E-016,all,main grid,
StudentT_Survival,K_STATS_StudentT_Survival,rel<=1.3E-12,rel,2.0,5.0,,,0.05096973941492917812268055,5.09697394149291E-002;4.85722573273506E-017,all,main grid,
StudentT_Density,K_STATS_StudentT_Density,rel<=2E-14,rel,5.0,5.0,,,0.001757438378807844588831513,1.75743837880785E-003;-2.16840434497101E-019,all,main grid,
StudentT_Cumulative,K_STATS_StudentT_Cumulative,rel<=1.3E-12,rel,5.0,5.0,,,0.9979476420099733387897466,9.97947642009973E-001;3.33066907387547E-016,all,main grid,
StudentT_Survival,K_STATS_StudentT_Survival,rel<=1.3E-12,rel,5.0,5.0,,,0.002052357990026661210253439,2.05235799002667E-003;-1.30104260698261E-018,all,main grid,
StudentT_Density,K_STATS_StudentT_Density,rel<=2E-14,rel,20.0,5.0,,,0.000000714296958312389204422705,7.14296958312392E-007;0E+000,all,main grid,
StudentT_Cumulative,K_STATS_StudentT_Cumulative,rel<=1.3E-12,rel,20.0,5.0,,,0.9999971122418133879139539,9.99997112241813E-001;4.44089209850063E-016,all,main grid,
StudentT_Survival,K_STATS_StudentT_Survival,rel<=1.3E-12,rel,20.0,5.0,,,0.000002887758186612086046140738,2.88775818661210E-006;1.27054942088145E-021,all,main grid,
StudentT_InverseCumulative,K_STATS_StudentT_InverseCumulative,rel<=3.0E-12,rel,0.001,5.0,,,-5.893429531356010100067858,-5.89342953135601E+000;-1.77635683940025E-015,all,main grid,
StudentT_InverseCumulative,K_STATS_StudentT_InverseCumulative,rel<=3.0E-12,rel,0.05,5.0,,,-2.015048373333024194334502,-2.01504837333302E+000;-4.44089209850063E-015,all,main grid,
StudentT_InverseCumulative,K_STATS_StudentT_InverseCumulative,rel<=3.0E-12,rel,0.5,5.0,,,0.0,0E+000;0E+000,all,main grid,
StudentT_InverseCumulative,K_STATS_StudentT_InverseCumulative,rel<=3.0E-12,rel,0.95,5.0,,,2.015048373333023541741204,2.01504837333302E+000;3.55271367880050E-015,all,main grid,
StudentT_InverseCumulative,K_STATS_StudentT_InverseCumulative,rel<=3.0E-12,rel,0.999,5.0,,,5.893429531356008953514033,5.89342953135601E+000;0E+000,all,main grid,
StudentT_Density,K_STATS_StudentT_Density,rel<=2E-14,rel,0.1,30.0,,,0.3935936956326792952908075,3.93593695632681E-001;2.77555756156289E-016,all,main grid,
StudentT_Cumulative,K_STATS_StudentT_Cumulative,rel<=1.3E-12,rel,0.1,30.0,,,0.5394951941048644241449614,5.39495194104865E-001;-4.44089209850063E-016,all,main grid,
StudentT_Survival,K_STATS_StudentT_Survival,rel<=1.3E-12,rel,0.1,30.0,,,0.4605048058951355758550386,4.60504805895135E-001;4.44089209850063E-016,all,main grid,
StudentT_Density,K_STATS_StudentT_Density,rel<=2E-14,rel,1.0,30.0,,,0.2379933423228798347442014,2.37993342322881E-001;5.55111512312578E-017,all,main grid,
StudentT_Cumulative,K_STATS_StudentT_Cumulative,rel<=1.3E-12,rel,1.0,30.0,,,0.837345692286985054383113,8.37345692286987E-001;-4.44089209850063E-016,all,main grid,
StudentT_Survival,K_STATS_StudentT_Survival,rel<=1.3E-12,rel,1.0,30.0,,,0.162654307713014945616887,1.62654307713013E-001;4.44089209850063E-016,all,main grid,
StudentT_Density,K_STATS_StudentT_Density,rel<=2E-14,rel,2.0,30.0,,,0.05685227504719796381584291,5.68522750471983E-002;0E+000,all,main grid,
StudentT_Cumulative,K_STATS_StudentT_Cumulative,rel<=1.3E-12,rel,2.0,30.0,,,0.972687477518508448039741,9.72687477518508E-001;4.44089209850063E-016,all,main grid,
StudentT_Survival,K_STATS_StudentT_Survival,rel<=1.3E-12,rel,2.0,30.0,,,0.02731252248149155196025902,2.73125224814915E-002;-3.46944695195361E-018,all,main grid,
StudentT_Density,K_STATS_StudentT_Density,rel<=2E-14,rel,5.0,30.0,,,0.0000328889020529224319166914,3.28889020529226E-005;1.35525271560688E-020,all,main grid,
StudentT_Cumulative,K_STATS_StudentT_Cumulative,rel<=1.3E-12,rel,5.0,30.0,,,0.9999883516572664961024336,9.99988351657267E-001;-4.44089209850063E-016,all,main grid,
StudentT_Survival,K_STATS_StudentT_Survival,rel<=1.3E-12,rel,5.0,30.0,,,0.00001164834273350389756643756,1.16483427335040E-005;-6.77626357803440E-021,all,main grid,
StudentT_Density,K_STATS_StudentT_Density,rel<=2E-14,rel,20.0,30.0,,,4.719652257446182044412632e-19,4.71965225744625E-019;-2.88889491658085E-034,all,main grid,
StudentT_Cumulative,K_STATS_StudentT_Cumulative,rel<=1.3E-12,rel,20.0,30.0,,,0.9999999999999999996625458,1.00000000000000E+000;0E+000,all,main grid,
StudentT_Survival,K_STATS_StudentT_Survival,rel<=1.3E-12,rel,20.0,30.0,,,3.374541832885643200616054e-19,3.37454183288569E-019;-9.62964972193618E-035,all,main grid,
StudentT_InverseCumulative,K_STATS_StudentT_InverseCumulative,rel<=3.0E-12,rel,0.001,30.0,,,-3.385184866829305115458422,-3.38518486682931E+000;3.99680288865056E-015,all,main grid,
StudentT_InverseCumulative,K_STATS_StudentT_InverseCumulative,rel<=3.0E-12,rel,0.05,30.0,,,-1.697260886593957819551342,-1.69726088659395E+000;-3.55271367880050E-015,all,main grid,
StudentT_InverseCumulative,K_STATS_StudentT_InverseCumulative,rel<=3.0E-12,rel,0.5,30.0,,,0.0,0E+000;0E+000,all,main grid,
StudentT_InverseCumulative,K_STATS_StudentT_InverseCumulative,rel<=3.0E-12,rel,0.95,30.0,,,1.697260886593957383682665,1.69726088659395E+000;2.22044604925031E-015,all,main grid,
StudentT_InverseCumulative,K_STATS_StudentT_InverseCumulative,rel<=3.0E-12,rel,0.999,30.0,,,3.385184866829304785318283,3.38518486682930E+000;4.44089209850063E-015,all,main grid,
StudentT_Density,K_STATS_StudentT_Density,rel<=2E-14,rel,0.1,1000.0,,,0.3968513474299019840791639,3.96851347429902E-001;0E+000,all,main grid,
StudentT_Cumulative,K_STATS_StudentT_Cumulative,rel<=1.3E-12,rel,0.1,1000.0,,,0.5398178154881979366429742,5.39817815488197E-001;-1.11022302462516E-016,all,main grid,
StudentT_Survival,K_STATS_StudentT_Survival,rel<=1.3E-12,rel,0.1,1000.0,,,0.4601821845118020633570258,4.60182184511803E-001;1.66533453693773E-016,all,main grid,
StudentT_Density,K_STATS_StudentT_Density,rel<=2E-14,rel,1.0,1000.0,,,0.2418497895523382360532816,2.41849789552338E-001;2.22044604925031E-016,all,main grid,
StudentT_Cumulative,K_STATS_StudentT_Cumulative,rel<=1.3E-12,rel,1.0,1000.0,,,0.8412237909576638464587959,8.41223790957689E-001;-4.44089209850063E-016,all,main grid,
StudentT_Survival,K_STATS_StudentT_Survival,rel<=1.3E-12,rel,1.0,1000.0,,,0.1587762090423361535412041,1.58776209042311E-001;4.99600361081320E-016,all,main grid,
StudentT_Density,K_STATS_StudentT_Density,rel<=2E-14,rel,2.0,1000.0,,,0.05408517400975593281831256,5.40851740097559E-002;0E+000,all,main grid,
StudentT_Cumulative,K_STATS_StudentT_Cumulative,rel<=1.3E-12,rel,2.0,1000.0,,,0.9771148267533741799756031,9.77114826753375E-001;0E+000,all,main grid,
StudentT_Survival,K_STATS_StudentT_Survival,rel<=1.3E-12,rel,2.0,1000.0,,,0.02288517324662582002439686,2.28851732466249E-002;4.85722573273506E-017,all,main grid,
StudentT_Density,K_STATS_StudentT_Density,rel<=2E-14,rel,5.0,1000.0,,,0.00000171201223331224482316821,1.71201223331224E-006;1.27054942088145E-021,all,main grid,
StudentT_Cumulative,K_STATS_StudentT_Cumulative,rel<=1.3E-12,rel,5.0,1000.0,,,0.9999996616371817675684809,9.99999661637182E-001;-2.22044604925031E-016,all,main grid,
StudentT_Survival,K_STATS_StudentT_Survival,rel<=1.3E-12,rel,5.0,1000.0,,,0.0000003383628182324315190927772,3.38362818232448E-007;5.29395592033938E-023,all,main grid,
StudentT_Density,K_STATS_StudentT_Density,rel<=2E-14,rel,20.0,1000.0,,,2.908838671235477622574256e-74,2.90883867123542E-074;1.57090990889527E-089,all,main grid,
StudentT_Cumulative,K_STATS_StudentT_Cumulative,rel<=1.3E-12,rel,20.0,1000.0,,,1.0,1.00000000000000E+000;0E+000,all,main grid,
StudentT_Survival,K_STATS_StudentT_Survival,rel<=1.3E-12,rel,20.0,1000.0,,,2.031144249762385656855025e-75,2.03114424976244E-075;4.41818411876795E-090,all,main grid,
StudentT_InverseCumulative,K_STATS_StudentT_InverseCumulative,rel<=3.0E-12,rel,0.001,1000.0,,,-3.098402163912922906522552,-3.09840216391295E+000;4.88498130835069E-015,all,main grid,
StudentT_InverseCumulative,K_STATS_StudentT_InverseCumulative,rel<=3.0E-12,rel,0.05,1000.0,,,-1.64637881728546468862007,-1.64637881728551E+000;6.66133814775094E-016,all,main grid,
StudentT_InverseCumulative,K_STATS_StudentT_InverseCumulative,rel<=3.0E-12,rel,0.5,1000.0,,,0.0,0E+000;0E+000,all,main grid,
StudentT_InverseCumulative,K_STATS_StudentT_InverseCumulative,rel<=3.0E-12,rel,0.95,1000.0,,,1.646378817285464284022887,1.64637881728563E+000;-1.33226762955019E-015,all,main grid,
StudentT_InverseCumulative,K_STATS_StudentT_InverseCumulative,rel<=3.0E-12,rel,0.999,1000.0,,,3.098402163912922647006007,3.09840216391295E+000;-3.55271367880050E-015,all,main grid,
ChiSquare_Cumulative,K_STATS_ChiSquare_Cumulative,rel<=2.6E-10,rel,0.5,1.0,,,0.5204998778130465376827467,5.20499877813047E-001;-3.33066907387547E-016,all,main grid,
ChiSquare_Survival,K_STATS_ChiSquare_Survival,rel<=2.6E-10,rel,0.5,1.0,,,0.4795001221869534623172533,4.79500122186953E-001;3.88578058618805E-016,all,main grid,
ChiSquare_Cumulative,K_STATS_ChiSquare_Cumulative,rel<=2.6E-10,rel,1.0,1.0,,,0.6826894921370858971704651,6.82689492137086E-001;0E+000,all,main grid,
ChiSquare_Survival,K_STATS_ChiSquare_Survival,rel<=2.6E-10,rel,1.0,1.0,,,0.3173105078629141028295349,3.17310507862914E-001;5.55111512312578E-017,all,main grid,
ChiSquare_Cumulative,K_STATS_ChiSquare_Cumulative,rel<=2.6E-10,rel,5.0,1.0,,,0.9746526813225317360683963,9.74652681322532E-001;4.44089209850063E-016,all,main grid,
ChiSquare_Survival,K_STATS_ChiSquare_Survival,rel<=2.6E-10,rel,5.0,1.0,,,0.0253473186774682639316037,2.53473186774675E-002;3.46944695195361E-018,all,main grid,
ChiSquare_Cumulative,K_STATS_ChiSquare_Cumulative,rel<=2.6E-10,rel,20.0,1.0,,,0.9999922557835689559163623,9.99992255783569E-001;0E+000,all,main grid,
ChiSquare_Survival,K_STATS_ChiSquare_Survival,rel<=2.6E-10,rel,20.0,1.0,,,0.000007744216431044083637676381,7.74421643104405E-006;-5.08219768352580E-021,all,main grid,
ChiSquare_Cumulative,K_STATS_ChiSquare_Cumulative,rel<=2.6E-10,rel,80.0,1.0,,,0.9999999999999999996255903,1.00000000000000E+000;0E+000,all,main grid,
ChiSquare_Survival,K_STATS_ChiSquare_Survival,rel<=2.6E-10,rel,80.0,1.0,,,3.744097384202898763563804e-19,3.74409738420289E-019;-2.88889491658085E-034,all,main grid,
ChiSquare_InverseCumulative,K_STATS_ChiSquare_InverseCumulative,rel<=4.7E-12,rel,0.001,1.0,,,0.000001570797149262489944718514,1.57079714926249E-006;-2.11758236813575E-021,all,main grid,
ChiSquare_InverseCumulative,K_STATS_ChiSquare_InverseCumulative,rel<=4.7E-12,rel,0.05,1.0,,,0.003932140000019523168437354,3.93214000001952E-003;4.33680868994202E-018,all,main grid,
ChiSquare_InverseCumulative,K_STATS_ChiSquare_InverseCumulative,rel<=4.7E-12,rel,0.5,1.0,,,0.4549364231195727519425166,4.54936423119572E-001;3.33066907387547E-016,all,main grid,
ChiSquare_InverseCumulative,K_STATS_ChiSquare_InverseCumulative,rel<=4.7E-12,rel,0.95,1.0,,,3.841458820694124469101699,3.84145882069404E+000;4.88498130835069E-015,all,main grid,
ChiSquare_InverseCumulative,K_STATS_ChiSquare_InverseCumulative,rel<=4.7E-12,rel,0.999,1.0,,,10.82756617066273064862119,1.08275661706627E+001;1.59872115546023E-014,all,main grid,
ChiSquare_Cumulative,K_STATS_ChiSquare_Cumulative,rel<=2.6E-10,rel,0.5,2.0,,,0.2211992169285951317548297,2.21199216928595E-001;1.11022302462516E-016,all,main grid,
ChiSquare_Survival,K_STATS_ChiSquare_Survival,rel<=2.6E-10,rel,0.5,2.0,,,0.7788007830714048682451703,7.78800783071405E-001;-1.11022302462516E-016,all,main grid,
ChiSquare_Cumulative,K_STATS_ChiSquare_Cumulative,rel<=2.6E-10,rel,1.0,2.0,,,0.3934693402873665763962005,3.93469340287367E-001;-3.88578058618805E-016,all,main grid,
ChiSquare_Survival,K_STATS_ChiSquare_Survival,rel<=2.6E-10,rel,1.0,2.0,,,0.6065306597126334236037995,6.06530659712633E-001;4.44089209850063E-016,all,main grid,
ChiSquare_Cumulative,K_STATS_ChiSquare_Cumulative,rel<=2.6E-10,rel,5.0,2.0,,,0.9179150013761012048304713,9.17915001376101E-001;1.11022302462516E-016,all,main grid,
ChiSquare_Survival,K_STATS_ChiSquare_Survival,rel<=2.6E-10,rel,5.0,2.0,,,0.08208499862389879516952867,8.20849986238988E-002;0E+000,all,main grid,
ChiSquare_Cumulative,K_STATS_ChiSquare_Cumulative,rel<=2.6E-10,rel,20.0,2.0,,,0.9999546000702375151484644,9.99954600070238E-001;-4.44089209850063E-016,all,main grid,
ChiSquare_Survival,K_STATS_ChiSquare_Survival,rel<=2.6E-10,rel,20.0,2.0,,,0.00004539992976248485153559152,4.53999297624849E-005;-4.06575814682064E-020,all,main grid,
ChiSquare_Cumulative,K_STATS_ChiSquare_Cumulative,rel<=2.6E-10,rel,80.0,2.0,,,0.9999999999999999957516457,1.00000000000000E+000;0E+000,all,main grid,
ChiSquare_Survival,K_STATS_ChiSquare_Survival,rel<=2.6E-10,rel,80.0,2.0,,,4.248354255291588995329235e-18,4.24835425529160E-018;-4.62223186652937E-033,all,main grid,
ChiSquare_InverseCumulative,K_STATS_ChiSquare_InverseCumulative,rel<=4.7E-12,rel,0.001,2.0,,,0.002001000667167067041961003,2.00100066716707E-003;-2.16840434497101E-018,all,main grid,
ChiSquare_InverseCumulative,K_STATS_ChiSquare_InverseCumulative,rel<=4.7E-12,rel,0.05,2.0,,,0.1025865887751010726956714,1.02586588775101E-001;5.55111512312578E-017,all,main grid,
ChiSquare_InverseCumulative,K_STATS_ChiSquare_InverseCumulative,rel<=4.7E-12,rel,0.5,2.0,,,1.386294361119890618834464,1.38629436111989E+000;4.44089209850063E-016,all,main grid,
ChiSquare_InverseCumulative,K_STATS_ChiSquare_InverseCumulative,rel<=4.7E-12,rel,0.95,2.0,,,5.991464547107980210513608,5.99146454710798E+000;0E+000,all,main grid,
ChiSquare_InverseCumulative,K_STATS_ChiSquare_InverseCumulative,rel<=4.7E-12,rel,0.999,2.0,,,13.81551055796427232775111,1.38155105579643E+001;-2.66453525910038E-014,all,main grid,
ChiSquare_Cumulative,K_STATS_ChiSquare_Cumulative,rel<=2.6E-10,rel,0.5,5.0,,,0.007876706767370407794741014,7.87670676737041E-003;-1.73472347597681E-018,all,main grid,
ChiSquare_Survival,K_STATS_ChiSquare_Survival,rel<=2.6E-10,rel,0.5,5.0,,,0.992123293232629592205259,9.92123293232630E-001;-4.44089209850063E-016,all,main grid,
ChiSquare_Cumulative,K_STATS_ChiSquare_Cumulative,rel<=2.6E-10,rel,1.0,5.0,,,0.03743422675270363104291791,3.74342267527036E-002;3.46944695195361E-017,all,main grid,
ChiSquare_Survival,K_STATS_ChiSquare_Survival,rel<=2.6E-10,rel,1.0,5.0,,,0.9625657732472963689570821,9.62565773247296E-001;3.33066907387547E-016,all,main grid,
ChiSquare_Cumulative,K_STATS_ChiSquare_Cumulative,rel<=2.6E-10,rel,5.0,5.0,,,0.5841198130044920797163884,5.84119813004492E-001;1.11022302462516E-016,all,main grid,
ChiSquare_Survival,K_STATS_ChiSquare_Survival,rel<=2.6E-10,rel,5.0,5.0,,,0.4158801869955079202836116,4.15880186995508E-001;-1.11022302462516E-016,all,main grid,
ChiSquare_Cumulative,K_STATS_ChiSquare_Cumulative,rel<=2.6E-10,rel,20.0,5.0,,,0.9987502694369686245881489,9.98750269436969E-001;-3.33066907387547E-016,all,main grid,
ChiSquare_Survival,K_STATS_ChiSquare_Survival,rel<=2.6E-10,rel,20.0,5.0,,,0.001249730563031375411851065,1.24973056303137E-003;4.33680868994202E-018,all,main grid,
ChiSquare_Cumulative,K_STATS_ChiSquare_Cumulative,rel<=2.6E-10,rel,80.0,5.0,,,0.9999999999999991608174885,9.99999999999999E-001;1.11022302462516E-016,all,main grid,
ChiSquare_Survival,K_STATS_ChiSquare_Survival,rel<=2.6E-10,rel,80.0,5.0,,,8.391825114831610089488117e-16,8.39182511483165E-016;3.94430452610506E-031,all,main grid,
ChiSquare_InverseCumulative,K_STATS_ChiSquare_InverseCumulative,rel<=4.7E-12,rel,0.001,5.0,,,0.2102126026292191656687838,2.10212602629219E-001;1.66533453693773E-016,all,main grid,
ChiSquare_InverseCumulative,K_STATS_ChiSquare_InverseCumulative,rel<=4.7E-12,rel,0.05,5.0,,,1.145476226061769280133762,1.14547622606177E+000;-6.66133814775094E-016,all,main grid,
ChiSquare_InverseCumulative,K_STATS_ChiSquare_InverseCumulative,rel<=4.7E-12,rel,0.5,5.0,,,4.351460191095527317158108,4.35146019109553E+000;-3.55271367880050E-015,all,main grid,
ChiSquare_InverseCumulative,K_STATS_ChiSquare_InverseCumulative,rel<=4.7E-12,rel,0.95,5.0,,,11.07049769351635188011425,1.10704976935163E+001;4.26325641456060E-014,all,main grid,
ChiSquare_InverseCumulative,K_STATS_ChiSquare_InverseCumulative,rel<=4.7E-12,rel,0.999,5.0,,,20.5150056524328763842966,2.05150056524329E+001;-2.13162820728030E-014,all,main grid,
ChiSquare_Cumulative,K_STATS_ChiSquare_Cumulative,rel<=2.6E-10,rel,0.5,30.0,,,5.634558720450991195702231e-22,5.63455872045100E-022;4.70197740328915E-037,all,main grid,
ChiSquare_Survival,K_STATS_ChiSquare_Survival,rel<=2.6E-10,rel,0.5,30.0,,,0.9999999999999999999994365,1.00000000000000E+000;0E+000,all,main grid,
ChiSquare_Cumulative,K_STATS_ChiSquare_Cumulative,rel<=2.6E-10,rel,1.0,30.0,,,1.461050092443921956247991e-17,1.46105009244393E-017;-4.62223186652937E-032,all,main grid,
ChiSquare_Survival,K_STATS_ChiSquare_Survival,rel<=2.6E-10,rel,1.0,30.0,,,0.9999999999999999853894991,1.00000000000000E+000;0E+000,all,main grid,
ChiSquare_Cumulative,K_STATS_ChiSquare_Cumulative,rel<=2.6E-10,rel,5.0,30.0,,,6.915313866992888236226897e-8,6.91531386699290E-008;-2.64697796016969E-023,all,main grid,
ChiSquare_Survival,K_STATS_ChiSquare_Survival,rel<=2.6E-10,rel,5.0,30.0,,,0.9999999308468613300711176,9.99999930846861E-001;3.33066907387547E-016,all,main grid,
ChiSquare_Cumulative,K_STATS_ChiSquare_Cumulative,rel<=2.6E-10,rel,20.0,30.0,,,0.08345847293466282491117884,8.34584729346631E-002;-1.38777878078145E-017,all,main grid,
ChiSquare_Survival,K_STATS_ChiSquare_Survival,rel<=2.6E-10,rel,20.0,30.0,,,0.9165415270653371750888212,9.16541527065337E-001;-1.11022302462516E-016,all,main grid,
ChiSquare_Cumulative,K_STATS_ChiSquare_Cumulative,rel<=2.6E-10,rel,80.0,30.0,,,0.9999980243767565089360725,9.99998024376757E-001;-4.44089209850063E-016,all,main grid,
ChiSquare_Survival,K_STATS_ChiSquare_Survival,rel<=2.6E-10,rel,80.0,30.0,,,0.000001975623243491063927459603,1.97562324349106E-006;4.23516473627150E-022,all,main grid,
ChiSquare_InverseCumulative,K_STATS_ChiSquare_InverseCumulative,rel<=4.7E-12,rel,0.001,30.0,,,11.58795104564505602607014,1.15879510456451E+001;-4.61852778244065E-014,all,main grid,
ChiSquare_InverseCumulative,K_STATS_ChiSquare_InverseCumulative,rel<=4.7E-12,rel,0.05,30.0,,,18.4926609819534680099344,1.84926609819535E+001;-3.55271367880050E-014,all,main grid,
ChiSquare_InverseCumulative,K_STATS_ChiSquare_InverseCumulative,rel<=4.7E-12,rel,0.5,30.0,,,29.33603151666158593323303,2.93360315166616E+001;-1.06581410364015E-014,all,main grid,
ChiSquare_InverseCumulative,K_STATS_ChiSquare_InverseCumulative,rel<=4.7E-12,rel,0.95,30.0,,,43.77297182574218368284295,4.37729718257422E+001;-2.84217094304040E-014,all,main grid,
ChiSquare_InverseCumulative,K_STATS_ChiSquare_InverseCumulative,rel<=4.7E-12,rel,0.999,30.0,,,59.70306430442992765614301,5.97030643044299E+001;2.13162820728030E-014,all,main grid,
ChiSquare_Cumulative,K_STATS_ChiSquare_Cumulative,rel<=2.6E-10,rel,0.5,100.0,,,2.029952461864641432631019e-95,2.02995246186465E-095;-1.99591867500382E-110,all,main grid,
ChiSquare_Survival,K_STATS_ChiSquare_Survival,rel<=2.6E-10,rel,0.5,100.0,,,1.0,1.00000000000000E+000;0E+000,all,main grid,
ChiSquare_Cumulative,K_STATS_ChiSquare_Cumulative,rel<=2.6E-10,rel,1.0,100.0,,,1.788776510435136285616108e-80,1.78877651043516E-080;-3.37080697537838E-095,all,main grid,
ChiSquare_Survival,K_STATS_ChiSquare_Survival,rel<=2.6E-10,rel,1.0,100.0,,,1.0,1.00000000000000E+000;0E+000,all,main grid,
ChiSquare_Cumulative,K_STATS_ChiSquare_Cumulative,rel<=2.6E-10,rel,5.0,100.0,,,2.238698928228896321414292e-46,2.23869892822888E-046;3.88938454866321E-061,all,main grid,
ChiSquare_Survival,K_STATS_ChiSquare_Survival,rel<=2.6E-10,rel,5.0,100.0,,,1.0,1.00000000000000E+000;0E+000,all,main grid,
ChiSquare_Cumulative,K_STATS_ChiSquare_Cumulative,rel<=2.6E-10,rel,20.0,100.0,,,1.854726883869799300551919e-19,1.85472688386982E-019;-1.20370621524202E-034,all,main grid,
ChiSquare_Survival,K_STATS_ChiSquare_Survival,rel<=2.6E-10,rel,20.0,100.0,,,0.9999999999999999998145273,1.00000000000000E+000;0E+000,all,main grid,
ChiSquare_Cumulative,K_STATS_ChiSquare_Cumulative,rel<=2.6E-10,rel,80.0,100.0,,,0.0703350666593949544372639,7.03350666593951E-002;2.77555756156289E-017,all,main grid,
ChiSquare_Survival,K_STATS_ChiSquare_Survival,rel<=2.6E-10,rel,80.0,100.0,,,0.9296649333406050455627361,9.29664933340605E-001;-1.11022302462516E-016,all,main grid,
ChiSquare_InverseCumulative,K_STATS_ChiSquare_InverseCumulative,rel<=4.7E-12,rel,0.001,100.0,,,61.91793920693662319183756,6.19179392069366E+001;7.10542735760100E-015,all,main grid,
ChiSquare_InverseCumulative,K_STATS_ChiSquare_InverseCumulative,rel<=4.7E-12,rel,0.05,100.0,,,77.92946516501725980603093,7.79294651650172E+001;-1.42108547152020E-014,all,main grid,
ChiSquare_InverseCumulative,K_STATS_ChiSquare_InverseCumulative,rel<=4.7E-12,rel,0.5,100.0,,,99.33412923598845575421806,9.93341292359884E+001;0E+000,all,main grid,
ChiSquare_InverseCumulative,K_STATS_ChiSquare_InverseCumulative,rel<=4.7E-12,rel,0.95,100.0,,,124.342113404004074689447,1.24342113404004E+002;1.56319401867222E-013,all,main grid,
ChiSquare_InverseCumulative,K_STATS_ChiSquare_InverseCumulative,rel<=4.7E-12,rel,0.999,100.0,,,149.4492527790387063738282,1.49449252779039E+002;-3.41060513164848E-013,all,main grid,
F_Cumulative,K_STATS_F_Cumulative,rel<=1.1E-10,rel,0.25,1.0,1.0,,0.2951672353008665483508022,2.95167235300866E-001;2.77555756156289E-016,validated,main grid,
F_Survival,K_STATS_F_Survival,rel<=1.1E-10,rel,0.25,1.0,1.0,,0.7048327646991334516491978,7.04832764699134E-001;-3.33066907387547E-016,validated,main grid,
F_Cumulative,K_STATS_F_Cumulative,rel<=1.1E-10,rel,1.0,1.0,1.0,,0.5,5.00000000000000E-001;-5.55111512312578E-017,validated,main grid,
F_Survival,K_STATS_F_Survival,rel<=1.1E-10,rel,1.0,1.0,1.0,,0.5,5.00000000000000E-001;-5.55111512312578E-017,validated,main grid,
F_Cumulative,K_STATS_F_Cumulative,rel<=1.1E-10,rel,2.0,1.0,1.0,,0.6081734479693927298291444,6.08173447969393E-001;-4.44089209850063E-016,validated,main grid,
F_Survival,K_STATS_F_Survival,rel<=1.1E-10,rel,2.0,1.0,1.0,,0.3918265520306072701708556,3.91826552030608E-001;-4.99600361081320E-016,validated,main grid,
F_Cumulative,K_STATS_F_Cumulative,rel<=1.1E-10,rel,10.0,1.0,1.0,,0.8050177709578633548405329,8.05017770957863E-001;3.33066907387547E-016,validated,main grid,
F_Survival,K_STATS_F_Survival,rel<=1.1E-10,rel,10.0,1.0,1.0,,0.1949822290421366451594671,1.94982229042137E-001;-3.33066907387547E-016,validated,main grid,
F_InverseCumulative,K_STATS_F_InverseCumulative,rel<=5.9E-13,rel,0.05,1.0,1.0,,0.006193958657108194693721092,6.19395865710820E-003;-3.46944695195361E-018,validated,main grid,
F_InverseCumulative,K_STATS_F_InverseCumulative,rel<=5.9E-13,rel,0.5,1.0,1.0,,1.0,1.00000000000000E+000;0E+000,validated,main grid,
F_InverseCumulative,K_STATS_F_InverseCumulative,rel<=5.9E-13,rel,0.95,1.0,1.0,,161.4476387975882077260021,1.61447638797588E+002;1.42108547152020E-013,validated,main grid,
F_Cumulative,K_STATS_F_Cumulative,rel<=1.1E-10,rel,0.25,5.0,2.0,,0.0917416675955683847561062,9.17416675955685E-002;4.16333634234434E-017,validated,main grid,
F_Survival,K_STATS_F_Survival,rel<=1.1E-10,rel,0.25,5.0,2.0,,0.9082583324044316152438938,9.08258332404431E-001;4.44089209850063E-016,validated,main grid,
F_Cumulative,K_STATS_F_Cumulative,rel<=1.1E-10,rel,1.0,5.0,2.0,,0.4312011503716921313824583,4.31201150371691E-001;4.44089209850063E-016,validated,main grid,
F_Survival,K_STATS_F_Survival,rel<=1.1E-10,rel,1.0,5.0,2.0,,0.5687988496283078686175417,5.68798849628309E-001;-3.33066907387547E-016,validated,main grid,
F_Cumulative,K_STATS_F_Cumulative,rel<=1.1E-10,rel,2.0,5.0,2.0,,0.6339381452606089276122335,6.33938145260608E-001;3.33066907387547E-016,validated,main grid,
F_Survival,K_STATS_F_Survival,rel<=1.1E-10,rel,2.0,5.0,2.0,,0.3660618547393910723877665,3.66061854739392E-001;-3.33066907387547E-016,validated,main grid,
F_Cumulative,K_STATS_F_Cumulative,rel<=1.1E-10,rel,10.0,5.0,2.0,,0.9066019560751850588210173,9.06601956075185E-001;-1.11022302462516E-016,validated,main grid,
F_Survival,K_STATS_F_Survival,rel<=1.1E-10,rel,10.0,5.0,2.0,,0.09339804392481494117898268,9.33980439248150E-002;4.16333634234434E-017,validated,main grid,
F_InverseCumulative,K_STATS_F_InverseCumulative,rel<=5.9E-13,rel,0.05,5.0,2.0,,0.1728269375857905131042995,1.72826937585790E-001;3.05311331771918E-016,validated,main grid,
F_InverseCumulative,K_STATS_F_InverseCumulative,rel<=5.9E-13,rel,0.5,5.0,2.0,,1.251925184050667828791775,1.25192518405067E+000;1.55431223447522E-015,validated,main grid,
F_InverseCumulative,K_STATS_F_InverseCumulative,rel<=5.9E-13,rel,0.95,5.0,2.0,,19.29640965201723323181239,1.92964096520173E+001;-2.13162820728030E-014,validated,main grid,
F_Cumulative,K_STATS_F_Cumulative,rel<=1.1E-10,rel,0.25,10.0,30.0,,0.01254787763995718445896061,1.25478776399569E-002;-2.25514051876985E-017,validated,main grid,
F_Survival,K_STATS_F_Survival,rel<=1.1E-10,rel,0.25,10.0,30.0,,0.9874521223600428155410394,9.87452122360043E-001;1.11022302462516E-016,validated,main grid,
F_Cumulative,K_STATS_F_Cumulative,rel<=1.1E-10,rel,1.0,10.0,30.0,,0.5345757095055887475609779,5.34575709505575E-001;-1.11022302462516E-016,validated,main grid,
F_Survival,K_STATS_F_Survival,rel<=1.1E-10,rel,1.0,10.0,30.0,,0.4654242904944112524390221,4.65424290494425E-001;1.11022302462516E-016,validated,main grid,
F_Cumulative,K_STATS_F_Cumulative,rel<=1.1E-10,rel,2.0,10.0,30.0,,0.930386291923615744,9.30386291923617E-001;4.44089209850063E-016,validated,main grid,
F_Survival,K_STATS_F_Survival,rel<=1.1E-10,rel,2.0,10.0,30.0,,0.069613708076384256,6.96137080763826E-002;-2.77555756156289E-017,validated,main grid,
F_Cumulative,K_STATS_F_Cumulative,rel<=1.1E-10,rel,10.0,10.0,30.0,,0.9999995894721614702085298,9.99999589472161E-001;4.44089209850063E-016,validated,main grid,
F_Survival,K_STATS_F_Survival,rel<=1.1E-10,rel,10.0,10.0,30.0,,0.0000004105278385297914701624083,4.10527838529779E-007;3.17637355220363E-022,validated,main grid,
F_InverseCumulative,K_STATS_F_InverseCumulative,rel<=5.9E-13,rel,0.05,10.0,30.0,,0.3704319398594766546783616,3.70431939859479E-001;1.66533453693773E-016,validated,main grid,
F_InverseCumulative,K_STATS_F_InverseCumulative,rel<=5.9E-13,rel,0.5,10.0,30.0,,0.9553965764236232476584563,9.55396576423639E-001;0E+000,validated,main grid,
F_InverseCumulative,K_STATS_F_InverseCumulative,rel<=5.9E-13,rel,0.95,10.0,30.0,,2.164579917125473660906234,2.16457991712546E+000;2.22044604925031E-015,validated,main grid,
F_Cumulative,K_STATS_F_Cumulative,rel<=1.1E-10,rel,0.25,100.0,100.0,,1.328619963186033594255562e-11,1.32861996318602E-011;-3.39273298117453E-026,validated,main grid,
F_Survival,K_STATS_F_Survival,rel<=1.1E-10,rel,0.25,100.0,100.0,,0.9999999999867138003681397,9.99999999986714E-001;-1.11022302462516E-016,validated,main grid,
F_Cumulative,K_STATS_F_Cumulative,rel<=1.1E-10,rel,1.0,100.0,100.0,,0.5,5.00000000000007E-001;1.11022302462516E-016,validated,main grid,
F_Survival,K_STATS_F_Survival,rel<=1.1E-10,rel,1.0,100.0,100.0,,0.5,5.00000000000007E-001;1.11022302462516E-016,validated,main grid,
F_Cumulative,K_STATS_F_Cumulative,rel<=1.1E-10,rel,2.0,100.0,100.0,,0.9996908631373929456015622,9.99690863137393E-001;0E+000,validated,main grid,
F_Survival,K_STATS_F_Survival,rel<=1.1E-10,rel,2.0,100.0,100.0,,0.0003091368626070543984378357,3.09136862607046E-004;3.79470760369927E-019,validated,main grid,
F_Cumulative,K_STATS_F_Cumulative,rel<=1.1E-10,rel,10.0,100.0,100.0,,1.0,1.00000000000000E+000;0E+000,validated,main grid,
F_Survival,K_STATS_F_Survival,rel<=1.1E-10,rel,10.0,100.0,100.0,,4.452739341551166613970913e-26,4.45273934155105E-026;-1.72191555296234E-041,validated,main grid,
F_InverseCumulative,K_STATS_F_InverseCumulative,rel<=5.9E-13,rel,0.05,100.0,100.0,,0.7185355690452617613331586,7.18535569045263E-001;3.33066907387547E-016,validated,main grid,
F_InverseCumulative,K_STATS_F_InverseCumulative,rel<=5.9E-13,rel,0.5,100.0,100.0,,1.0,1.00000000000000E+000;-1.11022302462516E-016,validated,main grid,
F_InverseCumulative,K_STATS_F_InverseCumulative,rel<=5.9E-13,rel,0.95,100.0,100.0,,1.391719551655219785401644,1.39171955165522E+000;-3.10862446895044E-015,validated,main grid,
NormalStandard_Density,K_STATS_NormalStandard_Density,rel<=5E-15,rel,-2.0,,,,0.0539909665131880519505642,5.39909665131881E-002;-3.46944695195361E-017,all,main grid,
NormalStandard_Cumulative,K_STATS_NormalStandard_Cumulative,rel<=5E-15,rel,-2.0,,,,0.02275013194817920720028264,2.27501319481792E-002;2.77555756156289E-017,all,main grid,
NormalStandard_Survival,K_STATS_NormalStandard_Survival,rel<=2E-14,rel,-2.0,,,,0.9772498680518207927997174,9.77249868051821E-001;-2.22044604925031E-016,all,main grid,
NormalStandard_Density,K_STATS_NormalStandard_Density,rel<=5E-15,rel,-0.5,,,,0.3520653267642994777746804,3.52065326764300E-001;-4.99600361081320E-016,all,main grid,
NormalStandard_Cumulative,K_STATS_NormalStandard_Cumulative,rel<=5E-15,rel,-0.5,,,,0.3085375387259868963622954,3.08537538725987E-001;-5.55111512312578E-017,all,main grid,
NormalStandard_Survival,K_STATS_NormalStandard_Survival,rel<=2E-14,rel,-0.5,,,,0.6914624612740131036377046,6.91462461274013E-001;0E+000,all,main grid,
NormalStandard_Density,K_STATS_NormalStandard_Density,rel<=5E-15,rel,0.5,,,,0.3520653267642994777746804,3.52065326764300E-001;-4.99600361081320E-016,all,main grid,
NormalStandard_Cumulative,K_STATS_NormalStandard_Cumulative,rel<=5E-15,rel,0.5,,,,0.6914624612740131036377046,6.91462461274013E-001;0E+000,all,main grid,
NormalStandard_Survival,K_STATS_NormalStandard_Survival,rel<=2E-14,rel,0.5,,,,0.3085375387259868963622954,3.08537538725987E-001;-5.55111512312578E-017,all,main grid,
NormalStandard_Density,K_STATS_NormalStandard_Density,rel<=5E-15,rel,1.0,,,,0.2419707245191433497978302,2.41970724519143E-001;3.60822483003176E-016,all,main grid,
NormalStandard_Cumulative,K_STATS_NormalStandard_Cumulative,rel<=5E-15,rel,1.0,,,,0.8413447460685429485852325,8.41344746068543E-001;-1.11022302462516E-016,all,main grid,
NormalStandard_Survival,K_STATS_NormalStandard_Survival,rel<=2E-14,rel,1.0,,,,0.1586552539314570514147675,1.58655253931457E-001;5.55111512312578E-017,all,main grid,
NormalStandard_Density,K_STATS_NormalStandard_Density,rel<=5E-15,rel,1.96,,,,0.05844094433345146031974862,5.84409443334515E-002;-2.77555756156289E-017,all,main grid,
NormalStandard_Cumulative,K_STATS_NormalStandard_Cumulative,rel<=5E-15,rel,1.96,,,,0.9750021048517795658634157,9.75002104851780E-001;-4.44089209850063E-016,all,main grid,
NormalStandard_Survival,K_STATS_NormalStandard_Survival,rel<=2E-14,rel,1.96,,,,0.02499789514822043413658427,2.49978951482205E-002;-4.51028103753970E-017,all,main grid,
NormalStandard_Density,K_STATS_NormalStandard_Density,rel<=5E-15,rel,3.0,,,,0.004431848411938007175602353,4.43184841193801E-003;-2.60208521396521E-018,all,main grid,
NormalStandard_Cumulative,K_STATS_NormalStandard_Cumulative,rel<=5E-15,rel,3.0,,,,0.9986501019683699054733482,9.98650101968370E-001;-1.11022302462516E-016,all,main grid,
NormalStandard_Survival,K_STATS_NormalStandard_Survival,rel<=2E-14,rel,3.0,,,,0.001349898031630094526651815,1.34989803163011E-003;4.98732999343332E-018,all,main grid,
NormalStandard_InverseCumulative,K_STATS_NormalStandard_InverseCumulative,rel<=5E-15,rel,0.01,,,,-2.326347874040841100885606,-2.32634787404084E+000;-8.88178419700125E-016,all,main grid,
NormalStandard_InverseSurvival,K_STATS_NormalStandard_InverseSurvival,rel<=5E-15,rel,0.01,,,,2.326347874040841100885606,2.32634787404084E+000;8.88178419700125E-016,all,main grid,
NormalStandard_InverseCumulativeFast,K_STATS_NormalStandard_InverseCumulativeFast,rel<=5E-9,rel,0.01,,,,-2.326347874040841100885606,-2.32634787438802E+000;-4.44089209850063E-015,all,main grid,
NormalStandard_InverseCumulative,K_STATS_NormalStandard_InverseCumulative,rel<=5E-15,rel,0.25,,,,-0.674489750196081743202227,-6.74489750196082E-001;1.11022302462516E-016,all,main grid,
NormalStandard_InverseSurvival,K_STATS_NormalStandard_InverseSurvival,rel<=5E-15,rel,0.25,,,,0.674489750196081743202227,6.74489750196082E-001;-1.11022302462516E-016,all,main grid,
NormalStandard_InverseCumulativeFast,K_STATS_NormalStandard_InverseCumulativeFast,rel<=5E-9,rel,0.25,,,,-0.674489750196081743202227,-6.74489750223419E-001;-4.44089209850063E-016,all,main grid,
NormalStandard_InverseCumulative,K_STATS_NormalStandard_InverseCumulative,rel<=5E-15,rel,0.5,,,,0.0,0E+000;0E+000,all,main grid,
NormalStandard_InverseSurvival,K_STATS_NormalStandard_InverseSurvival,rel<=5E-15,rel,0.5,,,,0.0,0E+000;0E+000,all,main grid,
NormalStandard_InverseCumulativeFast,K_STATS_NormalStandard_InverseCumulativeFast,rel<=5E-9,rel,0.5,,,,0.0,0E+000;0E+000,all,main grid,
NormalStandard_InverseCumulative,K_STATS_NormalStandard_InverseCumulative,rel<=5E-15,rel,0.975,,,,1.959963984540054235524594,1.95996398454005E+000;3.55271367880050E-015,all,main grid,
NormalStandard_InverseSurvival,K_STATS_NormalStandard_InverseSurvival,rel<=5E-15,rel,0.975,,,,-1.959963984540054235524594,-1.95996398454005E+000;-3.55271367880050E-015,all,main grid,
NormalStandard_InverseCumulativeFast,K_STATS_NormalStandard_InverseCumulativeFast,rel<=5E-9,rel,0.975,,,,1.959963984540054235524594,1.95996398611875E+000;-2.66453525910038E-015,all,main grid,
NormalStandard_InverseCumulative,K_STATS_NormalStandard_InverseCumulative,rel<=5E-15,rel,0.999,,,,3.0902323061678135415404,3.09023230616782E+000;-8.88178419700125E-016,all,main grid,
NormalStandard_InverseSurvival,K_STATS_NormalStandard_InverseSurvival,rel<=5E-15,rel,0.999,,,,-3.0902323061678135415404,-3.09023230616782E+000;8.88178419700125E-016,all,main grid,
NormalStandard_InverseCumulativeFast,K_STATS_NormalStandard_InverseCumulativeFast,rel<=5E-9,rel,0.999,,,,3.0902323061678135415404,3.09023230470940E+000;4.44089209850063E-016,all,main grid,
NormalStandard_IntervalProbability,K_STATS_NormalStandard_IntervalProbability,rel<=5E-15,rel,-1.96,1.96,,,0.9500042097035591317268315,9.50004209703559E-001;0E+000,all,main grid,
NormalStandard_IntervalProbability,K_STATS_NormalStandard_IntervalProbability,rel<=5E-15,rel,-1.0,2.0,,,0.8185946141203637413849499,8.18594614120364E-001;-3.33066907387547E-016,all,main grid,
NormalStandard_IntervalProbability,K_STATS_NormalStandard_IntervalProbability,rel<=5E-15,rel,0.0,3.0,,,0.4986501019683699054733482,4.98650101968370E-001;-1.11022302462516E-016,all,main grid,
Normal_Density,K_STATS_Normal_Density,rel<=5E-15,rel,1.96,0.0,1.0,,0.05844094433345146031974862,5.84409443334515E-002;-2.08166817117217E-017,all,main grid,
Normal_Cumulative,K_STATS_Normal_Cumulative,rel<=5E-15,rel,1.96,0.0,1.0,,0.9750021048517795658634157,9.75002104851780E-001;-4.44089209850063E-016,all,main grid,
Normal_Survival,K_STATS_Normal_Survival,rel<=5E-15,rel,1.96,0.0,1.0,,0.02499789514822043413658427,2.49978951482205E-002;-4.51028103753970E-017,all,main grid,
Normal_ZScore,K_STATS_Normal_ZScore,rel<=5E-15,rel,1.96,0.0,1.0,,1.96,1.96000000000000E+000;0E+000,all,main grid,
Normal_Density,K_STATS_Normal_Density,rel<=5E-15,rel,110.0,100.0,15.0,,0.02129653370149014733933218,2.12965337014901E-002;4.51028103753970E-017,all,main grid,
Normal_Cumulative,K_STATS_Normal_Cumulative,rel<=5E-15,rel,110.0,100.0,15.0,,0.7475074624530770869359382,7.47507462453077E-001;1.11022302462516E-016,all,main grid,
Normal_Survival,K_STATS_Normal_Survival,rel<=5E-15,rel,110.0,100.0,15.0,,0.2524925375469229130640618,2.52492537546923E-001;-5.55111512312578E-017,all,main grid,
Normal_ZScore,K_STATS_Normal_ZScore,rel<=5E-15,rel,110.0,100.0,15.0,,0.6666666666666666666666667,6.66666666666667E-001;-3.33066907387547E-016,all,main grid,
Normal_Density,K_STATS_Normal_Density,rel<=5E-15,rel,3.0,5.0,2.0,,0.1209853622595716748989151,1.20985362259572E-001;-3.33066907387547E-016,all,main grid,
Normal_Cumulative,K_STATS_Normal_Cumulative,rel<=5E-15,rel,3.0,5.0,2.0,,0.1586552539314570514147675,1.58655253931457E-001;5.55111512312578E-017,all,main grid,
Normal_Survival,K_STATS_Normal_Survival,rel<=5E-15,rel,3.0,5.0,2.0,,0.8413447460685429485852325,8.41344746068543E-001;-1.11022302462516E-016,all,main grid,
Normal_ZScore,K_STATS_Normal_ZScore,rel<=5E-15,rel,3.0,5.0,2.0,,-1.0,-1.00000000000000E+000;0E+000,all,main grid,
Normal_InverseCumulative,K_STATS_Normal_InverseCumulative,rel<=5E-15,rel,0.99,100.0,15.0,,134.8952181106126165132841,1.34895218110613E+002;-3.69482222595252E-013,all,main grid,
Normal_InverseSurvival,K_STATS_Normal_InverseSurvival,rel<=5E-15,rel,0.99,100.0,15.0,,65.10478188938738348671591,6.51047818893874E+001;-2.84217094304040E-014,all,main grid,
Normal_InverseCumulative,K_STATS_Normal_InverseCumulative,rel<=5E-15,rel,0.025,10.0,2.0,,6.080072030919891528950811,6.08007203091989E+000;8.88178419700125E-016,all,main grid,
Normal_InverseSurvival,K_STATS_Normal_InverseSurvival,rel<=5E-15,rel,0.025,10.0,2.0,,13.91992796908010847104919,1.39199279690801E+001;1.06581410364015E-014,all,main grid,
Lognormal_Density,K_STATS_Lognormal_Density,rel<=3E-14,rel,1.0,0.0,1.0,,0.3989422804014326779399461,3.98942280401433E-001;-2.77555756156289E-016,all,main grid,
Lognormal_Cumulative,K_STATS_Lognormal_Cumulative,rel<=5E-15,rel,1.0,0.0,1.0,,0.5,5.00000000000000E-001;0E+000,all,main grid,
Lognormal_Survival,K_STATS_Lognormal_Survival,rel<=5E-15,rel,1.0,0.0,1.0,,0.5,5.00000000000000E-001;0E+000,all,main grid,
Lognormal_Density,K_STATS_Lognormal_Density,rel<=3E-14,rel,2.0,0.5,0.25,,0.5920062897891273171146759,5.92006289789127E-001;4.44089209850063E-016,all,main grid,
Lognormal_Cumulative,K_STATS_Lognormal_Cumulative,rel<=5E-15,rel,2.0,0.5,0.25,,0.7801170895122241259801444,7.80117089512224E-001;0E+000,all,main grid,
Lognormal_Survival,K_STATS_Lognormal_Survival,rel<=5E-15,rel,2.0,0.5,0.25,,0.2198829104877758740198556,2.19882910487776E-001;-8.32667268468867E-017,all,main grid,
Lognormal_Density,K_STATS_Lognormal_Density,rel<=3E-14,rel,0.5,0.0,1.0,,0.6274960771159243653767016,6.27496077115924E-001;3.33066907387547E-016,all,main grid,
Lognormal_Cumulative,K_STATS_Lognormal_Cumulative,rel<=5E-15,rel,0.5,0.0,1.0,,0.2441085957855827340050393,2.44108595785583E-001;-2.22044604925031E-016,all,main grid,
Lognormal_Survival,K_STATS_Lognormal_Survival,rel<=5E-15,rel,0.5,0.0,1.0,,0.7558914042144172659949607,7.55891404214417E-001;2.22044604925031E-016,all,main grid,
Lognormal_Density,K_STATS_Lognormal_Density,rel<=3E-14,rel,3.720075976020836e-44,0.0,2.5,,1.573376737755215646573901e-305,1.57337673775518E-305;-1.51776966402431E-320,all,main grid,
Lognormal_InverseCumulative,K_STATS_Lognormal_InverseCumulative,rel<=5E-15,rel,0.5,0.0,1.0,,1.0,1.00000000000000E+000;0E+000,all,main grid,
Lognormal_InverseSurvival,K_STATS_Lognormal_InverseSurvival,rel<=5E-15,rel,0.5,0.0,1.0,,1.0,1.00000000000000E+000;0E+000,all,main grid,
Lognormal_InverseCumulative,K_STATS_Lognormal_InverseCumulative,rel<=5E-15,rel,0.025,0.0,1.0,,0.1408634940932174678913663,1.40863494093217E-001;4.44089209850063E-016,all,main grid,
Lognormal_InverseSurvival,K_STATS_Lognormal_InverseSurvival,rel<=5E-15,rel,0.025,0.0,1.0,,7.099071384231336340286279,7.09907138423134E+000;-2.66453525910038E-015,all,main grid,
Lognormal_Mean,K_STATS_Lognormal_Mean,rel<=5E-15,rel,0.0,1.0,,,1.648721270700128146848651,1.64872127070013E+000;-1.77635683940025E-015,all,main grid,
Lognormal_Variance,K_STATS_Lognormal_Variance,rel<=5E-15,rel,0.0,1.0,,,4.67077427047160499187014,4.67077427047160E+000;4.44089209850063E-015,all,main grid,
Lognormal_StdDev,K_STATS_Lognormal_StdDev,rel<=5E-15,rel,0.0,1.0,,,2.161197415895087773846185,2.16119741589509E+000;-2.22044604925031E-015,all,main grid,
Lognormal_Mean,K_STATS_Lognormal_Mean,rel<=5E-15,rel,0.5,0.25,,,1.701057301848400679406183,1.70105730184840E+000;6.66133814775094E-016,all,main grid,
Lognormal_Variance,K_STATS_Lognormal_Variance,rel<=5E-15,rel,0.5,0.25,,,0.1866209047462703035303866,1.86620904746270E-001;3.05311331771918E-016,all,main grid,
Lognormal_StdDev,K_STATS_Lognormal_StdDev,rel<=5E-15,rel,0.5,0.25,,,0.4319964175155510517400816,4.31996417515551E-001;5.55111512312578E-017,all,main grid,
Gamma_Density,K_STATS_Gamma_Density,rel<=2E-14,rel,2.0,2.0,1.0,,0.270670566473225383787999,2.70670566473225E-001;3.88578058618805E-016,all,main grid,
Gamma_Cumulative,K_STATS_Gamma_Cumulative,rel<=2E-14,rel,2.0,2.0,1.0,,0.5939941502901619243180015,5.93994150290162E-001;-2.22044604925031E-016,all,main grid,
Gamma_Survival,K_STATS_Gamma_Survival,rel<=2E-14,rel,2.0,2.0,1.0,,0.4060058497098380756819985,4.06005849709838E-001;2.22044604925031E-016,all,main grid,
Gamma_Density,K_STATS_Gamma_Density,rel<=2E-14,rel,5.0,3.0,2.0,,0.1282578103498418674523886,1.28257810349842E-001;-8.32667268468867E-017,all,main grid,
Gamma_Cumulative,K_STATS_Gamma_Cumulative,rel<=2E-14,rel,5.0,3.0,2.0,,0.4561868841166704820018725,4.56186884116670E-001;3.88578058618805E-016,all,main grid,
Gamma_Survival,K_STATS_Gamma_Survival,rel<=2E-14,rel,5.0,3.0,2.0,,0.5438131158833295179981275,5.43813115883330E-001;-4.44089209850063E-016,all,main grid,
Gamma_Density,K_STATS_Gamma_Density,rel<=2E-14,rel,0.5,1.5,1.0,,0.4839414490382866995956604,4.83941449038287E-001;-2.77555756156289E-016,all,main grid,
Gamma_Cumulative,K_STATS_Gamma_Cumulative,rel<=2E-14,rel,0.5,1.5,1.0,,0.1987480430987991975748047,1.98748043098799E-001;1.94289029309402E-016,all,main grid,
Gamma_Survival,K_STATS_Gamma_Survival,rel<=2E-14,rel,0.5,1.5,1.0,,0.8012519569012008024251953,8.01251956901201E-001;-2.22044604925031E-016,all,main grid,
Gamma_InverseCumulative,K_STATS_Gamma_InverseCumulative,rel<=2E-14,rel,0.5,2.0,1.0,,1.678346990016660653412885,1.67834699001666E+000;2.22044604925031E-016,all,main grid,
Gamma_InverseCumulative,K_STATS_Gamma_InverseCumulative,rel<=2E-14,rel,0.95,3.0,2.0,,12.59158724374397705328181,1.25915872437440E+001;-2.30926389122033E-014,all,main grid,
Gamma_Mean,K_STATS_Gamma_Mean,rel<=5E-15,rel,2.0,3.0,,,6.0,6.00000000000000E+000;0E+000,all,main grid,
Gamma_Variance,K_STATS_Gamma_Variance,rel<=5E-15,rel,2.0,3.0,,,18.0,1.80000000000000E+001;0E+000,all,main grid,
Gamma_StdDev,K_STATS_Gamma_StdDev,rel<=5E-15,rel,2.0,3.0,,,4.242640687119285146405066,4.24264068711929E+000;-4.44089209850063E-015,all,main grid,
Gamma_Mean,K_STATS_Gamma_Mean,rel<=5E-15,rel,5.0,2.0,,,10.0,1.00000000000000E+001;0E+000,all,main grid,
Gamma_Variance,K_STATS_Gamma_Variance,rel<=5E-15,rel,5.0,2.0,,,20.0,2.00000000000000E+001;0E+000,all,main grid,
Gamma_StdDev,K_STATS_Gamma_StdDev,rel<=5E-15,rel,5.0,2.0,,,4.472135954999579392818347,4.47213595499958E+000;0E+000,all,main grid,
Beta_Density,K_STATS_Beta_Density,rel<=5E-15,rel,0.5,2.0,2.0,,1.5,1.50000000000000E+000;0E+000,balanced,main grid,
Beta_Cumulative,K_STATS_Beta_Cumulative,rel<=2E-14,rel,0.5,2.0,2.0,,0.5,5.00000000000000E-001;2.22044604925031E-016,balanced,main grid,
Beta_Survival,K_STATS_Beta_Survival,rel<=5E-15,rel,0.5,2.0,2.0,,0.5,5.00000000000000E-001;2.22044604925031E-016,balanced,main grid,
Beta_Density,K_STATS_Beta_Density,rel<=5E-15,rel,0.3,2.0,5.0,,2.160900000000000057120975,2.16090000000000E+000;4.44089209850063E-016,balanced,main grid,
Beta_Cumulative,K_STATS_Beta_Cumulative,rel<=2E-14,rel,0.3,2.0,5.0,,0.5798249999999999760091907,5.79824999999998E-001;1.11022302462516E-016,balanced,main grid,
Beta_Survival,K_STATS_Beta_Survival,rel<=5E-15,rel,0.3,2.0,5.0,,0.4201750000000000239908093,4.20175000000002E-001;-1.66533453693773E-016,balanced,main grid,
Beta_Density,K_STATS_Beta_Density,rel<=5E-15,rel,0.8,5.0,1.0,,2.048000000000000454747351,2.04800000000000E+000;4.44089209850063E-016,balanced,main grid,
Beta_Cumulative,K_STATS_Beta_Cumulative,rel<=2E-14,rel,0.8,5.0,1.0,,0.3276800000000000909494702,3.27679999999998E-001;2.22044604925031E-016,balanced,main grid,
Beta_Survival,K_STATS_Beta_Survival,rel<=5E-15,rel,0.8,5.0,1.0,,0.6723199999999999090505298,6.72320000000002E-001;-2.22044604925031E-016,balanced,main grid,
Beta_InverseCumulative,K_STATS_Beta_InverseCumulative,rel<=5E-15,rel,0.5,2.0,2.0,,0.5,5.00000000000000E-001;-1.11022302462516E-016,balanced,main grid,
Beta_InverseCumulative,K_STATS_Beta_InverseCumulative,rel<=5E-15,rel,0.95,2.0,5.0,,0.581803409252025831414527,5.81803409252026E-001;-4.44089209850063E-016,balanced,main grid,
Beta_Mean,K_STATS_Beta_Mean,rel<=5E-15,rel,2.0,3.0,,,0.4,4.00000000000000E-001;-5.55111512312578E-017,all,main grid,
Beta_Variance,K_STATS_Beta_Variance,rel<=5E-15,rel,2.0,3.0,,,0.04,4.00000000000000E-002;0E+000,all,main grid,
Beta_StdDev,K_STATS_Beta_StdDev,rel<=5E-15,rel,2.0,3.0,,,0.2,2.00000000000000E-001;0E+000,all,main grid,
Beta_Mean,K_STATS_Beta_Mean,rel<=5E-15,rel,5.0,2.0,,,0.7142857142857142857142857,7.14285714285714E-001;3.33066907387547E-016,all,main grid,
Beta_Variance,K_STATS_Beta_Variance,rel<=5E-15,rel,5.0,2.0,,,0.02551020408163265306122449,2.55102040816327E-002;-4.51028103753970E-017,all,main grid,
Beta_StdDev,K_STATS_Beta_StdDev,rel<=5E-15,rel,5.0,2.0,,,0.159719141249984978314941,1.59719141249985E-001;-2.77555756156289E-017,all,main grid,
Exponential_Density,K_STATS_Exponential_Density,rel<=5E-15,rel,1.0,1.0,,,0.3678794411714423215955238,3.67879441171442E-001;3.33066907387547E-016,all,main grid,
Exponential_Cumulative,K_STATS_Exponential_Cumulative,rel<=5E-15,rel,1.0,1.0,,,0.6321205588285576784044762,6.32120558828558E-001;-3.33066907387547E-016,all,main grid,
Exponential_Survival,K_STATS_Exponential_Survival,rel<=5E-15,rel,1.0,1.0,,,0.3678794411714423215955238,3.67879441171442E-001;3.33066907387547E-016,all,main grid,
Exponential_Density,K_STATS_Exponential_Density,rel<=5E-15,rel,0.5,2.0,,,0.7357588823428846431910475,7.35758882342885E-001;-3.33066907387547E-016,all,main grid,
Exponential_Cumulative,K_STATS_Exponential_Cumulative,rel<=5E-15,rel,0.5,2.0,,,0.6321205588285576784044762,6.32120558828558E-001;-3.33066907387547E-016,all,main grid,
Exponential_Survival,K_STATS_Exponential_Survival,rel<=5E-15,rel,0.5,2.0,,,0.3678794411714423215955238,3.67879441171442E-001;3.33066907387547E-016,all,main grid,
Exponential_Density,K_STATS_Exponential_Density,rel<=5E-15,rel,3.0,0.5,,,0.1115650800742149144666402,1.11565080074215E-001;-9.71445146547012E-017,all,main grid,
Exponential_Cumulative,K_STATS_Exponential_Cumulative,rel<=5E-15,rel,3.0,0.5,,,0.7768698398515701710667195,7.76869839851570E-001;2.22044604925031E-016,all,main grid,
Exponential_Survival,K_STATS_Exponential_Survival,rel<=5E-15,rel,3.0,0.5,,,0.2231301601484298289332805,2.23130160148430E-001;-1.94289029309402E-016,all,main grid,
Exponential_InverseCumulative,K_STATS_Exponential_InverseCumulative,rel<=5E-15,rel,0.5,1.0,,,0.6931471805599453094172321,6.93147180559945E-001;3.33066907387547E-016,all,main grid,
Exponential_InverseCumulative,K_STATS_Exponential_InverseCumulative,rel<=5E-15,rel,0.95,2.0,,,1.497866136776995496717612,1.49786613677699E+000;4.88498130835069E-015,all,main grid,
Weibull_Density,K_STATS_Weibull_Density,rel<=5E-15,rel,1.0,1.5,1.0,,0.5518191617571634823932857,5.51819161757164E-001;-4.44089209850063E-016,all,main grid,
Weibull_Cumulative,K_STATS_Weibull_Cumulative,rel<=5E-15,rel,1.0,1.5,1.0,,0.6321205588285576784044762,6.32120558828558E-001;-3.33066907387547E-016,all,main grid,
Weibull_Survival,K_STATS_Weibull_Survival,rel<=5E-15,rel,1.0,1.5,1.0,,0.3678794411714423215955238,3.67879441171442E-001;3.33066907387547E-016,all,main grid,
Weibull_Density,K_STATS_Weibull_Density,rel<=5E-15,rel,2.0,2.0,2.0,,0.3678794411714423215955238,3.67879441171442E-001;3.33066907387547E-016,all,main grid,
Weibull_Cumulative,K_STATS_Weibull_Cumulative,rel<=5E-15,rel,2.0,2.0,2.0,,0.6321205588285576784044762,6.32120558828558E-001;-3.33066907387547E-016,all,main grid,
Weibull_Survival,K_STATS_Weibull_Survival,rel<=5E-15,rel,2.0,2.0,2.0,,0.3678794411714423215955238,3.67879441171442E-001;3.33066907387547E-016,all,main grid,
Weibull_Density,K_STATS_Weibull_Density,rel<=5E-15,rel,0.5,3.0,1.0,,0.6618726769384465521486691,6.61872676938447E-001;-3.33066907387547E-016,all,main grid,
Weibull_Cumulative,K_STATS_Weibull_Cumulative,rel<=5E-15,rel,0.5,3.0,1.0,,0.1175030974154045971351079,1.17503097415405E-001;-3.74700270810990E-016,all,main grid,
Weibull_Survival,K_STATS_Weibull_Survival,rel<=5E-15,rel,0.5,3.0,1.0,,0.8824969025845954028648921,8.82496902584595E-001;3.33066907387547E-016,all,main grid,
Weibull_InverseCumulative,K_STATS_Weibull_InverseCumulative,rel<=5E-15,rel,0.5,1.5,1.0,,0.7832197687746513393702749,7.83219768774651E-001;3.33066907387547E-016,all,main grid,
Weibull_InverseCumulative,K_STATS_Weibull_InverseCumulative,rel<=5E-15,rel,0.95,2.0,2.0,,3.461636765204570676366017,3.46163676520457E+000;4.44089209850063E-016,all,main grid,
Weibull_Mean,K_STATS_Weibull_Mean,rel<=2E-14,rel,1.5,1.0,,,0.9027452929509336112968587,9.02745292950941E-001;-3.33066907387547E-016,all,main grid,
Weibull_Variance,K_STATS_Weibull_Variance,rel<=2E-14,rel,1.5,1.0,,,0.37569028481393200218155,3.75690284813933E-001;3.88578058618805E-016,all,main grid,
Weibull_StdDev,K_STATS_Weibull_StdDev,rel<=5E-15,rel,1.5,1.0,,,0.6129357917546763740967555,6.12935791754677E-001;4.44089209850063E-016,all,main grid,
Weibull_Mean,K_STATS_Weibull_Mean,rel<=2E-14,rel,2.0,2.0,,,1.772453850905516027298167,1.77245385090553E+000;-1.11022302462516E-015,all,main grid,
Weibull_Variance,K_STATS_Weibull_Variance,rel<=2E-14,rel,2.0,2.0,,,0.8584073464102067615373566,8.58407346410200E-001;-3.33066907387547E-016,all,main grid,
Weibull_StdDev,K_STATS_Weibull_StdDev,rel<=5E-15,rel,2.0,2.0,,,0.9265027503522084858427597,9.26502750352205E-001;-3.33066907387547E-016,all,main grid,
Uniform_Density,K_STATS_Uniform_Density,rel<=5E-15,rel,3.0,0.0,10.0,,0.1,1.00000000000000E-001;0E+000,all,main grid,
Uniform_Cumulative,K_STATS_Uniform_Cumulative,rel<=5E-15,rel,3.0,0.0,10.0,,0.3,3.00000000000000E-001;0E+000,all,main grid,
Uniform_Survival,K_STATS_Uniform_Survival,rel<=5E-15,rel,3.0,0.0,10.0,,0.7,7.00000000000000E-001;0E+000,all,main grid,
Uniform_Density,K_STATS_Uniform_Density,rel<=5E-15,rel,2.5,1.0,4.0,,0.3333333333333333333333333,3.33333333333333E-001;3.33066907387547E-016,all,main grid,
Uniform_Cumulative,K_STATS_Uniform_Cumulative,rel<=5E-15,rel,2.5,1.0,4.0,,0.5,5.00000000000000E-001;0E+000,all,main grid,
Uniform_Survival,K_STATS_Uniform_Survival,rel<=5E-15,rel,2.5,1.0,4.0,,0.5,5.00000000000000E-001;0E+000,all,main grid,
Uniform_InverseCumulative,K_STATS_Uniform_InverseCumulative,rel<=5E-15,rel,0.5,0.0,10.0,,5.0,5.00000000000000E+000;0E+000,all,main grid,
Uniform_InverseCumulative,K_STATS_Uniform_InverseCumulative,rel<=5E-15,rel,0.9,1.0,4.0,,3.7,3.70000000000000E+000;0E+000,all,main grid,
Beta_Density,K_STATS_Beta_Density,rel<=4E-12,rel,0.00069951034276006795,0.7,1000.0,,426.213370251375189154462472969,4.26213370251374E+002;-2.84217094304040E-013,unbalanced,beta_f_unbalanced,
Beta_Cumulative,K_STATS_Beta_Cumulative,rel<=1E-10,rel,0.00069951034276006795,0.7,1000.0,,0.656440078073043536177797111884,6.56440078073049E-001;-3.33066907387547E-016,unbalanced,beta_f_unbalanced,
Beta_Survival,K_STATS_Beta_Survival,rel<=2E-10,rel,0.00069951034276006795,0.7,1000.0,,0.343559921926956463822202888116,3.43559921926951E-001;2.77555756156289E-016,unbalanced,beta_f_unbalanced,
Beta_Density,K_STATS_Beta_Density,rel<=4E-12,rel,0.0011979634621144055,0.7,1000.0,,220.327092675385658682159231346,2.20327092675385E+002;-2.55795384873636E-013,unbalanced,beta_f_unbalanced,
Beta_Cumulative,K_STATS_Beta_Cumulative,rel<=1E-10,rel,0.0011979634621144055,0.7,1000.0,,0.810855665060985619217225519104,8.10855665060965E-001;-2.22044604925031E-016,unbalanced,beta_f_unbalanced,
Beta_Survival,K_STATS_Beta_Survival,rel<=2E-10,rel,0.0011979634621144055,0.7,1000.0,,0.189144334939014380782774480896,1.89144334939035E-001;1.94289029309402E-016,unbalanced,beta_f_unbalanced,
Beta_Density,K_STATS_Beta_Density,rel<=4E-12,rel,2.499993750015625e-6,2.5,1000000.0,,244083.958010706124320953812463,2.44083958010702E+005;4.65661287307739E-010,unbalanced,beta_f_unbalanced,
Beta_Cumulative,K_STATS_Beta_Cumulative,rel<=1E-10,rel,2.499993750015625e-6,2.5,1000000.0,,0.584119507901082797977293519401,5.84119507900937E-001;-2.22044604925031E-016,unbalanced,beta_f_unbalanced,
Beta_Survival,K_STATS_Beta_Survival,rel<=2E-10,rel,2.499993750015625e-6,2.5,1000000.0,,0.415880492098917202022706480599,4.15880492099063E-001;1.66533453693773E-016,unbalanced,beta_f_unbalanced,
Beta_Density,K_STATS_Beta_Density,rel<=4E-12,rel,2.9999895000367499e-6,2.5,1000000.0,,194609.787993148407063905733684,1.94609787993145E+005;4.07453626394272E-010,unbalanced,beta_f_unbalanced,
Beta_Cumulative,K_STATS_Beta_Cumulative,rel<=1E-10,rel,2.9999895000367499e-6,2.5,1000000.0,,0.69378035180509773726770947201,6.93780351802145E-001;4.44089209850063E-016,unbalanced,beta_f_unbalanced,
Beta_Survival,K_STATS_Beta_Survival,rel<=2E-10,rel,2.9999895000367499e-6,2.5,1000000.0,,0.30621964819490226273229052799,3.06219648197855E-001;-4.99600361081320E-016,unbalanced,beta_f_unbalanced,
Beta_Density,K_STATS_Beta_Density,rel<=4E-12,rel,0.13099041533546326,10.25,68.0,,10.3733910263093390911855027558,1.03733910263093E+001;-4.79616346638068E-014,unbalanced,beta_f_unbalanced,
Beta_Cumulative,K_STATS_Beta_Cumulative,rel<=1E-10,rel,0.13099041533546326,10.25,68.0,,0.532952906956728755063594743083,5.32952906956724E-001;-4.44089209850063E-016,unbalanced,beta_f_unbalanced,
Beta_Survival,K_STATS_Beta_Survival,rel<=2E-10,rel,0.13099041533546326,10.25,68.0,,0.467047093043271244936405256917,4.67047093043276E-001;3.88578058618805E-016,unbalanced,beta_f_unbalanced,
Beta_Density,K_STATS_Beta_Density,rel<=4E-12,rel,0.13564668769716088,10.25,68.0,,9.99796059956905185471149014679,9.99796059956896E+000;-5.32907051820075E-015,unbalanced,beta_f_unbalanced,
Beta_Cumulative,K_STATS_Beta_Cumulative,rel<=1E-10,rel,0.13564668769716088,10.25,68.0,,0.580427093426195241851580253215,5.80427093426189E-001;-3.33066907387547E-016,unbalanced,beta_f_unbalanced,
Beta_Survival,K_STATS_Beta_Survival,rel<=2E-10,rel,0.13564668769716088,10.25,68.0,,0.419572906573804758148419746785,4.19572906573811E-001;2.77555756156289E-016,unbalanced,beta_f_unbalanced,
Beta_Density,K_STATS_Beta_Density,rel<=4E-12,rel,7.9993600511959043e-5,0.8,10000.0,,4036.08078901426665470224397428,4.03608078901425E+003;4.54747350886464E-012,unbalanced,beta_f_unbalanced,
Beta_Cumulative,K_STATS_Beta_Cumulative,rel<=1E-10,rel,7.9993600511959043e-5,0.8,10000.0,,0.647016159362855475334584240866,6.47016159363116E-001;1.11022302462516E-016,unbalanced,beta_f_unbalanced,
Beta_Survival,K_STATS_Beta_Survival,rel<=2E-10,rel,7.9993600511959043e-5,0.8,10000.0,,0.352983840637144524665415759134,3.52983840636884E-001;-1.11022302462516E-016,unbalanced,beta_f_unbalanced,
Beta_Density,K_STATS_Beta_Density,rel<=4E-12,rel,0.00012997660421124198,0.8,10000.0,,2221.89408723872676127407040023,2.22189408723872E+003;-1.36424205265939E-012,unbalanced,beta_f_unbalanced,
Beta_Cumulative,K_STATS_Beta_Cumulative,rel<=1E-10,rel,0.00012997660421124198,0.8,10000.0,,0.798333584878769857072866334273,7.98333584879001E-001;1.11022302462516E-016,unbalanced,beta_f_unbalanced,
Beta_Survival,K_STATS_Beta_Survival,rel<=2E-10,rel,0.00012997660421124198,0.8,10000.0,,0.201666415121230142927133665727,2.01666415120999E-001;-1.38777878078145E-016,unbalanced,beta_f_unbalanced,
Beta_Density,K_STATS_Beta_Density,rel<=4E-12,rel,1.2999831002196971e-5,1.3,100000.0,,32854.0089224776843680212745927,3.28540089224775E+004;-3.63797880709171E-011,unbalanced,beta_f_unbalanced,
Beta_Cumulative,K_STATS_Beta_Cumulative,rel<=1E-10,rel,1.2999831002196971e-5,1.3,100000.0,,0.616271418109259436471144337076,6.16271418107527E-001;0E+000,unbalanced,beta_f_unbalanced,
Beta_Survival,K_STATS_Beta_Survival,rel<=2E-10,rel,1.2999831002196971e-5,1.3,100000.0,,0.383728581890740563528855662924,3.83728581892473E-001;1.11022302462516E-016,unbalanced,beta_f_unbalanced,
Beta_Density,K_STATS_Beta_Density,rel<=4E-12,rel,1.7999586009521781e-5,1.3,100000.0,,21970.9086538484212033694016826,2.19709086538483E+004;-1.81898940354586E-011,unbalanced,beta_f_unbalanced,
Beta_Cumulative,K_STATS_Beta_Cumulative,rel<=1E-10,rel,1.7999586009521781e-5,1.3,100000.0,,0.751866037985723419058514376454,7.51866037982472E-001;-3.33066907387547E-016,unbalanced,beta_f_unbalanced,
Beta_Survival,K_STATS_Beta_Survival,rel<=2E-10,rel,1.7999586009521781e-5,1.3,100000.0,,0.248133962014276580941485623546,2.48133962017528E-001;3.60822483003176E-016,unbalanced,beta_f_unbalanced,
Beta_Density,K_STATS_Beta_Density,rel<=4E-12,rel,5.7499669376901083e-6,5.75,1000000.0,,163980.444142157159723637013142,1.63980444142154E+005;-4.07453626394272E-010,unbalanced,beta_f_unbalanced,
Beta_Cumulative,K_STATS_Beta_Cumulative,rel<=1E-10,rel,5.7499669376901083e-6,5.75,1000000.0,,0.555488689455013649728971897179,5.55488689451775E-001;2.22044604925031E-016,unbalanced,beta_f_unbalanced,
Beta_Survival,K_STATS_Beta_Survival,rel<=2E-10,rel,5.7499669376901083e-6,5.75,1000000.0,,0.444511310544986350271028102821,4.44511310548225E-001;-2.77555756156289E-016,unbalanced,beta_f_unbalanced,
Beta_Density,K_STATS_Beta_Density,rel<=4E-12,rel,6.2499578127847637e-6,5.75,1000000.0,,147792.859453363444906633211307,1.47792859453360E+005;3.49245965480804E-010,unbalanced,beta_f_unbalanced,
Beta_Cumulative,K_STATS_Beta_Cumulative,rel<=1E-10,rel,6.2499578127847637e-6,5.75,1000000.0,,0.633575158777761202070190212626,6.33575158811341E-001;4.44089209850063E-016,unbalanced,beta_f_unbalanced,
Beta_Survival,K_STATS_Beta_Survival,rel<=2E-10,rel,6.2499578127847637e-6,5.75,1000000.0,,0.366424841222238797929809787374,3.66424841188659E-001;-3.88578058618805E-016,unbalanced,beta_f_unbalanced,
Beta_Density,K_STATS_Beta_Density,rel<=4E-12,rel,0.99920063948840927,1000.0,0.8,,404.043992551747896864803671035,4.04043992551768E+002;-2.84217094304040E-013,unbalanced,beta_f_unbalanced,
Beta_Cumulative,K_STATS_Beta_Cumulative,rel<=1E-10,rel,0.99920063948840927,1000.0,0.8,,0.353129074183679324899000911524,3.53129074183699E-001;5.55111512312578E-017,unbalanced,beta_f_unbalanced,
Beta_Survival,K_STATS_Beta_Survival,rel<=2E-10,rel,0.99920063948840927,1000.0,0.8,,0.646870925816320675100999088476,6.46870925816301E-001;0E+000,unbalanced,beta_f_unbalanced,
Beta_Density,K_STATS_Beta_Density,rel<=4E-12,rel,0.99870233579556798,1000.0,0.8,,222.804351593295006610575602141,2.22804351593299E+002;2.55795384873636E-013,unbalanced,beta_f_unbalanced,
Beta_Cumulative,K_STATS_Beta_Cumulative,rel<=1E-10,rel,0.99870233579556798,1000.0,0.8,,0.201991143652320933615761912008,2.01991143652329E-001;-4.16333634234434E-016,unbalanced,beta_f_unbalanced,
Beta_Survival,K_STATS_Beta_Survival,rel<=2E-10,rel,0.99870233579556798,1000.0,0.8,,0.798008856347679066384238087992,7.98008856347671E-001;3.33066907387547E-016,unbalanced,beta_f_unbalanced,
Beta_Density,K_STATS_Beta_Density,rel<=4E-12,rel,0.99997500062498438,100000.0,2.5,,24409.2195864997587094515158176,2.44092195864696E+004;2.54658516496420E-011,unbalanced,beta_f_unbalanced,
Beta_Cumulative,K_STATS_Beta_Cumulative,rel<=1E-10,rel,0.99997500062498438,100000.0,2.5,,0.415883237994133096991879578105,4.15883237993392E-001;4.44089209850063E-016,unbalanced,beta_f_unbalanced,
Beta_Survival,K_STATS_Beta_Survival,rel<=2E-10,rel,0.99997500062498438,100000.0,2.5,,0.584116762005866903008120421895,5.84116762006608E-001;-4.44089209850063E-016,unbalanced,beta_f_unbalanced,
Beta_Density,K_STATS_Beta_Density,rel<=4E-12,rel,0.99997000104996325,100000.0,2.5,,19461.9640125828512613041766942,1.94619640125843E+004;-3.63797880709171E-012,unbalanced,beta_f_unbalanced,
Beta_Cumulative,K_STATS_Beta_Cumulative,rel<=1E-10,rel,0.99997000104996325,100000.0,2.5,,0.306226216141670882759448309913,3.06226216141711E-001;2.77555756156289E-016,unbalanced,beta_f_unbalanced,
Beta_Survival,K_STATS_Beta_Survival,rel<=2E-10,rel,0.99997000104996325,100000.0,2.5,,0.693773783858329117240551690087,6.93773783858289E-001;-3.33066907387547E-016,unbalanced,beta_f_unbalanced,
Beta_InverseCumulative,K_STATS_Beta_InverseCumulative,rel<=1E-9,rel,0.5,0.7,1000.0,,0.000407401849789437242792215160442,4.07401849789462E-004;-3.79470760369927E-019,unbalanced,beta_f_inverse,
Beta_InverseCumulative,K_STATS_Beta_InverseCumulative,rel<=1E-9,rel,0.9,0.7,1000.0,,0.00175584873435689078123250900956,1.75584873435675E-003;-3.68628738645072E-018,unbalanced,beta_f_inverse,
Beta_InverseCumulative,K_STATS_Beta_InverseCumulative,rel<=1E-9,rel,0.99,0.7,1000.0,,0.00386881662530565061165774192489,3.86881662530569E-003;3.46944695195361E-018,unbalanced,beta_f_inverse,
Beta_InverseCumulative,K_STATS_Beta_InverseCumulative,rel<=1E-9,rel,0.01,0.7,1000.0,,0.00000121280418359725746146304614071,1.21280418359733E-006;1.27054942088145E-021,unbalanced,beta_f_inverse,
Beta_InverseCumulative,K_STATS_Beta_InverseCumulative,rel<=1E-9,rel,0.001,0.7,1000.0,,0.0000000451774075958028498181066939052,4.51774075958028E-008;3.30872245021211E-023,unbalanced,beta_f_inverse,
Beta_InverseCumulative,K_STATS_Beta_InverseCumulative,rel<=1E-9,rel,0.999,0.7,1000.0,,0.00604629581074763310356405135083,6.04629581074767E-003;8.67361737988404E-019,unbalanced,beta_f_inverse,
Beta_InverseCumulative,K_STATS_Beta_InverseCumulative,rel<=1E-9,rel,0.5,2.5,1000000.0,,0.00000217572609685673023035267619157,2.17572609691924E-006;1.27054942088145E-021,unbalanced,beta_f_inverse,
Beta_InverseCumulative,K_STATS_Beta_InverseCumulative,rel<=1E-9,rel,0.9,2.5,1000000.0,,0.00000461816432250797655912845741599,4.61816432228979E-006;-4.23516473627150E-021,unbalanced,beta_f_inverse,
Beta_InverseCumulative,K_STATS_Beta_InverseCumulative,rel<=1E-9,rel,0.99,2.5,1000000.0,,0.00000754310212801384718953458170421,7.54310212802700E-006;1.69406589450860E-021,unbalanced,beta_f_inverse,
Beta_InverseCumulative,K_STATS_Beta_InverseCumulative,rel<=1E-9,rel,0.01,2.5,1000000.0,,0.000000277148792096847543865657334522,2.77148792101292E-007;-2.11758236813575E-022,unbalanced,beta_f_inverse,
Beta_InverseCumulative,K_STATS_Beta_InverseCumulative,rel<=1E-9,rel,0.001,2.5,1000000.0,,0.00000010510621696130759162780829469,1.05106216960928E-007;-3.44107134822060E-022,unbalanced,beta_f_inverse,
Beta_InverseCumulative,K_STATS_Beta_InverseCumulative,rel<=1E-9,rel,0.999,2.5,1000000.0,,0.0000102574425251805817276757301639,1.02574425251412E-005;-4.23516473627150E-020,unbalanced,beta_f_inverse,
Beta_InverseCumulative,K_STATS_Beta_InverseCumulative,rel<=1E-9,rel,0.5,100000.0,2.5,,0.999978243098907089512485915781,9.99978243098907E-001;1.11022302462516E-016,unbalanced,beta_f_inverse,
Beta_InverseCumulative,K_STATS_Beta_InverseCumulative,rel<=1E-9,rel,0.9,100000.0,2.5,,0.999991948552864142833062690458,9.99991948552864E-001;1.11022302462516E-016,unbalanced,beta_f_inverse,
Beta_InverseCumulative,K_STATS_Beta_InverseCumulative,rel<=1E-9,rel,0.99,100000.0,2.5,,0.999997228534242833488323417736,9.99997228534243E-001;-1.11022302462516E-016,unbalanced,beta_f_inverse,
Beta_InverseCumulative,K_STATS_Beta_InverseCumulative,rel<=1E-9,rel,0.01,100000.0,2.5,,0.999924572048209833257032632389,9.99924572048210E-001;-2.22044604925031E-016,unbalanced,beta_f_inverse,
Beta_InverseCumulative,K_STATS_Beta_InverseCumulative,rel<=1E-9,rel,0.001,100000.0,2.5,,0.999897431001595391597436379161,9.99897431001595E-001;3.33066907387547E-016,unbalanced,beta_f_inverse,
Beta_InverseCumulative,K_STATS_Beta_InverseCumulative,rel<=1E-9,rel,0.999,100000.0,2.5,,0.999998948945422101948895713486,9.99998948945422E-001;1.11022302462516E-016,unbalanced,beta_f_inverse,
Beta_InverseCumulative,K_STATS_Beta_InverseCumulative,rel<=1E-9,rel,0.5,10.25,68.0,,0.127842732682454222025865385865,1.27842732682454E-001;4.99600361081320E-016,unbalanced,beta_f_inverse,
Beta_InverseCumulative,K_STATS_Beta_InverseCumulative,rel<=1E-9,rel,0.9,10.25,68.0,,0.181376085350711205707168745718,1.81376085350711E-001;2.77555756156289E-017,unbalanced,beta_f_inverse,
Beta_InverseCumulative,K_STATS_Beta_InverseCumulative,rel<=1E-9,rel,0.99,10.25,68.0,,0.231971153265532274872820951158,2.31971153265532E-001;1.94289029309402E-016,unbalanced,beta_f_inverse,
Beta_InverseCumulative,K_STATS_Beta_InverseCumulative,rel<=1E-9,rel,0.01,10.25,68.0,,0.0574081654484568670223640655724,5.74081654484569E-002;4.16333634234434E-017,unbalanced,beta_f_inverse,
Beta_InverseCumulative,K_STATS_Beta_InverseCumulative,rel<=1E-9,rel,0.001,10.25,68.0,,0.0417141055968973518104085578166,4.17141055968974E-002;-1.38777878078145E-017,unbalanced,beta_f_inverse,
Beta_InverseCumulative,K_STATS_Beta_InverseCumulative,rel<=1E-9,rel,0.999,10.25,68.0,,0.272315428332658500764883769617,2.72315428332658E-001;3.33066907387547E-016,unbalanced,beta_f_inverse,
Beta_InverseCumulative,K_STATS_Beta_InverseCumulative,rel<=1E-9,rel,0.5,0.8,10000.0,,0.0000501343672135389962256350777655,5.01343672135038E-005;-2.71050543121376E-020,unbalanced,beta_f_inverse,
Beta_InverseCumulative,K_STATS_Beta_InverseCumulative,rel<=1E-9,rel,0.9,0.8,10000.0,,0.000194508867491843067797972665843,1.94508867491727E-004;2.43945488809238E-019,unbalanced,beta_f_inverse,
Beta_InverseCumulative,K_STATS_Beta_InverseCumulative,rel<=1E-9,rel,0.99,0.8,10000.0,,0.000412906771934972768486029052258,4.12906771935062E-004;1.08420217248550E-019,unbalanced,beta_f_inverse,
Beta_InverseCumulative,K_STATS_Beta_InverseCumulative,rel<=1E-9,rel,0.01,0.8,10000.0,,0.000000289810518814461286818120766154,2.89810518814430E-007;-1.58818677610181E-022,unbalanced,beta_f_inverse,
Beta_InverseCumulative,K_STATS_Beta_InverseCumulative,rel<=1E-9,rel,0.001,0.8,10000.0,,0.0000000162725057091386708980527247654,1.62725057091321E-008;-3.30872245021211E-023,unbalanced,beta_f_inverse,
Beta_InverseCumulative,K_STATS_Beta_InverseCumulative,rel<=1E-9,rel,0.999,0.8,10000.0,,0.000635648452060212610592659928874,6.35648452060100E-004;2.16840434497101E-019,unbalanced,beta_f_inverse,
Beta_InverseCumulative,K_STATS_Beta_InverseCumulative,rel<=1E-9,rel,0.5,1000.0,0.8,,0.999498724323772018705090935972,9.99498724323772E-001;0E+000,unbalanced,beta_f_inverse,
Beta_InverseCumulative,K_STATS_Beta_InverseCumulative,rel<=1E-9,rel,0.9,1000.0,0.8,,0.999947014284098769232876179132,9.99947014284099E-001;-2.22044604925031E-016,unbalanced,beta_f_inverse,
Beta_InverseCumulative,K_STATS_Beta_InverseCumulative,rel<=1E-9,rel,0.99,1000.0,0.8,,0.999997101637779692965529563388,9.99997101637780E-001;-3.33066907387547E-016,unbalanced,beta_f_inverse,
Beta_InverseCumulative,K_STATS_Beta_InverseCumulative,rel<=1E-9,rel,0.01,1000.0,0.8,,0.995878225982554978509659011792,9.95878225982555E-001;-1.11022302462516E-016,unbalanced,beta_f_inverse,
Beta_InverseCumulative,K_STATS_Beta_InverseCumulative,rel<=1E-9,rel,0.001,1000.0,0.8,,0.993661098627022082573862264756,9.93661098627022E-001;0E+000,unbalanced,beta_f_inverse,
Beta_InverseCumulative,K_STATS_Beta_InverseCumulative,rel<=1E-9,rel,0.999,1000.0,0.8,,0.999999837260310524207007450851,9.99999837260310E-001;4.44089209850063E-016,unbalanced,beta_f_inverse,
F_InverseCumulative,K_STATS_F_InverseCumulative,rel<=2E-10,rel,0.5,1.0,10000.0,,0.454969519972412664417614322301,4.54969519972511E-001;-2.77555756156289E-016,validated,beta_f_inverse,
F_InverseCumulative,K_STATS_F_InverseCumulative,rel<=2E-10,rel,0.9,1.0,10000.0,,2.7060447994840265102633667961,2.70604479948484E+000;-2.66453525910038E-015,validated,beta_f_inverse,
F_InverseCumulative,K_STATS_F_InverseCumulative,rel<=2E-10,rel,0.95,1.0,10000.0,,3.84238890086874850999505779573,3.84238890086838E+000;3.10862446895044E-015,validated,beta_f_inverse,
F_InverseCumulative,K_STATS_F_InverseCumulative,rel<=2E-10,rel,0.99,1.0,10000.0,,6.63743013550722422821635888159,6.63743013550754E+000;-3.55271367880050E-015,validated,beta_f_inverse,
F_InverseCumulative,K_STATS_F_InverseCumulative,rel<=2E-10,rel,0.5,1000000.0,3.0,,1.26797593618904555022878158731,1.26797593609052E+000;-2.66453525910038E-015,validated,main grid,
F_InverseCumulative,K_STATS_F_InverseCumulative,rel<=2E-10,rel,0.9,1000000.0,3.0,,5.13369640442372028092510843183,5.13369640442372E+000;2.66453525910038E-015,validated,main grid,
F_InverseCumulative,K_STATS_F_InverseCumulative,rel<=2E-10,rel,0.95,1000000.0,3.0,,8.52645266098169291381270260471,8.52645266098169E+000;3.55271367880050E-015,validated,main grid,
F_InverseCumulative,K_STATS_F_InverseCumulative,rel<=2E-10,rel,0.99,1000000.0,3.0,,26.1251785492946152810016819251,2.61251785492946E+001;1.06581410364015E-014,validated,main grid,
F_InverseCumulative,K_STATS_F_InverseCumulative,rel<=2E-10,rel,0.5,2.5,1000000.0,,0.749539621988900146148604042234,7.49539621988912E-001;-4.44089209850063E-016,validated,main grid,
F_InverseCumulative,K_STATS_F_InverseCumulative,rel<=2E-10,rel,0.9,2.5,1000000.0,,2.17915745045348356690597425152,2.17915745049341E+000;1.77635683940025E-015,validated,main grid,
F_InverseCumulative,K_STATS_F_InverseCumulative,rel<=2E-10,rel,0.95,2.5,1000000.0,,2.77123935223928769269523493527,2.77123935228310E+000;-2.22044604925031E-015,validated,main grid,
F_InverseCumulative,K_STATS_F_InverseCumulative,rel<=2E-10,rel,0.99,2.5,1000000.0,,4.12451798998832624423168108238,4.12451799002541E+000;3.55271367880050E-015,validated,main grid,
F_InverseCumulative,K_STATS_F_InverseCumulative,rel<=2E-10,rel,0.5,5.0,100000.0,,0.870297919070227905054955690184,8.70297919070106E-001;-3.33066907387547E-016,validated,beta_f_inverse,
F_InverseCumulative,K_STATS_F_InverseCumulative,rel<=2E-10,rel,0.9,5.0,100000.0,,1.8473289820320763230789394968,1.84732898202948E+000;3.33066907387547E-015,validated,beta_f_inverse,
F_InverseCumulative,K_STATS_F_InverseCumulative,rel<=2E-10,rel,0.95,5.0,100000.0,,2.21418888497353726792515776537,2.21418888497687E+000;1.33226762955019E-015,validated,beta_f_inverse,
F_InverseCumulative,K_STATS_F_InverseCumulative,rel<=2E-10,rel,0.99,5.0,100000.0,,3.01743683680680295792601866102,3.01743683680488E+000;-3.10862446895044E-015,validated,beta_f_inverse,
PROB_LogBeta,PROB_LogBeta,abs<=2E-13,abs,0.5,0.25,,,1.65710651619148217296089114403,1.65710651619148E+000;-3.10862446895044E-015,all,delta_seam_study,
PROB_LogBeta,PROB_LogBeta,abs<=2E-13,abs,1.25,0.25,,,1.3105329259115095182522750833,1.31053292591150E+000;4.44089209850063E-015,all,delta_seam_study,
PROB_LogBeta,PROB_LogBeta,abs<=2E-13,abs,1.6666666666666667,0.25,,,1.21866036503820232327859274973,1.21866036503820E+000;-2.22044604925031E-015,all,delta_seam_study,
PROB_LogBeta,PROB_LogBeta,abs<=2E-13,abs,2.5,0.25,,,1.09749072825605948669000264351,1.09749072825605E+000;4.88498130835069E-015,all,delta_seam_study,
PROB_LogBeta,PROB_LogBeta,abs<=2E-13,abs,3.125,0.25,,,1.0338582807407411078596207122,1.03385828074074E+000;-3.33066907387547E-015,all,delta_seam_study,
PROB_LogBeta,PROB_LogBeta,abs<=2E-13,abs,5.0,0.25,,,0.904700444659326140124990949369,9.04700444659322E-001;-1.11022302462516E-016,all,delta_seam_study,
PROB_LogBeta,PROB_LogBeta,abs<=2E-13,abs,8.3333333333333333,0.25,,,0.769313846685850536355940872065,7.69313846685847E-001;-2.22044604925031E-016,all,delta_seam_study,
PROB_LogBeta,PROB_LogBeta,abs<=2E-13,abs,12.5,0.25,,,0.664138816410165018599008474822,6.64138816410162E-001;-4.44089209850063E-016,all,delta_seam_study,
PROB_LogBeta,PROB_LogBeta,abs<=2E-13,abs,25.0,0.25,,,0.487065877940966939475283901647,4.87065877940964E-001;-1.11022302462516E-016,all,delta_seam_study,
PROB_LogBeta,PROB_LogBeta,abs<=2E-13,abs,50.0,0.25,,,0.311894874710845499936474942253,3.11894874710842E-001;4.44089209850063E-016,all,delta_seam_study,
PROB_LogBeta,PROB_LogBeta,abs<=2E-13,abs,250.0,0.25,,,-0.0919675799552958234024336610893,-9.19675799552990E-002;-2.77555756156289E-017,all,delta_seam_study,
PROB_LogBeta,PROB_LogBeta,abs<=2E-13,abs,2500.0,0.25,,,-0.667951476766183103180512413048,-6.67951476766186E-001;-4.44089209850063E-016,all,delta_seam_study,
PROB_LogBeta,PROB_LogBeta,abs<=2E-13,abs,250000.0,0.25,,,-1.81928114951289341413526099358,-1.81928114951290E+000;3.10862446895044E-015,all,delta_seam_study,
PROB_LogBeta,PROB_LogBeta,abs<=2E-13,abs,25000000.0,0.25,,,-2.97057406726004124345675659592,-2.97057406726004E+000;-4.88498130835069E-015,all,delta_seam_study,
PROB_LogBeta,PROB_LogBeta,abs<=2E-13,abs,2500000000.0,0.25,,,-4.12186661746956409796450213576,-4.12186661746957E+000;2.66453525910038E-015,all,delta_seam_study,
PROB_LogBeta,PROB_LogBeta,abs<=2E-13,abs,250000000000.0,0.25,,,-5.2731591640037119399747477381,-5.27315916400372E+000;4.44089209850063E-015,all,delta_seam_study,
PROB_LogBeta,PROB_LogBeta,abs<=2E-13,abs,250000000000000.0,0.25,,,-7.00009798374962082798824145412,-7.00009798374962E+000;-3.55271367880050E-015,all,delta_seam_study,
PROB_LogBeta,PROB_LogBeta,abs<=2E-13,abs,2.5e+17,0.25,,,-8.72703680349515546562673504513,-8.72703680349516E+000;0E+000,all,delta_seam_study,
PROB_LogBeta,PROB_LogBeta,abs<=2E-13,abs,1.4,0.7,,,0.0958165938148100798512788526755,9.58165938148097E-002;0E+000,all,delta_seam_study,
PROB_LogBeta,PROB_LogBeta,abs<=2E-13,abs,3.5,0.7,,,-0.586714788081849069819614284733,-5.86714788081848E-001;-1.11022302462516E-016,all,delta_seam_study,
PROB_LogBeta,PROB_LogBeta,abs<=2E-13,abs,4.6666666666666667,0.7,,,-0.795299063584119288859783433549,-7.95299063584118E-001;3.33066907387547E-016,all,delta_seam_study,
PROB_LogBeta,PROB_LogBeta,abs<=2E-13,abs,7.0,0.7,,,-1.08642289772723691861789560237,-1.08642289772723E+000;-4.44089209850063E-015,all,delta_seam_study,
PROB_LogBeta,PROB_LogBeta,abs<=2E-13,abs,8.75,0.7,,,-1.24556704450070740761206288719,-1.24556704450071E+000;4.88498130835069E-015,all,delta_seam_study,
PROB_LogBeta,PROB_LogBeta,abs<=2E-13,abs,14.0,0.7,,,-1.57900990621362411035482676439,-1.57900990621362E+000;-6.66133814775094E-016,all,delta_seam_study,
PROB_LogBeta,PROB_LogBeta,abs<=2E-13,abs,23.333333333333333,0.7,,,-1.93956396326744692742444233745,-1.93956396326744E+000;-2.88657986402541E-015,all,delta_seam_study,
PROB_LogBeta,PROB_LogBeta,abs<=2E-13,abs,35.0,0.7,,,-2.22488219573103288017287517318,-2.22488219573103E+000;1.77635683940025E-015,all,delta_seam_study,
PROB_LogBeta,PROB_LogBeta,abs<=2E-13,abs,70.0,0.7,,,-2.71158086214046129329834023042,-2.71158086214046E+000;3.55271367880050E-015,all,delta_seam_study,
PROB_LogBeta,PROB_LogBeta,abs<=2E-13,abs,140.0,0.7,,,-3.19753280777399990789383450394,-3.19753280777400E+000;3.99680288865056E-015,all,delta_seam_study,
PROB_LogBeta,PROB_LogBeta,abs<=2E-13,abs,700.0,0.7,,,-4.32473900229514056985027507488,-4.32473900229514E+000;3.55271367880050E-015,all,delta_seam_study,
PROB_LogBeta,PROB_LogBeta,abs<=2E-13,abs,7000.0,0.7,,,-5.93668355323741659229337294806,-5.93668355323741E+000;-3.55271367880050E-015,all,delta_seam_study,
PROB_LogBeta,PROB_LogBeta,abs<=2E-13,abs,700000.0,0.7,,,-9.16031753328622697897598459004,-9.16031753328623E+000;5.32907051820075E-015,all,delta_seam_study,
PROB_LogBeta,PROB_LogBeta,abs<=2E-13,abs,70000000.0,0.7,,,-12.3839368119778766523047440706,-1.23839368119779E+001;2.66453525910038E-014,all,delta_seam_study,
PROB_LogBeta,PROB_LogBeta,abs<=2E-13,abs,7000000000.0,0.7,,,-15.607555943654540608501503525,-1.56075559436545E+001;-3.73034936274053E-014,all,delta_seam_study,
PROB_LogBeta,PROB_LogBeta,abs<=2E-13,abs,700000000000.0,0.7,,,-18.8311750738610545661265487187,-1.88311750738611E+001;4.97379915032070E-014,all,delta_seam_study,
PROB_LogBeta,PROB_LogBeta,abs<=2E-13,abs,700000000000000.0,0.7,,,-23.6666037691487003525643307593,-2.36666037691487E+001;7.10542735760100E-015,all,delta_seam_study,
PROB_LogBeta,PROB_LogBeta,abs<=2E-13,abs,7.0e+17,0.7,,,-28.5020324644361964388521128141,-2.85020324644362E+001;1.06581410364015E-014,all,delta_seam_study,
PROB_LogBeta,PROB_LogBeta,abs<=2E-13,abs,2.6,1.3,,,-1.41834329320062049000083323406,-1.41834329320062E+000;-2.22044604925031E-016,all,delta_seam_study,
PROB_LogBeta,PROB_LogBeta,abs<=2E-13,abs,6.5,1.3,,,-2.57033247320024402164999041931,-2.57033247320024E+000;8.88178419700125E-016,all,delta_seam_study,
PROB_LogBeta,PROB_LogBeta,abs<=2E-13,abs,8.6666666666666667,1.3,,,-2.93733132759474975498556248874,-2.93733132759475E+000;2.22044604925031E-015,all,delta_seam_study,
PROB_LogBeta,PROB_LogBeta,abs<=2E-13,abs,13.0,1.3,,,-3.45730701854429615569844589613,-3.45730701854429E+000;-4.88498130835069E-015,all,delta_seam_study,
PROB_LogBeta,PROB_LogBeta,abs<=2E-13,abs,16.25,1.3,,,-3.7445016084800417140107158548,-3.74450160848004E+000;4.88498130835069E-015,all,delta_seam_study,
PROB_LogBeta,PROB_LogBeta,abs<=2E-13,abs,26.0,1.3,,,-4.35112410502912400172501437,-4.35112410502912E+000;3.55271367880050E-015,all,delta_seam_study,
PROB_LogBeta,PROB_LogBeta,abs<=2E-13,abs,43.333333333333333,1.3,,,-5.0122460830386537997424281794,-5.01224608303865E+000;3.55271367880050E-015,all,delta_seam_study,
PROB_LogBeta,PROB_LogBeta,abs<=2E-13,abs,65.0,1.3,,,-5.53786599878371521281427547584,-5.53786599878371E+000;2.66453525910038E-015,all,delta_seam_study,
PROB_LogBeta,PROB_LogBeta,abs<=2E-13,abs,130.0,1.3,,,-6.43746652394316116741409815153,-6.43746652394315E+000;-4.44089209850063E-015,all,delta_seam_study,
PROB_LogBeta,PROB_LogBeta,abs<=2E-13,abs,260.0,1.3,,,-7.33781016131823721738301812691,-7.33781016131823E+000;-8.88178419700125E-016,all,delta_seam_study,
PROB_LogBeta,PROB_LogBeta,abs<=2E-13,abs,1300.0,1.3,,,-9.42948018522891515813702726572,-9.42948018522891E+000;0E+000,all,delta_seam_study,
PROB_LogBeta,PROB_LogBeta,abs<=2E-13,abs,13000.0,1.3,,,-12.4227058365769498569927871617,-1.24227058365769E+001;-4.26325641456060E-014,all,delta_seam_study,
PROB_LogBeta,PROB_LogBeta,abs<=2E-13,abs,1300000.0,1.3,,,-18.4094122286691244047070562046,-1.84094122286691E+001;-1.77635683940025E-014,all,delta_seam_study,
PROB_LogBeta,PROB_LogBeta,abs<=2E-13,abs,130000000.0,1.3,,,-24.3961333219536739493019109159,-2.43961333219537E+001;3.55271367880050E-014,all,delta_seam_study,
PROB_LogBeta,PROB_LogBeta,abs<=2E-13,abs,13000000000.0,1.3,,,-30.3828545622531927308253040769,-3.03828545622532E+001;1.06581410364015E-014,all,delta_seam_study,
PROB_LogBeta,PROB_LogBeta,abs<=2E-13,abs,1300000000000.0,1.3,,,-36.3695758040228615092723895206,-3.63695758040229E+001;4.97379915032070E-014,all,delta_seam_study,
PROB_LogBeta,PROB_LogBeta,abs<=2E-13,abs,1300000000000000.0,1.3,,,-45.3496576666994898269425562247,-4.53496576666995E+001;1.42108547152020E-014,all,delta_seam_study,
PROB_LogBeta,PROB_LogBeta,abs<=2E-13,abs,1.3e+18,1.3,,,-54.329739529376267844762722898,-5.43297395293763E+001;3.55271367880050E-014,all,delta_seam_study,
PROB_LogBeta,PROB_LogBeta,abs<=2E-13,abs,5.0,2.5,,,-4.07162753593786817587893136146,-4.07162753593786E+000;-2.66453525910038E-015,all,delta_seam_study,
PROB_LogBeta,PROB_LogBeta,abs<=2E-13,abs,12.5,2.5,,,-6.17219080032931663882681556661,-6.17219080032931E+000;3.55271367880050E-015,all,delta_seam_study,
PROB_LogBeta,PROB_LogBeta,abs<=2E-13,abs,16.666666666666667,2.5,,,-6.85708154369807123527515703406,-6.85708154369805E+000;-3.55271367880050E-015,all,delta_seam_study,
PROB_LogBeta,PROB_LogBeta,abs<=2E-13,abs,25.0,2.5,,,-7.83557856029126538168138470121,-7.83557856029126E+000;-2.66453525910038E-015,all,delta_seam_study,
PROB_LogBeta,PROB_LogBeta,abs<=2E-13,abs,31.25,2.5,,,-8.37912267565252622467600670982,-8.37912267565251E+000;0E+000,all,delta_seam_study,
PROB_LogBeta,PROB_LogBeta,abs<=2E-13,abs,50.0,2.5,,,-9.53238381785382665615869965503,-9.53238381785381E+000;-1.77635683940025E-015,all,delta_seam_study,
PROB_LogBeta,PROB_LogBeta,abs<=2E-13,abs,83.333333333333333,2.5,,,-10.7947607013179124013899185731,-1.07947607013179E+001;1.77635683940025E-015,all,delta_seam_study,
PROB_LogBeta,PROB_LogBeta,abs<=2E-13,abs,125.0,2.5,,,-11.8010220675842603736747598434,-1.18010220675842E+001;-4.61852778244065E-014,all,delta_seam_study,
PROB_LogBeta,PROB_LogBeta,abs<=2E-13,abs,250.0,2.5,,,-13.5264494988562491765693147412,-1.35264494988562E+001;-3.37507799486048E-014,all,delta_seam_study,
PROB_LogBeta,PROB_LogBeta,abs<=2E-13,abs,500.0,2.5,,,-15.2555823849371088256045994148,-1.52555823849371E+001;3.55271367880050E-015,all,delta_seam_study,
PROB_LogBeta,PROB_LogBeta,abs<=2E-13,abs,2500.0,2.5,,,-19.276181956742778349053476604,-1.92761819567428E+001;3.55271367880050E-014,all,delta_seam_study,
PROB_LogBeta,PROB_LogBeta,abs<=2E-13,abs,25000.0,2.5,,,-25.0319698871530003402263938988,-2.50319698871530E+001;1.06581410364015E-014,all,delta_seam_study,
PROB_LogBeta,PROB_LogBeta,abs<=2E-13,abs,2500000.0,2.5,,,-36.5448211041229537636711951472,-3.65448211041229E+001;-3.55271367880050E-014,all,delta_seam_study,
PROB_LogBeta,PROB_LogBeta,abs<=2E-13,abs,250000000.0,2.5,,,-48.0577458265933821636861525284,-4.80577458265934E+001;2.84217094304040E-014,all,delta_seam_study,
PROB_LogBeta,PROB_LogBeta,abs<=2E-13,abs,25000000000.0,2.5,,,-59.5706712841386106037741097268,-5.95706712841386E+001;7.10542735760100E-015,all,delta_seam_study,
PROB_LogBeta,PROB_LogBeta,abs<=2E-13,abs,2500000000000.0,2.5,,,-71.0835967490345890238660668003,-7.10835967490346E+001;2.84217094304040E-014,all,delta_seam_study,
PROB_LogBeta,PROB_LogBeta,abs<=2E-13,abs,2500000000000000.0,2.5,,,-88.3529849464891824040010029104,-8.83529849464892E+001;4.26325641456060E-014,all,delta_seam_study,
PROB_LogBeta,PROB_LogBeta,abs<=2E-13,abs,2.5e+18,2.5,,,-105.622373143944524284885938821,-1.05622373143945E+002;4.83169060316868E-013,all,delta_seam_study,
PROB_LogBeta,PROB_LogBeta,abs<=2E-13,abs,11.5,5.75,,,-10.7159058004881588158914706308,-1.07159058004881E+001;-3.73034936274053E-014,all,delta_seam_study,
PROB_LogBeta,PROB_LogBeta,abs<=2E-13,abs,28.75,5.75,,,-15.393901013455978841110186931,-1.53939010134560E+001;4.79616346638068E-014,all,delta_seam_study,
PROB_LogBeta,PROB_LogBeta,abs<=2E-13,abs,38.333333333333333,5.75,,,-16.9406308264845305871574923934,-1.69406308264845E+001;0E+000,all,delta_seam_study,
PROB_LogBeta,PROB_LogBeta,abs<=2E-13,abs,57.5,5.75,,,-19.1616294472956138909941401632,-1.91616294472956E+001;2.48689957516035E-014,all,delta_seam_study,
PROB_LogBeta,PROB_LogBeta,abs<=2E-13,abs,71.875,5.75,,,-20.3996572494851094940287788945,-2.03996572494851E+001;2.48689957516035E-014,all,delta_seam_study,
PROB_LogBeta,PROB_LogBeta,abs<=2E-13,abs,115.0,5.75,,,-23.0336264365330373097694683556,-2.30336264365330E+001;0E+000,all,delta_seam_study,
PROB_LogBeta,PROB_LogBeta,abs<=2E-13,abs,191.66666666666667,5.75,,,-25.9244991826473165612312539513,-2.59244991826473E+001;1.06581410364015E-014,all,delta_seam_study,
PROB_LogBeta,PROB_LogBeta,abs<=2E-13,abs,287.5,5.75,,,-28.2325288672733527447571307489,-2.82325288672733E+001;-2.48689957516035E-014,all,delta_seam_study,
PROB_LogBeta,PROB_LogBeta,abs<=2E-13,abs,575.0,5.75,,,-32.1945897405875871736773913017,-3.21945897405876E+001;4.26325641456060E-014,all,delta_seam_study,
PROB_LogBeta,PROB_LogBeta,abs<=2E-13,abs,1150.0,5.75,,,-36.1683649562938218472082615325,-3.61683649562938E+001;7.10542735760100E-015,all,delta_seam_study,
PROB_LogBeta,PROB_LogBeta,abs<=2E-13,abs,5750.0,5.75,,,-45.4131502601789703234604464982,-4.54131502601789E+001;-4.26325641456060E-014,all,delta_seam_study,
PROB_LogBeta,PROB_LogBeta,abs<=2E-13,abs,57500.0,5.75,,,-58.6508777601660701578723520522,-5.86508777601660E+001;-4.26325641456060E-014,all,delta_seam_study,
PROB_LogBeta,PROB_LogBeta,abs<=2E-13,abs,5750000.0,5.75,,,-85.13037121182480659282471531,-8.51303712118248E+001;1.42108547152020E-014,all,delta_seam_study,
PROB_LogBeta,PROB_LogBeta,abs<=2E-13,abs,575000000.0,5.75,,,-111.610097430007054712508972615,-1.11610097430007E+002;-4.26325641456060E-014,all,delta_seam_study,
PROB_LogBeta,PROB_LogBeta,abs<=2E-13,abs,57500000000.0,5.75,,,-138.089825975926080150991254452,-1.38089825975926E+002;-5.68434188608080E-014,all,delta_seam_study,
PROB_LogBeta,PROB_LogBeta,abs<=2E-13,abs,5750000000000.0,5.75,,,-164.569554545122480517205383719,-1.64569554545122E+002;-4.54747350886464E-013,all,delta_seam_study,
PROB_LogBeta,PROB_LogBeta,abs<=2E-13,abs,5750000000000000.0,5.75,,,-204.289147399267395941515737035,-2.04289147399267E+002;-3.97903932025656E-013,all,delta_seam_study,
PROB_LogBeta,PROB_LogBeta,abs<=2E-13,abs,5.75e+18,5.75,,,-244.008740253414681618201089628,-2.44008740253415E+002;3.12638803734444E-013,all,delta_seam_study,
PROB_LogBeta,PROB_LogBeta,abs<=2E-13,abs,20.5,10.25,,,-19.6052961449309628160407739383,-1.96052961449309E+001;-3.55271367880050E-015,all,delta_seam_study,
PROB_LogBeta,PROB_LogBeta,abs<=2E-13,abs,51.25,10.25,,,-27.8546553836272992527990132827,-2.78546553836272E+001;-4.61852778244065E-014,all,delta_seam_study,
PROB_LogBeta,PROB_LogBeta,abs<=2E-13,abs,68.333333333333333,10.25,,,-30.5949719258113609989613615575,-3.05949719258113E+001;-2.13162820728030E-014,all,delta_seam_study,
PROB_LogBeta,PROB_LogBeta,abs<=2E-13,abs,102.5,10.25,,,-34.5365637878000989207258514189,-3.45365637878001E+001;7.10542735760100E-015,all,delta_seam_study,
PROB_LogBeta,PROB_LogBeta,abs<=2E-13,abs,128.125,10.25,,,-36.7362467835802537480360410456,-3.67362467835802E+001;-1.42108547152020E-014,all,delta_seam_study,
PROB_LogBeta,PROB_LogBeta,abs<=2E-13,abs,205.0,10.25,,,-41.4204970127856321013677715964,-4.14204970127856E+001;0E+000,all,delta_seam_study,
PROB_LogBeta,PROB_LogBeta,abs<=2E-13,abs,341.66666666666667,10.25,,,-46.5662399087281461379937865928,-4.65662399087281E+001;-1.42108547152020E-014,all,delta_seam_study,
PROB_LogBeta,PROB_LogBeta,abs<=2E-13,abs,512.5,10.25,,,-50.6767275335665954982197446368,-5.06767275335666E+001;3.55271367880050E-014,all,delta_seam_study,
PROB_LogBeta,PROB_LogBeta,abs<=2E-13,abs,1025.0,10.25,,,-57.7356712624993713267558892908,-5.77356712624993E+001;-3.55271367880050E-014,all,delta_seam_study,
PROB_LogBeta,PROB_LogBeta,abs<=2E-13,abs,2050.0,10.25,,,-64.8174142430035140776302893903,-6.48174142430035E+001;1.42108547152020E-014,all,delta_seam_study,
PROB_LogBeta,PROB_LogBeta,abs<=2E-13,abs,10250.0,10.25,,,-81.2956879545629547091274617424,-8.12956879545629E+001;-2.84217094304040E-014,all,delta_seam_study,
PROB_LogBeta,PROB_LogBeta,abs<=2E-13,abs,102500.0,10.25,,,-104.893024108856164340067903428,-1.04893024108856E+002;-1.27897692436818E-013,all,delta_seam_study,
PROB_LogBeta,PROB_LogBeta,abs<=2E-13,abs,10250000.0,10.25,,,-152.095560654896572955537623044,-1.52095560654897E+002;4.83169060316868E-013,all,delta_seam_study,
PROB_LogBeta,PROB_LogBeta,abs<=2E-13,abs,1025000000.0,10.25,,,-199.298550482525975793979111557,-1.99298550482526E+002;5.68434188608080E-014,all,delta_seam_study,
PROB_LogBeta,PROB_LogBeta,abs<=2E-13,abs,102500000000.0,10.25,,,-246.501544843116412462979612512,-2.46501544843116E+002;-3.69482222595252E-013,all,delta_seam_study,
PROB_LogBeta,PROB_LogBeta,abs<=2E-13,abs,10250000000000.0,10.25,,,-293.704539249036473985363100501,-2.93704539249036E+002;-5.11590769747272E-013,all,delta_seam_study,
PROB_LogBeta,PROB_LogBeta,abs<=2E-13,abs,10250000000000000.0,10.25,,,-364.509030858598758393916339199,-3.64509030858599E+002;2.27373675443232E-013,all,delta_seam_study,
PROB_LogBeta,PROB_LogBeta,abs<=2E-13,abs,1.025e+19,10.25,,,-435.31352246816565855709457643,-4.35313522468166E+002;3.41060513164848E-013,all,delta_seam_study,
ChiSquare_Density,K_STATS_ChiSquare_Density,measured,rel,2,5,,,0.138369165806864901113422749814,1.38369165806863E-001;8.32667268468867E-017,all,density_helpers,
ChiSquare_Density,K_STATS_ChiSquare_Density,measured,rel,5,5,,,0.122041521349387392610002463652,1.22041521349386E-001;-1.94289029309402E-016,all,density_helpers,
ChiSquare_Density,K_STATS_ChiSquare_Density,measured,rel,1,1,,,0.241970724519143349797830192936,2.41970724519143E-001;-5.55111512312578E-017,all,density_helpers,
ChiSquare_Density,K_STATS_ChiSquare_Density,measured,rel,0.5,2,,,0.389400391535702434122585133489,3.89400391535701E-001;0E+000,all,density_helpers,
ChiSquare_Density,K_STATS_ChiSquare_Density,measured,rel,10,10,,,0.0877336848839253528207818805097,8.77336848839234E-002;-1.38777878078145E-017,all,density_helpers,
ChiSquare_Density,K_STATS_ChiSquare_Density,measured,rel,20,10,,,0.00945831870051767740324823240845,9.45831870051745E-003;3.46944695195361E-018,all,density_helpers,
ChiSquare_Density,K_STATS_ChiSquare_Density,measured,rel,100,50,,,0.00000926446496012619851338364401486,9.26446496012605E-006;0E+000,all,density_helpers,
ChiSquare_Density,K_STATS_ChiSquare_Density,measured,rel,3,4,,,0.167347620111322371699960353073,1.67347620111321E-001;-2.49800180540660E-016,all,density_helpers,
F_Density,K_STATS_F_Density,measured,rel,1,5,10,,0.495479783486638709082354191772,4.95479783486636E-001;-1.11022302462516E-016,all,density_helpers,
F_Density,K_STATS_F_Density,measured,rel,2,10,20,,0.152740478515625,1.52740478515622E-001;-3.33066907387547E-016,all,density_helpers,
F_Density,K_STATS_F_Density,measured,rel,0.5,3,3,,0.533520779944951744921599520597,5.33520779944952E-001;3.33066907387547E-016,all,density_helpers,
F_Density,K_STATS_F_Density,measured,rel,1,100,100,,1.98973093467946903745317625605,1.98973093467943E+000;4.44089209850063E-015,all,density_helpers,
F_Density,K_STATS_F_Density,measured,rel,3,5,2,,0.0716977740149392607805383309751,7.16977740149394E-002;-2.77555756156289E-017,all,density_helpers,
F_Density,K_STATS_F_Density,measured,rel,0.8,20,50,,1.11177807436107796661882179821,1.11177807436102E+000;4.44089209850063E-015,all,density_helpers,
Normal_IntervalProbability,K_STATS_Normal_IntervalProbability,measured,rel,-1,1,1,,0.682689492137085897170465091264,6.82689492137086E-001;-1.11022302462516E-016,all,density_helpers,
Normal_IntervalProbability,K_STATS_Normal_IntervalProbability,measured,rel,0,2,1,,0.477249868051820792799717362833,4.77249868051821E-001;-2.22044604925031E-016,all,density_helpers,
Normal_IntervalProbability,K_STATS_Normal_IntervalProbability,measured,rel,-3,-1,1,,0.1573053558998269568881156396,1.57305355899827E-001;-5.55111512312578E-017,all,density_helpers,
Normal_IntervalProbability,K_STATS_Normal_IntervalProbability,measured,rel,1,2,1,,0.135905121983277844214484817201,1.35905121983278E-001;-1.94289029309402E-016,all,density_helpers,
Normal_IntervalProbability,K_STATS_Normal_IntervalProbability,measured,rel,-5,5,1,,0.999999426696856241612176652495,9.99999426696856E-001;2.22044604925031E-016,all,density_helpers,
Normal_IntervalProbability,K_STATS_Normal_IntervalProbability,measured,rel,0,1,2,,0.191462461274013103637704610608,1.91462461274013E-001;5.55111512312578E-017,all,density_helpers,
Normal_IntervalProbability,K_STATS_Normal_IntervalProbability,measured,rel,2,4,1,,0.0227184607063460872790288664098,2.27184607063461E-002;1.38777878078145E-017,all,density_helpers,
Lognormal_ParametersFromMeanStdDev,K_STATS_Lognormal_ParametersFromMeanStdDev,measured,rel,2,0.5,,,0.662834869651727888126929055438,6.62834869651728E-001;-1.11022302462516E-016,param_meanlog,density_helpers,
Lognormal_ParametersFromMeanStdDev,K_STATS_Lognormal_ParametersFromMeanStdDev,measured,rel,2,0.5,,,0.246220677069239744588574886036,2.46220677069240E-001;-2.49800180540660E-016,param_stddevlog,density_helpers,
Lognormal_ParametersFromMeanStdDev,K_STATS_Lognormal_ParametersFromMeanStdDev,measured,rel,10,3,,,2.25949624487351951784732468326,2.25949624487352E+000;-4.44089209850063E-016,param_meanlog,density_helpers,
Lognormal_ParametersFromMeanStdDev,K_STATS_Lognormal_ParametersFromMeanStdDev,measured,rel,10,3,,,0.293560379208523867755756200697,2.93560379208524E-001;-1.66533453693773E-016,param_stddevlog,density_helpers,
Lognormal_ParametersFromMeanStdDev,K_STATS_Lognormal_ParametersFromMeanStdDev,measured,rel,1,0.1,,,-0.00497516542658404197372303749746,-4.97516542658404E-003;-2.60208521396521E-018,param_meanlog,density_helpers,
Lognormal_ParametersFromMeanStdDev,K_STATS_Lognormal_ParametersFromMeanStdDev,measured,rel,1,0.1,,,0.0997513451195926678138709247483,9.97513451195927E-002;-2.77555756156289E-017,param_stddevlog,density_helpers,
Lognormal_ParametersFromMeanStdDev,K_STATS_Lognormal_ParametersFromMeanStdDev,measured,rel,100,50,,,4.49359841033098649015283536421,4.49359841033099E+000;-3.55271367880050E-015,param_meanlog,density_helpers,
Lognormal_ParametersFromMeanStdDev,K_STATS_Lognormal_ParametersFromMeanStdDev,measured,rel,100,50,,,0.472380727077438835433582705287,4.72380727077439E-001;-1.66533453693773E-016,param_stddevlog,density_helpers,
Lognormal_ParametersFromMeanStdDev,K_STATS_Lognormal_ParametersFromMeanStdDev,measured,rel,5,5,,,1.2628643221541277198921432725,1.26286432215413E+000;-2.44249065417534E-015,param_meanlog,density_helpers,
Lognormal_ParametersFromMeanStdDev,K_STATS_Lognormal_ParametersFromMeanStdDev,measured,rel,5,5,,,0.832554611157697756353164644895,8.32554611157698E-001;-3.33066907387547E-016,param_stddevlog,density_helpers,
Binomial_PMF,K_STATS_Binomial_PMF,rel<=1E-12,rel,0.0,20.0,0.02,,0.66760797175509448724528,6.67607971755095E-001;-4.44089209850063E-016,all,main grid,
Binomial_LogPMF,K_STATS_Binomial_LogPMF,rel<=1E-12,rel,0.0,20.0,0.02,,-0.4040541463503889766575108,-4.04054146350389E-001;5.55111512312578E-017,all,main grid,
Binomial_Cumulative,K_STATS_Binomial_Cumulative,rel<=1E-9,rel,0.0,20.0,0.02,,0.66760797175509448724528,6.67607971755096E-001;0E+000,all,main grid,
Binomial_Survival,K_STATS_Binomial_Survival,rel<=1E-9,rel,0.0,20.0,0.02,,0.33239202824490551275472,3.32392028244904E-001;0E+000,all,main grid,
Binomial_PMF,K_STATS_Binomial_PMF,rel<=1E-12,rel,2.0,20.0,0.02,,0.05283028514513450977317128,5.28302851451345E-002;2.08166817117217E-017,all,main grid,
Binomial_LogPMF,K_STATS_Binomial_LogPMF,rel<=1E-12,rel,2.0,20.0,0.02,,-2.940670670411156010568879,-2.94067067041116E+000;3.99680288865056E-015,all,main grid,
Binomial_Cumulative,K_STATS_Binomial_Cumulative,rel<=1E-9,rel,2.0,20.0,0.02,,0.9929313065961859363761177,9.92931306596186E-001;1.11022302462516E-016,all,main grid,
Binomial_Survival,K_STATS_Binomial_Survival,rel<=1E-9,rel,2.0,20.0,0.02,,0.007068693403814063623882276,7.06869340381389E-003;-1.73472347597681E-018,all,main grid,
Binomial_InverseCumulative,K_STATS_Binomial_InverseCumulative,abs<=1E-9,abs,0.05,20.0,0.02,,0.0,0E+000;0E+000,all,main grid,
Binomial_InverseCumulative,K_STATS_Binomial_InverseCumulative,abs<=1E-9,abs,0.5,20.0,0.02,,0.0,0E+000;0E+000,all,main grid,
Binomial_InverseCumulative,K_STATS_Binomial_InverseCumulative,abs<=1E-9,abs,0.975,20.0,0.02,,2.0,2.00000000000000E+000;0E+000,all,main grid,
Binomial_Mean,K_STATS_Binomial_Mean,rel<=1E-14,rel,20.0,0.02,,,0.4000000000000000083266727,4.00000000000000E-001;0E+000,all,main grid,
Binomial_Variance,K_STATS_Binomial_Variance,rel<=1E-14,rel,20.0,0.02,,,0.3920000000000000079936058,3.92000000000000E-001;0E+000,all,main grid,
Binomial_StdDev,K_STATS_Binomial_StdDev,rel<=1E-14,rel,20.0,0.02,,,0.6260990336999411213782279,6.26099033699941E-001;1.11022302462516E-016,all,main grid,
Binomial_PMF,K_STATS_Binomial_PMF,rel<=1E-12,rel,10.0,20.0,0.5,,0.176197052001953125,1.76197052001953E-001;1.11022302462516E-016,all,main grid,
Binomial_LogPMF,K_STATS_Binomial_LogPMF,rel<=1E-12,rel,10.0,20.0,0.5,,-1.736152296596451749136185,-1.73615229659645E+000;-1.99840144432528E-015,all,main grid,
Binomial_Cumulative,K_STATS_Binomial_Cumulative,rel<=1E-9,rel,10.0,20.0,0.5,,0.5880985260009765625,5.88098526000992E-001;1.11022302462516E-016,all,main grid,
Binomial_Survival,K_STATS_Binomial_Survival,rel<=1E-9,rel,10.0,20.0,0.5,,0.4119014739990234375,4.11901473999008E-001;-1.11022302462516E-016,all,main grid,
Binomial_PMF,K_STATS_Binomial_PMF,rel<=1E-12,rel,16.0,20.0,0.5,,0.00462055206298828125,4.62055206298831E-003;-2.60208521396521E-018,all,main grid,
Binomial_LogPMF,K_STATS_Binomial_LogPMF,rel<=1E-12,rel,16.0,20.0,0.5,,-5.377241086874039582090076,-5.37724108687403E+000;-3.55271367880050E-015,all,main grid,
Binomial_Cumulative,K_STATS_Binomial_Cumulative,rel<=1E-9,rel,16.0,20.0,0.5,,0.99871158599853515625,9.98711585998535E-001;1.11022302462516E-016,all,main grid,
Binomial_Survival,K_STATS_Binomial_Survival,rel<=1E-9,rel,16.0,20.0,0.5,,0.00128841400146484375,1.28841400146481E-003;2.16840434497101E-018,all,main grid,
Binomial_InverseCumulative,K_STATS_Binomial_InverseCumulative,abs<=1E-9,abs,0.05,20.0,0.5,,6.0,6.00000000000000E+000;0E+000,all,main grid,
Binomial_InverseCumulative,K_STATS_Binomial_InverseCumulative,abs<=1E-9,abs,0.5,20.0,0.5,,10.0,1.00000000000000E+001;0E+000,all,main grid,
Binomial_InverseCumulative,K_STATS_Binomial_InverseCumulative,abs<=1E-9,abs,0.975,20.0,0.5,,14.0,1.40000000000000E+001;0E+000,all,main grid,
Binomial_Mean,K_STATS_Binomial_Mean,rel<=1E-14,rel,20.0,0.5,,,10.0,1.00000000000000E+001;0E+000,all,main grid,
Binomial_Variance,K_STATS_Binomial_Variance,rel<=1E-14,rel,20.0,0.5,,,5.0,5.00000000000000E+000;0E+000,all,main grid,
Binomial_StdDev,K_STATS_Binomial_StdDev,rel<=1E-14,rel,20.0,0.5,,,2.236067977499789696409174,2.23606797749979E+000;0E+000,all,main grid,
Binomial_PMF,K_STATS_Binomial_PMF,rel<=1E-12,rel,18.0,20.0,0.9,,0.2851798070642983299,2.85179807064298E-001;3.33066907387547E-016,all,main grid,
Binomial_LogPMF,K_STATS_Binomial_LogPMF,rel<=1E-12,rel,18.0,20.0,0.9,,-1.254635395668478646103982,-1.25463539566848E+000;1.33226762955019E-015,all,main grid,
Binomial_Cumulative,K_STATS_Binomial_Cumulative,rel<=1E-9,rel,18.0,20.0,0.9,,0.6082530018748321675447248,6.08253001874827E-001;0E+000,all,main grid,
Binomial_Survival,K_STATS_Binomial_Survival,rel<=1E-9,rel,18.0,20.0,0.9,,0.3917469981251678324552752,3.91746998125173E-001;-5.55111512312578E-017,all,main grid,
Binomial_PMF,K_STATS_Binomial_PMF,rel<=1E-12,rel,20.0,20.0,0.9,,0.1215766545905693479998672,1.21576654590569E-001;3.05311331771918E-016,all,main grid,
Binomial_LogPMF,K_STATS_Binomial_LogPMF,rel<=1E-12,rel,20.0,20.0,0.9,,-2.107210313156525531117564,-2.10721031315653E+000;3.99680288865056E-015,all,main grid,
Binomial_Cumulative,K_STATS_Binomial_Cumulative,rel<=1E-9,rel,20.0,20.0,0.9,,1.0,1.00000000000000E+000;0E+000,all,main grid,
Binomial_Survival,K_STATS_Binomial_Survival,rel<=1E-9,rel,20.0,20.0,0.9,,0.0,0E+000;0E+000,all,main grid,
Binomial_InverseCumulative,K_STATS_Binomial_InverseCumulative,abs<=1E-9,abs,0.05,20.0,0.9,,16.0,1.60000000000000E+001;0E+000,all,main grid,
Binomial_InverseCumulative,K_STATS_Binomial_InverseCumulative,abs<=1E-9,abs,0.5,20.0,0.9,,18.0,1.80000000000000E+001;0E+000,all,main grid,
Binomial_InverseCumulative,K_STATS_Binomial_InverseCumulative,abs<=1E-9,abs,0.975,20.0,0.9,,20.0,2.00000000000000E+001;0E+000,all,main grid,
Binomial_Mean,K_STATS_Binomial_Mean,rel<=1E-14,rel,20.0,0.9,,,18.00000000000000044408921,1.80000000000000E+001;0E+000,all,main grid,
Binomial_Variance,K_STATS_Binomial_Variance,rel<=1E-14,rel,20.0,0.9,,,1.799999999999999644728632,1.80000000000000E+000;-4.44089209850063E-016,all,main grid,
Binomial_StdDev,K_STATS_Binomial_StdDev,rel<=1E-14,rel,20.0,0.9,,,1.341640786499873685443683,1.34164078649987E+000;3.55271367880050E-015,all,main grid,
Binomial_PMF,K_STATS_Binomial_PMF,rel<=1E-12,rel,20.0,1000.0,0.02,,0.08973706929554051914260819,8.97370692955406E-002;-4.16333634234434E-017,all,main grid,
Binomial_LogPMF,K_STATS_Binomial_LogPMF,rel<=1E-12,rel,20.0,1000.0,0.02,,-2.41087133669500398326528,-2.41087133669500E+000;-3.55271367880050E-015,all,main grid,
Binomial_Cumulative,K_STATS_Binomial_Cumulative,rel<=1E-9,rel,20.0,1000.0,0.02,,0.55909560576388785015276,5.59095605763886E-001;3.33066907387547E-016,all,main grid,
Binomial_Survival,K_STATS_Binomial_Survival,rel<=1E-9,rel,20.0,1000.0,0.02,,0.44090439423611214984724,4.40904394236114E-001;-2.77555756156289E-016,all,main grid,
Binomial_PMF,K_STATS_Binomial_PMF,rel<=1E-12,rel,33.0,1000.0,0.02,,0.001901457187379510093789642,1.90145718737950E-003;1.95156391047391E-018,all,main grid,
Binomial_LogPMF,K_STATS_Binomial_LogPMF,rel<=1E-12,rel,33.0,1000.0,0.02,,-6.265134746032438396162736,-6.26513474603244E+000;-2.66453525910038E-015,all,main grid,
Binomial_Cumulative,K_STATS_Binomial_Cumulative,rel<=1E-9,rel,33.0,1000.0,0.02,,0.9975697743962454235480423,9.97569774396245E-001;4.44089209850063E-016,all,main grid,
Binomial_Survival,K_STATS_Binomial_Survival,rel<=1E-9,rel,33.0,1000.0,0.02,,0.002430225603754576451957742,2.43022560375456E-003;-1.30104260698261E-018,all,main grid,
Binomial_InverseCumulative,K_STATS_Binomial_InverseCumulative,abs<=1E-9,abs,0.05,1000.0,0.02,,13.0,1.30000000000000E+001;0E+000,all,main grid,
Binomial_InverseCumulative,K_STATS_Binomial_InverseCumulative,abs<=1E-9,abs,0.5,1000.0,0.02,,20.0,2.00000000000000E+001;0E+000,all,main grid,
Binomial_InverseCumulative,K_STATS_Binomial_InverseCumulative,abs<=1E-9,abs,0.975,1000.0,0.02,,29.0,2.90000000000000E+001;0E+000,all,main grid,
Binomial_Mean,K_STATS_Binomial_Mean,rel<=1E-14,rel,1000.0,0.02,,,20.00000000000000041633363,2.00000000000000E+001;0E+000,all,main grid,
Binomial_Variance,K_STATS_Binomial_Variance,rel<=1E-14,rel,1000.0,0.02,,,19.60000000000000039968029,1.96000000000000E+001;0E+000,all,main grid,
Binomial_StdDev,K_STATS_Binomial_StdDev,rel<=1E-14,rel,1000.0,0.02,,,4.427188724235731109937738,4.42718872423573E+000;8.88178419700125E-016,all,main grid,
Binomial_PMF,K_STATS_Binomial_PMF,rel<=1E-12,rel,500.0,1000.0,0.5,,0.02522501817836080190684169,2.52250181783608E-002;1.38777878078145E-017,all,main grid,
Binomial_LogPMF,K_STATS_Binomial_LogPMF,rel<=1E-12,rel,500.0,1000.0,0.5,,-3.679918992094129341723266,-3.67991899209413E+000;1.33226762955019E-015,all,main grid,
Binomial_Cumulative,K_STATS_Binomial_Cumulative,rel<=1E-9,rel,500.0,1000.0,0.5,,0.5126125090891804009534208,5.12612509089176E-001;-2.22044604925031E-016,all,main grid,
Binomial_Survival,K_STATS_Binomial_Survival,rel<=1E-9,rel,500.0,1000.0,0.5,,0.4873874909108195990465792,4.87387490910824E-001;2.22044604925031E-016,all,main grid,
Binomial_PMF,K_STATS_Binomial_PMF,rel<=1E-12,rel,547.0,1000.0,0.5,,0.0003035349870095876785328041,3.03534987009588E-004;1.62630325872826E-019,all,main grid,
Binomial_LogPMF,K_STATS_Binomial_LogPMF,rel<=1E-12,rel,547.0,1000.0,0.5,,-8.100013675658729293371548,-8.10001367565873E+000;1.77635683940025E-015,all,main grid,
Binomial_Cumulative,K_STATS_Binomial_Cumulative,rel<=1E-9,rel,547.0,1000.0,0.5,,0.9986772350804278977233595,9.98677235080428E-001;-1.11022302462516E-016,all,main grid,
Binomial_Survival,K_STATS_Binomial_Survival,rel<=1E-9,rel,547.0,1000.0,0.5,,0.001322764919572102276640544,1.32276491957209E-003;6.50521303491303E-019,all,main grid,
Binomial_InverseCumulative,K_STATS_Binomial_InverseCumulative,abs<=1E-9,abs,0.05,1000.0,0.5,,474.0,4.74000000000000E+002;0E+000,all,main grid,
Binomial_InverseCumulative,K_STATS_Binomial_InverseCumulative,abs<=1E-9,abs,0.5,1000.0,0.5,,500.0,5.00000000000000E+002;0E+000,all,main grid,
Binomial_InverseCumulative,K_STATS_Binomial_InverseCumulative,abs<=1E-9,abs,0.975,1000.0,0.5,,531.0,5.31000000000000E+002;0E+000,all,main grid,
Binomial_Mean,K_STATS_Binomial_Mean,rel<=1E-14,rel,1000.0,0.5,,,500.0,5.00000000000000E+002;0E+000,all,main grid,
Binomial_Variance,K_STATS_Binomial_Variance,rel<=1E-14,rel,1000.0,0.5,,,250.0,2.50000000000000E+002;0E+000,all,main grid,
Binomial_StdDev,K_STATS_Binomial_StdDev,rel<=1E-14,rel,1000.0,0.5,,,15.81138830084189665999447,1.58113883008419E+001;-3.55271367880050E-015,all,main grid,
Binomial_PMF,K_STATS_Binomial_PMF,rel<=1E-12,rel,900.0,1000.0,0.9,,0.04201679086108543838346485,4.20167908610854E-002;1.38777878078145E-017,all,main grid,
Binomial_LogPMF,K_STATS_Binomial_LogPMF,rel<=1E-12,rel,900.0,1000.0,0.9,,-3.169685958183666832698495,-3.16968595818367E+000;2.66453525910038E-015,all,main grid,
Binomial_Cumulative,K_STATS_Binomial_Cumulative,rel<=1E-9,rel,900.0,1000.0,0.9,,0.5154177095659193747997576,5.15417709565918E-001;-1.11022302462516E-016,all,main grid,
Binomial_Survival,K_STATS_Binomial_Survival,rel<=1E-9,rel,900.0,1000.0,0.9,,0.4845822904340806252002424,4.84582290434082E-001;1.11022302462516E-016,all,main grid,
Binomial_PMF,K_STATS_Binomial_PMF,rel<=1E-12,rel,928.0,1000.0,0.9,,0.0004097806572471411781468417,4.09780657247137E-004;-4.33680868994202E-019,all,main grid,
Binomial_LogPMF,K_STATS_Binomial_LogPMF,rel<=1E-12,rel,928.0,1000.0,0.9,,-7.799888523744068930412017,-7.79988852374408E+000;0E+000,all,main grid,
Binomial_Cumulative,K_STATS_Binomial_Cumulative,rel<=1E-9,rel,928.0,1000.0,0.9,,0.9991396722260122441586263,9.99139672226012E-001;3.33066907387547E-016,all,main grid,
Binomial_Survival,K_STATS_Binomial_Survival,rel<=1E-9,rel,928.0,1000.0,0.9,,0.0008603277739877558413736572,8.60327773987742E-004;1.08420217248550E-019,all,main grid,
Binomial_InverseCumulative,K_STATS_Binomial_InverseCumulative,abs<=1E-9,abs,0.05,1000.0,0.9,,884.0,8.84000000000000E+002;0E+000,all,main grid,
Binomial_InverseCumulative,K_STATS_Binomial_InverseCumulative,abs<=1E-9,abs,0.5,1000.0,0.9,,900.0,9.00000000000000E+002;0E+000,all,main grid,
Binomial_InverseCumulative,K_STATS_Binomial_InverseCumulative,abs<=1E-9,abs,0.975,1000.0,0.9,,918.0,9.18000000000000E+002;0E+000,all,main grid,
Binomial_Mean,K_STATS_Binomial_Mean,rel<=1E-14,rel,1000.0,0.9,,,900.0000000000000222044605,9.00000000000000E+002;0E+000,all,main grid,
Binomial_Variance,K_STATS_Binomial_Variance,rel<=1E-14,rel,1000.0,0.9,,,89.99999999999998223643161,9.00000000000000E+001;-1.42108547152020E-014,all,main grid,
Binomial_StdDev,K_STATS_Binomial_StdDev,rel<=1E-14,rel,1000.0,0.9,,,9.486832980505137059774422,9.48683298050514E+000;-1.77635683940025E-015,all,main grid,
Binomial_PMF,K_STATS_Binomial_PMF,rel<=1E-12,rel,2000.0,100000.0,0.02,,0.009010811967074447371562603,9.01081196707445E-003;-5.20417042793042E-018,all,main grid,
Binomial_LogPMF,K_STATS_Binomial_LogPMF,rel<=1E-12,rel,2000.0,100000.0,0.02,,-4.709330092990076363696029,-4.70933009299008E+000;3.55271367880050E-015,all,main grid,
Binomial_Cumulative,K_STATS_Binomial_Cumulative,rel<=1E-9,rel,2000.0,100000.0,0.02,,0.5059470038538705865466235,5.05947003853866E-001;1.11022302462516E-016,all,main grid,
Binomial_Survival,K_STATS_Binomial_Survival,rel<=1E-9,rel,2000.0,100000.0,0.02,,0.4940529961461294134533765,4.94052996146134E-001;-2.22044604925031E-016,all,main grid,
Binomial_PMF,K_STATS_Binomial_PMF,rel<=1E-12,rel,2132.0,100000.0,0.02,,0.0001124773557459396937116704,1.12477355745939E-004;4.60785923306339E-019,all,main grid,
Binomial_LogPMF,K_STATS_Binomial_LogPMF,rel<=1E-12,rel,2132.0,100000.0,0.02,,-9.092758638838105568128129,-9.09275863883811E+000;1.77635683940025E-015,all,main grid,
Binomial_Cumulative,K_STATS_Binomial_Cumulative,rel<=1E-9,rel,2132.0,100000.0,0.02,,0.998486280185250783523781,9.98486280185251E-001;-2.22044604925031E-016,all,main grid,
Binomial_Survival,K_STATS_Binomial_Survival,rel<=1E-9,rel,2132.0,100000.0,0.02,,0.001513719814749216476218987,1.51371981474921E-003;-1.73472347597681E-018,all,main grid,
Binomial_InverseCumulative,K_STATS_Binomial_InverseCumulative,abs<=1E-9,abs,0.05,100000.0,0.02,,1927.0,1.92700000000000E+003;0E+000,all,main grid,
Binomial_InverseCumulative,K_STATS_Binomial_InverseCumulative,abs<=1E-9,abs,0.5,100000.0,0.02,,2000.0,2.00000000000000E+003;0E+000,all,main grid,
Binomial_InverseCumulative,K_STATS_Binomial_InverseCumulative,abs<=1E-9,abs,0.975,100000.0,0.02,,2087.0,2.08700000000000E+003;0E+000,all,main grid,
Binomial_Mean,K_STATS_Binomial_Mean,rel<=1E-14,rel,100000.0,0.02,,,2000.000000000000041633363,2.00000000000000E+003;0E+000,all,main grid,
Binomial_Variance,K_STATS_Binomial_Variance,rel<=1E-14,rel,100000.0,0.02,,,1960.000000000000039968029,1.96000000000000E+003;0E+000,all,main grid,
Binomial_StdDev,K_STATS_Binomial_StdDev,rel<=1E-14,rel,100000.0,0.02,,,44.27188724235731109937738,4.42718872423573E+001;7.10542735760100E-015,all,main grid,
Binomial_PMF,K_STATS_Binomial_PMF,rel<=1E-12,rel,50000.0,100000.0,0.5,,0.002523126214196739885537947,2.52312621419674E-003;-8.67361737988404E-019,all,main grid,
Binomial_LogPMF,K_STATS_Binomial_LogPMF,rel<=1E-12,rel,50000.0,100000.0,0.5,,-5.98225658512984160074141,-5.98225658512984E+000;-1.77635683940025E-015,all,main grid,
Binomial_Cumulative,K_STATS_Binomial_Cumulative,rel<=1E-9,rel,50000.0,100000.0,0.5,,0.501261563107098369942769,5.01261563107118E-001;3.33066907387547E-016,all,main grid,
Binomial_Survival,K_STATS_Binomial_Survival,rel<=1E-9,rel,50000.0,100000.0,0.5,,0.498738436892901630057231,4.98738436892882E-001;-3.33066907387547E-016,all,main grid,
Binomial_PMF,K_STATS_Binomial_PMF,rel<=1E-12,rel,50474.0,100000.0,0.5,,0.00002821098952769392102500971,2.82109895276939E-005;2.03287907341032E-020,all,main grid,
Binomial_LogPMF,K_STATS_Binomial_LogPMF,rel<=1E-12,rel,50474.0,100000.0,0.5,,-10.47579895636974534549019,-1.04757989563697E+001;-4.61852778244065E-014,all,main grid,
Binomial_Cumulative,K_STATS_Binomial_Cumulative,rel<=1E-9,rel,50474.0,100000.0,0.5,,0.9986546222676359240101526,9.98654622267636E-001;-1.11022302462516E-016,all,main grid,
Binomial_Survival,K_STATS_Binomial_Survival,rel<=1E-9,rel,50474.0,100000.0,0.5,,0.001345377732364075989847391,1.34537773236410E-003;-4.33680868994202E-019,all,main grid,
Binomial_InverseCumulative,K_STATS_Binomial_InverseCumulative,abs<=1E-9,abs,0.05,100000.0,0.5,,49740.0,4.97400000000000E+004;0E+000,all,main grid,
Binomial_InverseCumulative,K_STATS_Binomial_InverseCumulative,abs<=1E-9,abs,0.5,100000.0,0.5,,50000.0,5.00000000000000E+004;0E+000,all,main grid,
Binomial_InverseCumulative,K_STATS_Binomial_InverseCumulative,abs<=1E-9,abs,0.975,100000.0,0.5,,50310.0,5.03100000000000E+004;0E+000,all,main grid,
Binomial_Mean,K_STATS_Binomial_Mean,rel<=1E-14,rel,100000.0,0.5,,,50000.0,5.00000000000000E+004;0E+000,all,main grid,
Binomial_Variance,K_STATS_Binomial_Variance,rel<=1E-14,rel,100000.0,0.5,,,25000.0,2.50000000000000E+004;0E+000,all,main grid,
Binomial_StdDev,K_STATS_Binomial_StdDev,rel<=1E-14,rel,100000.0,0.5,,,158.1138830084189665999447,1.58113883008419E+002;-2.84217094304040E-014,all,main grid,
Binomial_PMF,K_STATS_Binomial_PMF,rel<=1E-12,rel,90000.0,100000.0,0.9,,0.00420518543730333569489758,4.20518543730334E-003;-3.46944695195361E-018,all,main grid,
Binomial_LogPMF,K_STATS_Binomial_LogPMF,rel<=1E-12,rel,90000.0,100000.0,0.9,,-5.471436887289774106318101,-5.47143688728977E+000;-3.55271367880050E-015,all,main grid,
Binomial_Cumulative,K_STATS_Binomial_Cumulative,rel<=1E-9,rel,90000.0,100000.0,0.9,,0.5015419129006682890043274,5.01541912900680E-001;2.22044604925031E-016,all,main grid,
Binomial_Survival,K_STATS_Binomial_Survival,rel<=1E-9,rel,90000.0,100000.0,0.9,,0.4984580870993317109956726,4.98458087099320E-001;-1.11022302462516E-016,all,main grid,
Binomial_PMF,K_STATS_Binomial_PMF,rel<=1E-12,rel,90284.0,100000.0,0.9,,0.00004642121914867637621862442,4.64212191486756E-005;6.77626357803440E-021,all,main grid,
Binomial_LogPMF,K_STATS_Binomial_LogPMF,rel<=1E-12,rel,90284.0,100000.0,0.9,,-9.977753894027351063391236,-9.97775389402737E+000;1.77635683940025E-015,all,main grid,
Binomial_Cumulative,K_STATS_Binomial_Cumulative,rel<=1E-9,rel,90284.0,100000.0,0.9,,0.9986949534193041029022665,9.98694953419304E-001;0E+000,all,main grid,
Binomial_Survival,K_STATS_Binomial_Survival,rel<=1E-9,rel,90284.0,100000.0,0.9,,0.001305046580695897097733543,1.30504658069599E-003;-2.16840434497101E-019,all,main grid,
Binomial_InverseCumulative,K_STATS_Binomial_InverseCumulative,abs<=1E-9,abs,0.05,100000.0,0.9,,89844.0,8.98440000000000E+004;0E+000,all,main grid,
Binomial_InverseCumulative,K_STATS_Binomial_InverseCumulative,abs<=1E-9,abs,0.5,100000.0,0.9,,90000.0,9.00000000000000E+004;0E+000,all,main grid,
Binomial_InverseCumulative,K_STATS_Binomial_InverseCumulative,abs<=1E-9,abs,0.975,100000.0,0.9,,90186.0,9.01860000000000E+004;0E+000,all,main grid,
Binomial_Mean,K_STATS_Binomial_Mean,rel<=1E-14,rel,100000.0,0.9,,,90000.00000000000222044605,9.00000000000000E+004;0E+000,all,main grid,
Binomial_Variance,K_STATS_Binomial_Variance,rel<=1E-14,rel,100000.0,0.9,,,8999.999999999998223643161,9.00000000000000E+003;-1.81898940354586E-012,all,main grid,
Binomial_StdDev,K_STATS_Binomial_StdDev,rel<=1E-14,rel,100000.0,0.9,,,94.86832980505137059774422,9.48683298050514E+001;-2.84217094304040E-014,all,main grid,
Binomial_PMF,K_STATS_Binomial_PMF,rel<=1E-12,rel,20000.0,1000000.0,0.02,,0.002849575839049455294269768,2.84957583904946E-003;-4.33680868994202E-018,all,main grid,
Binomial_LogPMF,K_STATS_Binomial_LogPMF,rel<=1E-12,rel,20000.0,1000000.0,0.02,,-5.860585124181323631874021,-5.86058512418132E+000;-3.55271367880050E-015,all,main grid,
Binomial_Cumulative,K_STATS_Binomial_Cumulative,rel<=1E-9,rel,20000.0,1000000.0,0.02,,0.5018807158778251882394931,5.01880715877831E-001;2.22044604925031E-016,all,main grid,
Binomial_Survival,K_STATS_Binomial_Survival,rel<=1E-9,rel,20000.0,1000000.0,0.02,,0.4981192841221748117605069,4.98119284122169E-001;-2.77555756156289E-016,all,main grid,
Binomial_PMF,K_STATS_Binomial_PMF,rel<=1E-12,rel,20420.0,1000000.0,0.02,,0.00003230705457806204532937444,3.23070545780618E-005;-3.38813178901720E-020,all,main grid,
Binomial_LogPMF,K_STATS_Binomial_LogPMF,rel<=1E-12,rel,20420.0,1000000.0,0.02,,-10.34022494359367892006536,-1.03402249435937E+001;1.24344978758018E-014,all,main grid,
Binomial_Cumulative,K_STATS_Binomial_Cumulative,rel<=1E-9,rel,20420.0,1000000.0,0.02,,0.998625478008340936789556,9.98625478008341E-001;-1.11022302462516E-016,all,main grid,
Binomial_Survival,K_STATS_Binomial_Survival,rel<=1E-9,rel,20420.0,1000000.0,0.02,,0.001374521991659063210444026,1.37452199165907E-003;2.60208521396521E-018,all,main grid,
Binomial_InverseCumulative,K_STATS_Binomial_InverseCumulative,abs<=1E-9,abs,0.05,1000000.0,0.02,,19770.0,1.97700000000000E+004;0E+000,all,main grid,
Binomial_InverseCumulative,K_STATS_Binomial_InverseCumulative,abs<=1E-9,abs,0.5,1000000.0,0.02,,20000.0,2.00000000000000E+004;0E+000,all,main grid,
Binomial_InverseCumulative,K_STATS_Binomial_InverseCumulative,abs<=1E-9,abs,0.975,1000000.0,0.02,,20275.0,2.02750000000000E+004;0E+000,all,main grid,
Binomial_Mean,K_STATS_Binomial_Mean,rel<=1E-14,rel,1000000.0,0.02,,,20000.00000000000041633363,2.00000000000000E+004;0E+000,all,main grid,
Binomial_Variance,K_STATS_Binomial_Variance,rel<=1E-14,rel,1000000.0,0.02,,,19600.00000000000039968029,1.96000000000000E+004;0E+000,all,main grid,
Binomial_StdDev,K_STATS_Binomial_StdDev,rel<=1E-14,rel,1000000.0,0.02,,,140.0000000000000014274296,1.40000000000000E+002;0E+000,all,main grid,
Binomial_PMF,K_STATS_Binomial_PMF,rel<=1E-12,rel,500000.0,1000000.0,0.5,,0.0007978843613317500890872456,7.97884361331751E-004;-4.33680868994202E-019,all,main grid,
Binomial_LogPMF,K_STATS_Binomial_LogPMF,rel<=1E-12,rel,500000.0,1000000.0,0.5,,-7.133546881626864484375405,-7.13354688162686E+000;-3.55271367880050E-015,all,main grid,
Binomial_Cumulative,K_STATS_Binomial_Cumulative,rel<=1E-9,rel,500000.0,1000000.0,0.5,,0.5003989421806658750445436,5.00398942180738E-001;-3.33066907387547E-016,all,main grid,
Binomial_Survival,K_STATS_Binomial_Survival,rel<=1E-9,rel,500000.0,1000000.0,0.5,,0.4996010578193341249554564,4.99601057819262E-001;3.33066907387547E-016,all,main grid,
Binomial_PMF,K_STATS_Binomial_PMF,rel<=1E-12,rel,501500.0,1000000.0,0.5,,0.000008863674664599164583786708,8.86367466459918E-006;-1.69406589450860E-021,all,main grid,
Binomial_LogPMF,K_STATS_Binomial_LogPMF,rel<=1E-12,rel,501500.0,1000000.0,0.5,,-11.6335491316339145070362,-1.16335491316339E+001;-1.24344978758018E-014,all,main grid,
Binomial_Cumulative,K_STATS_Binomial_Cumulative,rel<=1E-9,rel,501500.0,1000000.0,0.5,,0.9986545360216347207549066,9.98654536021634E-001;4.44089209850063E-016,all,main grid,
Binomial_Survival,K_STATS_Binomial_Survival,rel<=1E-9,rel,501500.0,1000000.0,0.5,,0.001345463978365279245093359,1.34546397836553E-003;-1.51788304147971E-018,all,main grid,
Binomial_InverseCumulative,K_STATS_Binomial_InverseCumulative,abs<=1E-9,abs,0.05,1000000.0,0.5,,499178.0,4.99178000000000E+005;0E+000,all,main grid,
Binomial_InverseCumulative,K_STATS_Binomial_InverseCumulative,abs<=1E-9,abs,0.5,1000000.0,0.5,,500000.0,5.00000000000000E+005;0E+000,all,main grid,
Binomial_InverseCumulative,K_STATS_Binomial_InverseCumulative,abs<=1E-9,abs,0.975,1000000.0,0.5,,500980.0,5.00980000000000E+005;0E+000,all,main grid,
Binomial_Mean,K_STATS_Binomial_Mean,rel<=1E-14,rel,1000000.0,0.5,,,500000.0,5.00000000000000E+005;0E+000,all,main grid,
Binomial_Variance,K_STATS_Binomial_Variance,rel<=1E-14,rel,1000000.0,0.5,,,250000.0,2.50000000000000E+005;0E+000,all,main grid,
Binomial_StdDev,K_STATS_Binomial_StdDev,rel<=1E-14,rel,1000000.0,0.5,,,500.0,5.00000000000000E+002;0E+000,all,main grid,
Binomial_PMF,K_STATS_Binomial_PMF,rel<=1E-12,rel,900000.0,1000000.0,0.9,,0.00132980648085254652583155,1.32980648085255E-003;-4.33680868994202E-018,all,main grid,
Binomial_LogPMF,K_STATS_Binomial_LogPMF,rel<=1E-12,rel,900000.0,1000000.0,0.9,,-6.62272185045346639102534,-6.62272185045347E+000;2.66453525910038E-015,all,main grid,
Binomial_Cumulative,K_STATS_Binomial_Cumulative,rel<=1E-9,rel,900000.0,1000000.0,0.9,,0.500487596075613820886406,5.00487596075632E-001;-3.33066907387547E-016,all,main grid,
Binomial_Survival,K_STATS_Binomial_Survival,rel<=1E-9,rel,900000.0,1000000.0,0.9,,0.499512403924386179113594,4.99512403924368E-001;3.33066907387547E-016,all,main grid,
Binomial_PMF,K_STATS_Binomial_PMF,rel<=1E-12,rel,900900.0,1000000.0,0.9,,0.00001465459993933562022982296,1.46545999393362E-005;6.77626357803440E-021,all,main grid,
Binomial_LogPMF,K_STATS_Binomial_LogPMF,rel<=1E-12,rel,900900.0,1000000.0,0.9,,-11.13075628275228991762666,-1.11307562827522E+001;-4.97379915032070E-014,all,main grid,
Binomial_Cumulative,K_STATS_Binomial_Cumulative,rel<=1E-9,rel,900900.0,1000000.0,0.9,,0.998673149751608254280077,9.98673149751608E-001;3.33066907387547E-016,all,main grid,
Binomial_Survival,K_STATS_Binomial_Survival,rel<=1E-9,rel,900900.0,1000000.0,0.9,,0.001326850248391745719923015,1.32685024839168E-003;1.08420217248550E-018,all,main grid,
Binomial_InverseCumulative,K_STATS_Binomial_InverseCumulative,abs<=1E-9,abs,0.05,1000000.0,0.9,,899506.0,8.99506000000000E+005;0E+000,all,main grid,
Binomial_InverseCumulative,K_STATS_Binomial_InverseCumulative,abs<=1E-9,abs,0.5,1000000.0,0.9,,900000.0,9.00000000000000E+005;0E+000,all,main grid,
Binomial_InverseCumulative,K_STATS_Binomial_InverseCumulative,abs<=1E-9,abs,0.975,1000000.0,0.9,,900588.0,9.00588000000000E+005;0E+000,all,main grid,
Binomial_Mean,K_STATS_Binomial_Mean,rel<=1E-14,rel,1000000.0,0.9,,,900000.0000000000222044605,9.00000000000000E+005;0E+000,all,main grid,
Binomial_Variance,K_STATS_Binomial_Variance,rel<=1E-14,rel,1000000.0,0.9,,,89999.99999999998223643161,9.00000000000000E+004;-1.45519152283669E-011,all,main grid,
Binomial_StdDev,K_STATS_Binomial_StdDev,rel<=1E-14,rel,1000000.0,0.9,,,299.9999999999999703940527,3.00000000000000E+002;0E+000,all,main grid,
Binomial_PMF,K_STATS_Binomial_PMF,rel<=1E-12,rel,200000.0,10000000.0,0.02,,0.0009011183822450205610826341,9.01118382245021E-004;-3.25260651745651E-019,all,main grid,
Binomial_LogPMF,K_STATS_Binomial_LogPMF,rel<=1E-12,rel,200000.0,10000000.0,0.02,,-7.01187391914773457586023,-7.01187391914773E+000;-4.44089209850063E-015,all,main grid,
Binomial_Cumulative,K_STATS_Binomial_Cumulative,rel<=1E-9,rel,200000.0,10000000.0,0.02,,0.5005947380002218844288102,5.00594738000220E-001;0E+000,all,main grid,
Binomial_Survival,K_STATS_Binomial_Survival,rel<=1E-9,rel,200000.0,10000000.0,0.02,,0.4994052619997781155711898,4.99405261999780E-001;-5.55111512312578E-017,all,main grid,
Binomial_PMF,K_STATS_Binomial_PMF,rel<=1E-12,rel,201328.0,10000000.0,0.02,,0.00001008630701993121146129059,1.00863070199309E-005;3.21872519956634E-020,all,main grid,
Binomial_LogPMF,K_STATS_Binomial_LogPMF,rel<=1E-12,rel,201328.0,10000000.0,0.02,,-11.50433179456569621819974,-1.15043317945657E+001;-2.30926389122033E-014,all,main grid,
Binomial_Cumulative,K_STATS_Binomial_Cumulative,rel<=1E-9,rel,201328.0,10000000.0,0.02,,0.9986407269801352909994565,9.98640726980135E-001;2.22044604925031E-016,all,main grid,
Binomial_Survival,K_STATS_Binomial_Survival,rel<=1E-9,rel,201328.0,10000000.0,0.02,,0.001359273019864709000543521,1.35927301986479E-003;2.16840434497101E-019,all,main grid,
Binomial_InverseCumulative,K_STATS_Binomial_InverseCumulative,abs<=1E-9,abs,0.05,10000000.0,0.02,,199272.0,1.99272000000000E+005;0E+000,all,main grid,
Binomial_InverseCumulative,K_STATS_Binomial_InverseCumulative,abs<=1E-9,abs,0.5,10000000.0,0.02,,200000.0,2.00000000000000E+005;0E+000,all,main grid,
Binomial_InverseCumulative,K_STATS_Binomial_InverseCumulative,abs<=1E-9,abs,0.975,10000000.0,0.02,,200868.0,2.00868000000000E+005;0E+000,all,main grid,
Binomial_Mean,K_STATS_Binomial_Mean,rel<=1E-14,rel,10000000.0,0.02,,,200000.0000000000041633363,2.00000000000000E+005;0E+000,all,main grid,
Binomial_Variance,K_STATS_Binomial_Variance,rel<=1E-14,rel,10000000.0,0.02,,,196000.0000000000039968029,1.96000000000000E+005;0E+000,all,main grid,
Binomial_StdDev,K_STATS_Binomial_StdDev,rel<=1E-14,rel,10000000.0,0.02,,,442.7188724235731109937738,4.42718872423573E+002;1.13686837721616E-013,all,main grid,
Binomial_PMF,K_STATS_Binomial_PMF,rel<=1E-12,rel,5000000.0,10000000.0,0.5,,0.000252313245894184778622216,2.52313245894185E-004;-2.16840434497101E-019,all,main grid,
Binomial_LogPMF,K_STATS_Binomial_LogPMF,rel<=1E-12,rel,5000000.0,10000000.0,0.5,,-8.284839203123887326426026,-8.28483920312389E+000;3.55271367880050E-015,all,main grid,
Binomial_Cumulative,K_STATS_Binomial_Cumulative,rel<=1E-9,rel,5000000.0,10000000.0,0.5,,0.5001261566229470923893111,5.00126156622789E-001;-3.33066907387547E-016,all,main grid,
Binomial_Survival,K_STATS_Binomial_Survival,rel<=1E-9,rel,5000000.0,10000000.0,0.5,,0.4998738433770529076106889,4.99873843377211E-001;2.22044604925031E-016,all,main grid,
Binomial_PMF,K_STATS_Binomial_PMF,rel<=1E-12,rel,5004743.0,10000000.0,0.5,,0.0000028051621085055739892665,2.80516210850558E-006;-2.11758236813575E-021,all,main grid,
Binomial_LogPMF,K_STATS_Binomial_LogPMF,rel<=1E-12,rel,5004743.0,10000000.0,0.5,,-12.78404922796593857817049,-1.27840492279659E+001;-3.73034936274053E-014,all,main grid,
Binomial_Cumulative,K_STATS_Binomial_Cumulative,rel<=1E-9,rel,5004743.0,10000000.0,0.5,,0.998650336909506260382686,9.98650336909506E-001;3.33066907387547E-016,all,main grid,
Binomial_Survival,K_STATS_Binomial_Survival,rel<=1E-9,rel,5004743.0,10000000.0,0.5,,0.001349663090493739617313974,1.34966309049368E-003;-1.30104260698261E-018,all,main grid,
Binomial_InverseCumulative,K_STATS_Binomial_InverseCumulative,abs<=1E-9,abs,0.05,10000000.0,0.5,,4997399.0,4.99739900000000E+006;0E+000,all,main grid,
Binomial_InverseCumulative,K_STATS_Binomial_InverseCumulative,abs<=1E-9,abs,0.5,10000000.0,0.5,,5000000.0,5.00000000000000E+006;0E+000,all,main grid,
Binomial_InverseCumulative,K_STATS_Binomial_InverseCumulative,abs<=1E-9,abs,0.975,10000000.0,0.5,,5003099.0,5.00309900000000E+006;0E+000,all,main grid,
Binomial_Mean,K_STATS_Binomial_Mean,rel<=1E-14,rel,10000000.0,0.5,,,5000000.0,5.00000000000000E+006;0E+000,all,main grid,
Binomial_Variance,K_STATS_Binomial_Variance,rel<=1E-14,rel,10000000.0,0.5,,,2500000.0,2.50000000000000E+006;0E+000,all,main grid,
Binomial_StdDev,K_STATS_Binomial_StdDev,rel<=1E-14,rel,10000000.0,0.5,,,1581.138830084189665999447,1.58113883008419E+003;-2.27373675443232E-013,all,main grid,
Binomial_PMF,K_STATS_Binomial_PMF,rel<=1E-12,rel,9000000.0,10000000.0,0.9,,0.0004205220515704819477555209,4.20522051570482E-004;4.33680868994202E-019,all,main grid,
Binomial_LogPMF,K_STATS_Binomial_LogPMF,rel<=1E-12,rel,9000000.0,10000000.0,0.9,,-7.774013638617155902477034,-7.77401363861715E+000;-4.44089209850063E-015,all,main grid,
Binomial_Cumulative,K_STATS_Binomial_Cumulative,rel<=1E-9,rel,9000000.0,10000000.0,0.9,,0.5001541914303896753538616,5.00154191430464E-001;-2.22044604925031E-016,all,main grid,
Binomial_Survival,K_STATS_Binomial_Survival,rel<=1E-9,rel,9000000.0,10000000.0,0.9,,0.4998458085696103246461384,4.99845808569536E-001;1.66533453693773E-016,all,main grid,
Binomial_PMF,K_STATS_Binomial_PMF,rel<=1E-12,rel,9002846.0,10000000.0,0.9,,0.000004660494796304781861099015,4.66049479630460E-006;-3.38813178901720E-021,all,main grid,
Binomial_LogPMF,K_STATS_Binomial_LogPMF,rel<=1E-12,rel,9002846.0,10000000.0,0.9,,-12.27638893599881448581064,-1.22763889359989E+001;4.61852778244065E-014,all,main grid,
Binomial_Cumulative,K_STATS_Binomial_Cumulative,rel<=1E-9,rel,9002846.0,10000000.0,0.9,,0.9986571790009806808324613,9.98657179000980E-001;2.22044604925031E-016,all,main grid,
Binomial_Survival,K_STATS_Binomial_Survival,rel<=1E-9,rel,9002846.0,10000000.0,0.9,,0.001342820999019319167538709,1.34282099901971E-003;4.77048955893622E-018,all,main grid,
Binomial_InverseCumulative,K_STATS_Binomial_InverseCumulative,abs<=1E-9,abs,0.05,10000000.0,0.9,,8998439.0,8.99843900000000E+006;0E+000,all,main grid,
Binomial_InverseCumulative,K_STATS_Binomial_InverseCumulative,abs<=1E-9,abs,0.5,10000000.0,0.9,,9000000.0,9.00000000000000E+006;0E+000,all,main grid,
Binomial_InverseCumulative,K_STATS_Binomial_InverseCumulative,abs<=1E-9,abs,0.975,10000000.0,0.9,,9001859.0,9.00185900000000E+006;0E+000,all,main grid,
Binomial_Mean,K_STATS_Binomial_Mean,rel<=1E-14,rel,10000000.0,0.9,,,9000000.000000000222044605,9.00000000000000E+006;0E+000,all,main grid,
Binomial_Variance,K_STATS_Binomial_Variance,rel<=1E-14,rel,10000000.0,0.9,,,899999.9999999998223643161,9.00000000000000E+005;-2.32830643653870E-010,all,main grid,
Binomial_StdDev,K_STATS_Binomial_StdDev,rel<=1E-14,rel,10000000.0,0.9,,,948.6832980505137059774422,9.48683298050514E+002;-3.41060513164848E-013,all,main grid,
Poisson_PMF,K_STATS_Poisson_PMF,rel<=1E-12,rel,3.0,3.0,,,0.2240418076553877434070409,2.24041807655388E-001;-2.49800180540660E-016,all,main grid,
Poisson_LogPMF,K_STATS_Poisson_LogPMF,rel<=1E-12,rel,3.0,3.0,,,-1.495922603223725926626742,-1.49592260322373E+000;4.21884749357559E-015,all,main grid,
Poisson_Cumulative,K_STATS_Poisson_Cumulative,rel<=1E-9,rel,3.0,3.0,,,0.6472318887822312587314514,6.47231888782231E-001;1.11022302462516E-016,all,main grid,
Poisson_Survival,K_STATS_Poisson_Survival,rel<=1E-9,rel,3.0,3.0,,,0.3527681112177687412685486,3.52768111217769E-001;-1.66533453693773E-016,all,main grid,
Poisson_PMF,K_STATS_Poisson_PMF,rel<=1E-12,rel,8.0,3.0,,,0.008101511794681431792843889,8.10151179468145E-003;5.20417042793042E-018,all,main grid,
Poisson_LogPMF,K_STATS_Poisson_LogPMF,rel<=1E-12,rel,8.0,3.0,,,-4.815704593400372697255266,-4.81570459340037E+000;0E+000,all,main grid,
Poisson_Cumulative,K_STATS_Poisson_Cumulative,rel<=1E-9,rel,8.0,3.0,,,0.9961970079383240429935789,9.96197007938324E-001;0E+000,all,main grid,
Poisson_Survival,K_STATS_Poisson_Survival,rel<=1E-9,rel,8.0,3.0,,,0.003802992061675957006421098,3.80299206167595E-003;4.33680868994202E-018,all,main grid,
Poisson_LogPMF,K_STATS_Poisson_LogPMF,rel<=1E-12,rel,0.0,3.0,,,-3.0,-3.00000000000000E+000;0E+000,all,main grid,
Poisson_InverseCumulative,K_STATS_Poisson_InverseCumulative,abs<=1E-9,abs,0.05,3.0,,,1.0,1.00000000000000E+000;0E+000,all,main grid,
Poisson_InverseCumulative,K_STATS_Poisson_InverseCumulative,abs<=1E-9,abs,0.5,3.0,,,3.0,3.00000000000000E+000;0E+000,all,main grid,
Poisson_InverseCumulative,K_STATS_Poisson_InverseCumulative,abs<=1E-9,abs,0.975,3.0,,,7.0,7.00000000000000E+000;0E+000,all,main grid,
Poisson_Mean,K_STATS_Poisson_Mean,rel<=1E-14,rel,3.0,,,,3.0,3.00000000000000E+000;0E+000,all,main grid,
Poisson_Variance,K_STATS_Poisson_Variance,rel<=1E-14,rel,3.0,,,,3.0,3.00000000000000E+000;0E+000,all,main grid,
Poisson_StdDev,K_STATS_Poisson_StdDev,rel<=1E-14,rel,3.0,,,,1.732050807568877293527446,1.73205080756888E+000;-2.88657986402541E-015,all,main grid,
Poisson_PMF,K_STATS_Poisson_PMF,rel<=1E-12,rel,50.0,50.0,,,0.05632500632519082541154874,5.63250063251908E-002;3.46944695195361E-017,all,main grid,
Poisson_LogPMF,K_STATS_Poisson_LogPMF,rel<=1E-12,rel,50.0,50.0,,,-2.876616680365729136599654,-2.87661668036573E+000;8.88178419700125E-016,all,main grid,
Poisson_Cumulative,K_STATS_Poisson_Cumulative,rel<=1E-9,rel,50.0,50.0,,,0.537516690853147543520643,5.37516690853148E-001;-4.44089209850063E-016,all,main grid,
Poisson_Survival,K_STATS_Poisson_Survival,rel<=1E-9,rel,50.0,50.0,,,0.462483309146852456479357,4.62483309146852E-001;4.44089209850063E-016,all,main grid,
Poisson_PMF,K_STATS_Poisson_PMF,rel<=1E-12,rel,71.0,50.0,,,0.0009604678413998671892997278,9.60467841399858E-004;4.33680868994202E-019,all,main grid,
Poisson_LogPMF,K_STATS_Poisson_LogPMF,rel<=1E-12,rel,71.0,50.0,,,-6.948090057419897580791661,-6.94809005741991E+000;3.55271367880050E-015,all,main grid,
Poisson_Cumulative,K_STATS_Poisson_Cumulative,rel<=1E-9,rel,71.0,50.0,,,0.9979897323233208794817626,9.97989732323321E-001;-1.11022302462516E-016,all,main grid,
Poisson_Survival,K_STATS_Poisson_Survival,rel<=1E-9,rel,71.0,50.0,,,0.002010267676679120518237371,2.01026767667910E-003;4.77048955893622E-018,all,main grid,
Poisson_LogPMF,K_STATS_Poisson_LogPMF,rel<=1E-12,rel,0.0,50.0,,,-50.0,-5.00000000000000E+001;0E+000,all,main grid,
Poisson_InverseCumulative,K_STATS_Poisson_InverseCumulative,abs<=1E-9,abs,0.05,50.0,,,39.0,3.90000000000000E+001;0E+000,all,main grid,
Poisson_InverseCumulative,K_STATS_Poisson_InverseCumulative,abs<=1E-9,abs,0.5,50.0,,,50.0,5.00000000000000E+001;0E+000,all,main grid,
Poisson_InverseCumulative,K_STATS_Poisson_InverseCumulative,abs<=1E-9,abs,0.975,50.0,,,64.0,6.40000000000000E+001;0E+000,all,main grid,
Poisson_Mean,K_STATS_Poisson_Mean,rel<=1E-14,rel,50.0,,,,50.0,5.00000000000000E+001;0E+000,all,main grid,
Poisson_Variance,K_STATS_Poisson_Variance,rel<=1E-14,rel,50.0,,,,50.0,5.00000000000000E+001;0E+000,all,main grid,
Poisson_StdDev,K_STATS_Poisson_StdDev,rel<=1E-14,rel,50.0,,,,7.071067811865475244008444,7.07106781186548E+000;-4.44089209850063E-015,all,main grid,
Poisson_PMF,K_STATS_Poisson_PMF,rel<=1E-12,rel,1000.0,1000.0,,,0.01261461134872149971803694,1.26146113487215E-002;0E+000,all,main grid,
Poisson_LogPMF,K_STATS_Poisson_LogPMF,rel<=1E-12,rel,1000.0,1000.0,,,-4.372899506026296824156523,-4.37289950602630E+000;3.55271367880050E-015,all,main grid,
Poisson_Cumulative,K_STATS_Poisson_Cumulative,rel<=1E-9,rel,1000.0,1000.0,,,0.5084093671685059912142591,5.08409367168506E-001;-3.33066907387547E-016,all,main grid,
Poisson_Survival,K_STATS_Poisson_Survival,rel<=1E-9,rel,1000.0,1000.0,,,0.4915906328314940087857409,4.91590632831494E-001;2.22044604925031E-016,all,main grid,
Poisson_PMF,K_STATS_Poisson_PMF,rel<=1E-12,rel,1094.0,1000.0,,,0.000165996662782716082031421,1.65996662782716E-004;2.98155597433514E-019,all,main grid,
Poisson_LogPMF,K_STATS_Poisson_LogPMF,rel<=1E-12,rel,1094.0,1000.0,,,-8.703542873528391149041602,-8.70354287352839E+000;0E+000,all,main grid,
Poisson_Cumulative,K_STATS_Poisson_Cumulative,rel<=1E-9,rel,1094.0,1000.0,,,0.9984020502788813753640289,9.98402050278881E-001;4.44089209850063E-016,all,main grid,
Poisson_Survival,K_STATS_Poisson_Survival,rel<=1E-9,rel,1094.0,1000.0,,,0.001597949721118624635971123,1.59794972111862E-003;1.95156391047391E-018,all,main grid,
Poisson_LogPMF,K_STATS_Poisson_LogPMF,rel<=1E-12,rel,0.0,1000.0,,,-1000.0,-1.00000000000000E+003;0E+000,all,main grid,
Poisson_InverseCumulative,K_STATS_Poisson_InverseCumulative,abs<=1E-9,abs,0.05,1000.0,,,948.0,9.48000000000000E+002;0E+000,all,main grid,
Poisson_InverseCumulative,K_STATS_Poisson_InverseCumulative,abs<=1E-9,abs,0.5,1000.0,,,1000.0,1.00000000000000E+003;0E+000,all,main grid,
Poisson_InverseCumulative,K_STATS_Poisson_InverseCumulative,abs<=1E-9,abs,0.975,1000.0,,,1062.0,1.06200000000000E+003;0E+000,all,main grid,
Poisson_Mean,K_STATS_Poisson_Mean,rel<=1E-14,rel,1000.0,,,,1000.0,1.00000000000000E+003;0E+000,all,main grid,
Poisson_Variance,K_STATS_Poisson_Variance,rel<=1E-14,rel,1000.0,,,,1000.0,1.00000000000000E+003;0E+000,all,main grid,
Poisson_StdDev,K_STATS_Poisson_StdDev,rel<=1E-14,rel,1000.0,,,,31.62277660168379331998894,3.16227766016838E+001;-7.10542735760100E-015,all,main grid,
Poisson_PMF,K_STATS_Poisson_PMF,rel<=1E-12,rel,1000000.0,1000000.0,,,0.000398942247156244029704544,3.98942247156244E-004;5.42101086242752E-020,all,main grid,
Poisson_LogPMF,K_STATS_Poisson_LogPMF,rel<=1E-12,rel,1000000.0,1000000.0,,,-7.82669389552014312716486,-7.82669389552014E+000;-2.66453525910038E-015,all,main grid,
Poisson_Cumulative,K_STATS_Poisson_Cumulative,rel<=1E-9,rel,1000000.0,1000000.0,,,0.5002659614862836527853817,5.00265961486296E-001;4.44089209850063E-016,all,main grid,
Poisson_Survival,K_STATS_Poisson_Survival,rel<=1E-9,rel,1000000.0,1000000.0,,,0.4997340385137163472146183,4.99734038513704E-001;-4.44089209850063E-016,all,main grid,
Poisson_PMF,K_STATS_Poisson_PMF,rel<=1E-12,rel,1003000.0,1000000.0,,,0.00000444514358187910365482648,4.44514358187911E-006;-1.69406589450860E-021,all,main grid,
Poisson_LogPMF,K_STATS_Poisson_LogPMF,rel<=1E-12,rel,1003000.0,1000000.0,,,-12.32369838763503816875992,-1.23236983876350E+001;-3.73034936274053E-014,all,main grid,
Poisson_Cumulative,K_STATS_Poisson_Cumulative,rel<=1E-9,rel,1003000.0,1000000.0,,,0.9986464098708987508097013,9.98646409870899E-001;-2.22044604925031E-016,all,main grid,
Poisson_Survival,K_STATS_Poisson_Survival,rel<=1E-9,rel,1003000.0,1000000.0,,,0.00135359012910124919029869,1.35359012910121E-003;-2.16840434497101E-019,all,main grid,
Poisson_LogPMF,K_STATS_Poisson_LogPMF,rel<=1E-12,rel,0.0,1000000.0,,,-1000000.0,-1.00000000000000E+006;0E+000,all,main grid,
Poisson_InverseCumulative,K_STATS_Poisson_InverseCumulative,abs<=1E-9,abs,0.05,1000000.0,,,998355.0,9.98355000000000E+005;0E+000,all,main grid,
Poisson_InverseCumulative,K_STATS_Poisson_InverseCumulative,abs<=1E-9,abs,0.5,1000000.0,,,1000000.0,1.00000000000000E+006;0E+000,all,main grid,
Poisson_InverseCumulative,K_STATS_Poisson_InverseCumulative,abs<=1E-9,abs,0.975,1000000.0,,,1001960.0,1.00196000000000E+006;0E+000,all,main grid,
Poisson_Mean,K_STATS_Poisson_Mean,rel<=1E-14,rel,1000000.0,,,,1000000.0,1.00000000000000E+006;0E+000,all,main grid,
Poisson_Variance,K_STATS_Poisson_Variance,rel<=1E-14,rel,1000000.0,,,,1000000.0,1.00000000000000E+006;0E+000,all,main grid,
Poisson_StdDev,K_STATS_Poisson_StdDev,rel<=1E-14,rel,1000000.0,,,,1000.0,1.00000000000000E+003;0E+000,all,main grid,
Geometric_PMF,K_STATS_Geometric_PMF,rel<=1E-12,rel,0.0,0.5,,,0.5,5.00000000000000E-001;0E+000,all,main grid,
Geometric_LogPMF,K_STATS_Geometric_LogPMF,rel<=1E-12,rel,0.0,0.5,,,-0.6931471805599453094172321,-6.93147180559945E-001;-3.33066907387547E-016,all,main grid,
Geometric_Cumulative,K_STATS_Geometric_Cumulative,rel<=1E-9,rel,0.0,0.5,,,0.5,5.00000000000000E-001;0E+000,all,main grid,
Geometric_Survival,K_STATS_Geometric_Survival,rel<=1E-9,rel,0.0,0.5,,,0.5,5.00000000000000E-001;0E+000,all,main grid,
Geometric_PMF,K_STATS_Geometric_PMF,rel<=1E-12,rel,1.0,0.5,,,0.25,2.50000000000000E-001;0E+000,all,main grid,
Geometric_LogPMF,K_STATS_Geometric_LogPMF,rel<=1E-12,rel,1.0,0.5,,,-1.386294361119890618834464,-1.38629436111989E+000;-6.66133814775094E-016,all,main grid,
Geometric_Cumulative,K_STATS_Geometric_Cumulative,rel<=1E-9,rel,1.0,0.5,,,0.75,7.50000000000000E-001;0E+000,all,main grid,
Geometric_Survival,K_STATS_Geometric_Survival,rel<=1E-9,rel,1.0,0.5,,,0.25,2.50000000000000E-001;0E+000,all,main grid,
Geometric_PMF,K_STATS_Geometric_PMF,rel<=1E-12,rel,8.0,0.5,,,0.001953125,1.95312500000000E-003;0E+000,all,main grid,
Geometric_LogPMF,K_STATS_Geometric_LogPMF,rel<=1E-12,rel,8.0,0.5,,,-6.238324625039507784755089,-6.23832462503951E+000;2.66453525910038E-015,all,main grid,
Geometric_Cumulative,K_STATS_Geometric_Cumulative,rel<=1E-9,rel,8.0,0.5,,,0.998046875,9.98046875000000E-001;0E+000,all,main grid,
Geometric_Survival,K_STATS_Geometric_Survival,rel<=1E-9,rel,8.0,0.5,,,0.001953125,1.95312500000000E-003;0E+000,all,main grid,
Geometric_InverseCumulative,K_STATS_Geometric_InverseCumulative,abs<=1E-9,abs,0.05,0.5,,,0.0,0E+000;0E+000,all,main grid,
Geometric_InverseCumulative,K_STATS_Geometric_InverseCumulative,abs<=1E-9,abs,0.5,0.5,,,0.0,0E+000;0E+000,all,main grid,
Geometric_InverseCumulative,K_STATS_Geometric_InverseCumulative,abs<=1E-9,abs,0.975,0.5,,,5.0,5.00000000000000E+000;0E+000,all,main grid,
Geometric_Mean,K_STATS_Geometric_Mean,rel<=1E-14,rel,0.5,,,,1.0,1.00000000000000E+000;0E+000,all,main grid,
Geometric_Variance,K_STATS_Geometric_Variance,rel<=1E-14,rel,0.5,,,,2.0,2.00000000000000E+000;0E+000,all,main grid,
Geometric_StdDev,K_STATS_Geometric_StdDev,rel<=1E-14,rel,0.5,,,,1.414213562373095048801689,1.41421356237310E+000;-4.88498130835069E-015,all,main grid,
Geometric_PMF,K_STATS_Geometric_PMF,rel<=1E-12,rel,0.0,0.05,,,0.05000000000000000277555756,5.00000000000000E-002;6.93889390390723E-018,all,main grid,
Geometric_LogPMF,K_STATS_Geometric_LogPMF,rel<=1E-12,rel,0.0,0.05,,,-2.995732273553990937924072,-2.99573227355399E+000;-8.88178419700125E-016,all,main grid,
Geometric_Cumulative,K_STATS_Geometric_Cumulative,rel<=1E-9,rel,0.0,0.05,,,0.05000000000000000277555756,5.00000000000000E-002;0E+000,all,main grid,
Geometric_Survival,K_STATS_Geometric_Survival,rel<=1E-9,rel,0.0,0.05,,,0.9499999999999999972244424,9.50000000000000E-001;0E+000,all,main grid,
Geometric_PMF,K_STATS_Geometric_PMF,rel<=1E-12,rel,18.0,0.05,,,0.01986071592291092716923973,1.98607159229109E-002;2.42861286636753E-017,all,main grid,
Geometric_LogPMF,K_STATS_Geometric_LogPMF,rel<=1E-12,rel,18.0,0.05,,,-3.919011572529900592185115,-3.91901157252990E+000;-4.44089209850063E-016,all,main grid,
Geometric_Cumulative,K_STATS_Geometric_Cumulative,rel<=1E-9,rel,18.0,0.05,,,0.6226463974646924058342693,6.22646397464692E-001;4.44089209850063E-016,all,main grid,
Geometric_Survival,K_STATS_Geometric_Survival,rel<=1E-9,rel,18.0,0.05,,,0.3773536025353075941657307,3.77353602535308E-001;-3.33066907387547E-016,all,main grid,
Geometric_PMF,K_STATS_Geometric_PMF,rel<=1E-12,rel,61.0,0.05,,,0.002188315451880223331883405,2.18831545188022E-003;3.90312782094782E-018,all,main grid,
Geometric_LogPMF,K_STATS_Geometric_LogPMF,rel<=1E-12,rel,61.0,0.05,,,-6.124623231194573655142049,-6.12462323119457E+000;-3.55271367880050E-015,all,main grid,
Geometric_Cumulative,K_STATS_Geometric_Cumulative,rel<=1E-9,rel,61.0,0.05,,,0.9584220064142757591237335,9.58422006414276E-001;-2.22044604925031E-016,all,main grid,
Geometric_Survival,K_STATS_Geometric_Survival,rel<=1E-9,rel,61.0,0.05,,,0.04157799358572424087626649,4.15779935857242E-002;4.85722573273506E-017,all,main grid,
Geometric_InverseCumulative,K_STATS_Geometric_InverseCumulative,abs<=1E-9,abs,0.05,0.05,,,0.0,0E+000;0E+000,all,main grid,
Geometric_InverseCumulative,K_STATS_Geometric_InverseCumulative,abs<=1E-9,abs,0.5,0.05,,,13.0,1.30000000000000E+001;0E+000,all,main grid,
Geometric_InverseCumulative,K_STATS_Geometric_InverseCumulative,abs<=1E-9,abs,0.975,0.05,,,71.0,7.10000000000000E+001;0E+000,all,main grid,
Geometric_Mean,K_STATS_Geometric_Mean,rel<=1E-14,rel,0.05,,,,18.99999999999999888977698,1.90000000000000E+001;-3.55271367880050E-015,all,main grid,
Geometric_Variance,K_STATS_Geometric_Variance,rel<=1E-14,rel,0.05,,,,379.999999999999956701302,3.80000000000000E+002;-1.13686837721616E-013,all,main grid,
Geometric_StdDev,K_STATS_Geometric_StdDev,rel<=1E-14,rel,0.05,,,,19.49358868961792670308866,1.94935886896179E+001;2.48689957516035E-014,all,main grid,
Geometric_PMF,K_STATS_Geometric_PMF,rel<=1E-12,rel,0.0,0.001,,,0.001000000000000000020816682,1.00000000000000E-003;2.16840434497101E-019,all,main grid,
Geometric_LogPMF,K_STATS_Geometric_LogPMF,rel<=1E-12,rel,0.0,0.001,,,-6.907755278982137031237293,-6.90775527898214E+000;3.55271367880050E-015,all,main grid,
Geometric_Cumulative,K_STATS_Geometric_Cumulative,rel<=1E-9,rel,0.0,0.001,,,0.001000000000000000020816682,1.00000000000000E-003;0E+000,all,main grid,
Geometric_Survival,K_STATS_Geometric_Survival,rel<=1E-9,rel,0.0,0.001,,,0.9989999999999999999791833,9.99000000000000E-001;0E+000,all,main grid,
Geometric_PMF,K_STATS_Geometric_PMF,rel<=1E-12,rel,998.0,0.001,,,0.0003684319201794026705729433,3.68431920179403E-004;-2.16840434497101E-019,all,main grid,
Geometric_LogPMF,K_STATS_Geometric_LogPMF,rel<=1E-12,rel,998.0,0.001,,,-7.906254611898503485175833,-7.90625461189850E+000;-2.66453525910038E-015,all,main grid,
Geometric_Cumulative,K_STATS_Geometric_Cumulative,rel<=1E-9,rel,998.0,0.001,,,0.6319365117407767397671596,6.31936511740777E-001;-3.33066907387547E-016,all,main grid,
Geometric_Survival,K_STATS_Geometric_Survival,rel<=1E-9,rel,998.0,0.001,,,0.3680634882592232602328404,3.68063488259223E-001;2.22044604925031E-016,all,main grid,
Geometric_PMF,K_STATS_Geometric_PMF,rel<=1E-12,rel,3001.0,0.001,,,0.0000496626816040382560164764,4.96626816040383E-005;-4.74338450462408E-020,all,main grid,
Geometric_LogPMF,K_STATS_Geometric_LogPMF,rel<=1E-12,rel,3001.0,0.001,,,-9.910256780066321127699778,-9.91025678006632E+000;-1.77635683940025E-015,all,main grid,
Geometric_Cumulative,K_STATS_Geometric_Cumulative,rel<=1E-9,rel,3001.0,0.001,,,0.9503869810775657832733523,9.50386981077566E-001;-2.22044604925031E-016,all,main grid,
Geometric_Survival,K_STATS_Geometric_Survival,rel<=1E-9,rel,3001.0,0.001,,,0.04961301892243421672664769,4.96130189224342E-002;2.77555756156289E-017,all,main grid,
Geometric_InverseCumulative,K_STATS_Geometric_InverseCumulative,abs<=1E-9,abs,0.05,0.001,,,51.0,5.10000000000000E+001;0E+000,all,main grid,
Geometric_InverseCumulative,K_STATS_Geometric_InverseCumulative,abs<=1E-9,abs,0.5,0.001,,,692.0,6.92000000000000E+002;0E+000,all,main grid,
Geometric_InverseCumulative,K_STATS_Geometric_InverseCumulative,abs<=1E-9,abs,0.975,0.001,,,3687.0,3.68700000000000E+003;0E+000,all,main grid,
Geometric_Mean,K_STATS_Geometric_Mean,rel<=1E-14,rel,0.001,,,,998.9999999999999791833183,9.99000000000000E+002;0E+000,all,main grid,
Geometric_Variance,K_STATS_Geometric_Variance,rel<=1E-14,rel,0.001,,,,998999.9999999999583874533,9.99000000000000E+005;0E+000,all,main grid,
Geometric_StdDev,K_STATS_Geometric_StdDev,rel<=1E-14,rel,0.001,,,,999.4998749374608893190417,9.99499874937461E+002;0E+000,all,main grid,
Geometric_PMF,K_STATS_Geometric_PMF,rel<=1E-12,rel,0.0,1.0e-6,,,0.0000009999999999999999547481118,1.00000000000000E-006;4.23516473627150E-022,all,main grid,
Geometric_LogPMF,K_STATS_Geometric_LogPMF,rel<=1E-12,rel,0.0,1.0e-6,,,-13.81551055796427414935984,-1.38155105579643E+001;2.66453525910038E-014,all,main grid,
Geometric_Cumulative,K_STATS_Geometric_Cumulative,rel<=1E-9,rel,0.0,1.0e-6,,,0.0000009999999999999999547481118,1.00000000000000E-006;0E+000,all,main grid,
Geometric_Survival,K_STATS_Geometric_Survival,rel<=1E-9,rel,0.0,1.0e-6,,,0.9999990000000000000000453,9.99999000000000E-001;0E+000,all,main grid,
Geometric_PMF,K_STATS_Geometric_PMF,rel<=1E-12,rel,999999.0,1.0e-6,,,0.0000003678796251112702055560037,3.67879625111270E-007;0E+000,all,main grid,
Geometric_LogPMF,K_STATS_Geometric_LogPMF,rel<=1E-12,rel,999999.0,1.0e-6,,,-14.81551005796410743735795,-1.48155100579641E+001;-7.10542735760100E-015,all,main grid,
Geometric_Cumulative,K_STATS_Geometric_Cumulative,rel<=1E-9,rel,999999.0,1.0e-6,,,0.6321207427683548890669542,6.32120742768355E-001;-1.11022302462516E-016,all,main grid,
Geometric_Survival,K_STATS_Geometric_Survival,rel<=1E-9,rel,999999.0,1.0e-6,,,0.3678792572316451109330458,3.67879257231645E-001;1.11022302462516E-016,all,main grid,
Geometric_PMF,K_STATS_Geometric_PMF,rel<=1E-12,rel,3000002.0,1.0e-6,,,4.978689411333003154068032e-8,4.97868941133300E-008;-4.63221143029695E-023,all,main grid,
Geometric_LogPMF,K_STATS_Geometric_LogPMF,rel<=1E-12,rel,3000002.0,1.0e-6,,,-16.81551405796627401502061,-1.68155140579663E+001;2.48689957516035E-014,all,main grid,
Geometric_Cumulative,K_STATS_Geometric_Cumulative,rel<=1E-9,rel,3000002.0,1.0e-6,,,0.9502131556735640795364003,9.50213155673564E-001;1.11022302462516E-016,all,main grid,
Geometric_Survival,K_STATS_Geometric_Survival,rel<=1E-9,rel,3000002.0,1.0e-6,,,0.04978684432643592046359974,4.97868443264359E-002;1.38777878078145E-017,all,main grid,
Geometric_InverseCumulative,K_STATS_Geometric_InverseCumulative,abs<=1E-9,abs,0.05,1.0e-6,,,51293.0,5.12930000000000E+004;0E+000,all,main grid,
Geometric_InverseCumulative,K_STATS_Geometric_InverseCumulative,abs<=1E-9,abs,0.5,1.0e-6,,,693146.0,6.93146000000000E+005;0E+000,all,main grid,
Geometric_InverseCumulative,K_STATS_Geometric_InverseCumulative,abs<=1E-9,abs,0.975,1.0e-6,,,3688877.0,3.68887700000000E+006;0E+000,all,main grid,
Geometric_Mean,K_STATS_Geometric_Mean,rel<=1E-14,rel,1.0e-6,,,,999999.0000000000452518882,9.99999000000000E+005;0E+000,all,main grid,
Geometric_Variance,K_STATS_Geometric_Variance,rel<=1E-14,rel,1.0e-6,,,,999999000000.0000905037311,9.99999000000000E+011;0E+000,all,main grid,
Geometric_StdDev,K_STATS_Geometric_StdDev,rel<=1E-14,rel,1.0e-6,,,,999999.4999998750451893881,9.99999499999875E+005;1.16415321826935E-010,all,main grid,
NegativeBinomial_PMF,K_STATS_NegativeBinomial_PMF,rel<=1E-12,rel,4.0,1.0,0.20000000000000001,,0.08192,8.19200000000000E-002;0E+000,all,main grid,
NegativeBinomial_LogPMF,K_STATS_NegativeBinomial_LogPMF,rel<=1E-12,rel,4.0,1.0,0.20000000000000001,,-2.50201211769093939766594,-2.50201211769094E+000;4.44089209850063E-016,all,main grid,
NegativeBinomial_Cumulative,K_STATS_NegativeBinomial_Cumulative,rel<=1E-9,rel,4.0,1.0,0.20000000000000001,,0.6723200000000000227373675,6.72320000000002E-001;-1.11022302462516E-016,all,main grid,
NegativeBinomial_Survival,K_STATS_NegativeBinomial_Survival,rel<=1E-9,rel,4.0,1.0,0.20000000000000001,,0.3276799999999999772626325,3.27679999999998E-001;1.11022302462516E-016,all,main grid,
NegativeBinomial_PMF,K_STATS_NegativeBinomial_PMF,rel<=1E-12,rel,17.0,1.0,0.20000000000000001,,0.0045035996273704951875,4.50359962737049E-003;4.33680868994202E-018,all,main grid,
NegativeBinomial_LogPMF,K_STATS_NegativeBinomial_LogPMF,rel<=1E-12,rel,17.0,1.0,0.20000000000000001,,-5.402878284775666403039017,-5.40287828477567E+000;3.55271367880050E-015,all,main grid,
NegativeBinomial_Cumulative,K_STATS_NegativeBinomial_Cumulative,rel<=1E-9,rel,17.0,1.0,0.20000000000000001,,0.9819856014905180205,9.81985601490518E-001;1.11022302462516E-016,all,main grid,
NegativeBinomial_Survival,K_STATS_NegativeBinomial_Survival,rel<=1E-9,rel,17.0,1.0,0.20000000000000001,,0.0180143985094819795,1.80143985094819E-002;3.46944695195361E-017,all,main grid,
NegativeBinomial_InverseCumulative,K_STATS_NegativeBinomial_InverseCumulative,abs<=1E-9,abs,0.070000000000000007,1.0,0.20000000000000001,,0.0,0E+000;0E+000,all,main grid,
NegativeBinomial_InverseCumulative,K_STATS_NegativeBinomial_InverseCumulative,abs<=1E-9,abs,0.53000000000000003,1.0,0.20000000000000001,,3.0,3.00000000000000E+000;0E+000,all,main grid,
NegativeBinomial_InverseCumulative,K_STATS_NegativeBinomial_InverseCumulative,abs<=1E-9,abs,0.93999999999999995,1.0,0.20000000000000001,,12.0,1.20000000000000E+001;0E+000,all,main grid,
NegativeBinomial_Mean,K_STATS_NegativeBinomial_Mean,rel<=1E-14,rel,1.0,0.20000000000000001,,,3.999999999999999722444244,4.00000000000000E+000;0E+000,all,main grid,
NegativeBinomial_Variance,K_STATS_NegativeBinomial_Variance,rel<=1E-14,rel,1.0,0.20000000000000001,,,19.99999999999999750199819,2.00000000000000E+001;0E+000,all,main grid,
NegativeBinomial_StdDev,K_STATS_NegativeBinomial_StdDev,rel<=1E-14,rel,1.0,0.20000000000000001,,,4.472135954999579113533255,4.47213595499958E+000;-8.88178419700125E-016,all,main grid,
NegativeBinomial_PMF,K_STATS_NegativeBinomial_PMF,rel<=1E-12,rel,1.0,1.0,0.5,,0.25,2.50000000000000E-001;0E+000,all,main grid,
NegativeBinomial_LogPMF,K_STATS_NegativeBinomial_LogPMF,rel<=1E-12,rel,1.0,1.0,0.5,,-1.386294361119890618834464,-1.38629436111989E+000;-6.66133814775094E-016,all,main grid,
NegativeBinomial_Cumulative,K_STATS_NegativeBinomial_Cumulative,rel<=1E-9,rel,1.0,1.0,0.5,,0.75,7.49999999999999E-001;3.33066907387547E-016,all,main grid,
NegativeBinomial_Survival,K_STATS_NegativeBinomial_Survival,rel<=1E-9,rel,1.0,1.0,0.5,,0.25,2.50000000000001E-001;-3.88578058618805E-016,all,main grid,
NegativeBinomial_PMF,K_STATS_NegativeBinomial_PMF,rel<=1E-12,rel,5.0,1.0,0.5,,0.015625,1.56250000000000E-002;2.08166817117217E-017,all,main grid,
NegativeBinomial_LogPMF,K_STATS_NegativeBinomial_LogPMF,rel<=1E-12,rel,5.0,1.0,0.5,,-4.158883083359671856503393,-4.15888308335967E+000;-8.88178419700125E-016,all,main grid,
NegativeBinomial_Cumulative,K_STATS_NegativeBinomial_Cumulative,rel<=1E-9,rel,5.0,1.0,0.5,,0.984375,9.84375000000000E-001;0E+000,all,main grid,
NegativeBinomial_Survival,K_STATS_NegativeBinomial_Survival,rel<=1E-9,rel,5.0,1.0,0.5,,0.015625,1.56250000000000E-002;-3.64291929955129E-017,all,main grid,
NegativeBinomial_InverseCumulative,K_STATS_NegativeBinomial_InverseCumulative,abs<=1E-9,abs,0.070000000000000007,1.0,0.5,,0.0,0E+000;0E+000,all,main grid,
NegativeBinomial_InverseCumulative,K_STATS_NegativeBinomial_InverseCumulative,abs<=1E-9,abs,0.53000000000000003,1.0,0.5,,1.0,1.00000000000000E+000;0E+000,all,main grid,
NegativeBinomial_InverseCumulative,K_STATS_NegativeBinomial_InverseCumulative,abs<=1E-9,abs,0.93999999999999995,1.0,0.5,,4.0,4.00000000000000E+000;0E+000,all,main grid,
NegativeBinomial_Mean,K_STATS_NegativeBinomial_Mean,rel<=1E-14,rel,1.0,0.5,,,1.0,1.00000000000000E+000;0E+000,all,main grid,
NegativeBinomial_Variance,K_STATS_NegativeBinomial_Variance,rel<=1E-14,rel,1.0,0.5,,,2.0,2.00000000000000E+000;0E+000,all,main grid,
NegativeBinomial_StdDev,K_STATS_NegativeBinomial_StdDev,rel<=1E-14,rel,1.0,0.5,,,1.414213562373095048801689,1.41421356237310E+000;-4.88498130835069E-015,all,main grid,
NegativeBinomial_PMF,K_STATS_NegativeBinomial_PMF,rel<=1E-12,rel,0.0,1.0,0.84999999999999998,,0.8499999999999999777955395,8.50000000000000E-001;0E+000,all,main grid,
NegativeBinomial_LogPMF,K_STATS_NegativeBinomial_LogPMF,rel<=1E-12,rel,0.0,1.0,0.84999999999999998,,-0.1625189294977749393085837,-1.62518929497775E-001;5.55111512312578E-017,all,main grid,
NegativeBinomial_Cumulative,K_STATS_NegativeBinomial_Cumulative,rel<=1E-9,rel,0.0,1.0,0.84999999999999998,,0.8499999999999999777955395,8.50000000000000E-001;-3.33066907387547E-016,all,main grid,
NegativeBinomial_Survival,K_STATS_NegativeBinomial_Survival,rel<=1E-9,rel,0.0,1.0,0.84999999999999998,,0.1500000000000000222044605,1.50000000000000E-001;3.33066907387547E-016,all,main grid,
NegativeBinomial_PMF,K_STATS_NegativeBinomial_PMF,rel<=1E-12,rel,1.0,1.0,0.84999999999999998,,0.1275000000000000155431223,1.27500000000000E-001;2.77555756156289E-017,all,main grid,
NegativeBinomial_LogPMF,K_STATS_NegativeBinomial_LogPMF,rel<=1E-12,rel,1.0,1.0,0.84999999999999998,,-2.059638914383656093318825,-2.05963891438366E+000;3.99680288865056E-015,all,main grid,
NegativeBinomial_Cumulative,K_STATS_NegativeBinomial_Cumulative,rel<=1E-9,rel,1.0,1.0,0.84999999999999998,,0.9774999999999999933386619,9.77500000000000E-001;-1.11022302462516E-016,all,main grid,
NegativeBinomial_Survival,K_STATS_NegativeBinomial_Survival,rel<=1E-9,rel,1.0,1.0,0.84999999999999998,,0.02250000000000000666133815,2.25000000000001E-002;-4.51028103753970E-017,all,main grid,
NegativeBinomial_InverseCumulative,K_STATS_NegativeBinomial_InverseCumulative,abs<=1E-9,abs,0.070000000000000007,1.0,0.84999999999999998,,0.0,0E+000;0E+000,all,main grid,
NegativeBinomial_InverseCumulative,K_STATS_NegativeBinomial_InverseCumulative,abs<=1E-9,abs,0.53000000000000003,1.0,0.84999999999999998,,0.0,0E+000;0E+000,all,main grid,
NegativeBinomial_InverseCumulative,K_STATS_NegativeBinomial_InverseCumulative,abs<=1E-9,abs,0.93999999999999995,1.0,0.84999999999999998,,1.0,1.00000000000000E+000;0E+000,all,main grid,
NegativeBinomial_Mean,K_STATS_NegativeBinomial_Mean,rel<=1E-14,rel,1.0,0.84999999999999998,,,0.1764705882352941483798761,1.76470588235294E-001;1.66533453693773E-016,all,main grid,
NegativeBinomial_Variance,K_STATS_NegativeBinomial_Variance,rel<=1E-14,rel,1.0,0.84999999999999998,,,0.2076124567474048858703514,2.07612456747405E-001;-1.11022302462516E-016,all,main grid,
NegativeBinomial_StdDev,K_STATS_NegativeBinomial_StdDev,rel<=1E-14,rel,1.0,0.84999999999999998,,,0.4556450995538137968248416,4.55645099553814E-001;-2.22044604925031E-016,all,main grid,
NegativeBinomial_PMF,K_STATS_NegativeBinomial_PMF,rel<=1E-12,rel,20.0,5.0,0.20000000000000001,,0.0392030205054475390943232,3.92030205054475E-002;4.16333634234434E-017,all,main grid,
NegativeBinomial_LogPMF,K_STATS_NegativeBinomial_LogPMF,rel<=1E-12,rel,20.0,5.0,0.20000000000000001,,-3.239001481443808447543172,-3.23900148144381E+000;1.77635683940025E-015,all,main grid,
NegativeBinomial_Cumulative,K_STATS_NegativeBinomial_Cumulative,rel<=1E-9,rel,20.0,5.0,0.20000000000000001,,0.5793256907478684717125632,5.79325690747855E-001;-2.22044604925031E-016,all,main grid,
NegativeBinomial_Survival,K_STATS_NegativeBinomial_Survival,rel<=1E-9,rel,20.0,5.0,0.20000000000000001,,0.4206743092521315282874368,4.20674309252145E-001;1.66533453693773E-016,all,main grid,
NegativeBinomial_PMF,K_STATS_NegativeBinomial_PMF,rel<=1E-12,rel,50.0,5.0,0.20000000000000001,,0.00144437923221104745735895,1.44437923221105E-003;-4.33680868994202E-019,all,main grid,
NegativeBinomial_LogPMF,K_STATS_NegativeBinomial_LogPMF,rel<=1E-12,rel,50.0,5.0,0.20000000000000001,,-6.540075646806786353018959,-6.54007564680678E+000;-4.44089209850063E-015,all,main grid,
NegativeBinomial_Cumulative,K_STATS_NegativeBinomial_Cumulative,rel<=1E-9,rel,50.0,5.0,0.20000000000000001,,0.9913491708521632570378546,9.91349170852163E-001;4.44089209850063E-016,all,main grid,
NegativeBinomial_Survival,K_STATS_NegativeBinomial_Survival,rel<=1E-9,rel,50.0,5.0,0.20000000000000001,,0.008650829147836742962145394,8.65082914783653E-003;3.46944695195361E-018,all,main grid,
NegativeBinomial_InverseCumulative,K_STATS_NegativeBinomial_InverseCumulative,abs<=1E-9,abs,0.070000000000000007,5.0,0.20000000000000001,,7.0,7.00000000000000E+000;0E+000,all,main grid,
NegativeBinomial_InverseCumulative,K_STATS_NegativeBinomial_InverseCumulative,abs<=1E-9,abs,0.53000000000000003,5.0,0.20000000000000001,,19.0,1.90000000000000E+001;0E+000,all,main grid,
NegativeBinomial_InverseCumulative,K_STATS_NegativeBinomial_InverseCumulative,abs<=1E-9,abs,0.93999999999999995,5.0,0.20000000000000001,,37.0,3.70000000000000E+001;0E+000,all,main grid,
NegativeBinomial_Mean,K_STATS_NegativeBinomial_Mean,rel<=1E-14,rel,5.0,0.20000000000000001,,,19.99999999999999861222122,2.00000000000000E+001;0E+000,all,main grid,
NegativeBinomial_Variance,K_STATS_NegativeBinomial_Variance,rel<=1E-14,rel,5.0,0.20000000000000001,,,99.99999999999998750999097,1.00000000000000E+002;0E+000,all,main grid,
NegativeBinomial_StdDev,K_STATS_NegativeBinomial_StdDev,rel<=1E-14,rel,5.0,0.20000000000000001,,,9.999999999999999375499549,1.00000000000000E+001;0E+000,all,main grid,
NegativeBinomial_PMF,K_STATS_NegativeBinomial_PMF,rel<=1E-12,rel,5.0,5.0,0.5,,0.123046875,1.23046875000000E-001;0E+000,all,main grid,
NegativeBinomial_LogPMF,K_STATS_NegativeBinomial_LogPMF,rel<=1E-12,rel,5.0,5.0,0.5,,-2.095189898647975096859246,-2.09518989864798E+000;4.88498130835069E-015,all,main grid,
NegativeBinomial_Cumulative,K_STATS_NegativeBinomial_Cumulative,rel<=1E-9,rel,5.0,5.0,0.5,,0.623046875,6.23046875000005E-001;-4.44089209850063E-016,all,main grid,
NegativeBinomial_Survival,K_STATS_NegativeBinomial_Survival,rel<=1E-9,rel,5.0,5.0,0.5,,0.376953125,3.76953124999995E-001;3.88578058618805E-016,all,main grid,
NegativeBinomial_PMF,K_STATS_NegativeBinomial_PMF,rel<=1E-12,rel,14.0,5.0,0.5,,0.00583648681640625,5.83648681640629E-003;-2.60208521396521E-018,all,main grid,
NegativeBinomial_LogPMF,K_STATS_NegativeBinomial_LogPMF,rel<=1E-12,rel,14.0,5.0,0.5,,-5.143626235692534422452162,-5.14362623569253E+000;1.77635683940025E-015,all,main grid,
NegativeBinomial_Cumulative,K_STATS_NegativeBinomial_Cumulative,rel<=1E-9,rel,14.0,5.0,0.5,,0.99039459228515625,9.90394592285156E-001;4.44089209850063E-016,all,main grid,
NegativeBinomial_Survival,K_STATS_NegativeBinomial_Survival,rel<=1E-9,rel,14.0,5.0,0.5,,0.00960540771484375,9.60540771484352E-003;0E+000,all,main grid,
NegativeBinomial_InverseCumulative,K_STATS_NegativeBinomial_InverseCumulative,abs<=1E-9,abs,0.070000000000000007,5.0,0.5,,1.0,1.00000000000000E+000;0E+000,all,main grid,
NegativeBinomial_InverseCumulative,K_STATS_NegativeBinomial_InverseCumulative,abs<=1E-9,abs,0.53000000000000003,5.0,0.5,,5.0,5.00000000000000E+000;0E+000,all,main grid,
NegativeBinomial_InverseCumulative,K_STATS_NegativeBinomial_InverseCumulative,abs<=1E-9,abs,0.93999999999999995,5.0,0.5,,10.0,1.00000000000000E+001;0E+000,all,main grid,
NegativeBinomial_Mean,K_STATS_NegativeBinomial_Mean,rel<=1E-14,rel,5.0,0.5,,,5.0,5.00000000000000E+000;0E+000,all,main grid,
NegativeBinomial_Variance,K_STATS_NegativeBinomial_Variance,rel<=1E-14,rel,5.0,0.5,,,10.0,1.00000000000000E+001;0E+000,all,main grid,
NegativeBinomial_StdDev,K_STATS_NegativeBinomial_StdDev,rel<=1E-14,rel,5.0,0.5,,,3.162277660168379331998894,3.16227766016838E+000;-4.44089209850063E-016,all,main grid,
NegativeBinomial_PMF,K_STATS_NegativeBinomial_PMF,rel<=1E-12,rel,0.0,5.0,0.84999999999999998,,0.4437053124999999420456642,4.43705312500000E-001;-5.55111512312578E-017,all,main grid,
NegativeBinomial_LogPMF,K_STATS_NegativeBinomial_LogPMF,rel<=1E-12,rel,0.0,5.0,0.84999999999999998,,-0.8125946474888746965429183,-8.12594647488875E-001;3.33066907387547E-016,all,main grid,
NegativeBinomial_Cumulative,K_STATS_NegativeBinomial_Cumulative,rel<=1E-9,rel,0.0,5.0,0.84999999999999998,,0.4437053124999999420456642,4.43705312499999E-001;-2.77555756156289E-016,all,main grid,
NegativeBinomial_Survival,K_STATS_NegativeBinomial_Survival,rel<=1E-9,rel,0.0,5.0,0.84999999999999998,,0.5562946875000000579543358,5.56294687500001E-001;3.33066907387547E-016,all,main grid,
NegativeBinomial_PMF,K_STATS_NegativeBinomial_PMF,rel<=1E-12,rel,3.0,5.0,0.84999999999999998,,0.05241269003906251643005419,5.24126900390625E-002;4.85722573273506E-017,all,main grid,
NegativeBinomial_LogPMF,K_STATS_NegativeBinomial_LogPMF,rel<=1E-12,rel,3.0,5.0,0.84999999999999998,,-2.948606540657104478867531,-2.94860654065710E+000;-3.99680288865056E-015,all,main grid,
NegativeBinomial_Cumulative,K_STATS_NegativeBinomial_Cumulative,rel<=1E-9,rel,3.0,5.0,0.84999999999999998,,0.9786475298828124890466305,9.78647529882813E-001;-3.33066907387547E-016,all,main grid,
NegativeBinomial_Survival,K_STATS_NegativeBinomial_Survival,rel<=1E-9,rel,3.0,5.0,0.84999999999999998,,0.02135247011718751095336946,2.13524701171873E-002;3.46944695195361E-017,all,main grid,
NegativeBinomial_InverseCumulative,K_STATS_NegativeBinomial_InverseCumulative,abs<=1E-9,abs,0.070000000000000007,5.0,0.84999999999999998,,0.0,0E+000;0E+000,all,main grid,
NegativeBinomial_InverseCumulative,K_STATS_NegativeBinomial_InverseCumulative,abs<=1E-9,abs,0.53000000000000003,5.0,0.84999999999999998,,1.0,1.00000000000000E+000;0E+000,all,main grid,
NegativeBinomial_InverseCumulative,K_STATS_NegativeBinomial_InverseCumulative,abs<=1E-9,abs,0.93999999999999995,5.0,0.84999999999999998,,3.0,3.00000000000000E+000;0E+000,all,main grid,
NegativeBinomial_Mean,K_STATS_NegativeBinomial_Mean,rel<=1E-14,rel,5.0,0.84999999999999998,,,0.8823529411764707418993806,8.82352941176471E-001;-2.22044604925031E-016,all,main grid,
NegativeBinomial_Variance,K_STATS_NegativeBinomial_Variance,rel<=1E-14,rel,5.0,0.84999999999999998,,,1.038062283737024429351757,1.03806228373702E+000;4.44089209850063E-015,all,main grid,
NegativeBinomial_StdDev,K_STATS_NegativeBinomial_StdDev,rel<=1E-14,rel,5.0,0.84999999999999998,,,1.018853416216986745277141,1.01885341621699E+000;-3.33066907387547E-015,all,main grid,
NegativeBinomial_PMF,K_STATS_NegativeBinomial_PMF,rel<=1E-12,rel,200.0,50.0,0.20000000000000001,,0.01259360478896254832142705,1.25936047889626E-002;-4.68375338513738E-017,all,main grid,
NegativeBinomial_LogPMF,K_STATS_NegativeBinomial_LogPMF,rel<=1E-12,rel,200.0,50.0,0.20000000000000001,,-4.374566150306615189629723,-4.37456615030661E+000;-5.32907051820075E-015,all,main grid,
NegativeBinomial_Cumulative,K_STATS_NegativeBinomial_Cumulative,rel<=1E-9,rel,200.0,50.0,0.20000000000000001,,0.5252173729402816401811484,5.25217372940208E-001;2.22044604925031E-016,all,main grid,
NegativeBinomial_Survival,K_STATS_NegativeBinomial_Survival,rel<=1E-9,rel,200.0,50.0,0.20000000000000001,,0.4747826270597183598188516,4.74782627059792E-001;-2.22044604925031E-016,all,main grid,
NegativeBinomial_PMF,K_STATS_NegativeBinomial_PMF,rel<=1E-12,rel,294.0,50.0,0.20000000000000001,,0.0002758324266334910158348838,2.75832426633489E-004;-4.33680868994202E-019,all,main grid,
NegativeBinomial_LogPMF,K_STATS_NegativeBinomial_LogPMF,rel<=1E-12,rel,294.0,50.0,0.20000000000000001,,-8.19571702651590615795889,-8.19571702651591E+000;-5.32907051820075E-015,all,main grid,
NegativeBinomial_Cumulative,K_STATS_NegativeBinomial_Cumulative,rel<=1E-9,rel,294.0,50.0,0.20000000000000001,,0.9964536643673215035602059,9.96453664367322E-001;-3.33066907387547E-016,all,main grid,
NegativeBinomial_Survival,K_STATS_NegativeBinomial_Survival,rel<=1E-9,rel,294.0,50.0,0.20000000000000001,,0.003546335632678496439794098,3.54633563267831E-003;3.46944695195361E-018,all,main grid,
NegativeBinomial_InverseCumulative,K_STATS_NegativeBinomial_InverseCumulative,abs<=1E-9,abs,0.070000000000000007,50.0,0.20000000000000001,,155.0,1.55000000000000E+002;0E+000,all,main grid,
NegativeBinomial_InverseCumulative,K_STATS_NegativeBinomial_InverseCumulative,abs<=1E-9,abs,0.53000000000000003,50.0,0.20000000000000001,,201.0,2.01000000000000E+002;0E+000,all,main grid,
NegativeBinomial_InverseCumulative,K_STATS_NegativeBinomial_InverseCumulative,abs<=1E-9,abs,0.93999999999999995,50.0,0.20000000000000001,,251.0,2.51000000000000E+002;0E+000,all,main grid,
NegativeBinomial_Mean,K_STATS_NegativeBinomial_Mean,rel<=1E-14,rel,50.0,0.20000000000000001,,,199.9999999999999861222122,2.00000000000000E+002;0E+000,all,main grid,
NegativeBinomial_Variance,K_STATS_NegativeBinomial_Variance,rel<=1E-14,rel,50.0,0.20000000000000001,,,999.9999999999998750999097,1.00000000000000E+003;0E+000,all,main grid,
NegativeBinomial_StdDev,K_STATS_NegativeBinomial_StdDev,rel<=1E-14,rel,50.0,0.20000000000000001,,,31.62277660168379134514511,3.16227766016838E+001;-7.10542735760100E-015,all,main grid,
NegativeBinomial_PMF,K_STATS_NegativeBinomial_PMF,rel<=1E-12,rel,50.0,50.0,0.5,,0.03979461869358938074906353,3.97946186935894E-002;-1.38777878078145E-017,all,main grid,
NegativeBinomial_LogPMF,K_STATS_NegativeBinomial_LogPMF,rel<=1E-12,rel,50.0,50.0,0.5,,-3.224023584537050242134839,-3.22402358453705E+000;0E+000,all,main grid,
NegativeBinomial_Cumulative,K_STATS_NegativeBinomial_Cumulative,rel<=1E-9,rel,50.0,50.0,0.5,,0.5397946186935893807490635,5.39794618693634E-001;0E+000,all,main grid,
NegativeBinomial_Survival,K_STATS_NegativeBinomial_Survival,rel<=1E-9,rel,50.0,50.0,0.5,,0.4602053813064106192509365,4.60205381306366E-001;0E+000,all,main grid,
NegativeBinomial_PMF,K_STATS_NegativeBinomial_PMF,rel<=1E-12,rel,80.0,50.0,0.5,,0.0008394943486682970417103867,8.39494348668295E-004;3.25260651745651E-019,all,main grid,
NegativeBinomial_LogPMF,K_STATS_NegativeBinomial_LogPMF,rel<=1E-12,rel,80.0,50.0,0.5,,-7.082710813252187602056453,-7.08271081325219E+000;0E+000,all,main grid,
NegativeBinomial_Cumulative,K_STATS_NegativeBinomial_Cumulative,rel<=1E-9,rel,80.0,50.0,0.5,,0.9968356577446228655935606,9.96835657744623E-001;-1.11022302462516E-016,all,main grid,
NegativeBinomial_Survival,K_STATS_NegativeBinomial_Survival,rel<=1E-9,rel,80.0,50.0,0.5,,0.003164342255377134406439385,3.16434225537704E-003;0E+000,all,main grid,
NegativeBinomial_InverseCumulative,K_STATS_NegativeBinomial_InverseCumulative,abs<=1E-9,abs,0.070000000000000007,50.0,0.5,,36.0,3.60000000000000E+001;0E+000,all,main grid,
NegativeBinomial_InverseCumulative,K_STATS_NegativeBinomial_InverseCumulative,abs<=1E-9,abs,0.53000000000000003,50.0,0.5,,50.0,5.00000000000000E+001;0E+000,all,main grid,
NegativeBinomial_InverseCumulative,K_STATS_NegativeBinomial_InverseCumulative,abs<=1E-9,abs,0.93999999999999995,50.0,0.5,,66.0,6.60000000000000E+001;0E+000,all,main grid,
NegativeBinomial_Mean,K_STATS_NegativeBinomial_Mean,rel<=1E-14,rel,50.0,0.5,,,50.0,5.00000000000000E+001;0E+000,all,main grid,
NegativeBinomial_Variance,K_STATS_NegativeBinomial_Variance,rel<=1E-14,rel,50.0,0.5,,,100.0,1.00000000000000E+002;0E+000,all,main grid,
NegativeBinomial_StdDev,K_STATS_NegativeBinomial_StdDev,rel<=1E-14,rel,50.0,0.5,,,10.0,1.00000000000000E+001;0E+000,all,main grid,
NegativeBinomial_PMF,K_STATS_NegativeBinomial_PMF,rel<=1E-12,rel,8.0,50.0,0.84999999999999998,,0.1252548526483122596493122,1.25254852648312E-001;3.05311331771918E-016,all,main grid,
NegativeBinomial_LogPMF,K_STATS_NegativeBinomial_LogPMF,rel<=1E-12,rel,8.0,50.0,0.84999999999999998,,-2.0774047960685807196054,-2.07740479606858E+000;-4.44089209850063E-016,all,main grid,
NegativeBinomial_Cumulative,K_STATS_NegativeBinomial_Cumulative,rel<=1E-9,rel,8.0,50.0,0.84999999999999998,,0.4880498144943980618026767,4.88049814494415E-001;2.77555756156289E-016,all,main grid,
NegativeBinomial_Survival,K_STATS_NegativeBinomial_Survival,rel<=1E-9,rel,8.0,50.0,0.84999999999999998,,0.5119501855056019381973233,5.11950185505585E-001;-2.22044604925031E-016,all,main grid,
NegativeBinomial_PMF,K_STATS_NegativeBinomial_PMF,rel<=1E-12,rel,18.0,50.0,0.84999999999999998,,0.004093474153270068042165803,4.09347415327009E-003;2.60208521396521E-018,all,main grid,
NegativeBinomial_LogPMF,K_STATS_NegativeBinomial_LogPMF,rel<=1E-12,rel,18.0,50.0,0.84999999999999998,,-5.49836124325832007176343,-5.49836124325831E+000;-3.55271367880050E-015,all,main grid,
NegativeBinomial_Cumulative,K_STATS_NegativeBinomial_Cumulative,rel<=1E-9,rel,18.0,50.0,0.84999999999999998,,0.9955875409711918781886331,9.95587540971192E-001;2.22044604925031E-016,all,main grid,
NegativeBinomial_Survival,K_STATS_NegativeBinomial_Survival,rel<=1E-9,rel,18.0,50.0,0.84999999999999998,,0.004412459028808121811366855,4.41245902880781E-003;-8.67361737988404E-019,all,main grid,
NegativeBinomial_InverseCumulative,K_STATS_NegativeBinomial_InverseCumulative,abs<=1E-9,abs,0.070000000000000007,50.0,0.84999999999999998,,4.0,4.00000000000000E+000;0E+000,all,main grid,
NegativeBinomial_InverseCumulative,K_STATS_NegativeBinomial_InverseCumulative,abs<=1E-9,abs,0.53000000000000003,50.0,0.84999999999999998,,9.0,9.00000000000000E+000;0E+000,all,main grid,
NegativeBinomial_InverseCumulative,K_STATS_NegativeBinomial_InverseCumulative,abs<=1E-9,abs,0.93999999999999995,50.0,0.84999999999999998,,14.0,1.40000000000000E+001;0E+000,all,main grid,
NegativeBinomial_Mean,K_STATS_NegativeBinomial_Mean,rel<=1E-14,rel,50.0,0.84999999999999998,,,8.823529411764707418993806,8.82352941176471E+000;-1.77635683940025E-015,all,main grid,
NegativeBinomial_Variance,K_STATS_NegativeBinomial_Variance,rel<=1E-14,rel,50.0,0.84999999999999998,,,10.38062283737024429351757,1.03806228373702E+001;4.44089209850063E-014,all,main grid,
NegativeBinomial_StdDev,K_STATS_NegativeBinomial_StdDev,rel<=1E-14,rel,50.0,0.84999999999999998,,,3.22189739708921275473342,3.22189739708921E+000;2.22044604925031E-015,all,main grid,
NegativeBinomial_PMF,K_STATS_NegativeBinomial_PMF,rel<=1E-12,rel,2000.0,500.0,0.20000000000000001,,0.003988724716197411738674073,3.98872471619741E-003;4.33680868994202E-018,all,main grid,
NegativeBinomial_LogPMF,K_STATS_NegativeBinomial_LogPMF,rel<=1E-12,rel,2000.0,500.0,0.20000000000000001,,-5.52428371917037246856307,-5.52428371917037E+000;-1.77635683940025E-015,all,main grid,
NegativeBinomial_Cumulative,K_STATS_NegativeBinomial_Cumulative,rel<=1E-9,rel,2000.0,500.0,0.20000000000000001,,0.5079784065346006367615217,5.07978406534604E-001;0E+000,all,main grid,
NegativeBinomial_Survival,K_STATS_NegativeBinomial_Survival,rel<=1E-9,rel,2000.0,500.0,0.20000000000000001,,0.4920215934653993632384783,4.92021593465396E-001;-5.55111512312578E-017,all,main grid,
NegativeBinomial_PMF,K_STATS_NegativeBinomial_PMF,rel<=1E-12,rel,2300.0,500.0,0.20000000000000001,,0.00005640370145868717098635516,5.64037014586874E-005;6.77626357803440E-021,all,main grid,
NegativeBinomial_LogPMF,K_STATS_NegativeBinomial_LogPMF,rel<=1E-12,rel,2300.0,500.0,0.20000000000000001,,-9.782975772913602667054412,-9.78297577291360E+000;1.77635683940025E-015,all,main grid,
NegativeBinomial_Cumulative,K_STATS_NegativeBinomial_Cumulative,rel<=1E-9,rel,2300.0,500.0,0.20000000000000001,,0.9980993661771256513596912,9.98099366177126E-001;-4.44089209850063E-016,all,main grid,
NegativeBinomial_Survival,K_STATS_NegativeBinomial_Survival,rel<=1E-9,rel,2300.0,500.0,0.20000000000000001,,0.001900633822874348640308776,1.90063382287437E-003;-2.16840434497101E-019,all,main grid,
NegativeBinomial_InverseCumulative,K_STATS_NegativeBinomial_InverseCumulative,abs<=1E-9,abs,0.070000000000000007,500.0,0.20000000000000001,,1854.0,1.85400000000000E+003;0E+000,all,main grid,
NegativeBinomial_InverseCumulative,K_STATS_NegativeBinomial_InverseCumulative,abs<=1E-9,abs,0.53000000000000003,500.0,0.20000000000000001,,2006.0,2.00600000000000E+003;0E+000,all,main grid,
NegativeBinomial_InverseCumulative,K_STATS_NegativeBinomial_InverseCumulative,abs<=1E-9,abs,0.93999999999999995,500.0,0.20000000000000001,,2158.0,2.15800000000000E+003;0E+000,all,main grid,
NegativeBinomial_Mean,K_STATS_NegativeBinomial_Mean,rel<=1E-14,rel,500.0,0.20000000000000001,,,1999.999999999999861222122,2.00000000000000E+003;0E+000,all,main grid,
NegativeBinomial_Variance,K_STATS_NegativeBinomial_Variance,rel<=1E-14,rel,500.0,0.20000000000000001,,,9999.999999999998750999097,1.00000000000000E+004;0E+000,all,main grid,
NegativeBinomial_StdDev,K_STATS_NegativeBinomial_StdDev,rel<=1E-14,rel,500.0,0.20000000000000001,,,99.99999999999999375499549,1.00000000000000E+002;0E+000,all,main grid,
NegativeBinomial_PMF,K_STATS_NegativeBinomial_PMF,rel<=1E-12,rel,500.0,500.0,0.5,,0.01261250908918040095342084,1.26125090891804E-002;1.21430643318376E-017,all,main grid,
NegativeBinomial_LogPMF,K_STATS_NegativeBinomial_LogPMF,rel<=1E-12,rel,500.0,500.0,0.5,,-4.373066172654074651140498,-4.37306617265407E+000;-3.55271367880050E-015,all,main grid,
NegativeBinomial_Cumulative,K_STATS_NegativeBinomial_Cumulative,rel<=1E-9,rel,500.0,500.0,0.5,,0.5126125090891804009534208,5.12612509089176E-001;-2.22044604925031E-016,all,main grid,
NegativeBinomial_Survival,K_STATS_NegativeBinomial_Survival,rel<=1E-9,rel,500.0,500.0,0.5,,0.4873874909108195990465792,4.87387490910824E-001;2.22044604925031E-016,all,main grid,
NegativeBinomial_PMF,K_STATS_NegativeBinomial_PMF,rel<=1E-12,rel,594.0,500.0,0.5,,0.0001940338395580824401200964,1.94033839558083E-004;-4.33680868994202E-019,all,main grid,
NegativeBinomial_LogPMF,K_STATS_NegativeBinomial_LogPMF,rel<=1E-12,rel,594.0,500.0,0.5,,-8.547477983400448571634062,-8.54747798340045E+000;1.77635683940025E-015,all,main grid,
NegativeBinomial_Cumulative,K_STATS_NegativeBinomial_Cumulative,rel<=1E-9,rel,594.0,500.0,0.5,,0.9979721206036889521375409,9.97972120603689E-001;-1.11022302462516E-016,all,main grid,
NegativeBinomial_Survival,K_STATS_NegativeBinomial_Survival,rel<=1E-9,rel,594.0,500.0,0.5,,0.002027879396311047862459128,2.02787939631105E-003;1.73472347597681E-018,all,main grid,
NegativeBinomial_InverseCumulative,K_STATS_NegativeBinomial_InverseCumulative,abs<=1E-9,abs,0.070000000000000007,500.0,0.5,,454.0,4.54000000000000E+002;0E+000,all,main grid,
NegativeBinomial_InverseCumulative,K_STATS_NegativeBinomial_InverseCumulative,abs<=1E-9,abs,0.53000000000000003,500.0,0.5,,502.0,5.02000000000000E+002;0E+000,all,main grid,
NegativeBinomial_InverseCumulative,K_STATS_NegativeBinomial_InverseCumulative,abs<=1E-9,abs,0.93999999999999995,500.0,0.5,,550.0,5.50000000000000E+002;0E+000,all,main grid,
NegativeBinomial_Mean,K_STATS_NegativeBinomial_Mean,rel<=1E-14,rel,500.0,0.5,,,500.0,5.00000000000000E+002;0E+000,all,main grid,
NegativeBinomial_Variance,K_STATS_NegativeBinomial_Variance,rel<=1E-14,rel,500.0,0.5,,,1000.0,1.00000000000000E+003;0E+000,all,main grid,
NegativeBinomial_StdDev,K_STATS_NegativeBinomial_StdDev,rel<=1E-14,rel,500.0,0.5,,,31.62277660168379331998894,3.16227766016838E+001;-7.10542735760100E-015,all,main grid,
NegativeBinomial_PMF,K_STATS_NegativeBinomial_PMF,rel<=1E-12,rel,88.0,500.0,0.84999999999999998,,0.03916760747424540826375866,3.91676074742454E-002;-6.93889390390723E-018,all,main grid,
NegativeBinomial_LogPMF,K_STATS_NegativeBinomial_LogPMF,rel<=1E-12,rel,88.0,500.0,0.84999999999999998,,-3.239905213735491840622958,-3.23990521373549E+000;-2.22044604925031E-015,all,main grid,
NegativeBinomial_Cumulative,K_STATS_NegativeBinomial_Cumulative,rel<=1E-9,rel,88.0,500.0,0.84999999999999998,,0.5191878713492523067731375,5.19187871349158E-001;-4.44089209850063E-016,all,main grid,
NegativeBinomial_Survival,K_STATS_NegativeBinomial_Survival,rel<=1E-9,rel,88.0,500.0,0.84999999999999998,,0.4808121286507476932268625,4.80812128650842E-001;4.44089209850063E-016,all,main grid,
NegativeBinomial_PMF,K_STATS_NegativeBinomial_PMF,rel<=1E-12,rel,118.0,500.0,0.84999999999999998,,0.0007424535741485442031948752,7.42453574148543E-004;4.33680868994202E-019,all,main grid,
NegativeBinomial_LogPMF,K_STATS_NegativeBinomial_LogPMF,rel<=1E-12,rel,118.0,500.0,0.84999999999999998,,-7.205550215641543276928624,-7.20555021564154E+000;-4.44089209850063E-015,all,main grid,
NegativeBinomial_Cumulative,K_STATS_NegativeBinomial_Cumulative,rel<=1E-9,rel,118.0,500.0,0.84999999999999998,,0.9975982354019912950008851,9.97598235401990E-001;1.11022302462516E-016,all,main grid,
NegativeBinomial_Survival,K_STATS_NegativeBinomial_Survival,rel<=1E-9,rel,118.0,500.0,0.84999999999999998,,0.002401764598008704999114921,2.40176459800988E-003;-2.16840434497101E-018,all,main grid,
NegativeBinomial_InverseCumulative,K_STATS_NegativeBinomial_InverseCumulative,abs<=1E-9,abs,0.070000000000000007,500.0,0.84999999999999998,,73.0,7.30000000000000E+001;0E+000,all,main grid,
NegativeBinomial_InverseCumulative,K_STATS_NegativeBinomial_InverseCumulative,abs<=1E-9,abs,0.53000000000000003,500.0,0.84999999999999998,,89.0,8.90000000000000E+001;0E+000,all,main grid,
NegativeBinomial_InverseCumulative,K_STATS_NegativeBinomial_InverseCumulative,abs<=1E-9,abs,0.93999999999999995,500.0,0.84999999999999998,,104.0,1.04000000000000E+002;0E+000,all,main grid,
NegativeBinomial_Mean,K_STATS_NegativeBinomial_Mean,rel<=1E-14,rel,500.0,0.84999999999999998,,,88.23529411764707418993806,8.82352941176471E+001;-2.84217094304040E-014,all,main grid,
NegativeBinomial_Variance,K_STATS_NegativeBinomial_Variance,rel<=1E-14,rel,500.0,0.84999999999999998,,,103.8062283737024429351757,1.03806228373702E+002;4.40536496171262E-013,all,main grid,
NegativeBinomial_StdDev,K_STATS_NegativeBinomial_StdDev,rel<=1E-14,rel,500.0,0.84999999999999998,,,10.18853416216986745277141,1.01885341621699E+001;-3.19744231092045E-014,all,main grid,
NegativeBinomial_PMF,K_STATS_NegativeBinomial_PMF,rel<=1E-12,rel,20000.0,5000.0,0.20000000000000001,,0.001261544183793716802653999,1.26154418379372E-003;-1.95156391047391E-018,all,main grid,
NegativeBinomial_LogPMF,K_STATS_NegativeBinomial_LogPMF,rel<=1E-12,rel,20000.0,5000.0,0.20000000000000001,,-6.675418765689764560158896,-6.67541876568976E+000;-3.55271367880050E-015,all,main grid,
NegativeBinomial_Cumulative,K_STATS_NegativeBinomial_Cumulative,rel<=1E-9,rel,20000.0,5000.0,0.20000000000000001,,0.5025231186440439694211177,5.02523118644045E-001;-2.22044604925031E-016,all,main grid,
NegativeBinomial_Survival,K_STATS_NegativeBinomial_Survival,rel<=1E-9,rel,20000.0,5000.0,0.20000000000000001,,0.4974768813559560305788823,4.97476881355955E-001;2.22044604925031E-016,all,main grid,
NegativeBinomial_PMF,K_STATS_NegativeBinomial_PMF,rel<=1E-12,rel,20948.0,5000.0,0.20000000000000001,,0.00001531194856742768567369889,1.53119485674279E-005;-2.71050543121376E-020,all,main grid,
NegativeBinomial_LogPMF,K_STATS_NegativeBinomial_LogPMF,rel<=1E-12,rel,20948.0,5000.0,0.20000000000000001,,-11.08687708223086314234732,-1.10868770822309E+001;4.97379915032070E-014,all,main grid,
NegativeBinomial_Cumulative,K_STATS_NegativeBinomial_Cumulative,rel<=1E-9,rel,20948.0,5000.0,0.20000000000000001,,0.998474287672988830557636,9.98474287672989E-001;-1.11022302462516E-016,all,main grid,
NegativeBinomial_Survival,K_STATS_NegativeBinomial_Survival,rel<=1E-9,rel,20948.0,5000.0,0.20000000000000001,,0.001525712327011169442364001,1.52571232701111E-003;3.25260651745651E-018,all,main grid,
NegativeBinomial_InverseCumulative,K_STATS_NegativeBinomial_InverseCumulative,abs<=1E-9,abs,0.070000000000000007,5000.0,0.20000000000000001,,19535.0,1.95350000000000E+004;0E+000,all,main grid,
NegativeBinomial_InverseCumulative,K_STATS_NegativeBinomial_InverseCumulative,abs<=1E-9,abs,0.53000000000000003,5000.0,0.20000000000000001,,20022.0,2.00220000000000E+004;0E+000,all,main grid,
NegativeBinomial_InverseCumulative,K_STATS_NegativeBinomial_InverseCumulative,abs<=1E-9,abs,0.93999999999999995,5000.0,0.20000000000000001,,20494.0,2.04940000000000E+004;0E+000,all,main grid,
NegativeBinomial_Mean,K_STATS_NegativeBinomial_Mean,rel<=1E-14,rel,5000.0,0.20000000000000001,,,19999.99999999999861222122,2.00000000000000E+004;0E+000,all,main grid,
NegativeBinomial_Variance,K_STATS_NegativeBinomial_Variance,rel<=1E-14,rel,5000.0,0.20000000000000001,,,99999.99999999998750999097,1.00000000000000E+005;0E+000,all,main grid,
NegativeBinomial_StdDev,K_STATS_NegativeBinomial_StdDev,rel<=1E-14,rel,5000.0,0.20000000000000001,,,316.2277660168379134514511,3.16227766016838E+002;-1.13686837721616E-013,all,main grid,
NegativeBinomial_PMF,K_STATS_NegativeBinomial_PMF,rel<=1E-12,rel,5000.0,5000.0,0.5,,0.003989323069691076880220075,3.98932306969107E-003;4.33680868994202E-018,all,main grid,
NegativeBinomial_LogPMF,K_STATS_NegativeBinomial_LogPMF,rel<=1E-12,rel,5000.0,5000.0,0.5,,-5.524133719192722443150146,-5.52413371919272E+000;-3.55271367880050E-015,all,main grid,
NegativeBinomial_Cumulative,K_STATS_NegativeBinomial_Cumulative,rel<=1E-9,rel,5000.0,5000.0,0.5,,0.5039893230696910768802201,5.03989323069681E-001;-3.33066907387547E-016,all,main grid,
NegativeBinomial_Survival,K_STATS_NegativeBinomial_Survival,rel<=1E-9,rel,5000.0,5000.0,0.5,,0.4960106769303089231197799,4.96010676930319E-001;2.77555756156289E-016,all,main grid,
NegativeBinomial_PMF,K_STATS_NegativeBinomial_PMF,rel<=1E-12,rel,5300.0,5000.0,0.5,,0.00004832329367475765731702455,4.83232936747577E-005;-2.71050543121376E-020,all,main grid,
NegativeBinomial_LogPMF,K_STATS_NegativeBinomial_LogPMF,rel<=1E-12,rel,5300.0,5000.0,0.5,,-9.937596842861968187752362,-9.93759684286197E+000;1.77635683940025E-015,all,main grid,
NegativeBinomial_Cumulative,K_STATS_NegativeBinomial_Cumulative,rel<=1E-9,rel,5300.0,5000.0,0.5,,0.9984916361481473812785142,9.98491636148147E-001;4.44089209850063E-016,all,main grid,
NegativeBinomial_Survival,K_STATS_NegativeBinomial_Survival,rel<=1E-9,rel,5300.0,5000.0,0.5,,0.00150836385185261872148578,1.50836385185262E-003;-3.90312782094782E-018,all,main grid,
NegativeBinomial_InverseCumulative,K_STATS_NegativeBinomial_InverseCumulative,abs<=1E-9,abs,0.070000000000000007,5000.0,0.5,,4853.0,4.85300000000000E+003;0E+000,all,main grid,
NegativeBinomial_InverseCumulative,K_STATS_NegativeBinomial_InverseCumulative,abs<=1E-9,abs,0.53000000000000003,5000.0,0.5,,5007.0,5.00700000000000E+003;0E+000,all,main grid,
NegativeBinomial_InverseCumulative,K_STATS_NegativeBinomial_InverseCumulative,abs<=1E-9,abs,0.93999999999999995,5000.0,0.5,,5156.0,5.15600000000000E+003;0E+000,all,main grid,
NegativeBinomial_Mean,K_STATS_NegativeBinomial_Mean,rel<=1E-14,rel,5000.0,0.5,,,5000.0,5.00000000000000E+003;0E+000,all,main grid,
NegativeBinomial_Variance,K_STATS_NegativeBinomial_Variance,rel<=1E-14,rel,5000.0,0.5,,,10000.0,1.00000000000000E+004;0E+000,all,main grid,
NegativeBinomial_StdDev,K_STATS_NegativeBinomial_StdDev,rel<=1E-14,rel,5000.0,0.5,,,100.0,1.00000000000000E+002;0E+000,all,main grid,
NegativeBinomial_PMF,K_STATS_NegativeBinomial_PMF,rel<=1E-12,rel,882.0,5000.0,0.84999999999999998,,0.0123831201046262646148029,1.23831201046263E-002;-3.29597460435593E-017,all,main grid,
NegativeBinomial_LogPMF,K_STATS_NegativeBinomial_LogPMF,rel<=1E-12,rel,882.0,5000.0,0.84999999999999998,,-4.391421015642027680315464,-4.39142101564203E+000;2.66453525910038E-015,all,main grid,
NegativeBinomial_Cumulative,K_STATS_NegativeBinomial_Cumulative,rel<=1E-9,rel,882.0,5000.0,0.84999999999999998,,0.5046130945599849581327164,5.04613094559980E-001;-4.44089209850063E-016,all,main grid,
NegativeBinomial_Survival,K_STATS_NegativeBinomial_Survival,rel<=1E-9,rel,882.0,5000.0,0.84999999999999998,,0.4953869054400150418672836,4.95386905440020E-001;3.33066907387547E-016,all,main grid,
NegativeBinomial_PMF,K_STATS_NegativeBinomial_PMF,rel<=1E-12,rel,979.0,5000.0,0.84999999999999998,,0.0001550480909693694109417587,1.55048090969370E-004;1.35525271560688E-019,all,main grid,
NegativeBinomial_LogPMF,K_STATS_NegativeBinomial_LogPMF,rel<=1E-12,rel,979.0,5000.0,0.84999999999999998,,-8.771775224848535385986942,-8.77177522484853E+000;0E+000,all,main grid,
NegativeBinomial_Cumulative,K_STATS_NegativeBinomial_Cumulative,rel<=1E-9,rel,979.0,5000.0,0.84999999999999998,,0.9984679178764686504250444,9.98467917876469E-001;-4.44089209850063E-016,all,main grid,
NegativeBinomial_Survival,K_STATS_NegativeBinomial_Survival,rel<=1E-9,rel,979.0,5000.0,0.84999999999999998,,0.001532082123531349574955562,1.53208212353135E-003;4.11996825544492E-018,all,main grid,
NegativeBinomial_InverseCumulative,K_STATS_NegativeBinomial_InverseCumulative,abs<=1E-9,abs,0.070000000000000007,5000.0,0.84999999999999998,,835.0,8.35000000000000E+002;0E+000,all,main grid,
NegativeBinomial_InverseCumulative,K_STATS_NegativeBinomial_InverseCumulative,abs<=1E-9,abs,0.53000000000000003,5000.0,0.84999999999999998,,885.0,8.85000000000000E+002;0E+000,all,main grid,
NegativeBinomial_InverseCumulative,K_STATS_NegativeBinomial_InverseCumulative,abs<=1E-9,abs,0.93999999999999995,5000.0,0.84999999999999998,,933.0,9.33000000000000E+002;0E+000,all,main grid,
NegativeBinomial_Mean,K_STATS_NegativeBinomial_Mean,rel<=1E-14,rel,5000.0,0.84999999999999998,,,882.3529411764707418993806,8.82352941176471E+002;-2.27373675443232E-013,all,main grid,
NegativeBinomial_Variance,K_STATS_NegativeBinomial_Variance,rel<=1E-14,rel,5000.0,0.84999999999999998,,,1038.062283737024429351757,1.03806228373702E+003;4.54747350886464E-012,all,main grid,
NegativeBinomial_StdDev,K_STATS_NegativeBinomial_StdDev,rel<=1E-14,rel,5000.0,0.84999999999999998,,,32.2189739708921275473342,3.22189739708921E+001;2.84217094304040E-014,all,main grid,
Hypergeometric_PMF,K_STATS_Hypergeometric_PMF,rel<=1E-12,rel,4.0,10.0,20.0,50.0,0.2800586031053713180354811,2.80058603105371E-001;3.33066907387547E-016,all,main grid,
Hypergeometric_LogPMF,K_STATS_Hypergeometric_LogPMF,rel<=1E-12,rel,4.0,10.0,20.0,50.0,-1.272756400907510536669262,-1.27275640090751E+000;-4.44089209850063E-016,all,main grid,
Hypergeometric_Cumulative,K_STATS_Hypergeometric_Cumulative,rel<=1E-9,rel,4.0,10.0,20.0,50.0,0.6450268898822080866604881,6.45026889882208E-001;2.22044604925031E-016,all,main grid,
Hypergeometric_Survival,K_STATS_Hypergeometric_Survival,rel<=1E-9,rel,4.0,10.0,20.0,50.0,0.3549731101177919133395119,3.54973110117792E-001;1.66533453693773E-016,all,main grid,
Hypergeometric_PMF,K_STATS_Hypergeometric_PMF,rel<=1E-12,rel,7.0,10.0,20.0,50.0,0.03063888991238250316969366,3.06388899123825E-002;-2.77555756156289E-017,all,main grid,
Hypergeometric_LogPMF,K_STATS_Hypergeometric_LogPMF,rel<=1E-12,rel,7.0,10.0,20.0,50.0,-3.485485164779695173610606,-3.48548516477970E+000;3.55271367880050E-015,all,main grid,
Hypergeometric_Cumulative,K_STATS_Hypergeometric_Cumulative,rel<=1E-9,rel,7.0,10.0,20.0,50.0,0.9941570404338067102791474,9.94157040433807E-001;-3.33066907387547E-016,all,main grid,
Hypergeometric_Survival,K_STATS_Hypergeometric_Survival,rel<=1E-9,rel,7.0,10.0,20.0,50.0,0.005842959566193289720852643,5.84295956619329E-003;-8.67361737988404E-019,all,main grid,
Hypergeometric_InverseCumulative,K_STATS_Hypergeometric_InverseCumulative,abs<=1E-9,abs,0.13,10.0,20.0,50.0,2.0,2.00000000000000E+000;0E+000,all,main grid,
Hypergeometric_InverseCumulative,K_STATS_Hypergeometric_InverseCumulative,abs<=1E-9,abs,0.56999999999999995,10.0,20.0,50.0,4.0,4.00000000000000E+000;0E+000,all,main grid,
Hypergeometric_InverseCumulative,K_STATS_Hypergeometric_InverseCumulative,abs<=1E-9,abs,0.91000000000000003,10.0,20.0,50.0,6.0,6.00000000000000E+000;0E+000,all,main grid,
Hypergeometric_Mean,K_STATS_Hypergeometric_Mean,rel<=1E-14,rel,10.0,20.0,50.0,,4.0,4.00000000000000E+000;0E+000,all,main grid,
Hypergeometric_Variance,K_STATS_Hypergeometric_Variance,rel<=1E-14,rel,10.0,20.0,50.0,,1.959183673469387755102041,1.95918367346939E+000;-2.22044604925031E-015,all,main grid,
Hypergeometric_StdDev,K_STATS_Hypergeometric_StdDev,rel<=1E-14,rel,10.0,20.0,50.0,,1.399708424447530341827019,1.39970842444753E+000;4.44089209850063E-016,all,main grid,
Hypergeometric_PMF,K_STATS_Hypergeometric_PMF,rel<=1E-12,rel,12.0,30.0,40.0,100.0,0.175948006861233142318117,1.75948006861233E-001;1.11022302462516E-016,all,main grid,
Hypergeometric_LogPMF,K_STATS_Hypergeometric_LogPMF,rel<=1E-12,rel,12.0,30.0,40.0,100.0,-1.737566743148933068319142,-1.73756674314893E+000;-3.33066907387547E-015,all,main grid,
Hypergeometric_Cumulative,K_STATS_Hypergeometric_Cumulative,rel<=1E-9,rel,12.0,30.0,40.0,100.0,0.5902188158964216855048887,5.90218815896421E-001;4.44089209850063E-016,all,main grid,
Hypergeometric_Survival,K_STATS_Hypergeometric_Survival,rel<=1E-9,rel,12.0,30.0,40.0,100.0,0.4097811841035783144951113,4.09781184103578E-001;4.44089209850063E-016,all,main grid,
Hypergeometric_PMF,K_STATS_Hypergeometric_PMF,rel<=1E-12,rel,17.0,30.0,40.0,100.0,0.01560883762240650117550266,1.56088376224064E-002;4.68375338513738E-017,all,main grid,
Hypergeometric_LogPMF,K_STATS_Hypergeometric_LogPMF,rel<=1E-12,rel,17.0,30.0,40.0,100.0,-4.15991801087844063052561,-4.15991801087844E+000;-4.44089209850063E-015,all,main grid,
Hypergeometric_Cumulative,K_STATS_Hypergeometric_Cumulative,rel<=1E-9,rel,17.0,30.0,40.0,100.0,0.9926355378191970092834477,9.92635537819197E-001;0E+000,all,main grid,
Hypergeometric_Survival,K_STATS_Hypergeometric_Survival,rel<=1E-9,rel,17.0,30.0,40.0,100.0,0.007364462180802990716552269,7.36446218080295E-003;-5.20417042793042E-018,all,main grid,
Hypergeometric_InverseCumulative,K_STATS_Hypergeometric_InverseCumulative,abs<=1E-9,abs,0.13,30.0,40.0,100.0,9.0,9.00000000000000E+000;0E+000,all,main grid,
Hypergeometric_InverseCumulative,K_STATS_Hypergeometric_InverseCumulative,abs<=1E-9,abs,0.56999999999999995,30.0,40.0,100.0,12.0,1.20000000000000E+001;0E+000,all,main grid,
Hypergeometric_InverseCumulative,K_STATS_Hypergeometric_InverseCumulative,abs<=1E-9,abs,0.91000000000000003,30.0,40.0,100.0,15.0,1.50000000000000E+001;0E+000,all,main grid,
Hypergeometric_Mean,K_STATS_Hypergeometric_Mean,rel<=1E-14,rel,30.0,40.0,100.0,,12.0,1.20000000000000E+001;0E+000,all,main grid,
Hypergeometric_Variance,K_STATS_Hypergeometric_Variance,rel<=1E-14,rel,30.0,40.0,100.0,,5.090909090909090909090909,5.09090909090909E+000;8.88178419700125E-016,all,main grid,
Hypergeometric_StdDev,K_STATS_Hypergeometric_StdDev,rel<=1E-14,rel,30.0,40.0,100.0,,2.256304299271064835660589,2.25630429927106E+000;4.88498130835069E-015,all,main grid,
Hypergeometric_PMF,K_STATS_Hypergeometric_PMF,rel<=1E-12,rel,50.0,100.0,500.0,1000.0,0.08389209209281303302881274,8.38920920928131E-002;-4.16333634234434E-017,all,main grid,
Hypergeometric_LogPMF,K_STATS_Hypergeometric_LogPMF,rel<=1E-12,rel,50.0,100.0,500.0,1000.0,-2.478223923910480339870122,-2.47822392391048E+000;0E+000,all,main grid,
Hypergeometric_Cumulative,K_STATS_Hypergeometric_Cumulative,rel<=1E-9,rel,50.0,100.0,500.0,1000.0,0.5419460460464065165144064,5.41946046046407E-001;-2.22044604925031E-016,all,main grid,
Hypergeometric_Survival,K_STATS_Hypergeometric_Survival,rel<=1E-9,rel,50.0,100.0,500.0,1000.0,0.4580539539535934834855936,4.58053953953593E-001;4.99600361081320E-016,all,main grid,
Hypergeometric_PMF,K_STATS_Hypergeometric_PMF,rel<=1E-12,rel,60.0,100.0,500.0,1000.0,0.009154617492947366154943652,9.15461749294735E-003;3.46944695195361E-018,all,main grid,
Hypergeometric_LogPMF,K_STATS_Hypergeometric_LogPMF,rel<=1E-12,rel,60.0,100.0,500.0,1000.0,-4.693496882946723831213135,-4.69349688294673E+000;4.44089209850063E-015,all,main grid,
Hypergeometric_Cumulative,K_STATS_Hypergeometric_Cumulative,rel<=1E-9,rel,60.0,100.0,500.0,1000.0,0.9867738661204394847833975,9.86773866120439E-001;4.44089209850063E-016,all,main grid,
Hypergeometric_Survival,K_STATS_Hypergeometric_Survival,rel<=1E-9,rel,60.0,100.0,500.0,1000.0,0.01322613387956051521660253,1.32261338795605E-002;2.77555756156289E-017,all,main grid,
Hypergeometric_InverseCumulative,K_STATS_Hypergeometric_InverseCumulative,abs<=1E-9,abs,0.13,100.0,500.0,1000.0,45.0,4.50000000000000E+001;0E+000,all,main grid,
Hypergeometric_InverseCumulative,K_STATS_Hypergeometric_InverseCumulative,abs<=1E-9,abs,0.56999999999999995,100.0,500.0,1000.0,51.0,5.10000000000000E+001;0E+000,all,main grid,
Hypergeometric_InverseCumulative,K_STATS_Hypergeometric_InverseCumulative,abs<=1E-9,abs,0.91000000000000003,100.0,500.0,1000.0,56.0,5.60000000000000E+001;0E+000,all,main grid,
Hypergeometric_Mean,K_STATS_Hypergeometric_Mean,rel<=1E-14,rel,100.0,500.0,1000.0,,50.0,5.00000000000000E+001;0E+000,all,main grid,
Hypergeometric_Variance,K_STATS_Hypergeometric_Variance,rel<=1E-14,rel,100.0,500.0,1000.0,,22.52252252252252252252252,2.25225225225225E+001;2.13162820728030E-014,all,main grid,
Hypergeometric_StdDev,K_STATS_Hypergeometric_StdDev,rel<=1E-14,rel,100.0,500.0,1000.0,,4.745789978762494976757389,4.74578997876250E+000;-4.44089209850063E-015,all,main grid,
Hypergeometric_PMF,K_STATS_Hypergeometric_PMF,rel<=1E-12,rel,10.0,50.0,200.0,1000.0,0.1434479694110065506104074,1.43447969411007E-001;-4.16333634234434E-016,all,main grid,
Hypergeometric_LogPMF,K_STATS_Hypergeometric_LogPMF,rel<=1E-12,rel,10.0,50.0,200.0,1000.0,-1.941782892033086453175254,-1.94178289203309E+000;3.55271367880050E-015,all,main grid,
Hypergeometric_Cumulative,K_STATS_Hypergeometric_Cumulative,rel<=1E-9,rel,10.0,50.0,200.0,1000.0,0.584303973571837451726481,5.84303973571838E-001;-4.44089209850063E-016,all,main grid,
Hypergeometric_Survival,K_STATS_Hypergeometric_Survival,rel<=1E-9,rel,10.0,50.0,200.0,1000.0,0.415696026428162548273519,4.15696026428162E-001;3.88578058618805E-016,all,main grid,
Hypergeometric_PMF,K_STATS_Hypergeometric_PMF,rel<=1E-12,rel,16.0,50.0,200.0,1000.0,0.01507891566715412625505307,1.50789156671542E-002;1.73472347597681E-018,all,main grid,
Hypergeometric_LogPMF,K_STATS_Hypergeometric_LogPMF,rel<=1E-12,rel,16.0,50.0,200.0,1000.0,-4.194457824348773661719256,-4.19445782434877E+000;8.88178419700125E-016,all,main grid,
Hypergeometric_Cumulative,K_STATS_Hypergeometric_Cumulative,rel<=1E-9,rel,16.0,50.0,200.0,1000.0,0.9876686183585865535425993,9.87668618358587E-001;-4.44089209850063E-016,all,main grid,
Hypergeometric_Survival,K_STATS_Hypergeometric_Survival,rel<=1E-9,rel,16.0,50.0,200.0,1000.0,0.01233138164141344645740074,1.23313816414135E-002;-2.94902990916057E-017,all,main grid,
Hypergeometric_InverseCumulative,K_STATS_Hypergeometric_InverseCumulative,abs<=1E-9,abs,0.13,50.0,200.0,1000.0,7.0,7.00000000000000E+000;0E+000,all,main grid,
Hypergeometric_InverseCumulative,K_STATS_Hypergeometric_InverseCumulative,abs<=1E-9,abs,0.56999999999999995,50.0,200.0,1000.0,10.0,1.00000000000000E+001;0E+000,all,main grid,
Hypergeometric_InverseCumulative,K_STATS_Hypergeometric_InverseCumulative,abs<=1E-9,abs,0.91000000000000003,50.0,200.0,1000.0,14.0,1.40000000000000E+001;0E+000,all,main grid,
Hypergeometric_Mean,K_STATS_Hypergeometric_Mean,rel<=1E-14,rel,50.0,200.0,1000.0,,10.0,1.00000000000000E+001;0E+000,all,main grid,
Hypergeometric_Variance,K_STATS_Hypergeometric_Variance,rel<=1E-14,rel,50.0,200.0,1000.0,,7.607607607607607607607608,7.60760760760761E+000;-2.66453525910038E-015,all,main grid,
Hypergeometric_StdDev,K_STATS_Hypergeometric_StdDev,rel<=1E-14,rel,50.0,200.0,1000.0,,2.758189189959167323762505,2.75818918995917E+000;-2.66453525910038E-015,all,main grid,
Hypergeometric_PMF,K_STATS_Hypergeometric_PMF,rel<=1E-12,rel,25.0,500.0,5000.0,100000.0,0.08179284251089551037111053,8.17928425108955E-002;2.77555756156289E-017,all,main grid,
Hypergeometric_LogPMF,K_STATS_Hypergeometric_LogPMF,rel<=1E-12,rel,25.0,500.0,5000.0,100000.0,-2.503565539068575398842378,-2.50356553906858E+000;4.88498130835069E-015,all,main grid,
Hypergeometric_Cumulative,K_STATS_Hypergeometric_Cumulative,rel<=1E-9,rel,25.0,500.0,5000.0,100000.0,0.5529492470373848160497481,5.52949247037385E-001;-1.11022302462516E-016,all,main grid,
Hypergeometric_Survival,K_STATS_Hypergeometric_Survival,rel<=1E-9,rel,25.0,500.0,5000.0,100000.0,0.4470507529626151839502519,4.47050752962615E-001;1.66533453693773E-016,all,main grid,
Hypergeometric_PMF,K_STATS_Hypergeometric_PMF,rel<=1E-12,rel,35.0,500.0,5000.0,100000.0,0.0105420285650460477499808,1.05420285650460E-002;3.46944695195361E-017,all,main grid,
Hypergeometric_LogPMF,K_STATS_Hypergeometric_LogPMF,rel<=1E-12,rel,35.0,500.0,5000.0,100000.0,-4.552385290910785040834611,-4.55238529091079E+000;3.55271367880050E-015,all,main grid,
Hypergeometric_Cumulative,K_STATS_Hypergeometric_Cumulative,rel<=1E-9,rel,35.0,500.0,5000.0,100000.0,0.9806179150519216057527724,9.80617915051922E-001;-3.33066907387547E-016,all,main grid,
Hypergeometric_Survival,K_STATS_Hypergeometric_Survival,rel<=1E-9,rel,35.0,500.0,5000.0,100000.0,0.01938208494807839424722757,1.93820849480783E-002;4.16333634234434E-017,all,main grid,
Hypergeometric_InverseCumulative,K_STATS_Hypergeometric_InverseCumulative,abs<=1E-9,abs,0.13,500.0,5000.0,100000.0,20.0,2.00000000000000E+001;0E+000,all,main grid,
Hypergeometric_InverseCumulative,K_STATS_Hypergeometric_InverseCumulative,abs<=1E-9,abs,0.56999999999999995,500.0,5000.0,100000.0,26.0,2.60000000000000E+001;0E+000,all,main grid,
Hypergeometric_InverseCumulative,K_STATS_Hypergeometric_InverseCumulative,abs<=1E-9,abs,0.91000000000000003,500.0,5000.0,100000.0,32.0,3.20000000000000E+001;0E+000,all,main grid,
Hypergeometric_Mean,K_STATS_Hypergeometric_Mean,rel<=1E-14,rel,500.0,5000.0,100000.0,,25.0,2.50000000000000E+001;0E+000,all,main grid,
Hypergeometric_Variance,K_STATS_Hypergeometric_Variance,rel<=1E-14,rel,500.0,5000.0,100000.0,,23.63148631486314863148631,2.36314863148631E+001;4.97379915032070E-014,all,main grid,
Hypergeometric_StdDev,K_STATS_Hypergeometric_StdDev,rel<=1E-14,rel,500.0,5000.0,100000.0,,4.86122271808885018827463,4.86122271808885E+000;0E+000,all,main grid,
DiscreteUniform_PMF,K_STATS_DiscreteUniform_PMF,rel<=1E-14,rel,1.0,1.0,6.0,,0.1666666666666666666666667,1.66666666666667E-001;-3.33066907387547E-016,all,main grid,
DiscreteUniform_LogPMF,K_STATS_DiscreteUniform_LogPMF,rel<=1E-14,rel,1.0,1.0,6.0,,-1.791759469228055000812477,-1.79175946922805E+000;-4.88498130835069E-015,all,main grid,
DiscreteUniform_Cumulative,K_STATS_DiscreteUniform_Cumulative,rel<=1E-14,rel,1.0,1.0,6.0,,0.1666666666666666666666667,1.66666666666667E-001;-3.33066907387547E-016,all,main grid,
DiscreteUniform_Survival,K_STATS_DiscreteUniform_Survival,rel<=1E-14,rel,1.0,1.0,6.0,,0.8333333333333333333333333,8.33333333333333E-001;3.33066907387547E-016,all,main grid,
DiscreteUniform_PMF,K_STATS_DiscreteUniform_PMF,rel<=1E-14,rel,3.0,1.0,6.0,,0.1666666666666666666666667,1.66666666666667E-001;-3.33066907387547E-016,all,main grid,
DiscreteUniform_LogPMF,K_STATS_DiscreteUniform_LogPMF,rel<=1E-14,rel,3.0,1.0,6.0,,-1.791759469228055000812477,-1.79175946922805E+000;-4.88498130835069E-015,all,main grid,
DiscreteUniform_Cumulative,K_STATS_DiscreteUniform_Cumulative,rel<=1E-14,rel,3.0,1.0,6.0,,0.5,5.00000000000000E-001;0E+000,all,main grid,
DiscreteUniform_Survival,K_STATS_DiscreteUniform_Survival,rel<=1E-14,rel,3.0,1.0,6.0,,0.5,5.00000000000000E-001;0E+000,all,main grid,
DiscreteUniform_PMF,K_STATS_DiscreteUniform_PMF,rel<=1E-14,rel,6.0,1.0,6.0,,0.1666666666666666666666667,1.66666666666667E-001;-3.33066907387547E-016,all,main grid,
DiscreteUniform_LogPMF,K_STATS_DiscreteUniform_LogPMF,rel<=1E-14,rel,6.0,1.0,6.0,,-1.791759469228055000812477,-1.79175946922805E+000;-4.88498130835069E-015,all,main grid,
DiscreteUniform_Cumulative,K_STATS_DiscreteUniform_Cumulative,rel<=1E-14,rel,6.0,1.0,6.0,,1.0,1.00000000000000E+000;0E+000,all,main grid,
DiscreteUniform_InverseCumulative,K_STATS_DiscreteUniform_InverseCumulative,abs<=1E-9,abs,0.061666666666666668,1.0,6.0,,1.0,1.00000000000000E+000;0E+000,all,main grid,
DiscreteUniform_InverseCumulative,K_STATS_DiscreteUniform_InverseCumulative,abs<=1E-9,abs,0.39500000000000002,1.0,6.0,,3.0,3.00000000000000E+000;0E+000,all,main grid,
DiscreteUniform_InverseCumulative,K_STATS_DiscreteUniform_InverseCumulative,abs<=1E-9,abs,0.89500000000000002,1.0,6.0,,6.0,6.00000000000000E+000;0E+000,all,main grid,
DiscreteUniform_Mean,K_STATS_DiscreteUniform_Mean,rel<=1E-14,rel,1.0,6.0,,,3.5,3.50000000000000E+000;0E+000,all,main grid,
DiscreteUniform_Variance,K_STATS_DiscreteUniform_Variance,rel<=1E-14,rel,1.0,6.0,,,2.916666666666666666666667,2.91666666666667E+000;-3.55271367880050E-015,all,main grid,
DiscreteUniform_StdDev,K_STATS_DiscreteUniform_StdDev,rel<=1E-14,rel,1.0,6.0,,,1.707825127659933063870173,1.70782512765993E+000;2.88657986402541E-015,all,main grid,
DiscreteUniform_PMF,K_STATS_DiscreteUniform_PMF,rel<=1E-14,rel,0.0,0.0,9.0,,0.1,1.00000000000000E-001;0E+000,all,main grid,
DiscreteUniform_LogPMF,K_STATS_DiscreteUniform_LogPMF,rel<=1E-14,rel,0.0,0.0,9.0,,-2.302585092994045684017991,-2.30258509299405E+000;3.99680288865056E-015,all,main grid,
DiscreteUniform_Cumulative,K_STATS_DiscreteUniform_Cumulative,rel<=1E-14,rel,0.0,0.0,9.0,,0.1,1.00000000000000E-001;0E+000,all,main grid,
DiscreteUniform_Survival,K_STATS_DiscreteUniform_Survival,rel<=1E-14,rel,0.0,0.0,9.0,,0.9,9.00000000000000E-001;0E+000,all,main grid,
DiscreteUniform_PMF,K_STATS_DiscreteUniform_PMF,rel<=1E-14,rel,4.0,0.0,9.0,,0.1,1.00000000000000E-001;0E+000,all,main grid,
DiscreteUniform_LogPMF,K_STATS_DiscreteUniform_LogPMF,rel<=1E-14,rel,4.0,0.0,9.0,,-2.302585092994045684017991,-2.30258509299405E+000;3.99680288865056E-015,all,main grid,
DiscreteUniform_Cumulative,K_STATS_DiscreteUniform_Cumulative,rel<=1E-14,rel,4.0,0.0,9.0,,0.5,5.00000000000000E-001;0E+000,all,main grid,
DiscreteUniform_Survival,K_STATS_DiscreteUniform_Survival,rel<=1E-14,rel,4.0,0.0,9.0,,0.5,5.00000000000000E-001;0E+000,all,main grid,
DiscreteUniform_PMF,K_STATS_DiscreteUniform_PMF,rel<=1E-14,rel,9.0,0.0,9.0,,0.1,1.00000000000000E-001;0E+000,all,main grid,
DiscreteUniform_LogPMF,K_STATS_DiscreteUniform_LogPMF,rel<=1E-14,rel,9.0,0.0,9.0,,-2.302585092994045684017991,-2.30258509299405E+000;3.99680288865056E-015,all,main grid,
DiscreteUniform_Cumulative,K_STATS_DiscreteUniform_Cumulative,rel<=1E-14,rel,9.0,0.0,9.0,,1.0,1.00000000000000E+000;0E+000,all,main grid,
DiscreteUniform_InverseCumulative,K_STATS_DiscreteUniform_InverseCumulative,abs<=1E-9,abs,0.036999999999999998,0.0,9.0,,0.0,0E+000;0E+000,all,main grid,
DiscreteUniform_InverseCumulative,K_STATS_DiscreteUniform_InverseCumulative,abs<=1E-9,abs,0.33700000000000002,0.0,9.0,,3.0,3.00000000000000E+000;0E+000,all,main grid,
DiscreteUniform_InverseCumulative,K_STATS_DiscreteUniform_InverseCumulative,abs<=1E-9,abs,0.93699999999999994,0.0,9.0,,9.0,9.00000000000000E+000;0E+000,all,main grid,
DiscreteUniform_Mean,K_STATS_DiscreteUniform_Mean,rel<=1E-14,rel,0.0,9.0,,,4.5,4.50000000000000E+000;0E+000,all,main grid,
DiscreteUniform_Variance,K_STATS_DiscreteUniform_Variance,rel<=1E-14,rel,0.0,9.0,,,8.25,8.25000000000000E+000;0E+000,all,main grid,
DiscreteUniform_StdDev,K_STATS_DiscreteUniform_StdDev,rel<=1E-14,rel,0.0,9.0,,,2.872281323269014329925306,2.87228132326901E+000;4.44089209850063E-015,all,main grid,
DiscreteUniform_PMF,K_STATS_DiscreteUniform_PMF,rel<=1E-14,rel,-5.0,-5.0,6.0,,0.08333333333333333333333333,8.33333333333333E-002;2.77555756156289E-017,all,main grid,
DiscreteUniform_LogPMF,K_STATS_DiscreteUniform_LogPMF,rel<=1E-14,rel,-5.0,-5.0,6.0,,-2.484906649788000310229709,-2.48490664978800E+000;-4.44089209850063E-016,all,main grid,
DiscreteUniform_Cumulative,K_STATS_DiscreteUniform_Cumulative,rel<=1E-14,rel,-5.0,-5.0,6.0,,0.08333333333333333333333333,8.33333333333333E-002;2.77555756156289E-017,all,main grid,
DiscreteUniform_Survival,K_STATS_DiscreteUniform_Survival,rel<=1E-14,rel,-5.0,-5.0,6.0,,0.9166666666666666666666667,9.16666666666667E-001;-3.33066907387547E-016,all,main grid,
DiscreteUniform_PMF,K_STATS_DiscreteUniform_PMF,rel<=1E-14,rel,0.0,-5.0,6.0,,0.08333333333333333333333333,8.33333333333333E-002;2.77555756156289E-017,all,main grid,
DiscreteUniform_LogPMF,K_STATS_DiscreteUniform_LogPMF,rel<=1E-14,rel,0.0,-5.0,6.0,,-2.484906649788000310229709,-2.48490664978800E+000;-4.44089209850063E-016,all,main grid,
DiscreteUniform_Cumulative,K_STATS_DiscreteUniform_Cumulative,rel<=1E-14,rel,0.0,-5.0,6.0,,0.5,5.00000000000000E-001;0E+000,all,main grid,
DiscreteUniform_Survival,K_STATS_DiscreteUniform_Survival,rel<=1E-14,rel,0.0,-5.0,6.0,,0.5,5.00000000000000E-001;0E+000,all,main grid,
DiscreteUniform_PMF,K_STATS_DiscreteUniform_PMF,rel<=1E-14,rel,6.0,-5.0,6.0,,0.08333333333333333333333333,8.33333333333333E-002;2.77555756156289E-017,all,main grid,
DiscreteUniform_LogPMF,K_STATS_DiscreteUniform_LogPMF,rel<=1E-14,rel,6.0,-5.0,6.0,,-2.484906649788000310229709,-2.48490664978800E+000;-4.44089209850063E-016,all,main grid,
DiscreteUniform_Cumulative,K_STATS_DiscreteUniform_Cumulative,rel<=1E-14,rel,6.0,-5.0,6.0,,1.0,1.00000000000000E+000;0E+000,all,main grid,
DiscreteUniform_InverseCumulative,K_STATS_DiscreteUniform_InverseCumulative,abs<=1E-9,abs,0.030833333333333334,-5.0,6.0,,-5.0,-5.00000000000000E+000;0E+000,all,main grid,
DiscreteUniform_InverseCumulative,K_STATS_DiscreteUniform_InverseCumulative,abs<=1E-9,abs,0.36416666666666669,-5.0,6.0,,-1.0,-1.00000000000000E+000;0E+000,all,main grid,
DiscreteUniform_InverseCumulative,K_STATS_DiscreteUniform_InverseCumulative,abs<=1E-9,abs,0.9474999999999999,-5.0,6.0,,6.0,6.00000000000000E+000;0E+000,all,main grid,
DiscreteUniform_Mean,K_STATS_DiscreteUniform_Mean,rel<=1E-14,rel,-5.0,6.0,,,0.5,5.00000000000000E-001;0E+000,all,main grid,
DiscreteUniform_Variance,K_STATS_DiscreteUniform_Variance,rel<=1E-14,rel,-5.0,6.0,,,11.91666666666666666666667,1.19166666666667E+001;-3.37507799486048E-014,all,main grid,
DiscreteUniform_StdDev,K_STATS_DiscreteUniform_StdDev,rel<=1E-14,rel,-5.0,6.0,,,3.452052529534663188692863,3.45205252953466E+000;3.10862446895044E-015,all,main grid,
DiscreteUniform_PMF,K_STATS_DiscreteUniform_PMF,rel<=1E-14,rel,1.0,1.0,1.0,,1.0,1.00000000000000E+000;0E+000,all,main grid,
DiscreteUniform_Cumulative,K_STATS_DiscreteUniform_Cumulative,rel<=1E-14,rel,1.0,1.0,1.0,,1.0,1.00000000000000E+000;0E+000,all,main grid,
DiscreteUniform_InverseCumulative,K_STATS_DiscreteUniform_InverseCumulative,abs<=1E-9,abs,0.37,1.0,1.0,,1.0,1.00000000000000E+000;0E+000,all,main grid,
DiscreteUniform_Mean,K_STATS_DiscreteUniform_Mean,rel<=1E-14,rel,1.0,1.0,,,1.0,1.00000000000000E+000;0E+000,all,main grid,
DiscreteUniform_PMF,K_STATS_DiscreteUniform_PMF,rel<=1E-14,rel,-999983.0,-999983.0,1000000.0,,0.000000500004000032000256002048,5.00004000032000E-007;2.11758236813575E-022,all,main grid,
DiscreteUniform_LogPMF,K_STATS_DiscreteUniform_LogPMF,rel<=1E-14,rel,-999983.0,-999983.0,1000000.0,,-14.50864973849221924285749,-1.45086497384922E+001;-1.77635683940025E-014,all,main grid,
DiscreteUniform_Cumulative,K_STATS_DiscreteUniform_Cumulative,rel<=1E-14,rel,-999983.0,-999983.0,1000000.0,,0.000000500004000032000256002048,5.00004000032000E-007;2.11758236813575E-022,all,main grid,
DiscreteUniform_Survival,K_STATS_DiscreteUniform_Survival,rel<=1E-14,rel,-999983.0,-999983.0,1000000.0,,0.999999499995999967999744,9.99999499996000E-001;0E+000,all,main grid,
DiscreteUniform_PMF,K_STATS_DiscreteUniform_PMF,rel<=1E-14,rel,8.0,-999983.0,1000000.0,,0.000000500004000032000256002048,5.00004000032000E-007;2.11758236813575E-022,all,main grid,
DiscreteUniform_LogPMF,K_STATS_DiscreteUniform_LogPMF,rel<=1E-14,rel,8.0,-999983.0,1000000.0,,-14.50864973849221924285749,-1.45086497384922E+001;-1.77635683940025E-014,all,main grid,
DiscreteUniform_Cumulative,K_STATS_DiscreteUniform_Cumulative,rel<=1E-14,rel,8.0,-999983.0,1000000.0,,0.5,5.00000000000000E-001;0E+000,all,main grid,
DiscreteUniform_Survival,K_STATS_DiscreteUniform_Survival,rel<=1E-14,rel,8.0,-999983.0,1000000.0,,0.5,5.00000000000000E-001;0E+000,all,main grid,
DiscreteUniform_PMF,K_STATS_DiscreteUniform_PMF,rel<=1E-14,rel,1000000.0,-999983.0,1000000.0,,0.000000500004000032000256002048,5.00004000032000E-007;2.11758236813575E-022,all,main grid,
DiscreteUniform_LogPMF,K_STATS_DiscreteUniform_LogPMF,rel<=1E-14,rel,1000000.0,-999983.0,1000000.0,,-14.50864973849221924285749,-1.45086497384922E+001;-1.77635683940025E-014,all,main grid,
DiscreteUniform_Cumulative,K_STATS_DiscreteUniform_Cumulative,rel<=1E-14,rel,1000000.0,-999983.0,1000000.0,,1.0,1.00000000000000E+000;0E+000,all,main grid,
DiscreteUniform_InverseCumulative,K_STATS_DiscreteUniform_InverseCumulative,abs<=1E-9,abs,1.8500148001184009e-7,-999983.0,1000000.0,,-999983.0,-9.99983000000000E+005;0E+000,all,main grid,
DiscreteUniform_InverseCumulative,K_STATS_DiscreteUniform_InverseCumulative,abs<=1E-9,abs,0.33333335166681333,-999983.0,1000000.0,,-333322.0,-3.33322000000000E+005;0E+000,all,main grid,
DiscreteUniform_InverseCumulative,K_STATS_DiscreteUniform_InverseCumulative,abs<=1E-9,abs,0.99999968499748004,-999983.0,1000000.0,,1000000.0,1.00000000000000E+006;0E+000,all,main grid,
DiscreteUniform_Mean,K_STATS_DiscreteUniform_Mean,rel<=1E-14,rel,-999983.0,1000000.0,,,8.5,8.50000000000000E+000;0E+000,all,main grid,
DiscreteUniform_Variance,K_STATS_DiscreteUniform_Variance,rel<=1E-14,rel,-999983.0,1000000.0,,,333328000021.25,3.33328000021250E+011;0E+000,all,main grid,
DiscreteUniform_StdDev,K_STATS_DiscreteUniform_StdDev,rel<=1E-14,rel,-999983.0,1000000.0,,,577345.6503874000781420291,5.77345650387400E+005;1.16415321826935E-010,all,main grid,
DiscreteUniform_PMF,K_STATS_DiscreteUniform_PMF,rel<=1E-14,rel,0.0,0.0,999983.0,,0.000001000016000256004096065537,1.00001600025600E-006;4.02340649945793E-021,all,main grid,
DiscreteUniform_LogPMF,K_STATS_DiscreteUniform_LogPMF,rel<=1E-14,rel,0.0,0.0,999983.0,,-13.81549455783627273875823,-1.38154945578363E+001;2.84217094304040E-014,all,main grid,
DiscreteUniform_Cumulative,K_STATS_DiscreteUniform_Cumulative,rel<=1E-14,rel,0.0,0.0,999983.0,,0.000001000016000256004096065537,1.00001600025600E-006;4.02340649945793E-021,all,main grid,
DiscreteUniform_Survival,K_STATS_DiscreteUniform_Survival,rel<=1E-14,rel,0.0,0.0,999983.0,,0.9999989999839997439959039,9.99998999984000E-001;-2.22044604925031E-016,all,main grid,
DiscreteUniform_PMF,K_STATS_DiscreteUniform_PMF,rel<=1E-14,rel,499991.0,0.0,999983.0,,0.000001000016000256004096065537,1.00001600025600E-006;4.02340649945793E-021,all,main grid,
DiscreteUniform_LogPMF,K_STATS_DiscreteUniform_LogPMF,rel<=1E-14,rel,499991.0,0.0,999983.0,,-13.81549455783627273875823,-1.38154945578363E+001;2.84217094304040E-014,all,main grid,
DiscreteUniform_Cumulative,K_STATS_DiscreteUniform_Cumulative,rel<=1E-14,rel,499991.0,0.0,999983.0,,0.5,5.00000000000000E-001;0E+000,all,main grid,
DiscreteUniform_Survival,K_STATS_DiscreteUniform_Survival,rel<=1E-14,rel,499991.0,0.0,999983.0,,0.5,5.00000000000000E-001;0E+000,all,main grid,
DiscreteUniform_PMF,K_STATS_DiscreteUniform_PMF,rel<=1E-14,rel,999983.0,0.0,999983.0,,0.000001000016000256004096065537,1.00001600025600E-006;4.02340649945793E-021,all,main grid,
DiscreteUniform_LogPMF,K_STATS_DiscreteUniform_LogPMF,rel<=1E-14,rel,999983.0,0.0,999983.0,,-13.81549455783627273875823,-1.38154945578363E+001;2.84217094304040E-014,all,main grid,
DiscreteUniform_Cumulative,K_STATS_DiscreteUniform_Cumulative,rel<=1E-14,rel,999983.0,0.0,999983.0,,1.0,1.00000000000000E+000;0E+000,all,main grid,
DiscreteUniform_InverseCumulative,K_STATS_DiscreteUniform_InverseCumulative,abs<=1E-9,abs,3.7000592009472151e-7,0.0,999983.0,,0.0,0E+000;0E+000,all,main grid,
DiscreteUniform_InverseCumulative,K_STATS_DiscreteUniform_InverseCumulative,abs<=1E-9,abs,0.33333370333925344,0.0,999983.0,,333328.0,3.33328000000000E+005;0E+000,all,main grid,
DiscreteUniform_InverseCumulative,K_STATS_DiscreteUniform_InverseCumulative,abs<=1E-9,abs,0.99999936998991978,0.0,999983.0,,999983.0,9.99983000000000E+005;0E+000,all,main grid,
DiscreteUniform_Mean,K_STATS_DiscreteUniform_Mean,rel<=1E-14,rel,0.0,999983.0,,,499991.5,4.99991500000000E+005;0E+000,all,main grid,
DiscreteUniform_Variance,K_STATS_DiscreteUniform_Variance,rel<=1E-14,rel,0.0,999983.0,,,83330666687.91666666666667,8.33306666879167E+010;-3.05175781250000E-005,all,main grid,
DiscreteUniform_StdDev,K_STATS_DiscreteUniform_StdDev,rel<=1E-14,rel,0.0,999983.0,,,288670.5157925150253717228,2.88670515792515E+005;0E+000,all,main grid,
NormalStandard_InverseSurvival,K_STATS_NormalStandard_InverseSurvival,measured,rel,9.9999999999999998e-13,,,,7.034483825301132142726601,7.03448382568524E+000;1.77635683940025E-015,split_boundary,main grid,
NormalStandard_InverseCumulative,K_STATS_NormalStandard_InverseCumulative,measured,rel,9.9999999999999998e-13,,,,-7.034483825301132142726601,-7.03448382568524E+000;-1.77635683940025E-015,split_boundary,main grid,
Normal_InverseSurvival,K_STATS_Normal_InverseSurvival,measured,rel,9.9999999999999998e-13,100.0,15.0,,205.5172573795169910226832,2.05517257385279E+002;-3.69482222595252E-013,split_boundary,main grid,
Normal_InverseSurvival,K_STATS_Normal_InverseSurvival,measured,rel,9.9999999999999998e-13,-2.5,0.75,,2.775862868975849551134161,2.77586286926393E+000;8.88178419700125E-016,split_boundary,main grid,
Lognormal_InverseSurvival,K_STATS_Lognormal_InverseSurvival,measured,rel,9.9999999999999998e-13,0.0,1.0,,1135.108846481542741457815,1.13510884691755E+003;-4.54747350886464E-013,split_boundary,main grid,
Lognormal_InverseSurvival,K_STATS_Lognormal_InverseSurvival,measured,rel,9.9999999999999998e-13,1.0,0.5,,91.58265635503579460419132,9.15826563726248E+001;-4.26325641456060E-014,split_boundary,main grid,
NormalStandard_InverseSurvival,K_STATS_NormalStandard_InverseSurvival,measured,rel,1.0000000000000001e-15,,,,7.941345326170996771330131,7.94134532617100E+000;-2.66453525910038E-015,deep_tail,main grid,
NormalStandard_InverseCumulative,K_STATS_NormalStandard_InverseCumulative,measured,rel,1.0000000000000001e-15,,,,-7.941345326170996771330131,-7.94134532617100E+000;2.66453525910038E-015,deep_tail,main grid,
Normal_InverseSurvival,K_STATS_Normal_InverseSurvival,measured,rel,1.0000000000000001e-15,100.0,15.0,,219.120179892564951569952,2.19120179892565E+002;-5.68434188608080E-014,deep_tail,main grid,
Normal_InverseSurvival,K_STATS_Normal_InverseSurvival,measured,rel,1.0000000000000001e-15,-2.5,0.75,,3.456008994628247578497598,3.45600899462825E+000;-2.22044604925031E-015,deep_tail,main grid,
Lognormal_InverseSurvival,K_STATS_Lognormal_InverseSurvival,measured,rel,1.0000000000000001e-15,0.0,1.0,,2811.139865527905122922806,2.81113986552791E+003;-4.09272615797818E-012,deep_tail,main grid,
Lognormal_InverseSurvival,K_STATS_Lognormal_InverseSurvival,measured,rel,1.0000000000000001e-15,1.0,0.5,,144.1238015330086111461565,1.44123801533009E+002;-4.26325641456060E-013,deep_tail,main grid,
NormalStandard_InverseSurvival,K_STATS_NormalStandard_InverseSurvival,measured,rel,1.0000000000000001e-18,,,,8.757290348782315055814266,8.75729034878231E+000;3.55271367880050E-015,deep_tail,main grid,
NormalStandard_InverseCumulative,K_STATS_NormalStandard_InverseCumulative,measured,rel,1.0000000000000001e-18,,,,-8.757290348782315055814266,-8.75729034878231E+000;-3.55271367880050E-015,deep_tail,main grid,
Normal_InverseSurvival,K_STATS_Normal_InverseSurvival,measured,rel,1.0000000000000001e-18,100.0,15.0,,231.359355231734725837214,2.31359355231735E+002;-2.84217094304040E-013,deep_tail,main grid,
Normal_InverseSurvival,K_STATS_Normal_InverseSurvival,measured,rel,1.0000000000000001e-18,-2.5,0.75,,4.0679677615867362918607,4.06796776158674E+000;-3.55271367880050E-015,deep_tail,main grid,
Lognormal_InverseSurvival,K_STATS_Lognormal_InverseSurvival,measured,rel,1.0000000000000001e-18,0.0,1.0,,6356.863337703425131593672,6.35686333770342E+003;9.09494701772928E-013,deep_tail,main grid,
Lognormal_InverseSurvival,K_STATS_Lognormal_InverseSurvival,measured,rel,1.0000000000000001e-18,1.0,0.5,,216.7284471764750661980513,2.16728447176475E+002;0E+000,deep_tail,main grid,
NormalStandard_InverseSurvival,K_STATS_NormalStandard_InverseSurvival,measured,rel,1.0000000000000001e-30,,,,11.46402468844361571976697,1.14640246884436E+001;1.77635683940025E-014,deep_tail,main grid,
NormalStandard_InverseCumulative,K_STATS_NormalStandard_InverseCumulative,measured,rel,1.0000000000000001e-30,,,,-11.46402468844361571976697,-1.14640246884436E+001;-1.77635683940025E-014,deep_tail,main grid,
Normal_InverseSurvival,K_STATS_Normal_InverseSurvival,measured,rel,1.0000000000000001e-30,100.0,15.0,,271.9603703266542357965046,2.71960370326654E+002;2.27373675443232E-013,deep_tail,main grid,
Normal_InverseSurvival,K_STATS_Normal_InverseSurvival,measured,rel,1.0000000000000001e-30,-2.5,0.75,,6.09801851633271178982523,6.09801851633271E+000;3.55271367880050E-015,deep_tail,main grid,
Lognormal_InverseSurvival,K_STATS_Lognormal_InverseSurvival,measured,rel,1.0000000000000001e-30,0.0,1.0,,95227.56131048957435792419,9.52275613104897E+004;-1.45519152283669E-011,deep_tail,main grid,
Lognormal_InverseSurvival,K_STATS_Lognormal_InverseSurvival,measured,rel,1.0000000000000001e-30,1.0,0.5,,838.8335905813294338923092,8.38833590581330E+002;0E+000,deep_tail,main grid,
NormalStandard_InverseSurvival,K_STATS_NormalStandard_InverseSurvival,measured,rel,1.0e-50,,,,14.93333753478848898065821,1.49333375347885E+001;-1.06581410364015E-014,deep_tail,main grid,
NormalStandard_InverseCumulative,K_STATS_NormalStandard_InverseCumulative,measured,rel,1.0e-50,,,,-14.93333753478848898065821,-1.49333375347885E+001;1.06581410364015E-014,deep_tail,main grid,
Normal_InverseSurvival,K_STATS_Normal_InverseSurvival,measured,rel,1.0e-50,100.0,15.0,,324.0000630218273347098732,3.24000063021827E+002;3.97903932025656E-013,deep_tail,main grid,
Normal_InverseSurvival,K_STATS_Normal_InverseSurvival,measured,rel,1.0e-50,-2.5,0.75,,8.700003151091366735493659,8.70000315109137E+000;-3.55271367880050E-015,deep_tail,main grid,
Lognormal_InverseSurvival,K_STATS_Lognormal_InverseSurvival,measured,rel,1.0e-50,0.0,1.0,,3058201.435006559278273693,3.05820143500656E+006;-9.31322574615479E-010,deep_tail,main grid,
Lognormal_InverseSurvival,K_STATS_Lognormal_InverseSurvival,measured,rel,1.0e-50,1.0,0.5,,4753.653538605194076006063,4.75365353860519E+003;3.63797880709171E-012,deep_tail,main grid,
NormalStandard_InverseSurvival,K_STATS_NormalStandard_InverseSurvival,measured,rel,1.0e-100,,,,21.27345356096532429417952,2.12734535609653E+001;2.13162820728030E-014,deep_tail,main grid,
NormalStandard_InverseCumulative,K_STATS_NormalStandard_InverseCumulative,measured,rel,1.0e-100,,,,-21.27345356096532429417952,-2.12734535609653E+001;-2.13162820728030E-014,deep_tail,main grid,
Normal_InverseSurvival,K_STATS_Normal_InverseSurvival,measured,rel,1.0e-100,100.0,15.0,,419.1018034144798644126928,4.19101803414480E+002;-1.70530256582424E-013,deep_tail,main grid,
Normal_InverseSurvival,K_STATS_Normal_InverseSurvival,measured,rel,1.0e-100,-2.5,0.75,,13.45509017072399322063464,1.34550901707240E+001;-8.88178419700125E-015,deep_tail,main grid,
Lognormal_InverseSurvival,K_STATS_Lognormal_InverseSurvival,measured,rel,1.0e-100,0.0,1.0,,1733578421.631798230148614,1.73357842163179E+009;4.52995300292969E-006,deep_tail,main grid,
Lognormal_InverseSurvival,K_STATS_Lognormal_InverseSurvival,measured,rel,1.0e-100,1.0,0.5,,113179.0979347909848643007,1.13179097934791E+005;-1.45519152283669E-010,deep_tail,main grid,
NormalStandard_InverseSurvival,K_STATS_NormalStandard_InverseSurvival,measured,rel,9.9999999999999998e-201,,,,30.20559417957964306312401,3.02055941795796E+001;4.61852778244065E-014,deep_tail,main grid,
NormalStandard_InverseCumulative,K_STATS_NormalStandard_InverseCumulative,measured,rel,9.9999999999999998e-201,,,,-30.20559417957964306312401,-3.02055941795796E+001;-4.61852778244065E-014,deep_tail,main grid,
Normal_InverseSurvival,K_STATS_Normal_InverseSurvival,measured,rel,9.9999999999999998e-201,100.0,15.0,,553.0839126936946459468602,5.53083912693695E+002;-3.41060513164848E-013,deep_tail,main grid,
Normal_InverseSurvival,K_STATS_Normal_InverseSurvival,measured,rel,9.9999999999999998e-201,-2.5,0.75,,20.15419563468473229734301,2.01541956346847E+001;3.19744231092045E-014,deep_tail,main grid,
Lognormal_InverseSurvival,K_STATS_Lognormal_InverseSurvival,measured,rel,9.9999999999999998e-201,0.0,1.0,,13125712118468.85310631502,1.31257121184689E+013;-2.14843750000000E-002,deep_tail,main grid,
Lognormal_InverseSurvival,K_STATS_Lognormal_InverseSurvival,measured,rel,9.9999999999999998e-201,1.0,0.5,,9848178.673327379494163157,9.84817867332741E+006;-3.72529029846191E-009,deep_tail,main grid,
NormalStandard_InverseSurvival,K_STATS_NormalStandard_InverseSurvival,measured,rel,1.0e-300,,,,37.04709629936119923654704,3.70470962993612E+001;0E+000,deep_tail,main grid,
NormalStandard_InverseCumulative,K_STATS_NormalStandard_InverseCumulative,measured,rel,1.0e-300,,,,-37.04709629936119923654704,-3.70470962993612E+001;0E+000,deep_tail,main grid,
Normal_InverseSurvival,K_STATS_Normal_InverseSurvival,measured,rel,1.0e-300,100.0,15.0,,655.7064444904179885482056,6.55706444490418E+002;0E+000,deep_tail,main grid,
Normal_InverseSurvival,K_STATS_Normal_InverseSurvival,measured,rel,1.0e-300,-2.5,0.75,,25.28532222452089942741028,2.52853222245209E+001;0E+000,deep_tail,main grid,
Lognormal_InverseSurvival,K_STATS_Lognormal_InverseSurvival,measured,rel,1.0e-300,0.0,1.0,,12284273959249777.60105213,1.22842739592498E+016;-6.00000000000000E+000,deep_tail,main grid,
Lognormal_InverseSurvival,K_STATS_Lognormal_InverseSurvival,measured,rel,1.0e-300,1.0,0.5,,301279254.8774799646008211,3.01279254877480E+008;1.78813934326172E-007,deep_tail,main grid,
PROB_LogBeta,PROB_LogBeta,abs<=2E-13,abs,9.9999999999999998e-13,9.8999999999999995e-14,,,30.0380572201975796946327,3.00380572201976E+001;-1.77635683940025E-014,tiny_unbalanced,main grid,
PROB_LogBeta,PROB_LogBeta,abs<=2E-13,abs,9.8999999999999995e-14,9.9999999999999998e-13,,,30.0380572201975796946327,3.00380572201976E+001;-1.77635683940025E-014,tiny_unbalanced,main grid,
PROB_LogBeta,PROB_LogBeta,abs<=2E-13,abs,9.9999999999999998e-17,9.8999999999999997e-18,,,39.24839759217376240879767,3.92483975921738E+001;-3.55271367880050E-014,tiny_unbalanced,main grid,
PROB_LogBeta,PROB_LogBeta,abs<=2E-13,abs,9.8999999999999997e-18,9.9999999999999998e-17,,,39.24839759217376240879767,3.92483975921738E+001;-3.55271367880050E-014,tiny_unbalanced,main grid,
PROB_LogBeta,PROB_LogBeta,abs<=2E-13,abs,1.0e-8,1.0000000000000001e-9,,,20.81857601675073594123486,2.08185760167507E+001;3.19744231092045E-014,tiny_unbalanced,main grid,
PROB_LogBeta,PROB_LogBeta,abs<=2E-13,abs,0.0001,1.0000000000000001e-5,,,11.60823564312975134826841,1.16082356431298E+001;-4.97379915032070E-014,tiny_unbalanced,main grid,
PROB_LogBeta,PROB_LogBeta,abs<=2E-13,abs,9.9999999999999995e-7,1.1000000000000001e-7,,,16.12714548647805671174557,1.61271454864781E+001;-4.26325641456060E-014,tiny_unbalanced,main grid,
PROB_LogBeta,PROB_LogBeta,abs<=2E-13,abs,9.9999999999999995e-7,1.4999999999999999e-7,,,15.85239248522506740886867,1.58523924852251E+001;-3.37507799486048E-014,tiny_unbalanced,main grid,
PROB_LogBeta,PROB_LogBeta,abs<=2E-13,abs,0.001,9.8999999999999994e-5,,,9.314791220533356928814136,9.31479122053336E+000;-1.77635683940025E-015,tiny_unbalanced,main grid,
PROB_LogBeta,PROB_LogBeta,abs<=2E-13,abs,0.001,0.00011,,,9.21939002669998440581589,9.21939002669998E+000;3.55271367880050E-015,tiny_unbalanced,main grid,
Beta_Density,K_STATS_Beta_Density,rel<=1E-12,rel,0.25,9.9999999999999998e-13,9.8999999999999995e-14,,4.804367606908580273608883e-13,4.80436760690855E-013;-3.02922587604869E-028,tiny_unbalanced,main grid,
Beta_Cumulative,K_STATS_Beta_Cumulative,rel<=1E-12,rel,0.25,9.9999999999999998e-13,9.8999999999999995e-14,,0.09008189262956436246718806,9.00818926295641E-002;2.77555756156289E-017,tiny_unbalanced,main grid,
Beta_Survival,K_STATS_Beta_Survival,rel<=1E-12,rel,0.25,9.9999999999999998e-13,9.8999999999999995e-14,,0.9099181073704356375328119,9.09918107370436E-001;-1.11022302462516E-016,tiny_unbalanced,main grid,
Beta_Density,K_STATS_Beta_Density,rel<=1E-12,rel,0.5,9.9999999999999998e-13,9.8999999999999995e-14,,3.603275705183788166347728e-13,3.60327570518377E-013;-5.04870979341448E-029,tiny_unbalanced,main grid,
Beta_Cumulative,K_STATS_Beta_Cumulative,rel<=1E-12,rel,0.5,9.9999999999999998e-13,9.8999999999999995e-14,,0.09008189262966332754141738,9.00818926296626E-002;-2.77555756156289E-017,tiny_unbalanced,main grid,
Beta_Survival,K_STATS_Beta_Survival,rel<=1E-12,rel,0.5,9.9999999999999998e-13,9.8999999999999995e-14,,0.9099181073703366724585826,9.09918107370337E-001;4.44089209850063E-016,tiny_unbalanced,main grid,
Beta_Density,K_STATS_Beta_Density,rel<=1E-12,rel,0.75,9.9999999999999998e-13,9.8999999999999995e-14,,4.804367606913335875309183e-13,4.80436760691331E-013;-1.00974195868290E-028,tiny_unbalanced,main grid,
Beta_Cumulative,K_STATS_Beta_Cumulative,rel<=1E-12,rel,0.75,9.9999999999999998e-13,9.8999999999999995e-14,,0.09008189262976229261564676,9.00818926297666E-002;1.38777878078145E-017,tiny_unbalanced,main grid,
Beta_Survival,K_STATS_Beta_Survival,rel<=1E-12,rel,0.75,9.9999999999999998e-13,9.8999999999999995e-14,,0.9099181073702377073843532,9.09918107370233E-001;3.33066907387547E-016,tiny_unbalanced,main grid,
Beta_Density,K_STATS_Beta_Density,rel<=1E-12,rel,0.25,9.9999999999999998e-17,9.8999999999999997e-18,,4.804367606915376797783054e-17,4.80436760691537E-017;0E+000,tiny_unbalanced,main grid,
Beta_Cumulative,K_STATS_Beta_Cumulative,rel<=1E-12,rel,0.25,9.9999999999999998e-17,9.8999999999999997e-18,,0.09008189262966331968939571,9.00818926296629E-002;4.16333634234434E-017,tiny_unbalanced,main grid,
Beta_Survival,K_STATS_Beta_Survival,rel<=1E-12,rel,0.25,9.9999999999999998e-17,9.8999999999999997e-18,,0.9099181073703366803106043,9.09918107370337E-001;1.11022302462516E-016,tiny_unbalanced,main grid,
Beta_Density,K_STATS_Beta_Density,rel<=1E-12,rel,0.5,9.9999999999999998e-17,9.8999999999999997e-18,,3.603275705186532833633404e-17,3.60327570518653E-017;1.23259516440783E-032,tiny_unbalanced,main grid,
Beta_Cumulative,K_STATS_Beta_Cumulative,rel<=1E-12,rel,0.5,9.9999999999999998e-17,9.8999999999999997e-18,,0.09008189262966332958590313,9.00818926296672E-002;-2.77555756156289E-017,tiny_unbalanced,main grid,
Beta_Survival,K_STATS_Beta_Survival,rel<=1E-12,rel,0.5,9.9999999999999998e-17,9.8999999999999997e-18,,0.9099181073703366704140969,9.09918107370337E-001;1.11022302462516E-016,tiny_unbalanced,main grid,
Beta_Density,K_STATS_Beta_Density,rel<=1E-12,rel,0.75,9.9999999999999998e-17,9.8999999999999997e-18,,4.804367606915377273343224e-17,4.80436760691537E-017;0E+000,tiny_unbalanced,main grid,
Beta_Cumulative,K_STATS_Beta_Cumulative,rel<=1E-12,rel,0.75,9.9999999999999998e-17,9.8999999999999997e-18,,0.09008189262966333948241055,9.00818926296672E-002;-2.77555756156289E-017,tiny_unbalanced,main grid,
Beta_Survival,K_STATS_Beta_Survival,rel<=1E-12,rel,0.75,9.9999999999999998e-17,9.8999999999999997e-18,,0.9099181073703366605175894,9.09918107370333E-001;-1.11022302462516E-016,tiny_unbalanced,main grid,
Beta_Density,K_STATS_Beta_Density,rel<=1E-12,rel,0.25,1.0e-8,1.0000000000000001e-9,,4.848484779875755110014229e-9,4.84848477987570E-009;-1.65436122510606E-024,tiny_unbalanced,main grid,
Beta_Cumulative,K_STATS_Beta_Cumulative,rel<=1E-12,rel,0.25,1.0e-8,1.0000000000000001e-9,,0.09090908991035247215646966,9.09090899103528E-002;-2.77555756156289E-017,tiny_unbalanced,main grid,
Beta_Survival,K_STATS_Beta_Survival,rel<=1E-12,rel,0.25,1.0e-8,1.0000000000000001e-9,,0.9090909100896475278435303,9.09090910089647E-001;2.22044604925031E-016,tiny_unbalanced,main grid,
Beta_Density,K_STATS_Beta_Density,rel<=1E-12,rel,0.5,1.0e-8,1.0000000000000001e-9,,3.636363608637749519560103e-9,3.63636360863772E-009;-3.72231275648862E-024,tiny_unbalanced,main grid,
Beta_Cumulative,K_STATS_Beta_Cumulative,rel<=1E-12,rel,0.5,1.0e-8,1.0000000000000001e-9,,0.09090909090909090577973516,9.09090909090912E-002;4.16333634234434E-017,tiny_unbalanced,main grid,
Beta_Survival,K_STATS_Beta_Survival,rel<=1E-12,rel,0.5,1.0e-8,1.0000000000000001e-9,,0.9090909090909090942202648,9.09090909090909E-001;-2.22044604925031E-016,tiny_unbalanced,main grid,
Beta_Density,K_STATS_Beta_Density,rel<=1E-12,rel,0.75,1.0e-8,1.0000000000000001e-9,,4.848484827815199992341308e-9,4.84848482781515E-009;-2.48154183765908E-024,tiny_unbalanced,main grid,
Beta_Cumulative,K_STATS_Beta_Cumulative,rel<=1E-12,rel,0.75,1.0e-8,1.0000000000000001e-9,,0.0909090919078293443405191,9.09090919078257E-002;-2.77555756156289E-017,tiny_unbalanced,main grid,
Beta_Survival,K_STATS_Beta_Survival,rel<=1E-12,rel,0.75,1.0e-8,1.0000000000000001e-9,,0.9090909080921706556594809,9.09090908092174E-001;3.33066907387547E-016,tiny_unbalanced,main grid,
Beta_Density,K_STATS_Beta_Density,rel<=1E-12,rel,0.25,0.0001,1.0000000000000001e-5,,0.00004847798814057070631038733,4.84779881405703E-005;-4.74338450462408E-020,tiny_unbalanced,main grid,
Beta_Cumulative,K_STATS_Beta_Cumulative,rel<=1E-12,rel,0.25,0.0001,1.0000000000000001e-5,,0.09089910391378794539242826,9.08991039137879E-002;1.38777878078145E-017,tiny_unbalanced,main grid,
Beta_Survival,K_STATS_Beta_Survival,rel<=1E-12,rel,0.25,0.0001,1.0000000000000001e-5,,0.9091008960862120546075717,9.09100896086212E-001;1.11022302462516E-016,tiny_unbalanced,main grid,
Beta_Density,K_STATS_Beta_Density,rel<=1E-12,rel,0.5,0.0001,1.0000000000000001e-5,,0.000036360863940417519773648,3.63608639404172E-005;2.71050543121376E-020,tiny_unbalanced,main grid,
Beta_Cumulative,K_STATS_Beta_Cumulative,rel<=1E-12,rel,0.5,0.0001,1.0000000000000001e-5,,0.09090909023625799025985751,9.09090902362580E-002;0E+000,tiny_unbalanced,main grid,
Beta_Survival,K_STATS_Beta_Survival,rel<=1E-12,rel,0.5,0.0001,1.0000000000000001e-5,,0.9090909097637420097401425,9.09090909763742E-001;0E+000,tiny_unbalanced,main grid,
Beta_Density,K_STATS_Beta_Density,rel<=1E-12,rel,0.75,0.0001,1.0000000000000001e-5,,0.00004848278164376097147330374,4.84827816437605E-005;1.35525271560688E-020,tiny_unbalanced,main grid,
Beta_Cumulative,K_STATS_Beta_Cumulative,rel<=1E-12,rel,0.75,0.0001,1.0000000000000001e-5,,0.09091907705243827129687828,9.09190770524381E-002;0E+000,tiny_unbalanced,main grid,
Beta_Survival,K_STATS_Beta_Survival,rel<=1E-12,rel,0.75,0.0001,1.0000000000000001e-5,,0.9090809229475617287031217,9.09080922947562E-001;-1.11022302462516E-016,tiny_unbalanced,main grid,
Beta_Density,K_STATS_Beta_Density,rel<=1E-12,rel,0.25,0.001,9.8999999999999994e-5,,0.0004797576094847142766493988,4.79757609484709E-004;0E+000,tiny_unbalanced,main grid,
Beta_Cumulative,K_STATS_Beta_Cumulative,rel<=1E-12,rel,0.25,0.001,9.8999999999999994e-5,,0.08998296601294630709489061,8.99829660129463E-002;-4.16333634234434E-017,tiny_unbalanced,main grid,
Beta_Survival,K_STATS_Beta_Survival,rel<=1E-12,rel,0.25,0.001,9.8999999999999994e-5,,0.9100170339870536929051094,9.10017033987054E-001;-3.33066907387547E-016,tiny_unbalanced,main grid,
Beta_Density,K_STATS_Beta_Density,rel<=1E-12,rel,0.5,0.001,9.8999999999999994e-5,,0.0003600532473432180426666742,3.60053247343214E-004;3.25260651745651E-019,tiny_unbalanced,main grid,
Beta_Cumulative,K_STATS_Beta_Cumulative,rel<=1E-12,rel,0.5,0.001,9.8999999999999994e-5,,0.09008182596883821444531404,9.00818259688378E-002;2.77555756156289E-017,tiny_unbalanced,main grid,
Beta_Survival,K_STATS_Beta_Survival,rel<=1E-12,rel,0.5,0.001,9.8999999999999994e-5,,0.909918174031161785554686,9.09918174031162E-001;1.11022302462516E-016,tiny_unbalanced,main grid,
Beta_Density,K_STATS_Beta_Density,rel<=1E-12,rel,0.75,0.001,9.8999999999999994e-5,,0.0004802327325085361654661183,4.80232732508531E-004;1.62630325872826E-019,tiny_unbalanced,main grid,
Beta_Cumulative,K_STATS_Beta_Cumulative,rel<=1E-12,rel,0.75,0.001,9.8999999999999994e-5,,0.09018073486378589047546456,9.01807348637875E-002;2.77555756156289E-017,tiny_unbalanced,main grid,
Beta_Survival,K_STATS_Beta_Survival,rel<=1E-12,rel,0.75,0.001,9.8999999999999994e-5,,0.9098192651362141095245354,9.09819265136212E-001;4.44089209850063E-016,tiny_unbalanced,main grid,
F_Density,K_STATS_F_Density,rel<=1E-12,rel,0.0098999999999999991,2.0e-12,1.9799999999999999e-13,,9.099181073681462341758623e-12,9.09918107368139E-012;-3.23117426778526E-027,tiny_unbalanced,main grid,
F_Cumulative,K_STATS_F_Cumulative,rel<=1E-12,rel,0.0098999999999999991,2.0e-12,1.9799999999999999e-13,,0.09008189262945590631829994,9.00818926294555E-002;-1.38777878078145E-017,tiny_unbalanced,main grid,
F_Survival,K_STATS_F_Survival,rel<=1E-12,rel,0.0098999999999999991,2.0e-12,1.9799999999999999e-13,,0.9099181073705440936817001,9.09918107370544E-001;4.44089209850063E-016,tiny_unbalanced,main grid,
F_Density,K_STATS_F_Density,rel<=1E-12,rel,0.098999999999999991,2.0e-12,1.9799999999999999e-13,,9.099181073696435610449806e-13,9.09918107369638E-013;-4.03896783473158E-028,tiny_unbalanced,main grid,
F_Cumulative,K_STATS_F_Cumulative,rel<=1E-12,rel,0.098999999999999991,2.0e-12,1.9799999999999999e-13,,0.09008189262966332754141738,9.00818926296626E-002;1.38777878078145E-017,tiny_unbalanced,main grid,
F_Survival,K_STATS_F_Survival,rel<=1E-12,rel,0.098999999999999991,2.0e-12,1.9799999999999999e-13,,0.9099181073703366724585826,9.09918107370337E-001;4.44089209850063E-016,tiny_unbalanced,main grid,
F_Density,K_STATS_F_Density,rel<=1E-12,rel,0.98999999999999988,2.0e-12,1.9799999999999999e-13,,9.099181073700324797258208e-14,9.09918107370028E-014;-2.52435489670724E-029,tiny_unbalanced,main grid,
F_Cumulative,K_STATS_F_Cumulative,rel<=1E-12,rel,0.98999999999999988,2.0e-12,1.9799999999999999e-13,,0.09008189262987074952260258,9.00818926298749E-002;4.16333634234434E-017,tiny_unbalanced,main grid,
F_Survival,K_STATS_F_Survival,rel<=1E-12,rel,0.98999999999999988,2.0e-12,1.9799999999999999e-13,,0.9099181073701292365996096,9.09918107370125E-001;0E+000,tiny_unbalanced,main grid,
F_Density,K_STATS_F_Density,rel<=1E-12,rel,1.0101010101010102,1.9799999999999999e-13,2.0e-12,,8.918107370333701602484142e-14,8.91810737033362E-014;-3.78653234506086E-029,tiny_unbalanced,main grid,
F_Cumulative,K_STATS_F_Cumulative,rel<=1E-12,rel,1.0101010101010102,1.9799999999999999e-13,2.0e-12,,0.909918107370129251235465,9.09918107370125E-001;0E+000,tiny_unbalanced,main grid,
F_Survival,K_STATS_F_Survival,rel<=1E-12,rel,1.0101010101010102,1.9799999999999999e-13,2.0e-12,,0.09008189262987074876453504,9.00818926298749E-002;4.16333634234434E-017,tiny_unbalanced,main grid,
F_Density,K_STATS_F_Density,rel<=1E-12,rel,10.101010101010102,1.9799999999999999e-13,2.0e-12,,8.918107370329882455296651e-15,8.91810737032981E-015;-4.73316543132607E-030,tiny_unbalanced,main grid,
F_Cumulative,K_STATS_F_Cumulative,rel<=1E-12,rel,10.101010101010102,1.9799999999999999e-13,2.0e-12,,0.9099181073703366262606096,9.09918107370337E-001;4.44089209850063E-016,tiny_unbalanced,main grid,
F_Survival,K_STATS_F_Survival,rel<=1E-12,rel,10.101010101010102,1.9799999999999999e-13,2.0e-12,,0.09008189262966337373939041,9.00818926296626E-002;1.38777878078145E-017,tiny_unbalanced,main grid,
F_Density,K_STATS_F_Density,rel<=1E-12,rel,101.01010101010102,1.9799999999999999e-13,2.0e-12,,8.918107370315204120433204e-16,8.91810737031513E-016;-3.94430452610506E-031,tiny_unbalanced,main grid,
F_Cumulative,K_STATS_F_Cumulative,rel<=1E-12,rel,101.01010101010102,1.9799999999999999e-13,2.0e-12,,0.909918107370544126943912,9.09918107370544E-001;4.44089209850063E-016,tiny_unbalanced,main grid,
F_Survival,K_STATS_F_Survival,rel<=1E-12,rel,101.01010101010102,1.9799999999999999e-13,2.0e-12,,0.09008189262945587305608797,9.00818926294555E-002;-1.38777878078145E-017,tiny_unbalanced,main grid,
F_Density,K_STATS_F_Density,rel<=1E-12,rel,0.0099000000000000008,2.0e-16,1.9799999999999999e-17,,9.099181073703344872347756e-16,9.09918107370333E-016;0E+000,tiny_unbalanced,main grid,
F_Cumulative,K_STATS_F_Cumulative,rel<=1E-12,rel,0.0099000000000000008,2.0e-16,1.9799999999999999e-17,,0.09008189262966330435045137,9.00818926296629E-002;4.16333634234434E-017,tiny_unbalanced,main grid,
F_Survival,K_STATS_F_Survival,rel<=1E-12,rel,0.0099000000000000008,2.0e-16,1.9799999999999999e-17,,0.9099181073703367372829121,9.09918107370337E-001;1.11022302462516E-016,tiny_unbalanced,main grid,
F_Density,K_STATS_F_Density,rel<=1E-12,rel,0.099000000000000005,2.0e-16,1.9799999999999999e-17,,9.099181073703365312923694e-17,9.09918107370335E-017;1.23259516440783E-032,tiny_unbalanced,main grid,
F_Cumulative,K_STATS_F_Cumulative,rel<=1E-12,rel,0.099000000000000005,2.0e-16,1.9799999999999999e-17,,0.09008189262966332958590313,9.00818926296629E-002;4.16333634234434E-017,tiny_unbalanced,main grid,
F_Survival,K_STATS_F_Survival,rel<=1E-12,rel,0.099000000000000005,2.0e-16,1.9799999999999999e-17,,0.9099181073703366704140969,9.09918107370337E-001;1.11022302462516E-016,tiny_unbalanced,main grid,
F_Density,K_STATS_F_Density,rel<=1E-12,rel,0.98999999999999999,2.0e-16,1.9799999999999999e-17,,9.099181073703366213547569e-18,9.09918107370337E-018;3.08148791101958E-033,tiny_unbalanced,main grid,
F_Cumulative,K_STATS_F_Cumulative,rel<=1E-12,rel,0.98999999999999999,2.0e-16,1.9799999999999999e-17,,0.09008189262966335032802544,9.00818926296673E-002;-1.38777878078145E-017,tiny_unbalanced,main grid,
F_Survival,K_STATS_F_Survival,rel<=1E-12,rel,0.98999999999999999,2.0e-16,1.9799999999999999e-17,,0.9099181073703366496719746,9.09918107370333E-001;-2.22044604925031E-016,tiny_unbalanced,main grid,
F_Density,K_STATS_F_Density,rel<=1E-12,rel,0.01,2.0e-8,2.0000000000000001e-9,,9.09090887205215851046701e-8,9.09090887205207E-008;-2.64697796016969E-023,tiny_unbalanced,main grid,
F_Cumulative,K_STATS_F_Cumulative,rel<=1E-12,rel,0.01,2.0e-8,2.0000000000000001e-9,,0.09090908881583176167875714,9.09090888158319E-002;2.77555756156289E-017,tiny_unbalanced,main grid,
F_Survival,K_STATS_F_Survival,rel<=1E-12,rel,0.01,2.0e-8,2.0000000000000001e-9,,0.9090909111841682383212429,9.09090911184168E-001;1.11022302462516E-016,tiny_unbalanced,main grid,
F_Density,K_STATS_F_Density,rel<=1E-12,rel,0.10000000000000001,2.0e-8,2.0000000000000001e-9,,9.090909021594373294253432e-9,9.09090902159430E-009;0E+000,tiny_unbalanced,main grid,
F_Cumulative,K_STATS_F_Cumulative,rel<=1E-12,rel,0.10000000000000001,2.0e-8,2.0000000000000001e-9,,0.09090909090909090577973518,9.09090909090912E-002;1.38777878078145E-017,tiny_unbalanced,main grid,
F_Survival,K_STATS_F_Survival,rel<=1E-12,rel,0.10000000000000001,2.0e-8,2.0000000000000001e-9,,0.9090909090909090942202648,9.09090909090909E-001;-2.22044604925031E-016,tiny_unbalanced,main grid,
F_Density,K_STATS_F_Density,rel<=1E-12,rel,1.0,2.0e-8,2.0000000000000001e-9,,9.090909060445481906763557e-10,9.09090906044538E-010;-3.10192729707385E-025,tiny_unbalanced,main grid,
F_Cumulative,K_STATS_F_Cumulative,rel<=1E-12,rel,1.0,2.0e-8,2.0000000000000001e-9,,0.09090909300235007157029608,9.09090930023476E-002;-4.16333634234434E-017,tiny_unbalanced,main grid,
F_Survival,K_STATS_F_Survival,rel<=1E-12,rel,1.0,2.0e-8,2.0000000000000001e-9,,0.9090909069976499284297039,9.09090906997652E-001;4.44089209850063E-016,tiny_unbalanced,main grid,
F_Density,K_STATS_F_Density,rel<=1E-12,rel,0.01,0.00020000000000000001,2.0000000000000002e-5,,0.0009088720799922813813280344,9.08872079992274E-004;0E+000,tiny_unbalanced,main grid,
F_Cumulative,K_STATS_F_Cumulative,rel<=1E-12,rel,0.01,0.00020000000000000001,2.0000000000000002e-5,,0.09088816077902553184247121,9.08881607790255E-002;2.77555756156289E-017,tiny_unbalanced,main grid,
F_Survival,K_STATS_F_Survival,rel<=1E-12,rel,0.01,0.00020000000000000001,2.0000000000000002e-5,,0.9091118392209744681575288,9.09111839220974E-001;4.44089209850063E-016,tiny_unbalanced,main grid,
F_Density,K_STATS_F_Density,rel<=1E-12,rel,0.10000000000000001,0.00020000000000000001,2.0000000000000002e-5,,0.00009090215985104379438812495,9.09021598510430E-005;0E+000,tiny_unbalanced,main grid,
F_Cumulative,K_STATS_F_Cumulative,rel<=1E-12,rel,0.10000000000000001,0.00020000000000000001,2.0000000000000002e-5,,0.09090909023625799026005413,9.09090902362580E-002;4.16333634234434E-017,tiny_unbalanced,main grid,
F_Survival,K_STATS_F_Survival,rel<=1E-12,rel,0.10000000000000001,0.00020000000000000001,2.0000000000000002e-5,,0.9090909097637420097399459,9.09090909763742E-001;0E+000,tiny_unbalanced,main grid,
F_Density,K_STATS_F_Density,rel<=1E-12,rel,1.0,0.00020000000000000001,2.0000000000000002e-5,,0.00000909060447486810179711707,9.09060447486803E-006;1.69406589450860E-021,tiny_unbalanced,main grid,
F_Cumulative,K_STATS_F_Cumulative,rel<=1E-12,rel,1.0,0.00020000000000000001,2.0000000000000002e-5,,0.09093002186221364296295365,9.09300218622126E-002;1.38777878078145E-017,tiny_unbalanced,main grid,
F_Survival,K_STATS_F_Survival,rel<=1E-12,rel,1.0,0.00020000000000000001,2.0000000000000002e-5,,0.9090699781377863570370463,9.09069978137787E-001;3.33066907387547E-016,tiny_unbalanced,main grid,
Beta_InverseCumulative,K_STATS_Beta_InverseCumulative,tail_rel<=1E-9,rel,0.020391305237761687,0.5,0.050000000000000003,,0.0460103189252829776817163,4.60103189252829E-002;2.08166817117217E-017,tiny_unbalanced_representable,main grid,
Beta_InverseCumulative,K_STATS_Beta_InverseCumulative,tail_rel<=1E-9,rel,0.011614828246796624,0.20000000000000001,0.01,,0.0008504300838312332800788581,8.50430083831230E-004;2.16840434497101E-019,tiny_unbalanced_representable,main grid,
Beta_InverseCumulative,K_STATS_Beta_InverseCumulative,tail_rel<=1E-9,rel,0.023229656493593247,0.20000000000000001,0.01,,0.02663371583762862828433306,2.66337158376285E-002;1.04083408558608E-017,tiny_unbalanced_representable,main grid,
Beta_InverseCumulative,K_STATS_Beta_InverseCumulative,tail_rel<=1E-9,rel,0.090818181146021734,0.0001,1.0000000000000001e-5,,0.00004516721985176109752297216,4.51672198518676E-005;3.38813178901720E-020,tiny_unbalanced_representable,main grid,
Beta_InverseCumulative,K_STATS_Beta_InverseCumulative,tail_rel<=1E-9,rel,0.090908181145355635,0.0001,1.0000000000000001e-5,,0.47501885401617214363346,4.75018854027812E-001;1.66533453693773E-016,tiny_unbalanced_representable,main grid,
F_InverseCumulative,K_STATS_F_InverseCumulative,tail_rel<=1E-9,rel,0.041835878752360681,1.0,0.10000000000000001,,0.02146355524527151551756332,2.14635552452715E-002;2.08166817117217E-017,tiny_unbalanced_representable,main grid,
F_InverseCumulative,K_STATS_F_InverseCumulative,tail_rel<=1E-9,rel,0.083671757504721361,1.0,0.10000000000000001,,0.1067565108965985188060758,1.06756510896599E-001;-1.38777878078145E-016,tiny_unbalanced_representable,main grid,
F_InverseCumulative,K_STATS_F_InverseCumulative,tail_rel<=1E-9,rel,0.15060916350849846,1.0,0.10000000000000001,,0.6549861983264713460869071,6.54986198326479E-001;-3.33066907387547E-016,tiny_unbalanced_representable,main grid,
F_InverseCumulative,K_STATS_F_InverseCumulative,tail_rel<=1E-9,rel,0.16717617149443328,1.0,0.10000000000000001,,0.9957837553502973832462148,9.95783755350306E-001;-1.11022302462516E-016,tiny_unbalanced_representable,main grid,
F_InverseCumulative,K_STATS_F_InverseCumulative,tail_rel<=1E-9,rel,0.018292907737209336,0.40000000000000002,0.02,,0.0004129422049921149347088256,4.12942204992114E-004;5.42101086242752E-020,tiny_unbalanced_representable,main grid,
F_InverseCumulative,K_STATS_F_InverseCumulative,tail_rel<=1E-9,rel,0.036585815474418672,0.40000000000000002,0.02,,0.01379719153186172187404898,1.37971915318617E-002;-4.16333634234434E-017,tiny_unbalanced_representable,main grid,
F_InverseCumulative,K_STATS_F_InverseCumulative,tail_rel<=1E-9,rel,0.065854467853953616,0.40000000000000002,0.02,,0.4500007034584452245028831,4.50000703458454E-001;-2.22044604925031E-016,tiny_unbalanced_representable,main grid,
F_InverseCumulative,K_STATS_F_InverseCumulative,tail_rel<=1E-9,rel,0.073098459317888512,0.40000000000000002,0.02,,0.9920563872998486594073559,9.92056387299889E-001;-1.11022302462516E-016,tiny_unbalanced_representable,main grid,
F_InverseCumulative,K_STATS_F_InverseCumulative,tail_rel<=1E-9,rel,0.090839091840351424,0.00020000000000000001,2.0000000000000002e-5,,0.00004515249603703414461200275,4.51524960364464E-005;2.03287907341032E-020,tiny_unbalanced_representable,main grid,
Gamma_Density,K_STATS_Gamma_Density,measured,rel,90.0,100.0,1.0,,0.02591202825015755649778336991747193,2.59120282501576E-002;-3.46944695195361E-017,large_shape,main grid,
Gamma_Density,K_STATS_Gamma_Density,measured,rel,100.0,100.0,1.0,,0.03986099680914713523392064945913875,3.98609968091471E-002;2.77555756156289E-017,large_shape,main grid,
Gamma_Density,K_STATS_Gamma_Density,measured,rel,110.0,100.0,1.0,,0.0226714431804233640523751009637354,2.26714431804234E-002;-3.46944695195361E-017,large_shape,main grid,
ChiSquare_Density,K_STATS_ChiSquare_Density,measured,rel,85.857864376269049,100.0,,,0.01887213292190731247224291965643372,1.88721329219073E-002;1.04083408558608E-017,large_shape,main grid,
ChiSquare_Density,K_STATS_ChiSquare_Density,measured,rel,100.0,100.0,,,0.028162503162595412705774368332845,2.81625031625954E-002;3.46944695195361E-018,large_shape,main grid,
ChiSquare_Density,K_STATS_ChiSquare_Density,measured,rel,114.14213562373095,100.0,,,0.01561705821448227809487699841578709,1.56170582144823E-002;-1.73472347597681E-017,large_shape,main grid,
Beta_Density,K_STATS_Beta_Density,measured,rel,0.46464466094067264,100.0,100.0,,6.861154316588123254014368044155429,6.86115431658813E+000;1.77635683940025E-015,large_shape,main grid,
Beta_Density,K_STATS_Beta_Density,measured,rel,0.5,100.0,100.0,,11.26969580185128444944905282858003,1.12696958018513E+001;-8.88178419700125E-015,large_shape,main grid,
Beta_Density,K_STATS_Beta_Density,measured,rel,0.53535533905932742,100.0,100.0,,6.861154316588112535501620469047716,6.86115431658811E+000;8.88178419700125E-016,large_shape,main grid,
Beta_Density,K_STATS_Beta_Density,measured,rel,0.99019655898042902,100.0,1.0,,37.70681636348449359042719694961229,3.77068163634845E+001;0E+000,large_shape,main grid,
F_Density,K_STATS_F_Density,measured,rel,0.90000000000000002,100.0,100.0,,1.924494993748844569499822859360667,1.92449499374884E+000;4.66293670342566E-015,large_shape,main grid,
F_Density,K_STATS_F_Density,measured,rel,1.0,100.0,100.0,,1.989730934679469037453176256054262,1.98973093467947E+000;-1.55431223447522E-015,large_shape,main grid,
F_Density,K_STATS_F_Density,measured,rel,1.1000000000000001,100.0,100.0,,1.614752694098569963866642853493804,1.61475269409857E+000;-8.88178419700125E-016,large_shape,main grid,
Gamma_Density,K_STATS_Gamma_Density,measured,rel,9900.0,10000.0,1.0,,0.002435933443171320059109593574285957,2.43593344317132E-003;3.03576608295941E-018,large_shape,main grid,
Gamma_Density,K_STATS_Gamma_Density,measured,rel,10000.0,10000.0,1.0,,0.003989389558962825648671826982056937,3.98938955896282E-003;4.33680868994202E-018,large_shape,main grid,
Gamma_Density,K_STATS_Gamma_Density,measured,rel,10100.0,10000.0,1.0,,0.00240366925786204905261403663199982,2.40366925786205E-003;1.73472347597681E-018,large_shape,main grid,
ChiSquare_Density,K_STATS_ChiSquare_Density,measured,rel,9858.5786437626903,10000.0,,,0.00172725729827093061151300450727304,1.72725729827093E-003;2.81892564846231E-018,large_shape,main grid,
ChiSquare_Density,K_STATS_ChiSquare_Density,measured,rel,10000.0,10000.0,,,0.002820900902332011286995709849652714,2.82090090233201E-003;-4.33680868994202E-019,large_shape,main grid,
ChiSquare_Density,K_STATS_ChiSquare_Density,measured,rel,10141.42135623731,10000.0,,,0.001694991690744316430877575296979897,1.69499169074432E-003;-2.38524477946811E-018,large_shape,main grid,
Beta_Density,K_STATS_Beta_Density,measured,rel,0.49646446609406725,10000.0,10000.0,,68.44136713226875510694064289216393,6.84413671322681E+001;4.26325641456060E-014,large_shape,main grid,
Beta_Density,K_STATS_Beta_Density,measured,rel,0.5,10000.0,10000.0,,112.836506244408401200989244139529,1.12836506244409E+002;-3.97903932025656E-013,large_shape,main grid,
Beta_Density,K_STATS_Beta_Density,measured,rel,0.50353553390593275,10000.0,10000.0,,68.44136713226875510694064289216393,6.84413671322681E+001;4.26325641456060E-014,large_shape,main grid,
Beta_Density,K_STATS_Beta_Density,measured,rel,0.98921094186246095,10000.0,100.0,,253.1971860889997757419411200218276,2.53197186089000E+002;8.52651282912120E-014,large_shape,main grid,
Beta_Density,K_STATS_Beta_Density,measured,rel,0.99019607843137258,10000.0,100.0,,406.5787138661506851060457882430866,4.06578713866151E+002;-3.41060513164848E-013,large_shape,main grid,
Beta_Density,K_STATS_Beta_Density,measured,rel,0.99118121500028411,10000.0,100.0,,236.7024083899489997926070669418796,2.36702408389949E+002;0E+000,large_shape,main grid,
F_Density,K_STATS_F_Density,measured,rel,0.98999999999999999,10000.0,10000.0,,17.75822477157602716544771007830515,1.77582247715760E+001;2.13162820728030E-014,large_shape,main grid,
F_Density,K_STATS_F_Density,measured,rel,1.0,10000.0,10000.0,,19.94661534845538440110037380569994,1.99466153484554E+001;-1.42108547152020E-014,large_shape,main grid,
F_Density,K_STATS_F_Density,measured,rel,1.01,10000.0,10000.0,,17.45015091124677371615213022697712,1.74501509112468E+001;-3.55271367880050E-014,large_shape,main grid,
F_Density,K_STATS_F_Density,measured,rel,0.89090584220312474,10000.0,100.0,,2.231846242944344948122331138637721,2.23184624294435E+000;-4.44089209850063E-016,large_shape,main grid,
F_Density,K_STATS_F_Density,measured,rel,1.020204081632653,10000.0,100.0,,2.719883564691967683009103463631319,2.71988356469197E+000;-8.88178419700125E-016,large_shape,main grid,
F_Density,K_STATS_F_Density,measured,rel,1.1928353174180533,10000.0,100.0,,1.135399380064345654657785729100705,1.13539938006435E+000;-3.77475828372553E-015,large_shape,main grid,
Gamma_Density,K_STATS_Gamma_Density,measured,rel,999000.0,1000000.0,1.0,,0.0002421321325063692493595655223600164,2.42132132506370E-004;-4.33680868994202E-019,large_shape,main grid,
Gamma_Density,K_STATS_Gamma_Density,measured,rel,1000000.0,1000000.0,1.0,,0.0003989422471562440297045439868160385,3.98942247156244E-004;5.42101086242752E-020,large_shape,main grid,
Gamma_Density,K_STATS_Gamma_Density,measured,rel,1001000.0,1000000.0,1.0,,0.0002418095047314818277824898436636737,2.41809504731482E-004;-2.43945488809238E-019,large_shape,main grid,
ChiSquare_Density,K_STATS_ChiSquare_Density,measured,rel,998585.78643762693,1000000.0,,,0.0001712605871919198486841640596337082,1.71260587191920E-004;-1.89735380184963E-019,large_shape,main grid,
ChiSquare_Density,K_STATS_ChiSquare_Density,measured,rel,1000000.0,1000000.0,,,0.0002820947447580834324836193347950509,2.82094744758083E-004;4.87890977618477E-019,large_shape,main grid,
ChiSquare_Density,K_STATS_ChiSquare_Density,measured,rel,1001414.2135623731,1000000.0,,,0.0001709379592748370141282404497014744,1.70937959274837E-004;-1.89735380184963E-019,large_shape,main grid,
Beta_Density,K_STATS_Beta_Density,measured,rel,0.49964644660940671,1000000.0,1000000.0,,684.3967317236272035200617539725426,6.84396731723663E+002;-4.54747350886464E-013,large_shape,main grid,
Beta_Density,K_STATS_Beta_Density,measured,rel,0.5,1000000.0,1000000.0,,1128.379026048125502424839762972354,1.12837902604813E+003;-4.77484718430787E-012,large_shape,main grid,
Beta_Density,K_STATS_Beta_Density,measured,rel,0.50035355339059329,1000000.0,1000000.0,,684.3967317236272035200617539725426,6.84396731723663E+002;-4.54747350886464E-013,large_shape,main grid,
Beta_Density,K_STATS_Beta_Density,measured,rel,0.99000146191108818,1000000.0,10000.0,,2464.09632602864264423339605929629,2.46409632602862E+003;3.63797880709171E-012,large_shape,main grid,
Beta_Density,K_STATS_Beta_Density,measured,rel,0.99009998039600078,1000000.0,10000.0,,4049.5762393234752778610066370028,4.04957623932348E+003;-3.18323145620525E-012,large_shape,main grid,
Beta_Density,K_STATS_Beta_Density,measured,rel,0.99019849888091338,1000000.0,10000.0,,2447.962968910099529882312473284126,2.44796296891009E+003;-4.54747350886464E-013,large_shape,main grid,
F_Density,K_STATS_F_Density,measured,rel,0.999,1000000.0,1000000.0,,176.1867841882780623867752056023844,1.76186784188273E+002;-3.97903932025656E-013,large_shape,main grid,
F_Density,K_STATS_F_Density,measured,rel,1.0,1000000.0,1000000.0,,199.4710903329375222718113992282486,1.99471090332938E+002;-4.83169060316868E-013,large_shape,main grid,
F_Density,K_STATS_F_Density,measured,rel,1.0009999999999999,1000000.0,1000000.0,,175.8787268603851418950378386986668,1.75878726860388E+002;-3.12638803734444E-013,large_shape,main grid,
F_Density,K_STATS_F_Density,measured,rel,0.98617714890480013,1000000.0,10000.0,,17.58114881343320773124535055306077,1.75811488134313E+001;1.77635683940025E-014,large_shape,main grid,
F_Density,K_STATS_F_Density,measured,rel,1.0001980396079215,1000000.0,10000.0,,28.06073184675015028568455891873903,2.80607318467502E+001;-7.10542735760100E-015,large_shape,main grid,
F_Density,K_STATS_F_Density,measured,rel,1.014619244160224,1000000.0,10000.0,,16.46492835615035268842380149414659,1.64649283561517E+001;-4.26325641456060E-014,large_shape,main grid,
Gamma_Density,K_STATS_Gamma_Density,measured,rel,99990000.0,100000000.0,1.0,,0.00002419868568418463245434102235562077,2.41986856841846E-005;3.38813178901720E-020,large_shape,main grid,
Gamma_Density,K_STATS_Gamma_Density,measured,rel,100000000.0,100000000.0,1.0,,0.00003989422800689807777439404545268413,3.98942280068981E-005;-4.06575814682064E-020,large_shape,main grid,
Gamma_Density,K_STATS_Gamma_Density,measured,rel,100010000.0,100000000.0,1.0,,0.00002419545940784349102874013806043986,2.41954594078435E-005;-2.37169225231204E-020,large_shape,main grid,
ChiSquare_Density,K_STATS_ChiSquare_Density,measured,rel,99985857.864376262,100000000.0,,,0.00001711152728685688274570709273359039,1.71115272868569E-005;-4.40457132572236E-020,large_shape,main grid,
ChiSquare_Density,K_STATS_ChiSquare_Density,measured,rel,100000000.0,100000000.0,,,0.00002820947913037201575760411479495916,2.82094791303719E-005;2.37169225231204E-020,large_shape,main grid,
ChiSquare_Density,K_STATS_ChiSquare_Density,measured,rel,100014142.13562374,100000000.0,,,0.00001710830101050152345258651806976111,1.71083010105015E-005;6.77626357803440E-021,large_shape,main grid,
Beta_Density,K_STATS_Beta_Density,measured,rel,0.49996464466094065,100000000.0,100000000.0,,6843.965623349702099818472088197577,6.84396562335076E+003;9.09494701772928E-013,large_shape,main grid,
Beta_Density,K_STATS_Beta_Density,measured,rel,0.5,100000000.0,100000000.0,,11283.7916568503861590831441555438,1.12837916568504E+004;1.81898940354586E-012,large_shape,main grid,
Beta_Density,K_STATS_Beta_Density,measured,rel,0.5000353553390593,100000000.0,100000000.0,,6843.965623360447758577463295222133,6.84396562335797E+003;9.09494701772928E-013,large_shape,main grid,
Beta_Density,K_STATS_Beta_Density,measured,rel,0.99008916775260158,100000000.0,1000000.0,,24568.99294719131612631056577821369,2.45689929471911E+004;-2.18278728425503E-011,large_shape,main grid,
Beta_Density,K_STATS_Beta_Density,measured,rel,0.99009901960592117,100000000.0,1000000.0,,40494.15128305017305068050161458207,4.04941512830502E+004;7.27595761418343E-012,large_shape,main grid,
Beta_Density,K_STATS_Beta_Density,measured,rel,0.99010887145924087,100000000.0,1000000.0,,24552.86314258334426937185376299299,2.45528631425835E+004;3.63797880709171E-011,large_shape,main grid,
F_Density,K_STATS_F_Density,measured,rel,0.99990000000000001,100000000.0,100000000.0,,1760.480671617049930658689855575575,1.76048067161622E+003;-3.18323145620525E-012,large_shape,main grid,
F_Density,K_STATS_F_Density,measured,rel,1.0,100000000.0,100000000.0,,1994.711397020384890915295034613383,1.99471139702038E+003;3.63797880709171E-012,large_shape,main grid,
F_Density,K_STATS_F_Density,measured,rel,1.0001,100000000.0,100000000.0,,1760.172614454461395351574521106163,1.76017261445483E+003;6.82121026329696E-013,large_shape,main grid,
F_Density,K_STATS_F_Density,measured,rel,0.99858270460643317,100000000.0,1000000.0,,170.8080200724569599900118918152127,1.70808020072706E+002;-3.41060513164848E-013,large_shape,main grid,
F_Density,K_STATS_F_Density,measured,rel,1.0000019800039599,100000000.0,1000000.0,,280.693934032027187121961172123313,2.80693934032026E+002;2.27373675443232E-013,large_shape,main grid,
F_Density,K_STATS_F_Density,measured,rel,1.0014252554328533,100000000.0,1000000.0,,169.6916026791987707105361497307755,1.69691602678984E+002;-2.84217094304040E-013,large_shape,main grid,
Gamma_Density,K_STATS_Gamma_Density,measured,rel,9999900000.0,10000000000.0,1.0,,0.000002419723376667168544718152008533973,2.41972337666717E-006;-8.47032947254300E-022,large_shape,main grid,
Gamma_Density,K_STATS_Gamma_Density,measured,rel,10000000000.0,10000000000.0,1.0,,0.000003989422803981081589366146397807307,3.98942280398108E-006;4.23516473627150E-021,large_shape,main grid,
Gamma_Density,K_STATS_Gamma_Density,measured,rel,10000100000.0,10000000000.0,1.0,,0.000002419691113903897903653427380667712,2.41969111390390E-006;3.38813178901720E-021,large_shape,main grid,
ChiSquare_Density,K_STATS_ChiSquare_Density,measured,rel,9999858578.6437626,10000000000.0,,,0.000001711007533074561814959128937053188,1.71100753307456E-006;-4.23516473627150E-021,large_shape,main grid,
ChiSquare_Density,K_STATS_ChiSquare_Density,measured,rel,10000000000.0,10000000000.0,,,0.000002820947917691765636111809365546825,2.82094791769176E-006;-3.38813178901720E-021,large_shape,main grid,
ChiSquare_Density,K_STATS_ChiSquare_Density,measured,rel,10000141421.356237,10000000000.0,,,0.000001710975270311289775211132835795207,1.71097527031128E-006;4.65868120989865E-021,large_shape,main grid,
Beta_Density,K_STATS_Beta_Density,measured,rel,0.49999646446609408,10000000000.0,10000000000.0,,68439.65606443124122296673187455324,6.84396560650281E+004;-2.91038304567337E-011,large_shape,main grid,
Beta_Density,K_STATS_Beta_Density,measured,rel,0.5,10000000000.0,10000000000.0,,112837.9167081407834307553150570278,1.12837916708141E+005;-4.36557456851006E-011,large_shape,main grid,
Beta_Density,K_STATS_Beta_Density,measured,rel,0.50000353553390597,10000000000.0,10000000000.0,,68439.6560633566753444080605946152,6.84396560631820E+004;-1.45519152283669E-011,large_shape,main grid,
Beta_Density,K_STATS_Beta_Density,measured,rel,0.99009802481270259,10000000000.0,100000000.0,,245617.4084635126829742275104307395,2.45617408463270E+005;5.82076609134674E-011,large_shape,main grid,
Beta_Density,K_STATS_Beta_Density,measured,rel,0.99009900999803946,10000000000.0,100000000.0,,404941.3517293968789425021047426438,4.04941351729397E+005;-1.74622982740402E-010,large_shape,main grid,
Beta_Density,K_STATS_Beta_Density,measured,rel,0.99009999518337621,10000000000.0,100000000.0,,245601.2786969873468949265128823701,2.45601278696740E+005;5.82076609134674E-011,large_shape,main grid,
F_Density,K_STATS_F_Density,measured,rel,0.99999000000000005,10000000000.0,10000000000.0,,17603.42036773689049738398032499944,1.76034203677429E+004;2.18278728425503E-011,large_shape,main grid,
F_Density,K_STATS_F_Density,measured,rel,1.0,10000000000.0,10000000000.0,,19947.11401957295604650174562242621,1.99471140195729E+004;2.54658516496420E-011,large_shape,main grid,
F_Density,K_STATS_F_Density,measured,rel,1.0000100000000001,10000000000.0,10000000000.0,,17603.11231052709601543751110307654,1.76031123104981E+004;-4.00177668780088E-011,large_shape,main grid,
F_Density,K_STATS_F_Density,measured,rel,0.99985791308759364,10000000000.0,100000000.0,,1703.058266734832434880907284943032,1.70305826672000E+003;4.54747350886464E-013,large_shape,main grid,
F_Density,K_STATS_F_Density,measured,rel,1.0000000198000003,10000000000.0,100000000.0,,2806.948002300722292303211931858543,2.80694800230073E+003;-4.54747350886464E-012,large_shape,main grid,
F_Density,K_STATS_F_Density,measured,rel,1.0001421665124104,10000000000.0,100000000.0,,1701.941847371043849513926849582416,1.70194184738927E+003;4.09272615797818E-012,large_shape,main grid,
Gamma_Density,K_STATS_Gamma_Density,measured,rel,999999000000.0,1000000000000.0,1.0,,0.0000002419708858330537956906962407978188,2.41970885833054E-007;-3.17637355220363E-022,large_shape,main grid,
Gamma_Density,K_STATS_Gamma_Density,measured,rel,1000000000000.0,1000000000000.0,1.0,,0.0000003989422804013994327499126085964365,3.98942280401400E-007;-2.11758236813575E-022,large_shape,main grid,
Gamma_Density,K_STATS_Gamma_Density,measured,rel,1000001000000.0,1000000000000.0,1.0,,0.0000002419705632054211033573680352079517,2.41970563205421E-007;3.70576914423756E-022,large_shape,main grid,
ChiSquare_Density,K_STATS_ChiSquare_Density,measured,rel,999998585786.43762,1000000000000.0,,,0.0000001710993014694727688706195920287117,1.71099301469473E-007;-2.91167575618666E-022,large_shape,main grid,
ChiSquare_Density,K_STATS_ChiSquare_Density,measured,rel,1000000000000.0,1000000000000.0,,,0.0000002820947917738311276754107500077905,2.82094791773831E-007;5.29395592033938E-023,large_shape,main grid,
ChiSquare_Density,K_STATS_ChiSquare_Density,measured,rel,1000001414213.5624,1000000000000.0,,,0.0000001710989788418400774980329436243598,1.71098978841840E-007;7.94093388050907E-023,large_shape,main grid,
Beta_Density,K_STATS_Beta_Density,measured,rel,0.49999964644660938,1000000000000.0,1000000000000.0,,684396.5605736453034242336785479233,6.84396560622264E+005;-3.49245965480804E-010,large_shape,main grid,
Beta_Density,K_STATS_Beta_Density,measured,rel,0.5,1000000000000.0,1000000000000.0,,1128379.16709537152650027197286527,1.12837916709537E+006;-4.65661287307739E-010,large_shape,main grid,
Beta_Density,K_STATS_Beta_Density,measured,rel,0.50000035355339056,1000000000000.0,1000000000000.0,,684396.5606811018912827603570912251,6.84396560681339E+005;-4.65661287307739E-010,large_shape,main grid,
Beta_Density,K_STATS_Beta_Density,measured,rel,0.99009891138342687,1000000000000.0,10000000000.0,,2456101.506141336426574571772702814,2.45610150614146E+006;1.86264514923096E-009,large_shape,main grid,
Beta_Density,K_STATS_Beta_Density,measured,rel,0.99009900990196065,1000000000000.0,10000000000.0,,4049413.501183868216590587180956324,4.04941350118387E+006;-3.72529029846191E-009,large_shape,main grid,
Beta_Density,K_STATS_Beta_Density,measured,rel,0.99009910842049431,1000000000000.0,10000000000.0,,2456085.376394054514801025834770429,2.45608537639532E+006;3.72529029846191E-009,large_shape,main grid,
F_Density,K_STATS_F_Density,measured,rel,0.99999899999999997,1000000000000.0,1000000000000.0,,176032.8174095568584524652056998848,1.76032817405461E+005;3.20142135024071E-010,large_shape,main grid,
F_Density,K_STATS_F_Density,measured,rel,1.0,1000000000000.0,1000000000000.0,,199471.1402006664711849228571159216,1.99471140200667E+005;-2.61934474110603E-010,large_shape,main grid,
F_Density,K_STATS_F_Density,measured,rel,1.0000009999999999,1000000000000.0,1000000000000.0,,176032.5093572818312493945587866774,1.76032509359045E+005;-4.94765117764473E-010,large_shape,main grid,
F_Density,K_STATS_F_Density,measured,rel,0.99998578772758806,1000000000000.0,10000000000.0,,17025.55897453779601606903868428792,1.70255589731716E+004;-1.81898940354586E-011,large_shape,main grid,
F_Density,K_STATS_F_Density,measured,rel,1.0000000001980001,1000000000000.0,10000000000.0,,28069.480889205683573741609196717,2.80694808892057E+004;1.81898940354586E-011,large_shape,main grid,
F_Density,K_STATS_F_Density,measured,rel,1.000014213068412,1000000000000.0,10000000000.0,,17024.44255510373686880966426747354,1.70244425567504E+004;1.09139364212751E-011,large_shape,main grid,
Gamma_Density,K_STATS_Gamma_Density,measured,rel,9999999900000000.0,10000000000000000.0,1.0,,0.000000002419707261322815226687585495409081,2.41970726132281E-009;-8.27180612553028E-025,large_shape,main grid,
Gamma_Density,K_STATS_Gamma_Density,measured,rel,10000000000000000.0,10000000000000000.0,1.0,,0.000000003989422804014326746154270565891096,3.98942280401432E-009;-4.96308367531817E-024,large_shape,main grid,
Gamma_Density,K_STATS_Gamma_Density,measured,rel,10000000100000000.0,10000000000000000.0,1.0,,0.000000002419707229060051957468470767080304,2.41970722906006E-009;4.13590306276514E-025,large_shape,main grid,
ChiSquare_Density,K_STATS_ChiSquare_Density,measured,rel,9999999858578644.0,10000000000000000.0,,,0.000000001710991420563562102208573642737781,1.71099142056356E-009;4.75628852217991E-024,large_shape,main grid,
ChiSquare_Density,K_STATS_ChiSquare_Density,measured,rel,10000000000000000.0,10000000000000000.0,,,0.000000002820947917738781387724598628824173,2.82094791773878E-009;4.13590306276514E-025,large_shape,main grid,
ChiSquare_Density,K_STATS_ChiSquare_Density,measured,rel,10000000141421356.0,10000000000000000.0,,,0.00000000171099138830079877885152131423377,1.71099138830081E-009;-2.06795153138257E-024,large_shape,main grid,
Beta_Density,K_STATS_Beta_Density,measured,rel,0.49999999646446608,10000000000000000.0,10000000000000000.0,,68439655.76721463492130332072321826,6.84396561772875E+007;-4.47034835815430E-008,large_shape,main grid,
Beta_Density,K_STATS_Beta_Density,measured,rel,0.5,10000000000000000.0,10000000000000000.0,,112837916.7095512559791419314427638,1.12837916709552E+008;-3.72529029846191E-007,large_shape,main grid,
Beta_Density,K_STATS_Beta_Density,measured,rel,0.50000000353553387,10000000000000000.0,10000000000000000.0,,68439656.8417805135068386852475386,6.84396561772875E+007;-4.47034835815430E-008,large_shape,main grid,
Beta_Density,K_STATS_Beta_Density,measured,rel,0.99009900891580482,10000000000000000.0,100000000000000.0,,245609343.3868005942684551683871368,2.45609343241643E+008;1.19209289550781E-007,large_shape,main grid,
Beta_Density,K_STATS_Beta_Density,measured,rel,0.9900990099009902,10000000000000000.0,100000000000000.0,,404941350.1021156146490086168943033,4.04941350102116E+008;-2.38418579101563E-007,large_shape,main grid,
Beta_Density,K_STATS_Beta_Density,measured,rel,0.99009901088617558,10000000000000000.0,100000000000000.0,,245609324.6746798958956685339887296,2.45609324606872E+008;-3.87430191040039E-007,large_shape,main grid,
F_Density,K_STATS_F_Density,measured,rel,0.99999998999999995,10000000000000000.0,10000000000000000.0,,17603266.47013051163494578128557741,1.76032665142476E+007;2.98023223876953E-008,large_shape,main grid,
F_Density,K_STATS_F_Density,measured,rel,1.0,10000000000000000.0,10000000000000000.0,,19947114.02007163339831945249492825,1.99471140200716E+007;7.45058059692383E-009,large_shape,main grid,
F_Density,K_STATS_F_Density,measured,rel,1.0000000099999999,10000000000000000.0,10000000000000000.0,,17603266.21093222976541677702520497,1.76032661621823E+007;-2.98023223876953E-008,large_shape,main grid,
F_Density,K_STATS_F_Density,measured,rel,0.99999985787333578,10000000000000000.0,100000000000000.0,,1702500.635133262319563292200665465,1.70250066504021E+006;-3.95812094211578E-009,large_shape,main grid,
F_Density,K_STATS_F_Density,measured,rel,1.0000000000000198,10000000000000000.0,100000000000000.0,,2806948.089795429364338746606071986,2.80694808979543E+006;1.39698386192322E-009,large_shape,main grid,
F_Density,K_STATS_F_Density,measured,rel,1.0000001421267439,10000000000000000.0,100000000000000.0,,1702499.517348144958093671970636753,1.70249949224584E+006;2.32830643653870E-010,large_shape,main grid,
Gamma_Density,K_STATS_Gamma_Density,measured,rel,9.9999999989999993e+19,1.0e+20,1.0,,2.419705510906593845781462282032758e-11,2.41970551090660E-011;-4.84676140167790E-026,large_shape,main grid,
Gamma_Density,K_STATS_Gamma_Density,measured,rel,1.0e+20,1.0e+20,1.0,,3.989422804014326779396136080340473e-11,3.98942280401432E-011;0E+000,large_shape,main grid,
Gamma_Density,K_STATS_Gamma_Density,measured,rel,1.0000000001000001e+20,1.0e+20,1.0,,2.419705510583966444349006912772283e-11,2.41970551058396E-011;-6.46234853557053E-027,large_shape,main grid,
ChiSquare_Density,K_STATS_ChiSquare_Density,measured,rel,9.9999999985857872e+19,1.0e+20,,,1.710992308596121012747780434658545e-11,1.71099230859612E-011;-1.29246970711411E-026,large_shape,main grid,
ChiSquare_Density,K_STATS_ChiSquare_Density,measured,rel,1.0e+20,1.0e+20,,,2.820947917738781434735695677940965e-11,2.82094791773878E-011;4.20052654812084E-026,large_shape,main grid,
ChiSquare_Density,K_STATS_ChiSquare_Density,measured,rel,1.0000000001414213e+20,1.0e+20,,,1.710992308273493209053975859281159e-11,1.71099230827350E-011;-3.23117426778526E-027,large_shape,main grid,
Beta_Density,K_STATS_Beta_Density,measured,rel,0.49999999996464467,1.0e+20,1.0e+20,,6843967403.483456916417214213798822,6.84396923373462E+009;3.81469726562500E-006,large_shape,main grid,
Beta_Density,K_STATS_Beta_Density,measured,rel,0.5,1.0e+20,1.0e+20,,11283791670.95512573894748429162676,1.12837916709551E+010;7.62939453125000E-006,large_shape,main grid,
Beta_Density,K_STATS_Beta_Density,measured,rel,0.50000000003535539,1.0e+20,1.0e+20,,6843956657.824671066203457037256343,6.84396130484254E+009;-4.76837158203125E-006,large_shape,main grid,
Beta_Density,K_STATS_Beta_Density,measured,rel,0.99009900989113819,1.0e+20,1.0e+18,,24560803518.83718271015254280029604,2.45608033002159E+010;2.67028808593750E-005,large_shape,main grid,
Beta_Density,K_STATS_Beta_Density,measured,rel,0.99009900990099009,1.0e+20,1.0e+18,,40494135010.1952318452367120115722,4.04941350101951E+010;2.28881835937500E-005,large_shape,main grid,
Beta_Density,K_STATS_Beta_Density,measured,rel,0.99009900991084199,1.0e+20,1.0e+18,,24560847397.68268551296026985083465,2.45608480031348E+010;1.52587890625000E-005,large_shape,main grid,
F_Density,K_STATS_F_Density,measured,rel,0.99999999989999999,1.0e+20,1.0e+20,,1760326597.563005154971888637253083,1.76032631854691E+009;2.38418579101563E-007,large_shape,main grid,
F_Density,K_STATS_F_Density,measured,rel,1.0,1.0e+20,1.0e+20,,1994711402.007163389694743521166891,1.99471140200716E+009;-1.90734863281250E-006,large_shape,main grid,
F_Density,K_STATS_F_Density,measured,rel,1.0000000001,1.0e+20,1.0e+20,,1760326597.254947982219059172936301,1.76032631819484E+009;5.00679016113281E-006,large_shape,main grid,
F_Density,K_STATS_F_Density,measured,rel,0.99999999857873301,1.0e+20,1.0e+18,,170250013.4241233283660705622842507,1.70250316374427E+008;-4.47034835815430E-007,large_shape,main grid,
F_Density,K_STATS_F_Density,measured,rel,1.0,1.0e+20,1.0e+18,,280694808.9795516647383102745751148,2.80694808979177E+008;2.98023223876953E-007,large_shape,main grid,
F_Density,K_STATS_F_Density,measured,rel,1.0000000014212671,1.0e+20,1.0e+18,,170249999.9621296934375058754129035,1.70249809749998E+008;4.76837158203125E-007,large_shape,main grid,
F_Density,K_STATS_F_Density,measured,rel,0.25,10000000000000000.0,1.0,,0.4319277321055044911918667217489592,4.31927732105508E-001;-4.44089209850063E-016,extreme_ratio,main grid,
F_Density,K_STATS_F_Density,measured,rel,1.0,10000000000000000.0,1.0,,0.2419707245191433376992939669783937,2.41970724519143E-001;2.77555756156289E-017,extreme_ratio,main grid,
F_Density,K_STATS_F_Density,measured,rel,0.25,1.0,10000000000000000.0,,0.7041306535285989302446655220090109,7.04130653528597E-001;-3.33066907387547E-016,extreme_ratio,main grid,
F_Density,K_STATS_F_Density,measured,rel,1.0,1.0,10000000000000000.0,,0.2419707245191433376992939669783937,2.41970724519143E-001;2.77555756156289E-017,extreme_ratio,main grid,
F_Density,K_STATS_F_Density,measured,rel,0.25,1.0e+18,1.0,,0.4319277321055044163603871344703414,4.31927732105505E-001;-3.33066907387547E-016,extreme_ratio,main grid,
F_Density,K_STATS_F_Density,measured,rel,1.0,1.0e+18,1.0,,0.241970724519143349676844830675989,2.41970724519143E-001;2.77555756156289E-017,extreme_ratio,main grid,
F_Density,K_STATS_F_Density,measured,rel,0.25,1.0,1.0e+18,,0.7041306535285989552963139295811951,7.04130653528602E-001;-3.33066907387547E-016,extreme_ratio,main grid,
F_Density,K_STATS_F_Density,measured,rel,1.0,1.0,1.0e+18,,0.241970724519143349676844830675989,2.41970724519143E-001;2.77555756156289E-017,extreme_ratio,main grid,
F_Density,K_STATS_F_Density,measured,rel,0.25,1.0,1.0e+20,,0.7041306535285989555468304136569169,7.04130653528602E-001;-3.33066907387547E-016,extreme_ratio,main grid,
F_Density,K_STATS_F_Density,measured,rel,0.25,1.0e+20,100.0,,1.024609847940458634757173318096788e-34,1.02460984794076E-034;3.42113882891801E-049,extreme_ratio,main grid,
F_Density,K_STATS_F_Density,measured,rel,0.25,100.0,1.0e+20,,1.717017611694193125060300936750514e-13,1.71701761169403E-013;3.78653234506086E-028,extreme_ratio,main grid,
F_Density,K_STATS_F_Density,measured,rel,0.25,10000000000000000.0,100.0,,1.024609847942758653840891297476379e-34,1.02460984794347E-034;1.71056941445901E-049,extreme_ratio,main grid,
F_Density,K_STATS_F_Density,measured,rel,1.0,10000000000000000.0,100.0,,2.816250316259527189325855535683287,2.81625031625954E+000;-3.99680288865056E-015,extreme_ratio,main grid,
F_Density,K_STATS_F_Density,measured,rel,0.25,100.0,10000000000000000.0,,1.717017611694425972286835617714341e-13,1.71701761169411E-013;3.02922587604869E-028,extreme_ratio,main grid,
F_Density,K_STATS_F_Density,measured,rel,1.0,100.0,10000000000000000.0,,2.816250316259527189325855535683287,2.81625031625954E+000;-3.99680288865056E-015,extreme_ratio,main grid,
Gamma_Cumulative,K_STATS_Gamma_Cumulative,measured,rel,90.0,100.0,1.0,,0.1582209891864301681049696990745416,1.58220989186430E-001;1.94289029309402E-016,large_shape,main grid,
Gamma_Survival,K_STATS_Gamma_Survival,measured,rel,90.0,100.0,1.0,,0.8417790108135698318950303009254584,8.41779010813570E-001;-1.11022302462516E-016,large_shape,main grid,
Gamma_Cumulative,K_STATS_Gamma_Cumulative,measured,rel,100.0,100.0,1.0,,0.5132987982791486648573142542302378,5.13298798279149E-001;-4.44089209850063E-016,large_shape,main grid,
Gamma_Survival,K_STATS_Gamma_Survival,measured,rel,100.0,100.0,1.0,,0.4867012017208513351426857457697622,4.86701201720851E-001;3.88578058618805E-016,large_shape,main grid,
Gamma_Cumulative,K_STATS_Gamma_Cumulative,measured,rel,110.0,100.0,1.0,,0.8417213299399129061982996210945772,8.41721329939914E-001;-3.33066907387547E-016,large_shape,main grid,
Gamma_Survival,K_STATS_Gamma_Survival,measured,rel,110.0,100.0,1.0,,0.1582786700600870938017003789054228,1.58278670060086E-001;3.05311331771918E-016,large_shape,main grid,
Beta_Cumulative,K_STATS_Beta_Cumulative,measured,rel,0.46464466094067264,100.0,100.0,,0.1586544939850054234569066354946953,1.58654493984991E-001;2.77555756156289E-016,large_shape,main grid,
Beta_Survival,K_STATS_Beta_Survival,measured,rel,0.46464466094067264,100.0,100.0,,0.841345506014994576543093364505354,8.41345506015009E-001;-3.33066907387547E-016,large_shape,main grid,
Beta_Cumulative,K_STATS_Beta_Cumulative,measured,rel,0.5,100.0,100.0,,0.4999999999999999999999999999618389,5.00000000000042E-001;1.11022302462516E-016,large_shape,main grid,
Beta_Survival,K_STATS_Beta_Survival,measured,rel,0.5,100.0,100.0,,0.5000000000000000000000000000381611,5.00000000000042E-001;1.11022302462516E-016,large_shape,main grid,
Beta_Cumulative,K_STATS_Beta_Cumulative,measured,rel,0.53535533905932742,100.0,100.0,,0.8413455060149949574136682536247506,8.41345506015009E-001;0E+000,large_shape,main grid,
Beta_Survival,K_STATS_Beta_Survival,measured,rel,0.53535533905932742,100.0,100.0,,0.1586544939850050425863317463752494,1.58654493984991E-001;2.77555756156289E-017,large_shape,main grid,
Gamma_Cumulative,K_STATS_Gamma_Cumulative,measured,rel,9900.0,10000.0,1.0,,0.1586511921935646569571042447595218,1.58651192193564E-001;3.33066907387547E-016,large_shape,main grid,
Gamma_Survival,K_STATS_Gamma_Survival,measured,rel,9900.0,10000.0,1.0,,0.8413488078064353430428957552405275,8.41348807806436E-001;-2.22044604925031E-016,large_shape,main grid,
Gamma_Cumulative,K_STATS_Gamma_Cumulative,measured,rel,10000.0,10000.0,1.0,,0.5013298083399552003827422018023502,5.01329808339954E-001;1.11022302462516E-016,large_shape,main grid,
Gamma_Survival,K_STATS_Gamma_Survival,measured,rel,10000.0,10000.0,1.0,,0.4986701916600447996172577981976498,4.98670191660046E-001;-1.11022302462516E-016,large_shape,main grid,
Gamma_Cumulative,K_STATS_Gamma_Cumulative,measured,rel,10100.0,10000.0,1.0,,0.8413487504471796223965066257697174,8.41348750447181E-001;-2.22044604925031E-016,large_shape,main grid,
Gamma_Survival,K_STATS_Gamma_Survival,measured,rel,10100.0,10000.0,1.0,,0.1586512495528203776034933742302826,1.58651249552819E-001;1.11022302462516E-016,large_shape,main grid,
Beta_Cumulative,K_STATS_Beta_Cumulative,measured,rel,0.49646446609406725,10000.0,10000.0,,0.1586552538558363767972680672978962,1.58655253855840E-001;-2.77555756156289E-017,large_shape,main grid,
Beta_Survival,K_STATS_Beta_Survival,measured,rel,0.49646446609406725,10000.0,10000.0,,0.8413447461441636232027319327021284,8.41344746144160E-001;0E+000,large_shape,main grid,
Beta_Cumulative,K_STATS_Beta_Cumulative,measured,rel,0.5,10000.0,10000.0,,0.5000000000000000000000000009566911,4.99999999999998E-001;2.77555756156289E-016,large_shape,main grid,
Beta_Survival,K_STATS_Beta_Survival,measured,rel,0.5,10000.0,10000.0,,0.4999999999999999999999999990433089,4.99999999999998E-001;2.77555756156289E-016,large_shape,main grid,
Beta_Cumulative,K_STATS_Beta_Cumulative,measured,rel,0.50353553390593275,10000.0,10000.0,,0.8413447461441636232027319327021284,8.41344746144160E-001;0E+000,large_shape,main grid,
Beta_Survival,K_STATS_Beta_Survival,measured,rel,0.50353553390593275,10000.0,10000.0,,0.1586552538558363767972680672978716,1.58655253855840E-001;-2.77555756156289E-017,large_shape,main grid,
Gamma_Cumulative,K_STATS_Gamma_Cumulative,measured,rel,999000.0,1000000.0,1.0,,0.1586552135743036524630328105898458,1.58655213574299E-001;5.55111512312578E-017,large_shape,main grid,
Gamma_Survival,K_STATS_Gamma_Survival,measured,rel,999000.0,1000000.0,1.0,,0.8413447864256963475369671894101542,8.41344786425701E-001;0E+000,large_shape,main grid,
Gamma_Cumulative,K_STATS_Gamma_Cumulative,measured,rel,1000000.0,1000000.0,1.0,,0.5001329807608725912443224562176768,5.00132980760860E-001;-3.33066907387547E-016,large_shape,main grid,
Gamma_Survival,K_STATS_Gamma_Survival,measured,rel,1000000.0,1000000.0,1.0,,0.4998670192391274087556775437823232,4.99867019239140E-001;3.33066907387547E-016,large_shape,main grid,
Gamma_Cumulative,K_STATS_Gamma_Cumulative,measured,rel,1001000.0,1000000.0,1.0,,0.841344786368340291627563740686026,8.41344786368339E-001;-2.22044604925031E-016,large_shape,main grid,
Gamma_Survival,K_STATS_Gamma_Survival,measured,rel,1001000.0,1000000.0,1.0,,0.158655213631659708372436259313974,1.58655213631661E-001;3.05311331771918E-016,large_shape,main grid,
Beta_Cumulative,K_STATS_Beta_Cumulative,measured,rel,0.49964644660940671,1000000.0,1000000.0,,0.1586552539314408491805275697530638,1.58655253931435E-001;1.38777878078145E-016,large_shape,main grid,
Beta_Survival,K_STATS_Beta_Survival,measured,rel,0.49964644660940671,1000000.0,1000000.0,,0.8413447460685591508194724302469608,8.41344746068565E-001;-2.22044604925031E-016,large_shape,main grid,
Beta_Cumulative,K_STATS_Beta_Cumulative,measured,rel,0.5,1000000.0,1000000.0,,0.4999999999999999999999991858277038,4.99999999999915E-001;2.77555756156289E-016,large_shape,main grid,
Beta_Survival,K_STATS_Beta_Survival,measured,rel,0.5,1000000.0,1000000.0,,0.5000000000000000000000008141722962,4.99999999999915E-001;2.77555756156289E-016,large_shape,main grid,
Beta_Cumulative,K_STATS_Beta_Cumulative,measured,rel,0.50035355339059329,1000000.0,1000000.0,,0.8413447460685591508194724302469608,8.41344746068565E-001;-2.22044604925031E-016,large_shape,main grid,
Beta_Survival,K_STATS_Beta_Survival,measured,rel,0.50035355339059329,1000000.0,1000000.0,,0.1586552539314408491805275697530392,1.58655253931435E-001;1.38777878078145E-016,large_shape,main grid,
Gamma_Cumulative,K_STATS_Gamma_Cumulative,measured,rel,99990000.0,100000000.0,1.0,,0.1586552535281438304091135370821218,1.58655253528097E-001;-2.49800180540660E-016,extreme_shape,main grid,
Gamma_Survival,K_STATS_Gamma_Survival,measured,rel,99990000.0,100000000.0,1.0,,0.8413447464718561695908864629179275,8.41344746471903E-001;2.22044604925031E-016,extreme_shape,main grid,
Gamma_Cumulative,K_STATS_Gamma_Cumulative,measured,rel,100010000.0,100000000.0,1.0,,0.8413447464717988135669569939947784,8.41344746471801E-001;0E+000,extreme_shape,main grid,
Gamma_Survival,K_STATS_Gamma_Survival,measured,rel,100010000.0,100000000.0,1.0,,0.1586552535282011864330430060052216,1.58655253528199E-001;-2.77555756156289E-017,extreme_shape,main grid,
Beta_Cumulative,K_STATS_Beta_Cumulative,measured,rel,0.49996464466094065,100000000.0,100000000.0,,0.1586552539312964434510817061174022,1.58655253931652E-001;-2.77555756156289E-016,extreme_shape,main grid,
Beta_Survival,K_STATS_Beta_Survival,measured,rel,0.49996464466094065,100000000.0,100000000.0,,0.8413447460687035565489182938825485,8.41344746068348E-001;3.33066907387547E-016,extreme_shape,main grid,
Beta_Cumulative,K_STATS_Beta_Cumulative,measured,rel,0.5000353553390593,100000000.0,100000000.0,,0.8413447460683236401381775757298431,8.41344746068292E-001;-1.11022302462516E-016,extreme_shape,main grid,
Beta_Survival,K_STATS_Beta_Survival,measured,rel,0.5000353553390593,100000000.0,100000000.0,,0.1586552539316763598618224242701569,1.58655253931708E-001;5.55111512312578E-017,extreme_shape,main grid,
Beta_Cumulative,K_STATS_Beta_Cumulative,measured,rel,0.49999646446609408,10000000000.0,10000000000.0,,0.1586552539324361934387991243080475,1.58655253932322E-001;4.16333634234434E-016,extreme_shape,main grid,
Beta_Survival,K_STATS_Beta_Survival,measured,rel,0.49999646446609408,10000000000.0,10000000000.0,,0.8413447460675638065612008756920018,8.41344746067678E-001;-3.33066907387547E-016,extreme_shape,main grid,
Beta_Cumulative,K_STATS_Beta_Cumulative,measured,rel,0.50000353553390597,10000000000.0,10000000000.0,,0.8413447460713629706589459455598612,8.41344746069580E-001;-4.44089209850063E-016,extreme_shape,main grid,
Beta_Survival,K_STATS_Beta_Survival,measured,rel,0.50000353553390597,10000000000.0,10000000000.0,,0.1586552539286370293410540544401388,1.58655253930420E-001;4.71844785465692E-016,extreme_shape,main grid,
Beta_Cumulative,K_STATS_Beta_Cumulative,measured,rel,0.49999964644660938,1000000000000.0,1000000000000.0,,0.1586552539134403737213555553259539,1.58655253935925E-001;-4.99600361081320E-016,extreme_shape,main grid,
Beta_Survival,K_STATS_Beta_Survival,measured,rel,0.49999964644660938,1000000000000.0,1000000000000.0,,0.8413447460865596262786444446740215,8.41344746064075E-001;4.44089209850063E-016,extreme_shape,main grid,
Beta_Cumulative,K_STATS_Beta_Cumulative,measured,rel,0.50000035355339056,1000000000000.0,1000000000000.0,,0.8413447460485679852971819618533032,8.41344746045229E-001;-2.22044604925031E-016,extreme_shape,main grid,
Beta_Survival,K_STATS_Beta_Survival,measured,rel,0.50000035355339056,1000000000000.0,1000000000000.0,,0.1586552539514320147028180381466968,1.58655253954771E-001;1.66533453693773E-016,extreme_shape,main grid,
ChiSquare_Cumulative,K_STATS_ChiSquare_Cumulative,measured,rel,998585.78643762693,1000000.0,,,0.1586551731933539455155339897039194,1.58655173193351E-001;5.55111512312578E-017,envelope_domain,main grid,
ChiSquare_Survival,K_STATS_ChiSquare_Survival,measured,rel,998585.78643762693,1000000.0,,,0.8413448268066460544844660102960313,8.41344826806649E-001;-1.11022302462516E-016,envelope_domain,main grid,
ChiSquare_Cumulative,K_STATS_ChiSquare_Cumulative,measured,rel,1000000.0,1000000.0,,,0.5001880631966055004839582162773589,5.00188063196596E-001;2.22044604925031E-016,envelope_domain,main grid,
ChiSquare_Survival,K_STATS_ChiSquare_Survival,measured,rel,1000000.0,1000000.0,,,0.4998119368033944995160417837226411,4.99811936803404E-001;-2.77555756156289E-016,envelope_domain,main grid,
ChiSquare_Cumulative,K_STATS_ChiSquare_Cumulative,measured,rel,1001414.2135623731,1000000.0,,,0.8413448266444185462334582008759348,8.41344826644416E-001;3.33066907387547E-016,envelope_domain,main grid,
ChiSquare_Survival,K_STATS_ChiSquare_Survival,measured,rel,1001414.2135623731,1000000.0,,,0.1586551733555814537665417991240652,1.58655173355584E-001;-3.05311331771918E-016,envelope_domain,main grid,
ChiSquare_Cumulative,K_STATS_ChiSquare_Cumulative,measured,rel,9995527.8640449997,10000000.0,,,0.1586552458631615458404690657988603,1.58655245863151E-001;2.49800180540660E-016,envelope_domain,main grid,
ChiSquare_Survival,K_STATS_ChiSquare_Survival,measured,rel,9995527.8640449997,10000000.0,,,0.841344754136838454159530934201115,8.41344754136849E-001;-2.22044604925031E-016,envelope_domain,main grid,
ChiSquare_Cumulative,K_STATS_ChiSquare_Cumulative,measured,rel,10000000.0,10000000.0,,,0.5000594708039378376786191855434623,5.00059470803909E-001;-3.33066907387547E-016,envelope_domain,main grid,
ChiSquare_Survival,K_STATS_ChiSquare_Survival,measured,rel,10000000.0,10000000.0,,,0.4999405291960621623213808144565377,4.99940529196091E-001;3.33066907387547E-016,envelope_domain,main grid,
ChiSquare_Cumulative,K_STATS_ChiSquare_Cumulative,measured,rel,10004472.135955,10000000.0,,,0.8413447541317083517474354485755841,8.41344754131711E-001;-4.44089209850063E-016,envelope_domain,main grid,
ChiSquare_Survival,K_STATS_ChiSquare_Survival,measured,rel,10004472.135955,10000000.0,,,0.1586552458682916482525645514244159,1.58655245868289E-001;4.99600361081320E-016,envelope_domain,main grid,
ChiSquare_Cumulative,K_STATS_ChiSquare_Cumulative,measured,rel,99985857.864376262,100000000.0,,,0.1586552531246833162718802621643816,1.58655253124654E-001;-1.38777878078145E-016,envelope_domain,main grid,
ChiSquare_Survival,K_STATS_ChiSquare_Survival,measured,rel,99985857.864376262,100000000.0,,,0.8413447468753166837281197378356431,8.41344746875346E-001;1.11022302462516E-016,envelope_domain,main grid,
ChiSquare_Cumulative,K_STATS_ChiSquare_Cumulative,measured,rel,100000000.0,100000000.0,,,0.5000188063194536814671845902178965,5.00018806319352E-001;-1.11022302462516E-016,envelope_domain,main grid,
ChiSquare_Survival,K_STATS_ChiSquare_Survival,measured,rel,100000000.0,100000000.0,,,0.4999811936805463185328154097821035,4.99981193680648E-001;1.11022302462516E-016,envelope_domain,main grid,
ChiSquare_Cumulative,K_STATS_ChiSquare_Cumulative,measured,rel,100014142.13562374,100000000.0,,,0.8413447468751544331023502375366938,8.41344746875157E-001;-2.22044604925031E-016,envelope_domain,main grid,
ChiSquare_Survival,K_STATS_ChiSquare_Survival,measured,rel,100014142.13562374,100000000.0,,,0.1586552531248455668976497624633062,1.58655253124843E-001;2.22044604925031E-016,envelope_domain,main grid,
StudentT_Cumulative,K_STATS_StudentT_Cumulative,measured,rel,0.5,1000000.0,,,0.6914624062638143061143211912640276,6.91462406263814E-001;3.33066907387547E-016,envelope_domain,main grid,
StudentT_Survival,K_STATS_StudentT_Survival,measured,rel,0.5,1000000.0,,,0.3085375937361856938856788087359724,3.08537593736186E-001;-2.77555756156289E-016,envelope_domain,main grid,
StudentT_Cumulative,K_STATS_StudentT_Cumulative,measured,rel,1.0,1000000.0,,,0.8413446250832109353591636792022017,8.41344625083211E-001;3.33066907387547E-016,envelope_domain,main grid,
StudentT_Survival,K_STATS_StudentT_Survival,measured,rel,1.0,1000000.0,,,0.1586553749167890646408363207977983,1.58655374916789E-001;-2.49800180540660E-016,envelope_domain,main grid,
StudentT_Cumulative,K_STATS_StudentT_Cumulative,measured,rel,2.0,1000000.0,,,0.9772497330743403957894074651647034,9.77249733073964E-001;-3.33066907387547E-016,envelope_domain,main grid,
StudentT_Survival,K_STATS_StudentT_Survival,measured,rel,2.0,1000000.0,,,0.02275026692565960421059253483529662,2.27502669260363E-002;0E+000,envelope_domain,main grid,
StudentT_Cumulative,K_STATS_StudentT_Cumulative,measured,rel,0.5,10000000.0,,,0.6914624557729924580394461114185633,6.91462455772992E-001;4.44089209850063E-016,envelope_domain,main grid,
StudentT_Survival,K_STATS_StudentT_Survival,measured,rel,0.5,10000000.0,,,0.3085375442270075419605538885814367,3.08537544227007E-001;4.44089209850063E-016,envelope_domain,main grid,
StudentT_Cumulative,K_STATS_StudentT_Cumulative,measured,rel,1.0,10000000.0,,,0.8413447339700070250914745548869778,8.41344733970007E-001;-1.11022302462516E-016,envelope_domain,main grid,
StudentT_Survival,K_STATS_StudentT_Survival,measured,rel,1.0,10000000.0,,,0.1586552660299929749085254451130222,1.58655266029993E-001;1.66533453693773E-016,envelope_domain,main grid,
StudentT_Cumulative,K_STATS_StudentT_Cumulative,measured,rel,2.0,10000000.0,,,0.9772498545540785233602096755673797,9.77249854560907E-001;2.22044604925031E-016,envelope_domain,main grid,
StudentT_Survival,K_STATS_StudentT_Survival,measured,rel,2.0,10000000.0,,,0.02275014544592147663979032443262028,2.27501454390929E-002;-4.51028103753970E-017,envelope_domain,main grid,
StudentT_Cumulative,K_STATS_StudentT_Cumulative,measured,rel,0.5,100000000.0,,,0.6914624607239110314194229527391931,6.91462460723911E-001;-4.44089209850063E-016,envelope_domain,main grid,
StudentT_Survival,K_STATS_StudentT_Survival,measured,rel,0.5,100000000.0,,,0.3085375392760889685805770472608069,3.08537539276089E-001;4.44089209850063E-016,envelope_domain,main grid,
StudentT_Cumulative,K_STATS_StudentT_Cumulative,measured,rel,1.0,100000000.0,,,0.8413447448586893290141437092387257,8.41344744858689E-001;-2.22044604925031E-016,envelope_domain,main grid,
StudentT_Survival,K_STATS_StudentT_Survival,measured,rel,1.0,100000000.0,,,0.1586552551413106709858562907612743,1.58655255141311E-001;1.94289029309402E-016,envelope_domain,main grid,
StudentT_Cumulative,K_STATS_StudentT_Cumulative,measured,rel,2.0,100000000.0,,,0.9772498667020466235585894158190951,9.77249866675491E-001;-2.22044604925031E-016,envelope_domain,main grid,
StudentT_Survival,K_STATS_StudentT_Survival,measured,rel,2.0,100000000.0,,,0.02275013329795337644141058418090493,2.27501333245092E-002;6.93889390390723E-018,envelope_domain,main grid,
F_Cumulative,K_STATS_F_Cumulative,measured,rel,0.999,1000000.0,1000000.0,,0.3084495168788155648639454022869561,3.08449516878807E-001;4.44089209850063E-016,envelope_domain,main grid,
F_Survival,K_STATS_F_Survival,measured,rel,0.999,1000000.0,1000000.0,,0.6915504831211844351360545977130932,6.91550483121193E-001;-4.44089209850063E-016,envelope_domain,main grid,
F_Cumulative,K_STATS_F_Cumulative,measured,rel,1.0,1000000.0,1000000.0,,0.5000000000000000000000001559957649,5.00000000000054E-001;0E+000,envelope_domain,main grid,
F_Survival,K_STATS_F_Survival,measured,rel,1.0,1000000.0,1000000.0,,0.4999999999999999999999998440042351,5.00000000000054E-001;0E+000,envelope_domain,main grid,
F_Cumulative,K_STATS_F_Cumulative,measured,rel,1.001,1000000.0,1000000.0,,0.6913744504289218982876951734554462,6.91374450428925E-001;-3.33066907387547E-016,envelope_domain,main grid,
F_Survival,K_STATS_F_Survival,measured,rel,1.001,1000000.0,1000000.0,,0.3086255495710781017123048265445538,3.08625549571075E-001;3.88578058618805E-016,envelope_domain,main grid,
F_Cumulative,K_STATS_F_Cumulative,measured,rel,0.999,100000000.0,100000000.0,,0.0000002829556330590882484235703767031891,2.82955633059692E-007;3.70576914423756E-022,envelope_domain,main grid,
F_Survival,K_STATS_F_Survival,measured,rel,0.999,100000000.0,100000000.0,,0.9999997170443669409117515764296396,9.99999717044367E-001;0E+000,envelope_domain,main grid,
F_Cumulative,K_STATS_F_Cumulative,measured,rel,1.0,100000000.0,100000000.0,,0.4999999999999999999999074518090956,4.99999999999612E-001;-2.77555756156289E-016,envelope_domain,main grid,
F_Survival,K_STATS_F_Survival,measured,rel,1.0,100000000.0,100000000.0,,0.5000000000000000000000925481909044,4.99999999999612E-001;-2.77555756156289E-016,envelope_domain,main grid,
F_Cumulative,K_STATS_F_Cumulative,measured,rel,1.001,100000000.0,100000000.0,,0.9999997096106379038275211041002751,9.99999709610638E-001;-1.11022302462516E-016,envelope_domain,main grid,
F_Survival,K_STATS_F_Survival,measured,rel,1.001,100000000.0,100000000.0,,0.0000002903893620961724788958997248836887,2.90389362096564E-007;-2.64697796016969E-022,envelope_domain,main grid,
ChiSquare_InverseCumulative,K_STATS_ChiSquare_InverseCumulative,measured,rel,0.5,1000000.0,,,999999.3333334123457367039116321425,9.99999333333411E+005;4.65661287307739E-010,envelope_domain,main grid,
ChiSquare_InverseCumulative,K_STATS_ChiSquare_InverseCumulative,measured,rel,0.9,1000000.0,,,1001812.815315016348136140701699821,1.00181281531502E+006;-2.79396772384644E-009,envelope_domain,main grid,
ChiSquare_InverseCumulative,K_STATS_ChiSquare_InverseCumulative,measured,rel,0.99,1000000.0,,,1003292.893686412616052376674299197,1.00329289368641E+006;3.14321368932724E-009,envelope_domain,main grid,
ChiSquare_InverseCumulative,K_STATS_ChiSquare_InverseCumulative,measured,rel,0.5,10000000.0,,,9999999.333333341234568478177975807,9.99999933333334E+006;1.86264514923096E-009,envelope_domain,main grid,
ChiSquare_InverseCumulative,K_STATS_ChiSquare_InverseCumulative,measured,rel,0.9,10000000.0,,,10005731.70091347736906400724344214,1.00057317009135E+007;-3.35276126861572E-008,envelope_domain,main grid,
ChiSquare_InverseCumulative,K_STATS_ChiSquare_InverseCumulative,measured,rel,0.99,10000000.0,,,10010406.68514244448732463287779583,1.00104066851425E+007;-5.02914190292358E-008,envelope_domain,main grid,
ChiSquare_InverseCumulative,K_STATS_ChiSquare_InverseCumulative,measured,rel,0.5,100000000.0,,,99999999.33333333412345679635605974,9.99999993333333E+007;-4.47034835815430E-008,envelope_domain,main grid,
ChiSquare_InverseCumulative,K_STATS_ChiSquare_InverseCumulative,measured,rel,0.9,100000000.0,,,100018124.3042444014192700912524026,1.00018124304244E+008;4.91738319396973E-007,envelope_domain,main grid,
ChiSquare_InverseCumulative,K_STATS_ChiSquare_InverseCumulative,measured,rel,0.99,100000000.0,,,100032902.4683765857344517300098141,1.00032902468377E+008;-4.17232513427734E-007,envelope_domain,main grid,
StudentT_InverseCumulative,K_STATS_StudentT_InverseCumulative,measured,rel,0.5,1000000.0,,,0.0,0E+000;0E+000,envelope_domain,main grid,
StudentT_InverseCumulative,K_STATS_StudentT_InverseCumulative,measured,rel,0.9,1000000.0,,,1.281552412129938480414769482890082,1.28155241212994E+000;-3.77475828372553E-015,envelope_domain,main grid,
StudentT_InverseCumulative,K_STATS_StudentT_InverseCumulative,measured,rel,0.99,1000000.0,,,2.326351603120805417899052189147108,2.32635160311029E+000;-4.88498130835069E-015,envelope_domain,main grid,
StudentT_InverseCumulative,K_STATS_StudentT_InverseCumulative,measured,rel,0.5,10000000.0,,,0.0,0E+000;0E+000,envelope_domain,main grid,
StudentT_InverseCumulative,K_STATS_StudentT_InverseCumulative,measured,rel,0.9,10000000.0,,,1.281551650203082888127798938365168,1.28155165020308E+000;1.11022302462516E-015,envelope_domain,main grid,
StudentT_InverseCumulative,K_STATS_StudentT_InverseCumulative,measured,rel,0.99,10000000.0,,,2.326348246948322754790705490804309,2.32634824715981E+000;-3.99680288865056E-015,envelope_domain,main grid,
StudentT_InverseCumulative,K_STATS_StudentT_InverseCumulative,measured,rel,0.5,100000000.0,,,0.0,0E+000;0E+000,envelope_domain,main grid,
StudentT_InverseCumulative,K_STATS_StudentT_InverseCumulative,measured,rel,0.9,100000000.0,,,1.281551574010448195279816202967607,1.28155157401045E+000;-1.11022302462516E-015,envelope_domain,main grid,
StudentT_InverseCumulative,K_STATS_StudentT_InverseCumulative,measured,rel,0.99,100000000.0,,,2.326347911331584118504133362560258,2.32634791090167E+000;0E+000,envelope_domain,main grid,
F_InverseCumulative,K_STATS_F_InverseCumulative,measured,rel,0.5,1000000.0,1000000.0,,1.0,1.00000000000000E+000;-1.11022302462516E-016,envelope_domain,main grid,
F_InverseCumulative,K_STATS_F_InverseCumulative,measured,rel,0.9,1000000.0,1000000.0,,1.002566391682220759052477138946551,1.00256639168222E+000;8.88178419700125E-016,envelope_domain,main grid,
F_InverseCumulative,K_STATS_F_InverseCumulative,measured,rel,0.99,1000000.0,1000000.0,,1.004663539619796910834293745770197,1.00466353961980E+000;-2.88657986402541E-015,envelope_domain,main grid,
F_InverseCumulative,K_STATS_F_InverseCumulative,measured,rel,0.5,100000000.0,100000000.0,,1.000000000000000000000000049714803,1.00000000000000E+000;0E+000,envelope_domain,main grid,
F_InverseCumulative,K_STATS_F_InverseCumulative,measured,rel,0.9,100000000.0,100000000.0,,1.000256343164395614148217339923946,1.00025634316440E+000;-4.21884749357559E-015,envelope_domain,main grid,
F_InverseCumulative,K_STATS_F_InverseCumulative,measured,rel,0.99,100000000.0,100000000.0,,1.000465377832748357499498859523214,1.00046537783275E+000;-1.33226762955019E-015,envelope_domain,main grid,
F_InverseCumulative,K_STATS_F_InverseCumulative,measured,rel,0.5,10000000000.0,10000000000.0,,1.0,1.00000000000000E+000;0E+000,envelope_domain,main grid,
F_InverseCumulative,K_STATS_F_InverseCumulative,measured,rel,0.9,10000000000.0,10000000000.0,,1.000025631359789573039737880309077,1.00002563135979E+000;-6.66133814775094E-016,envelope_domain,main grid,
F_InverseCumulative,K_STATS_F_InverseCumulative,measured,rel,0.99,10000000000.0,10000000000.0,,1.000046528039879751477489723904967,1.00004652803988E+000;0E+000,envelope_domain,main grid,
F_InverseCumulative,K_STATS_F_InverseCumulative,measured,rel,0.5,1000000.0,3.0,,1.267975936189045550228781452138181,1.26797593609052E+000;-2.66453525910038E-015,envelope_domain,main grid,
F_InverseCumulative,K_STATS_F_InverseCumulative,measured,rel,0.9,1000000.0,3.0,,5.133696404423720280925108302935685,5.13369640442372E+000;2.66453525910038E-015,envelope_domain,main grid,
F_InverseCumulative,K_STATS_F_InverseCumulative,measured,rel,0.99,1000000.0,3.0,,26.12517854929461528100166182251213,2.61251785492946E+001;1.06581410364015E-014,envelope_domain,main grid,
F_InverseCumulative,K_STATS_F_InverseCumulative,measured,rel,0.5,100000000.0,10.0,,1.070455470640990082904589378201368,1.07045546962516E+000;2.22044604925031E-015,envelope_domain,main grid,
F_InverseCumulative,K_STATS_F_InverseCumulative,measured,rel,0.9,100000000.0,10.0,,2.055421575187208253156472769677519,2.05542157518721E+000;-1.33226762955019E-015,envelope_domain,main grid,
F_InverseCumulative,K_STATS_F_InverseCumulative,measured,rel,0.99,100000000.0,10.0,,3.908980039934452872391355658665838,3.90898003993445E+000;-4.44089209850063E-016,envelope_domain,main grid,
F_InverseCumulative,K_STATS_F_InverseCumulative,measured,rel,0.5,100.0,10000000000.0,,0.9933412924261468405175573769370911,9.93341292426147E-001;2.22044604925031E-016,envelope_domain,main grid,
F_InverseCumulative,K_STATS_F_InverseCumulative,measured,rel,0.9,100.0,10000000000.0,,1.184980039325107300970247133439589,1.18498005035906E+000;3.10862446895044E-015,envelope_domain,main grid,
F_InverseCumulative,K_STATS_F_InverseCumulative,measured,rel,0.99,100.0,10000000000.0,,1.358067234277471396066384900539546,1.35806724378673E+000;-2.22044604925031E-016,envelope_domain,main grid,
StudentT_Density,K_STATS_StudentT_Density,measured,rel,0.0,100.0,,,0.3979461869358938074906352512108523,3.97946186935894E-001;-3.33066907387547E-016,large_df,main grid,
StudentT_Density,K_STATS_StudentT_Density,measured,rel,1.0,100.0,,,0.2407658969285459773694696221340675,2.40765896928546E-001;-2.77555756156289E-017,large_df,main grid,
StudentT_Density,K_STATS_StudentT_Density,measured,rel,3.0,100.0,,,0.005126089702320252321873794786804199,5.12608970232026E-003;-4.33680868994202E-018,large_df,main grid,
StudentT_Density,K_STATS_StudentT_Density,measured,rel,0.0,10000.0,,,0.3989323069691076880220074761139988,3.98932306969108E-001;-2.22044604925031E-016,large_df,main grid,
StudentT_Density,K_STATS_StudentT_Density,measured,rel,1.0,10000.0,,,0.2419586264870079465454163922531244,2.41958626487008E-001;5.55111512312578E-017,large_df,main grid,
StudentT_Density,K_STATS_StudentT_Density,measured,rel,3.0,10000.0,,,0.004438718612380152731119930982712151,4.43871861238016E-003;-8.67361737988404E-019,large_df,main grid,
StudentT_Density,K_STATS_StudentT_Density,measured,rel,0.0,1000000.0,,,0.3989421806658750445436227984564973,3.98942180665875E-001;-5.55111512312578E-017,large_df,main grid,
StudentT_Density,K_STATS_StudentT_Density,measured,rel,1.0,1000000.0,,,0.2419706035338315007786402886426436,2.41970603533831E-001;3.60822483003176E-016,large_df,main grid,
StudentT_Density,K_STATS_StudentT_Density,measured,rel,3.0,1000000.0,,,0.004431917105672042245254742149090524,4.43191710567202E-003;-5.20417042793042E-018,large_df,main grid,
StudentT_Density,K_STATS_StudentT_Density,measured,rel,0.0,100000000.0,,,0.3989422794040769781830590069226766,3.98942279404077E-001;-4.99600361081320E-016,large_df,main grid,
StudentT_Density,K_STATS_StudentT_Density,measured,rel,1.0,100000000.0,,,0.241970723309289732243170189638726,2.41970723309290E-001;-3.60822483003176E-016,large_df,main grid,
StudentT_Density,K_STATS_StudentT_Density,measured,rel,3.0,100000000.0,,,0.004431849098874519391106234208430025,4.43184909887457E-003;2.60208521396521E-018,large_df,main grid,
StudentT_Density,K_STATS_StudentT_Density,measured,rel,0.0,10000000000.0,,,0.3989422803914591209300349124485242,3.98942280391459E-001;-4.44089209850063E-016,large_df,main grid,
StudentT_Density,K_STATS_StudentT_Density,measured,rel,1.0,10000000000.0,,,0.2419707245070448135723771311217356,2.41970724507045E-001;-4.71844785465692E-016,large_df,main grid,
StudentT_Density,K_STATS_StudentT_Density,measured,rel,3.0,10000000000.0,,,0.004431848418807372214942775204949718,4.43184841880740E-003;-8.67361737988404E-019,large_df,main grid,
StudentT_Density,K_STATS_StudentT_Density,measured,rel,0.0,1000000000000.0,,,0.3989422804013329423698457142318431,3.98942280401333E-001;1.11022302462516E-016,large_df,main grid,
StudentT_Density,K_STATS_StudentT_Density,measured,rel,1.0,1000000000000.0,,,0.2419707245190223644355706716712293,2.41970724519022E-001;3.33066907387547E-016,large_df,main grid,
StudentT_Density,K_STATS_StudentT_Density,measured,rel,3.0,1000000000000.0,,,0.004431848412006700825987475458481622,4.43184841200671E-003;-5.20417042793042E-018,large_df,main grid,
StudentT_Density,K_STATS_StudentT_Density,measured,rel,0.0,100000000000000.0,,,0.3989422804014316805842450563539337,3.98942280401432E-001;-3.88578058618805E-016,large_df,main grid,
StudentT_Density,K_STATS_StudentT_Density,measured,rel,1.0,100000000000000.0,,,0.2419707245191421399442075972238527,2.41970724519142E-001;2.22044604925031E-016,large_df,main grid,
StudentT_Density,K_STATS_StudentT_Density,measured,rel,3.0,100000000000000.0,,,0.004431848411938694112106203095598343,4.43184841193874E-003;-1.73472347597681E-018,large_df,main grid,
StudentT_Density,K_STATS_StudentT_Density,measured,rel,0.0,10000000000000000.0,,,0.3989422804014326679663890498985651,3.98942280401432E-001;3.33066907387547E-016,large_df,main grid,
StudentT_Density,K_STATS_StudentT_Density,measured,rel,1.0,10000000000000000.0,,,0.2419707245191433376992939669783937,2.41970724519144E-001;-4.71844785465692E-016,large_df,main grid,
StudentT_Density,K_STATS_StudentT_Density,measured,rel,3.0,10000000000000000.0,,,0.004431848411938014044967391200032971,4.43184841193803E-003;-8.67361737988404E-019,large_df,main grid,
StudentT_Density,K_STATS_StudentT_Density,measured,rel,0.0,1.0e+18,,,0.3989422804014326778402104898340083,3.98942280401432E-001;3.33066907387547E-016,large_df,main grid,
StudentT_Density,K_STATS_StudentT_Density,measured,rel,1.0,1.0e+18,,,0.2419707245191433496768448306759796,2.41970724519143E-001;-5.55111512312578E-017,large_df,main grid,
StudentT_Density,K_STATS_StudentT_Density,measured,rel,3.0,1.0e+18,,,0.004431848411938007244296003081159951,4.43184841193793E-003;-3.46944695195361E-018,large_df,main grid,
StudentT_Density,K_STATS_StudentT_Density,measured,rel,0.0,1.0e+20,,,0.3989422804014326779389487042326334,3.98942280401432E-001;3.33066907387547E-016,large_df,main grid,
StudentT_Density,K_STATS_StudentT_Density,measured,rel,1.0,1.0e+20,,,0.2419707245191433497966203393125131,2.41970724519143E-001;1.94289029309402E-016,large_df,main grid,
StudentT_Density,K_STATS_StudentT_Density,measured,rel,3.0,1.0e+20,,,0.004431848411938007176289289199963127,4.43184841193797E-003;0E+000,large_df,main grid,
LogGammaDelta,PROB_LogGammaDelta,measured,rel,2.5,0.25,,,0.190531796442017970680607796713,1.90531796442019E-001;2.77555756156289E-016,all,delta_seam_study,
LogGammaDelta,PROB_LogGammaDelta,measured,rel,3.125,0.25,,,0.254164243957336349510989728024,2.54164243957338E-001;-4.44089209850063E-016,all,delta_seam_study,
LogGammaDelta,PROB_LogGammaDelta,measured,rel,5.0,0.25,,,0.383322080038751317245619490851,3.83322080038752E-001;1.66533453693773E-016,all,delta_seam_study,
LogGammaDelta,PROB_LogGammaDelta,measured,rel,8.3333333333333333,0.25,,,0.518708678012226921014669568155,5.18708678012227E-001;3.33066907387547E-016,all,delta_seam_study,
LogGammaDelta,PROB_LogGammaDelta,measured,rel,12.5,0.25,,,0.623883708287912438771601965398,6.23883708287913E-001;-4.44089209850063E-016,all,delta_seam_study,
LogGammaDelta,PROB_LogGammaDelta,measured,rel,25.0,0.25,,,0.800956646757110517895326538573,8.00956646757110E-001;2.22044604925031E-016,all,delta_seam_study,
LogGammaDelta,PROB_LogGammaDelta,measured,rel,50.0,0.25,,,0.976127649987231957434135497967,9.76127649987232E-001;-3.33066907387547E-016,all,delta_seam_study,
LogGammaDelta,PROB_LogGammaDelta,measured,rel,250.0,0.25,,,1.37999010465337328077304410131,1.37999010465337E+000;3.10862446895044E-015,all,delta_seam_study,
LogGammaDelta,PROB_LogGammaDelta,measured,rel,2500.0,0.25,,,1.95597400146426056055112285327,1.95597400146426E+000;6.66133814775094E-016,all,delta_seam_study,
LogGammaDelta,PROB_LogGammaDelta,measured,rel,250000.0,0.25,,,3.1073036742109708715058714338,3.10730367421097E+000;8.88178419700125E-016,all,delta_seam_study,
LogGammaDelta,PROB_LogGammaDelta,measured,rel,25000000.0,0.25,,,4.25859659195811870082736703614,4.25859659195812E+000;-8.88178419700125E-016,all,delta_seam_study,
LogGammaDelta,PROB_LogGammaDelta,measured,rel,2500000000.0,0.25,,,5.40988914216764155533511257598,5.40988914216764E+000;1.77635683940025E-015,all,delta_seam_study,
LogGammaDelta,PROB_LogGammaDelta,measured,rel,250000000000.0,0.25,,,6.56118168870178939734535817832,6.56118168870179E+000;-8.88178419700125E-016,all,delta_seam_study,
LogGammaDelta,PROB_LogGammaDelta,measured,rel,250000000000000.0,0.25,,,8.28812050844769828535885189434,8.28812050844770E+000;-1.77635683940025E-015,all,delta_seam_study,
LogGammaDelta,PROB_LogGammaDelta,measured,rel,2.5e+17,0.25,,,10.0150593281932329229973454854,1.00150593281932E+001;3.37507799486048E-014,all,delta_seam_study,
LogGammaDelta,PROB_LogGammaDelta,measured,rel,7.0,0.7,,,1.34729014425890343300362801938,1.34729014425890E+000;4.88498130835069E-015,all,delta_seam_study,
LogGammaDelta,PROB_LogGammaDelta,measured,rel,8.75,0.7,,,1.50643429103237392199779530421,1.50643429103237E+000;4.88498130835069E-015,all,delta_seam_study,
LogGammaDelta,PROB_LogGammaDelta,measured,rel,14.0,0.7,,,1.8398771527452906247405591814,1.83987715274529E+000;6.66133814775094E-016,all,delta_seam_study,
LogGammaDelta,PROB_LogGammaDelta,measured,rel,23.333333333333333,0.7,,,2.20043120979911344181017475446,2.20043120979911E+000;2.66453525910038E-015,all,delta_seam_study,
LogGammaDelta,PROB_LogGammaDelta,measured,rel,35.0,0.7,,,2.48574944226269939455860759019,2.48574944226270E+000;-1.77635683940025E-015,all,delta_seam_study,
LogGammaDelta,PROB_LogGammaDelta,measured,rel,70.0,0.7,,,2.97244810867212780768407264744,2.97244810867213E+000;-3.55271367880050E-015,all,delta_seam_study,
LogGammaDelta,PROB_LogGammaDelta,measured,rel,140.0,0.7,,,3.45840005430566642227956692096,3.45840005430567E+000;-3.99680288865056E-015,all,delta_seam_study,
LogGammaDelta,PROB_LogGammaDelta,measured,rel,700.0,0.7,,,4.5856062488268070842360074919,4.58560624882681E+000;-3.55271367880050E-015,all,delta_seam_study,
LogGammaDelta,PROB_LogGammaDelta,measured,rel,7000.0,0.7,,,6.19755079976908310667910536508,6.19755079976908E+000;3.55271367880050E-015,all,delta_seam_study,
LogGammaDelta,PROB_LogGammaDelta,measured,rel,700000.0,0.7,,,9.42118477981789349336171700705,9.42118477981789E+000;3.55271367880050E-015,all,delta_seam_study,
LogGammaDelta,PROB_LogGammaDelta,measured,rel,70000000.0,0.7,,,12.6448040585095431666904764876,1.26448040585095E+001;4.26325641456060E-014,all,delta_seam_study,
LogGammaDelta,PROB_LogGammaDelta,measured,rel,7000000000.0,0.7,,,15.8684231901862071228872359421,1.58684231901862E+001;7.10542735760100E-015,all,delta_seam_study,
LogGammaDelta,PROB_LogGammaDelta,measured,rel,700000000000.0,0.7,,,19.0920423203927210805122811358,1.90920423203927E+001;2.13162820728030E-014,all,delta_seam_study,
LogGammaDelta,PROB_LogGammaDelta,measured,rel,700000000000000.0,0.7,,,23.9274710156803668669500631763,2.39274710156804E+001;-3.55271367880050E-014,all,delta_seam_study,
LogGammaDelta,PROB_LogGammaDelta,measured,rel,7.0e+17,0.7,,,28.7628997109678629532378452312,2.87628997109679E+001;-3.90798504668055E-014,all,delta_seam_study,
LogGammaDelta,PROB_LogGammaDelta,measured,rel,13.0,1.3,,,3.34913220903643568475286782074,3.34913220903644E+000;-3.99680288865056E-015,all,delta_seam_study,
LogGammaDelta,PROB_LogGammaDelta,measured,rel,16.25,1.3,,,3.63632679897218124306513777941,3.63632679897218E+000;1.33226762955019E-015,all,delta_seam_study,
LogGammaDelta,PROB_LogGammaDelta,measured,rel,26.0,1.3,,,4.24294929552126353077943629461,4.24294929552126E+000;1.77635683940025E-015,all,delta_seam_study,
LogGammaDelta,PROB_LogGammaDelta,measured,rel,43.333333333333333,1.3,,,4.90407127353079332879685010401,4.90407127353079E+000;1.77635683940025E-015,all,delta_seam_study,
LogGammaDelta,PROB_LogGammaDelta,measured,rel,65.0,1.3,,,5.42969118927585474186869740045,5.42969118927585E+000;2.66453525910038E-015,all,delta_seam_study,
LogGammaDelta,PROB_LogGammaDelta,measured,rel,130.0,1.3,,,6.32929171443530069646852007614,6.32929171443530E+000;0E+000,all,delta_seam_study,
LogGammaDelta,PROB_LogGammaDelta,measured,rel,260.0,1.3,,,7.22963535181037674643744005152,7.22963535181038E+000;-3.55271367880050E-015,all,delta_seam_study,
LogGammaDelta,PROB_LogGammaDelta,measured,rel,1300.0,1.3,,,9.32130537572105468719144919032,9.32130537572105E+000;5.32907051820075E-015,all,delta_seam_study,
LogGammaDelta,PROB_LogGammaDelta,measured,rel,13000.0,1.3,,,12.3145310270690893860472090863,1.23145310270691E+001;-1.06581410364015E-014,all,delta_seam_study,
LogGammaDelta,PROB_LogGammaDelta,measured,rel,1300000.0,1.3,,,18.3012374191612639337614781292,1.83012374191613E+001;-3.55271367880050E-014,all,delta_seam_study,
LogGammaDelta,PROB_LogGammaDelta,measured,rel,130000000.0,1.3,,,24.2879585124458134783563328405,2.42879585124458E+001;1.06581410364015E-014,all,delta_seam_study,
LogGammaDelta,PROB_LogGammaDelta,measured,rel,13000000000.0,1.3,,,30.2746797527453322598797260015,3.02746797527453E+001;3.55271367880050E-014,all,delta_seam_study,
LogGammaDelta,PROB_LogGammaDelta,measured,rel,1300000000000.0,1.3,,,36.2614009945150010383268114453,3.62614009945150E+001;0E+000,all,delta_seam_study,
LogGammaDelta,PROB_LogGammaDelta,measured,rel,1300000000000000.0,1.3,,,45.2414828571916293559969781493,4.52414828571916E+001;3.55271367880050E-014,all,delta_seam_study,
LogGammaDelta,PROB_LogGammaDelta,measured,rel,1.3e+18,1.3,,,54.2215647198684073738171448226,5.42215647198684E+001;1.42108547152020E-014,all,delta_seam_study,
LogGammaDelta,PROB_LogGammaDelta,measured,rel,25.0,2.5,,,8.12026143076418454131387937089,8.12026143076418E+000;3.55271367880050E-015,all,delta_seam_study,
LogGammaDelta,PROB_LogGammaDelta,measured,rel,31.25,2.5,,,8.6638055461254453843085013795,8.66380554612544E+000;1.77635683940025E-015,all,delta_seam_study,
LogGammaDelta,PROB_LogGammaDelta,measured,rel,50.0,2.5,,,9.81706668832674581579119432472,9.81706668832674E+000;3.55271367880050E-015,all,delta_seam_study,
LogGammaDelta,PROB_LogGammaDelta,measured,rel,83.333333333333333,2.5,,,11.0794435717908315610224132427,1.10794435717908E+001;2.84217094304040E-014,all,delta_seam_study,
LogGammaDelta,PROB_LogGammaDelta,measured,rel,125.0,2.5,,,12.085704938057179533307254513,1.20857049380572E+001;-2.13162820728030E-014,all,delta_seam_study,
LogGammaDelta,PROB_LogGammaDelta,measured,rel,250.0,2.5,,,13.8111323693291683362018094108,1.38111323693292E+001;-3.37507799486048E-014,all,delta_seam_study,
LogGammaDelta,PROB_LogGammaDelta,measured,rel,500.0,2.5,,,15.5402652554100279852370940845,1.55402652554100E+001;2.66453525910038E-014,all,delta_seam_study,
LogGammaDelta,PROB_LogGammaDelta,measured,rel,2500.0,2.5,,,19.5608648272156975086859712736,1.95608648272157E+001;-3.55271367880050E-015,all,delta_seam_study,
LogGammaDelta,PROB_LogGammaDelta,measured,rel,25000.0,2.5,,,25.3166527576259194998588885685,2.53166527576259E+001;2.13162820728030E-014,all,delta_seam_study,
LogGammaDelta,PROB_LogGammaDelta,measured,rel,2500000.0,2.5,,,36.8295039745958729233036898169,3.68295039745959E+001;-2.84217094304040E-014,all,delta_seam_study,
LogGammaDelta,PROB_LogGammaDelta,measured,rel,250000000.0,2.5,,,48.3424286970663013233186471981,4.83424286970663E+001;0E+000,all,delta_seam_study,
LogGammaDelta,PROB_LogGammaDelta,measured,rel,25000000000.0,2.5,,,59.8553541546115297634066043965,5.98553541546115E+001;2.84217094304040E-014,all,delta_seam_study,
LogGammaDelta,PROB_LogGammaDelta,measured,rel,2500000000000.0,2.5,,,71.36827961950750818349856147,7.13682796195075E+001;0E+000,all,delta_seam_study,
LogGammaDelta,PROB_LogGammaDelta,measured,rel,2500000000000000.0,2.5,,,88.6376678169621015636334975801,8.86376678169621E+001;0E+000,all,delta_seam_study,
LogGammaDelta,PROB_LogGammaDelta,measured,rel,2.5e+18,2.5,,,105.90705601441744344451843349,1.05907056014417E+002;4.54747350886464E-013,all,delta_seam_study,
LogGammaDelta,PROB_LogGammaDelta,measured,rel,57.5,5.75,,,23.5283454839179002348708254808,2.35283454839179E+001;-7.10542735760100E-015,all,delta_seam_study,
LogGammaDelta,PROB_LogGammaDelta,measured,rel,71.875,5.75,,,24.7663732861073958379054642121,2.47663732861074E+001;-1.06581410364015E-014,all,delta_seam_study,
LogGammaDelta,PROB_LogGammaDelta,measured,rel,115.0,5.75,,,27.4003424731553236536461536732,2.74003424731553E+001;1.77635683940025E-014,all,delta_seam_study,
LogGammaDelta,PROB_LogGammaDelta,measured,rel,191.66666666666667,5.75,,,30.291215219269602905107939269,3.02912152192696E+001;3.55271367880050E-015,all,delta_seam_study,
LogGammaDelta,PROB_LogGammaDelta,measured,rel,287.5,5.75,,,32.5992449038956390886338160665,3.25992449038956E+001;3.55271367880050E-014,all,delta_seam_study,
LogGammaDelta,PROB_LogGammaDelta,measured,rel,575.0,5.75,,,36.5613057772098735175540766193,3.65613057772099E+001;-2.84217094304040E-014,all,delta_seam_study,
LogGammaDelta,PROB_LogGammaDelta,measured,rel,1150.0,5.75,,,40.5350809929161081910849468502,4.05350809929161E+001;7.10542735760100E-015,all,delta_seam_study,
LogGammaDelta,PROB_LogGammaDelta,measured,rel,5750.0,5.75,,,49.7798662968012566673371318159,4.97798662968013E+001;-4.26325641456060E-014,all,delta_seam_study,
LogGammaDelta,PROB_LogGammaDelta,measured,rel,57500.0,5.75,,,63.0175937967883565017490373698,6.30175937967884E+001;-4.26325641456060E-014,all,delta_seam_study,
LogGammaDelta,PROB_LogGammaDelta,measured,rel,5750000.0,5.75,,,89.4970872484470929367014006277,8.94970872484471E+001;-1.42108547152020E-014,all,delta_seam_study,
LogGammaDelta,PROB_LogGammaDelta,measured,rel,575000000.0,5.75,,,115.976813466629341056385657933,1.15976813466629E+002;3.55271367880050E-013,all,delta_seam_study,
LogGammaDelta,PROB_LogGammaDelta,measured,rel,57500000000.0,5.75,,,142.45654201254836649486793977,1.42456542012548E+002;3.69482222595252E-013,all,delta_seam_study,
LogGammaDelta,PROB_LogGammaDelta,measured,rel,5750000000000.0,5.75,,,168.936270581744766861082069037,1.68936270581745E+002;-2.27373675443232E-013,all,delta_seam_study,
LogGammaDelta,PROB_LogGammaDelta,measured,rel,5750000000000000.0,5.75,,,208.655863435889682285392422353,2.08655863435890E+002;-3.12638803734444E-013,all,delta_seam_study,
LogGammaDelta,PROB_LogGammaDelta,measured,rel,5.75e+18,5.75,,,248.375456290036967962077774946,2.48375456290037E+002;0E+000,all,delta_seam_study,
LogGammaDelta,PROB_LogGammaDelta,measured,rel,102.5,10.25,,,47.9045874592761452161567644615,4.79045874592761E+001;3.55271367880050E-014,all,delta_seam_study,
LogGammaDelta,PROB_LogGammaDelta,measured,rel,128.125,10.25,,,50.1042704550563000434669540883,5.01042704550563E+001;-7.10542735760100E-015,all,delta_seam_study,
LogGammaDelta,PROB_LogGammaDelta,measured,rel,205.0,10.25,,,54.7885206842616783967986846391,5.47885206842617E+001;-1.42108547152020E-014,all,delta_seam_study,
LogGammaDelta,PROB_LogGammaDelta,measured,rel,341.66666666666667,10.25,,,59.9342635802041924334246996355,5.99342635802042E+001;-7.10542735760100E-015,all,delta_seam_study,
LogGammaDelta,PROB_LogGammaDelta,measured,rel,512.5,10.25,,,64.0447512050426417936506576795,6.40447512050426E+001;4.26325641456060E-014,all,delta_seam_study,
LogGammaDelta,PROB_LogGammaDelta,measured,rel,1025.0,10.25,,,71.1036949339754176221868023335,7.11036949339754E+001;1.42108547152020E-014,all,delta_seam_study,
LogGammaDelta,PROB_LogGammaDelta,measured,rel,2050.0,10.25,,,78.185437914479560373061202433,7.81854379144796E+001;-4.26325641456060E-014,all,delta_seam_study,
LogGammaDelta,PROB_LogGammaDelta,measured,rel,10250.0,10.25,,,94.6637116260390010045583747851,9.46637116260390E+001;0E+000,all,delta_seam_study,
LogGammaDelta,PROB_LogGammaDelta,measured,rel,102500.0,10.25,,,118.261047780332210635498816471,1.18261047780332E+002;1.98951966012828E-013,all,delta_seam_study,
LogGammaDelta,PROB_LogGammaDelta,measured,rel,10250000.0,10.25,,,165.463584326372619250968536086,1.65463584326373E+002;-3.69482222595252E-013,all,delta_seam_study,
LogGammaDelta,PROB_LogGammaDelta,measured,rel,1025000000.0,10.25,,,212.6665741540020220894100246,2.12666574154002E+002;2.84217094304040E-014,all,delta_seam_study,
LogGammaDelta,PROB_LogGammaDelta,measured,rel,102500000000.0,10.25,,,259.869568514592458758410525555,2.59869568514592E+002;4.54747350886464E-013,all,delta_seam_study,
LogGammaDelta,PROB_LogGammaDelta,measured,rel,10250000000000.0,10.25,,,307.072562920512520280794013543,3.07072562920513E+002;-4.54747350886464E-013,all,delta_seam_study,
LogGammaDelta,PROB_LogGammaDelta,measured,rel,10250000000000000.0,10.25,,,377.877054530074804689347252241,3.77877054530075E+002;-1.70530256582424E-013,all,delta_seam_study,
LogGammaDelta,PROB_LogGammaDelta,measured,rel,1.025e+19,10.25,,,448.681546139641704852525489473,4.48681546139642E+002;-2.84217094304040E-013,all,delta_seam_study,
LogGammaDelta,PROB_LogGammaDelta,measured,rel,100.0,0.25,,,1.150354268188836192369295499,1.15035426818884E+000;-3.77475828372553E-015,all,delta_seam_study,
LogGammaDelta,PROB_LogGammaDelta,measured,rel,100.0,0.7,,,3.22256983385515018279698308444,3.22256983385515E+000;0E+000,all,delta_seam_study,
LogGammaDelta,PROB_LogGammaDelta,measured,rel,100.0,1.3,,,5.98866605445062230768896434295,5.98866605445062E+000;1.77635683940025E-015,all,delta_seam_study,
LogGammaDelta,PROB_LogGammaDelta,measured,rel,100.0,2.5,,,11.5315516241831952437273800084,1.15315516241832E+001;-5.32907051820075E-015,all,delta_seam_study,
LogGammaDelta,PROB_LogGammaDelta,measured,rel,100.0,5.75,,,26.6139615200973645668633748714,2.66139615200974E+001;-3.90798504668055E-014,all,delta_seam_study,
LogGammaDelta,PROB_LogGammaDelta,measured,rel,10000.0,0.25,,,2.30257571791592361382755370992,2.30257571791592E+000;3.55271367880050E-015,all,delta_seam_study,
LogGammaDelta,PROB_LogGammaDelta,measured,rel,10000.0,0.7,,,6.4472277604533315901362656367,6.44722776045333E+000;8.88178419700125E-016,all,delta_seam_study,
LogGammaDelta,PROB_LogGammaDelta,measured,rel,10000.0,1.3,,,11.9734619830490502318051499866,1.19734619830491E+001;-4.97379915032070E-014,all,delta_seam_study,
LogGammaDelta,PROB_LogGammaDelta,measured,rel,10000.0,2.5,,,23.026038417441628587070147021,2.30260384174416E+001;2.84217094304040E-014,all,delta_seam_study,
LogGammaDelta,PROB_LogGammaDelta,measured,rel,10000.0,5.75,,,52.9608225249408207843014621008,5.29608225249408E+001;2.13162820728030E-014,all,delta_seam_study,
LogGammaDelta,PROB_LogGammaDelta,measured,rel,10000.0,10.25,,,94.4107278978014291471254369238,9.44107278978014E+001;4.26325641456060E-014,all,delta_seam_study,
LogGammaDelta,PROB_LogGammaDelta,measured,rel,100000000.0,0.25,,,4.6051701850505913672547329123,4.60517018505059E+000;8.88178419700125E-016,all,delta_seam_study,
LogGammaDelta,PROB_LogGammaDelta,measured,rel,100000000.0,0.7,,,12.8944765197166558312007521499,1.28944765197167E+001;-4.61852778244065E-014,all,delta_seam_study,
LogGammaDelta,PROB_LogGammaDelta,measured,rel,100000000.0,1.3,,,23.9468849690880751085871111414,2.39468849690881E+001;-2.48689957516035E-014,all,delta_seam_study,
LogGammaDelta,PROB_LogGammaDelta,measured,rel,100000000.0,2.5,,,46.0517018786309135553598302656,4.60517018786309E+001;7.10542735760100E-015,all,delta_seam_study,
LogGammaDelta,PROB_LogGammaDelta,measured,rel,100000000.0,5.75,,,105.91891441428859907498391908,1.05918914414289E+002;-4.12114786740858E-013,all,delta_seam_study,
LogGammaDelta,PROB_LogGammaDelta,measured,rel,100000000.0,10.25,,,188.811978099574230682444798402,1.88811978099574E+002;2.27373675443232E-013,all,delta_seam_study,
LogGammaDelta,PROB_LogGammaDelta,measured,rel,1000000000000.0,0.25,,,6.90775527898204330205397435624,6.90775527898204E+000;3.55271367880050E-015,all,delta_seam_study,
LogGammaDelta,PROB_LogGammaDelta,measured,rel,1000000000000.0,0.7,,,19.3417147811498787457511282263,1.93417147811499E+001;-2.13162820728030E-014,all,delta_seam_study,
LogGammaDelta,PROB_LogGammaDelta,measured,rel,1000000000000.0,1.3,,,35.9203274507073076706806666411,3.59203274507073E+001;1.42108547152020E-014,all,delta_seam_study,
LogGammaDelta,PROB_LogGammaDelta,measured,rel,1000000000000.0,2.5,,,69.0775527898232455205397423905,6.90775527898232E+001;4.26325641456060E-014,all,delta_seam_study,
LogGammaDelta,PROB_LogGammaDelta,measured,rel,1000000000000.0,5.75,,,158.878371416602808447241386475,1.58878371416603E+002;-1.70530256582424E-013,all,delta_seam_study,
LogGammaDelta,PROB_LogGammaDelta,measured,rel,1000000000000.0,10.25,,,283.217966438315025384212794856,2.83217966438315E+002;5.68434188608080E-014,all,delta_seam_study,
LogGammaDelta,PROB_LogGammaDelta,measured,rel,1.0e+20,0.25,,,11.5129254649702284200890197734,1.15129254649702E+001;2.84217094304040E-014,all,delta_seam_study,
LogGammaDelta,PROB_LogGammaDelta,measured,rel,1.0e+20,0.7,,,32.2361913019166395762508303656,3.22361913019166E+001;4.26325641456060E-014,all,delta_seam_study,
LogGammaDelta,PROB_LogGammaDelta,measured,rel,1.0e+20,1.3,,,59.8672124178451877844697278218,5.98672124178452E+001;-1.42108547152020E-014,all,delta_seam_study,
LogGammaDelta,PROB_LogGammaDelta,measured,rel,1.0e+20,2.5,,,115.129254649702284200918322734,1.15129254649702E+002;2.84217094304040E-013,all,delta_seam_study,
LogGammaDelta,PROB_LogGammaDelta,measured,rel,1.0e+20,5.75,,,264.797285694315253662205579789,2.64797285694315E+002;2.27373675443232E-013,all,delta_seam_study,
LogGammaDelta,PROB_LogGammaDelta,measured,rel,1.0e+20,10.25,,,472.02994406377936522416231071,4.72029944063779E+002;3.97903932025656E-013,all,delta_seam_study,
LogGammaDelta,PROB_LogGammaDelta,measured,rel,1.0e+50,0.25,,,28.7823136624255710502248931836,2.87823136624256E+001;-2.84217094304040E-014,all,delta_seam_study,
LogGammaDelta,PROB_LogGammaDelta,measured,rel,1.0e+50,0.7,,,80.590478254791598940629700914,8.05904782547916E+001;-1.42108547152020E-014,all,delta_seam_study,
LogGammaDelta,PROB_LogGammaDelta,measured,rel,1.0e+50,1.3,,,149.668031044612969461169444554,1.49668031044613E+002;-2.84217094304040E-014,all,delta_seam_study,
LogGammaDelta,PROB_LogGammaDelta,measured,rel,1.0e+50,2.5,,,287.823136624255710502248931836,2.87823136624256E+002;-2.84217094304040E-013,all,delta_seam_study,
LogGammaDelta,PROB_LogGammaDelta,measured,rel,1.0e+50,5.75,,,661.993214235788134155172543222,6.61993214235788E+002;2.27373675443232E-013,all,delta_seam_study,
LogGammaDelta,PROB_LogGammaDelta,measured,rel,1.0e+50,10.25,,,1180.07486015944841305922062053,1.18007486015945E+003;-1.59161572810262E-012,all,delta_seam_study,
LogGamma,PROB_LogGamma,abs<=5E-13,abs,4.9406564584124654e-324,,,,744.4400719213812623141073,7.44440071921381E+002;2.27373675443232E-013,small_positive,main grid,
LogGamma,PROB_LogGamma,abs<=5E-13,abs,7.9050503334599447e-323,,,,741.6674831991414810764384,7.41667483199141E+002;4.54747350886464E-013,small_positive,main grid,
LogGamma,PROB_LogGamma,abs<=5E-13,abs,9.8813129168249309e-323,,,,741.4443396478272713206721,7.41444339647827E+002;3.41060513164848E-013,small_positive,main grid,
LogGamma,PROB_LogGamma,abs<=5E-13,abs,9.9998886718268301e-321,,,,736.8272408909739061509869,7.36827240890974E+002;-1.13686837721616E-013,small_positive,main grid,
LogGamma,PROB_LogGamma,abs<=5E-13,abs,8.0947715414629834e-320,,,,734.736011393542027982266,7.34736011393542E+002;1.13686837721616E-013,small_positive,main grid,
LogGamma,PROB_LogGamma,abs<=5E-13,abs,9.9999874849559983e-319,,,,732.2220608236117108196622,7.32222060823612E+002;-2.27373675443232E-013,small_positive,main grid,
LogGamma,PROB_LogGamma,abs<=5E-13,abs,8.289046058458095e-317,,,,727.8045395879425748880937,7.27804539587943E+002;-4.54747350886464E-013,small_positive,main grid,
LogGamma,PROB_LogGamma,abs<=5E-13,abs,9.9999999848168381e-316,,,,725.3143042946427066581219,7.25314304294643E+002;-2.27373675443232E-013,small_positive,main grid,
LogGamma,PROB_LogGamma,abs<=5E-13,abs,8.4879831638610893e-314,,,,720.8730677823431217939214,7.20873067782343E+002;1.13686837721616E-013,small_positive,main grid,
LogGamma,PROB_LogGamma,abs<=5E-13,abs,9.9999999999846534e-313,,,,718.4065490141437880721827,7.18406549014144E+002;-2.27373675443232E-013,small_positive,main grid,
LogGamma,PROB_LogGamma,abs<=5E-13,abs,8.6916947597937554e-311,,,,713.9415959767436686997491,7.13941595976744E+002;-3.41060513164848E-013,small_positive,main grid,
LogGamma,PROB_LogGamma,abs<=5E-13,abs,9.9999999999999694e-311,,,,713.8013788281541651006446,7.13801378828154E+002;1.13686837721616E-013,small_positive,main grid,
LogGamma,PROB_LogGamma,abs<=5E-13,abs,9.9999999999999991e-309,,,,709.1962086421660707682147,7.09196208642166E+002;1.13686837721616E-013,small_positive,main grid,
LogGamma,PROB_LogGamma,abs<=5E-13,abs,2.2250738585072014e-308,,,,708.3964185322641062244112,7.08396418532264E+002;1.13686837721616E-013,small_positive,main grid,
LogGamma,PROB_LogGamma,abs<=5E-13,abs,1.0e-300,,,,690.7755278982137051803383,6.90775527898214E+002;-3.41060513164848E-013,small_positive,main grid,
LogGamma,PROB_LogGamma,abs<=5E-13,abs,1.0000000000000001e-250,,,,575.6462732485114209504983,5.75646273248511E+002;4.54747350886464E-013,small_positive,main grid,
LogGamma,PROB_LogGamma,abs<=5E-13,abs,9.9999999999999998e-201,,,,460.517018598809136821498,4.60517018598809E+002;1.70530256582424E-013,small_positive,main grid,
LogGamma,PROB_LogGamma,abs<=5E-13,abs,1.0e-100,,,,230.2585092994045683818072,2.30258509299405E+002;-4.26325641456060E-013,small_positive,main grid,
LogGamma,PROB_LogGamma,abs<=5E-13,abs,1.0e-50,,,,115.1292546497022841932833,1.15129254649702E+002;2.84217094304040E-013,small_positive,main grid,
LogGamma,PROB_LogGamma,abs<=5E-13,abs,9.9999999999999995e-21,,,,46.05170185988091373520079,4.60517018598809E+001;1.42108547152020E-014,small_positive,main grid,
LogGamma,PROB_LogGamma,abs<=5E-13,abs,9.8999999999999995e-14,,,,29.94365654477603824283803,2.99436565447760E+001;3.90798504668055E-014,small_positive,main grid,
LogGamma,PROB_LogGamma,abs<=5E-13,abs,1.0e-13,,,,29.93360620892253614029365,2.99336062089225E+001;3.55271367880050E-014,small_positive,main grid,
LogGamma,PROB_LogGamma,abs<=5E-13,abs,2.6999999999999998e-12,,,,26.63776934291670640822327,2.66377693429167E+001;3.55271367880050E-015,small_positive,main grid,
LogGamma,PROB_LogGamma,abs<=5E-13,abs,3.0e-11,,,,24.22982373424907636950648,2.42298237342491E+001;-2.13162820728030E-014,small_positive,main grid,
LogGamma,PROB_LogGamma,abs<=5E-13,abs,1.0e-10,,,,23.02585092988273523726579,2.30258509298827E+001;3.55271367880050E-014,small_positive,main grid,
LogGamma,PROB_LogGamma,abs<=5E-13,abs,1.0e-8,,,,18.42068073818020888445275,1.84206807381802E+001;1.06581410364015E-014,small_positive,main grid,
LogGamma,PROB_LogGamma,abs<=5E-13,abs,9.9999999999999995e-7,,,,13.81550998074943171445974,1.38155099807494E+001;3.01980662698043E-014,small_positive,main grid,
LogGamma,PROB_LogGamma,abs<=5E-13,abs,0.0001,,,,9.210282658633962210524157,9.21028265863396E+000;1.77635683940025E-015,small_positive,main grid,
LogGamma,PROB_LogGamma,abs<=5E-13,abs,0.001,,,,6.907178885383853661683681,6.90717888538385E+000;3.55271367880050E-015,small_positive,main grid,
LogGamma,PROB_LogGamma,abs<=5E-13,abs,0.01,,,,4.599479878042021701580506,4.59947987804202E+000;8.88178419700125E-016,small_positive,main grid,
LogGamma,PROB_LogGamma,abs<=5E-13,abs,0.02,,,,3.900804516098375951063854,3.90080451609838E+000;-3.99680288865056E-015,small_positive,main grid,
LogGamma,PROB_LogGamma,abs<=5E-13,abs,0.040000000000000001,,,,3.197078173767305835737026,3.19707817376731E+000;-4.44089209850063E-015,small_positive,main grid,
LogGamma,PROB_LogGamma,abs<=5E-13,abs,0.050000000000000003,,,,2.968879201051730768462244,2.96887920105173E+000;4.44089209850063E-016,small_positive,main grid,
LogGamma,PROB_LogGamma,abs<=5E-13,abs,0.10000000000000001,,,,2.252712651734205902006238,2.25271265173421E+000;-4.44089209850063E-015,small_positive,main grid,
LogGamma,PROB_LogGamma,abs<=5E-13,abs,0.125,,,,2.019418357553796345320291,2.01941835755380E+000;-3.55271367880050E-015,small_positive,main grid,
LogGamma,PROB_LogGamma,abs<=5E-13,abs,0.20000000000000001,,,,1.524063822430784466160918,1.52406382243078E+000;4.21884749357559E-015,small_positive,main grid,
LogGamma,PROB_LogGamma,abs<=5E-13,abs,0.23999999999999999,,,,1.331179143466061851270212,1.33117914346606E+000;1.77635683940025E-015,small_positive,main grid,
LogGamma,PROB_LogGamma,abs<=5E-13,abs,0.24999999999999997,,,,1.288022524698077574706017,1.28802252469808E+000;-2.44249065417534E-015,small_positive,main grid,
LogGamma,PROB_LogGamma,abs<=5E-13,abs,0.25,,,,1.28802252469807745737061,1.28802252469808E+000;-2.66453525910038E-015,small_positive,main grid,
LogGamma,PROB_LogGamma,rel<=5E-13,rel,0.5,,,,0.5723649429247000870717137,5.72364942924702E-001;-2.22044604925031E-016,general,main grid,
LogGamma,PROB_LogGamma,rel<=5E-13,rel,0.50000000000000011,,,,0.5723649429246998690783097,5.72364942924702E-001;0E+000,general,main grid,
LogGamma,PROB_LogGamma,rel<=5E-13,rel,0.59999999999999998,,,,0.3982338580692349338254727,3.98233858069238E-001;5.55111512312578E-017,general,main grid,
LogGamma,PROB_LogGamma,rel<=5E-13,rel,0.75,,,,0.203280951431295371481433,2.03280951431299E-001;-1.38777878078145E-016,general,main grid,
LogGamma,PROB_LogGamma,abs<=5E-14,abs,0.90000000000000002,,,,0.06637623973474295442597111,6.63762397347469E-002;-5.55111512312578E-017,near_zero,main grid,
LogGamma,PROB_LogGamma,abs<=5E-14,abs,0.98999999999999999,,,,0.005854806764709781453188386,5.85480676471384E-003;2.60208521396521E-018,near_zero,main grid,
LogGamma,PROB_LogGamma,abs<=5E-14,abs,0.99999999999999989,,,,6.408381213480007242629897e-17,4.43915737502465E-015;-7.88860905221012E-031,near_zero,main grid,
LogGamma,PROB_LogGamma,abs<=5E-14,abs,1.0,,,,0.0,3.77475828372553E-015;2.36658271566304E-030,near_zero,main grid,
LogGamma,PROB_LogGamma,abs<=5E-14,abs,1.0000000000000002,,,,-1.281676242696000840264646e-16,4.22231694052755E-015;-1.57772181044202E-030,near_zero,main grid,
LogGamma,PROB_LogGamma,abs<=5E-14,abs,1.01,,,,-0.005690307946069650503701094,-5.69030794606467E-003;-4.33680868994202E-018,near_zero,main grid,
LogGamma,PROB_LogGamma,rel<=5E-13,rel,1.25,,,,-0.0982718364218131614638538,-9.82718364218076E-002;1.38777878078145E-017,general,main grid,
LogGamma,PROB_LogGamma,rel<=5E-13,rel,1.5,,,,-0.1207822376352452223455184,-1.20782237635238E-001;1.24900090270330E-016,general,main grid,
LogGamma,PROB_LogGamma,rel<=5E-13,rel,1.75,,,,-0.08440112102048555595778603,-8.44011210204777E-002;0E+000,general,main grid,
LogGamma,PROB_LogGamma,abs<=5E-14,abs,1.99,,,,-0.00419552908879166870185966,-4.19552908878246E-003;-8.67361737988404E-019,near_zero,main grid,
LogGamma,PROB_LogGamma,abs<=5E-14,abs,1.9999999999999998,,,,-9.387698065543116760865391e-17,9.29464838428373E-015;3.15544362088405E-030,near_zero,main grid,
LogGamma,PROB_LogGamma,abs<=5E-14,abs,2.0,,,,0.0,9.76996261670138E-015;-3.15544362088405E-030,near_zero,main grid,
LogGamma,PROB_LogGamma,abs<=5E-14,abs,2.0000000000000004,,,,1.877539613108624306104213e-16,9.83241266183654E-015;3.15544362088405E-030,near_zero,main grid,
LogGamma,PROB_LogGamma,abs<=5E-14,abs,2.0099999999999998,,,,0.004260022907098345833806413,4.26002290710803E-003;8.67361737988404E-019,near_zero,main grid,
LogGamma,PROB_LogGamma,rel<=5E-13,rel,2.5,,,,0.2846828704729191596324947,2.84682870472932E-001;5.55111512312578E-017,general,main grid,
LogGamma,PROB_LogGamma,rel<=5E-13,rel,3.0,,,,0.6931471805599453094172321,6.93147180559961E-001;1.11022302462516E-016,general,main grid,
LogGamma,PROB_LogGamma,rel<=5E-13,rel,5.0,,,,3.178053830347945619646942,3.17805383034797E+000;-1.33226762955019E-015,general,main grid,
LogGamma,PROB_LogGamma,rel<=5E-13,rel,10.0,,,,12.80182748008146961120772,1.28018274800815E+001;5.32907051820075E-015,general,main grid,
LogGamma,PROB_LogGamma,rel<=5E-13,rel,100.0,,,,359.134205369575398776044,3.59134205369575E+002;3.97903932025656E-013,general,main grid,
LogGamma,PROB_LogGamma,rel<=5E-13,rel,1000000.0,,,,12815504.56914761165997697,1.28155045691476E+007;1.11758708953857E-008,general,main grid,
LogGamma,PROB_LogGamma,rel<=5E-13,rel,1000000000000000.0,,,,33538776394910668.90982021,3.35387763949107E+016;-3.20000000000000E+001,general,main grid,
LogGamma,PROB_LogGamma,rel<=5E-13,rel,1.0e+30,,,,6.807755278982137189412097e+31,6.80775527898214E+031;-3.60287970189640E+016,general,main grid,
LogGamma,PROB_LogGamma,rel<=5E-13,rel,1.0000000000000001e+50,,,,1.141292546497022929849967e+52,1.14129254649702E+052;3.05722439030531E+037,general,main grid,
LogGamma1p,PROB_TryLogGamma1p,abs<=5E-16,abs,1.0e-300,,,,-5.772156649015328750710124e-301,-5.77215664901533E-301;8.28904605845809E-317,small,main grid,
LogGamma1p,PROB_TryLogGamma1p,abs<=5E-16,abs,9.9999999999999998e-201,,,,-5.772156649015328502745031e-201,-5.77215664901533E-201;1.45041775992978E-216,small,main grid,
LogGamma1p,PROB_TryLogGamma1p,abs<=5E-16,abs,1.0e-100,,,,-5.772156649015328721461498e-101,-5.77215664901533E-101;1.26897091865782E-116,small,main grid,
LogGamma1p,PROB_TryLogGamma1p,abs<=5E-16,abs,1.0e-50,,,,-5.772156649015328650027157e-51,-5.77215664901533E-051;1.18694596821997E-066,small,main grid,
LogGamma1p,PROB_TryLogGamma1p,abs<=5E-16,abs,9.9999999999999995e-21,,,,-5.772156649015328289398965e-21,-5.77215664901533E-021;1.50463276905253E-036,small,main grid,
LogGamma1p,PROB_TryLogGamma1p,abs<=5E-16,abs,1.0000000000000001e-17,,,,-5.772156649015328936772496e-18,-5.77215664901533E-018;7.70371977754894E-034,small,main grid,
LogGamma1p,PROB_TryLogGamma1p,abs<=5E-16,abs,9.9999999999999998e-17,,,,-5.772156649015327662947238e-17,-5.77215664901533E-017;2.46519032881566E-032,small,main grid,
LogGamma1p,PROB_TryLogGamma1p,abs<=5E-16,abs,1.1102230246251565e-16,,,,-6.408381213480005215092121e-17,-6.40838121348001E-017;4.93038065763132E-032,small,main grid,
LogGamma1p,PROB_TryLogGamma1p,abs<=5E-16,abs,1.0000000000000001e-15,,,,-5.772156649015320829922527e-16,-5.77215664901532E-016;-9.86076131526265E-032,small,main grid,
LogGamma1p,PROB_TryLogGamma1p,abs<=5E-16,abs,1.0e-14,,,,-5.772156649015246352546647e-15,-5.77215664901525E-015;3.94430452610506E-030,small,main grid,
LogGamma1p,PROB_TryLogGamma1p,abs<=5E-16,abs,1.0e-13,,,,-5.772156649014506314353714e-14,-5.77215664901451E-014;5.04870979341448E-029,small,main grid,
LogGamma1p,PROB_TryLogGamma1p,abs<=5E-16,abs,9.9999999999999998e-13,,,,-5.772156649007103819633463e-13,-5.77215664900710E-013;-4.03896783473158E-028,small,main grid,
LogGamma1p,PROB_TryLogGamma1p,abs<=5E-16,abs,9.9999999999999994e-12,,,,-5.772156648933081553490139e-12,-5.77215664893308E-012;-1.61558713389263E-027,small,main grid,
LogGamma1p,PROB_TryLogGamma1p,abs<=5E-16,abs,1.0e-10,,,,-5.772156648192861782973426e-11,-5.77215664819286E-011;-1.93870456067116E-026,small,main grid,
LogGamma1p,PROB_TryLogGamma1p,abs<=5E-16,abs,1.0000000000000001e-9,,,,-5.772156640790658635329946e-10,-5.77215664079066E-010;1.03397576569128E-025,small,main grid,
LogGamma1p,PROB_TryLogGamma1p,abs<=5E-16,abs,1.0e-8,,,,-5.772156566768625785107726e-9,-5.77215656676863E-009;4.13590306276514E-024,small,main grid,
LogGamma1p,PROB_TryLogGamma1p,abs<=5E-16,abs,9.9999999999999995e-8,,,,-5.772155826548334989311723e-8,-5.77215582654833E-008;-5.29395592033938E-023,small,main grid,
LogGamma1p,PROB_TryLogGamma1p,abs<=5E-16,abs,9.9999999999999995e-7,,,,-0.0000005772148424349000957370755,-5.77214842434900E-007;-2.11758236813575E-022,small,main grid,
LogGamma1p,PROB_TryLogGamma1p,abs<=5E-16,abs,1.0000000000000001e-5,,,,-0.000005772074402712669595509068,-5.77207440271267E-006;8.47032947254300E-022,small,main grid,
LogGamma1p,PROB_TryLogGamma1p,abs<=5E-16,abs,0.0001,,,,-0.00005771334222047762607317291,-5.77133422204776E-005;-3.38813178901720E-020,small,main grid,
LogGamma1p,PROB_TryLogGamma1p,abs<=5E-16,abs,0.001,,,,-0.0005763935982833695536111937,-5.76393598283370E-004;4.33680868994202E-019,small,main grid,
LogGamma1p,PROB_TryLogGamma1p,abs<=5E-16,abs,0.01,,,,-0.005690307946069645638795239,-5.69030794606965E-003;4.33680868994202E-018,small,main grid,
LogGamma1p,PROB_TryLogGamma1p,abs<=5E-16,abs,0.02,,,,-0.0112184893297700867382147,-1.12184893297701E-002;1.21430643318376E-017,small,main grid,
LogGamma1p,PROB_TryLogGamma1p,abs<=5E-16,abs,0.050000000000000003,,,,-0.02685307250226016946182856,-2.68530725022602E-002;3.12250225675825E-017,small,main grid,
LogGamma1p,PROB_TryLogGamma1p,abs<=5E-16,abs,0.080000000000000002,,,,-0.04110817016999403556046279,-4.11081701699940E-002;-4.16333634234434E-017,small,main grid,
LogGamma1p,PROB_TryLogGamma1p,abs<=5E-16,abs,0.10000000000000001,,,,-0.04987244125983972650060227,-4.98724412598397E-002;-2.77555756156289E-017,small,main grid,
LogGamma1p,PROB_TryLogGamma1p,abs<=5E-16,abs,0.125,,,,-0.06002318412603958293140584,-6.00231841260396E-002;1.38777878078145E-017,small,main grid,
LogGamma1p,PROB_TryLogGamma1p,abs<=5E-16,abs,0.14999999999999999,,,,-0.06930620867104688027550913,-6.93062086710469E-002;2.77555756156289E-017,small,main grid,
LogGamma1p,PROB_TryLogGamma1p,abs<=5E-16,abs,0.17999999999999999,,,,-0.07933782400620402745623686,-7.93378240062040E-002;-4.16333634234434E-017,small,main grid,
LogGamma1p,PROB_TryLogGamma1p,abs<=5E-16,abs,0.20000000000000001,,,,-0.08537409000331585292869032,-8.53740900033159E-002;4.16333634234434E-017,small,main grid,
LogGamma1p,PROB_TryLogGamma1p,abs<=5E-16,abs,0.22,,,,-0.09090336184430029604062676,-9.09033618443003E-002;0E+000,small,main grid,
LogGamma1p,PROB_TryLogGamma1p,abs<=5E-16,abs,0.23999999999999999,,,,-0.0959372121740839341262636,-9.59372121740839E-002;-5.55111512312578E-017,small,main grid,
LogGamma1p,PROB_TryLogGamma1p,characterization,abs,0.24999999999999994,,,,-0.09827183642181314883764631,-9.82718364218132E-002;4.16333634234434E-017,series_seam,main grid,
LogGamma1p,PROB_TryLogGamma1p,characterization,abs,0.25,,,,-0.0982718364218131614638538,-9.82718364218132E-002;2.77555756156289E-017,series_seam,main grid,
LogGamma1p,PROB_TryLogGamma1p,characterization,abs,0.25000000000000006,,,,-0.09827183642181317409006129,-9.82718364218076E-002;1.38777878078145E-017,series_seam,main grid,
