function,regime,arguments,old_reference,new_reference,independent_oracle,old_rel_error,new_rel_error,classification,replacement_source
LogGamma,all,1.0e-8,18.42068073818020890537531,18.42068073818020888445275,18.4206807381802088844527450222,1.13582e-18,2.70227e-25,REFERENCE_STALE,CANONICAL_GENERATOR
LogGamma,all,3.0702906297578495e-7,14.99632324894444161555963,14.99632324894444153597068,14.9963232489444415359706822079,5.30723e-18,1.47229e-25,REFERENCE_STALE,CANONICAL_GENERATOR
LogGamma,all,9.4266845511788521e-6,11.57196066722342717362545,11.57196066722342717329803,11.5719606672234271732980322519,2.82941e-20,1.946e-25,REFERENCE_STALE,CANONICAL_GENERATOR
LogGamma,all,0.00028942661247167509,8.147441797906269247584365,8.147441797906269329979934,8.14744179790626932997993375154,1.01131e-17,3.04953e-26,REFERENCE_STALE,CANONICAL_GENERATOR
LogGamma,all,0.0088862381627434037,4.718186863749254197953447,4.718186863749254246591825,4.7181868637492542465918246664,1.03087e-17,7.07044e-26,REFERENCE_STALE,CANONICAL_GENERATOR
LogGamma,all,0.2728333376486768,1.195738312574894705555266,1.195738312574894770250094,1.19573831257489477025009405918,5.41045e-17,4.94948e-26,REFERENCE_STALE,CANONICAL_GENERATOR
LogGamma,all,8.376776400682919,9.293903645514753171341677,9.293903645514753789974971,9.2939036455147537899749714506,6.65633e-17,4.84834e-26,REFERENCE_STALE,CANONICAL_GENERATOR
LogGamma,all,257.19138090593451,1168.31896457239126420286,1168.318964572391320428685,1168.31896457239132042868510723,4.81254e-17,9.17821e-26,REFERENCE_STALE,CANONICAL_GENERATOR
LogGamma,all,7896.5228684997263,62964.70920222839365282306,62964.70920222839518295056,62964.7092022283951829505613627,2.43014e-17,2.16421e-26,REFERENCE_STALE,CANONICAL_GENERATOR
LogGamma,all,242446.20170823285,2763526.263612956343922372,2763526.263612956226184139,2763526.26361295622618413882124,4.26043e-17,6.46866e-26,REFERENCE_STALE,CANONICAL_GENERATOR
LogGamma,all,7443803.0132516884,110338684.3721208707868161,110338684.3721208697125152,110338684.372120869712515207443,9.73639e-18,6.74534e-26,REFERENCE_STALE,CANONICAL_GENERATOR
LogGamma,all,228546386.41349904,4170342984.02955337251725,4170342984.029553099903256,4170342984.02955309990325552964,6.53697e-17,1.12786e-25,REFERENCE_STALE,CANONICAL_GENERATOR
LogGamma,all,7017038286.7038279,152070496530.5244776876827,152070496530.5244759869486,152070496530.524475986948605773,1.11839e-17,3.79659e-26,REFERENCE_STALE,CANONICAL_GENERATOR
LogGamma,all,215443469003.18837,5406761625560.900614025603,5406761625560.900948936937,5406761625560.90094893693676746,6.19431e-17,4.30096e-26,REFERENCE_STALE,CANONICAL_GENERATOR
LogGamma,all,6614740641230.1496,188654531083351.1032182909,188654531083351.0985260279,188654531083351.098526027897062,2.48723e-17,1.55715e-26,REFERENCE_STALE,CANONICAL_GENERATOR
LogGamma,all,203091762090473.57,6487701152162717.850933476,6487701152162717.534690502,6487701152162717.53469050212738,4.8745e-17,1.96343e-26,REFERENCE_STALE,CANONICAL_GENERATOR
LogGamma,all,6235507341273914.5,220543885755744186.4559249,220543885755744168.03009,220543885755744168.030089974046,8.35472e-17,1.17682e-25,REFERENCE_STALE,CANONICAL_GENERATOR
LogGamma,all,1.9144819761699581e+17,7426925295349173882.658976,7426925295349173880.457324,7426925295349173880.45732408364,2.96442e-19,1.12615e-26,REFERENCE_STALE,CANONICAL_GENERATOR
LogGamma,all,5.8780160722749128e+18,248156618773379593093.3204,248156618773379612512.5206,248156618773379612512.520635067,7.82538e-17,1.4131e-25,REFERENCE_STALE,CANONICAL_GENERATOR
LogGamma,all,1.8047217668271703e+20,8237130632203215101639.73,8237130632203214564809.961,8237130632203214564809.96119352,6.51719e-17,2.34935e-26,REFERENCE_STALE,CANONICAL_GENERATOR
LogGamma,all,5.5410203300094916e+21,271878283476517914999893.1,271878283476517932086502.4,271878283476517932086502.447215,6.28465e-17,1.73662e-25,REFERENCE_STALE,CANONICAL_GENERATOR
LogGamma,all,1.7012542798525889e+23,8930023716188812464694716.0,8930023716188813051831381.0,8930023716188813051831380.60133,6.57486e-17,4.46441e-26,REFERENCE_STALE,CANONICAL_GENERATOR
LogGamma,all,5.2233450742668419e+24,2.920642813216860107171116e+26,2.920642813216860066993691e+26,292064281321686006699369106.279,1.37564e-17,2.14983e-26,REFERENCE_STALE,CANONICAL_GENERATOR
LogGamma,all,1.6037187437513303e+26,9.516392863872877222567956e+27,9.516392863872876874165884e+27,9516392863872876874165884483.47,3.66107e-17,5.08042e-26,REFERENCE_STALE,CANONICAL_GENERATOR
LogGamma,all,4.9238826317067393e+27,3.090420519122380550387939e+29,3.090420519122380622873725e+29,309042051912238062287372476375.0,2.3455e-17,7.64449e-26,REFERENCE_STALE,CANONICAL_GENERATOR
LogGamma,all,1.5117750706156622e+29,1.000617496446375547158401e+31,1.000617496446375535709649e+31,1.0006174964463755357096492297e+31,1.14417e-17,2.29561e-25,REFERENCE_STALE,CANONICAL_GENERATOR
LogGamma,all,4.6415888336127789e+30,3.23113111019642293219691e+32,3.231131110196422951744907e+32,3.23113111019642295174490749076e+32,6.04989e-18,1.51884e-25,REFERENCE_STALE,CANONICAL_GENERATOR
LogGamma,all,1.4251026703029981e+32,1.040851764692000126285313e+34,1.040851764692000120230081e+34,1.04085176469200012023008110034e+34,5.81757e-18,9.63975e-26,REFERENCE_STALE,CANONICAL_GENERATOR
LogGamma,all,4.375479375074185e+33,3.34554946826934078345509e+35,3.345549468269340809528308e+35,3.34554946826934080952830781486e+35,7.7934e-18,5.5339e-26,REFERENCE_STALE,CANONICAL_GENERATOR
LogGamma,all,1.3433993325989001e+35,1.073183711734810233255073e+37,1.07318371173481018272461e+37,1.0731837117348101827246095504e+37,4.70846e-17,4.18943e-25,REFERENCE_STALE,CANONICAL_GENERATOR
LogGamma,all,4.1246263829013518e+36,3.436227839522352069618871e+38,3.436227839522352225908199e+38,3.43622783952235222590819892446e+38,4.54828e-17,2.19832e-26,REFERENCE_STALE,CANONICAL_GENERATOR
LogGamma,all,1.2663801734674032e+38,1.098387195880975972201291e+40,1.098387195880976007016715e+40,1.09838719588097600701671544496e+40,3.16969e-17,4.05101e-25,REFERENCE_STALE,CANONICAL_GENERATOR
LogGamma,all,3.8881551803080882e+39,3.505512241803116232565298e+41,3.505512241803116040547487e+41,3.50551224180311604054748726644e+41,5.4776e-17,7.6006e-26,REFERENCE_STALE,CANONICAL_GENERATOR
LogGamma,all,1.1937766417144365e+41,1.117173316639522520132153e+43,1.117173316639522521473187e+43,1.11717331663952252147318747133e+43,1.20038e-18,4.21896e-25,REFERENCE_STALE,CANONICAL_GENERATOR
LogGamma,all,3.6652412370796279e+42,3.555557722410271976653742e+44,3.555557722410272181421764e+44,3.55555772241027218142176358276e+44,5.7591e-17,1.1735e-25,REFERENCE_STALE,CANONICAL_GENERATOR
LogGamma,all,1.125335582600765e+44,1.130195067240381102761645e+46,1.130195067240381125664522e+46,1.13019506724038112566452234444e+46,2.02645e-17,3.04763e-25,REFERENCE_STALE,CANONICAL_GENERATOR
LogGamma,all,3.4551072945922193e+45,3.588342544226411893077755e+47,3.588342544226411568228551e+47,3.58834254422641156822855109509e+47,9.0529e-17,2.64988e-26,REFERENCE_STALE,CANONICAL_GENERATOR
LogGamma,all,1.0608183551394485e+47,1.138051659962614370647648e+49,1.138051659962614337607546e+49,1.13805165996261433760754603467e+49,2.90322e-17,3.04635e-26,REFERENCE_STALE,CANONICAL_GENERATOR
LogGamma,all,3.2570206556597833e+48,3.60568137292746917284708e+50,3.605681372927469220484077e+50,3.60568137292746922048407721317e+50,1.32116e-17,5.9121e-26,REFERENCE_STALE,CANONICAL_GENERATOR
LogGamma,all,1.0e+50,1.141292546497022842008996e+52,1.141292546497022929849967e+52,1.14129254649702292984996722271e+52,7.69662e-17,1.95139e-25,REFERENCE_STALE,CANONICAL_GENERATOR
LogGammaHalfDiff,all,1.0e-6,-13.24314700133229020526412,-13.24314700133229025051594,-13.2431470013322902505159411205,3.417e-18,8.4608e-26,REFERENCE_STALE,CANONICAL_GENERATOR
LogGammaHalfDiff,all,4.1753189365604013e-6,-11.81396065585638065062452,-11.8139606558563807230272,-11.8139606558563807230271966183,6.12857e-18,2.86245e-25,REFERENCE_STALE,CANONICAL_GENERATOR
LogGammaHalfDiff,all,1.743328822199988e-5,-10.3847882874575879636755,-10.38478828745758797016362,-10.3847882874575879701636204509,6.24772e-19,4.3418e-26,REFERENCE_STALE,CANONICAL_GENERATOR
LogGammaHalfDiff,all,7.2789538439831508e-5,-8.955674271924963080502326,-8.955674271924963059641276,-8.95567427192496305964127619598,2.32937e-18,2.18831e-26,REFERENCE_STALE,CANONICAL_GENERATOR
LogGammaHalfDiff,all,0.00030391953823131974,-7.526803795608890421727107,-7.526803795608890411332411,-7.52680379560889041133241094321,1.38102e-18,7.54568e-27,REFERENCE_STALE,CANONICAL_GENERATOR
LogGammaHalfDiff,all,0.0012689610031679222,-6.098948387772475572295235,-6.098948387772475556105063,-6.0989483877724755561050625451,2.65458e-18,7.45873e-26,REFERENCE_STALE,CANONICAL_GENERATOR
LogGammaHalfDiff,all,0.0052983169062837087,-4.675300335397722592534051,-4.675300335397722609656335,-4.67530033539772260965633518298,3.66229e-18,3.91377e-26,REFERENCE_STALE,CANONICAL_GENERATOR
LogGammaHalfDiff,all,0.02212216291070449,-3.268698351003712278622303,-3.26869835100371235015847,-3.26869835100371235015846969679,2.18852e-17,9.27604e-26,REFERENCE_STALE,CANONICAL_GENERATOR
LogGammaHalfDiff,all,0.092367085718738622,-1.925288571479488083417318,-1.925288571479488046500772,-1.92528857147948804650077220731,1.91746e-17,1.07675e-25,REFERENCE_STALE,CANONICAL_GENERATOR
LogGammaHalfDiff,all,0.38566204211634717,-0.7567673746021070253444262,-0.7567673746021069826649317,-0.756767374602106982664931733522,5.63971e-17,4.4296e-26,REFERENCE_STALE,CANONICAL_GENERATOR
LogGammaHalfDiff,all,1.6102620275609393,0.1617033478733243541326716,0.1617033478733243690703346,0.161703347873324369070334587113,9.2377e-17,7.96974e-26,REFERENCE_STALE,CANONICAL_GENERATOR
LogGammaHalfDiff,all,6.7233575364993368,0.9342189555725789861176296,0.9342189555725789634834703,0.934218955572578963483470296204,2.42279e-17,4.06301e-27,REFERENCE_STALE,CANONICAL_GENERATOR
LogGammaHalfDiff,all,28.07216203941177,1.662936630754267316566408,1.66293663075426728566167,1.66293663075426728566166958225,1.85844e-17,2.51214e-25,REFERENCE_STALE,CANONICAL_GENERATOR
LogGammaHalfDiff,all,117.21022975334802,2.380918122378228615515265,2.380918122378228611014216,2.38091812237822861101421566222,1.89047e-18,1.4187e-25,REFERENCE_STALE,CANONICAL_GENERATOR
LogGammaHalfDiff,all,489.39009184774935,3.096324532726868537651019,3.096324532726868563361351,3.09632453272686856336135082015,8.3035e-18,5.80835e-26,REFERENCE_STALE,CANONICAL_GENERATOR
LogGammaHalfDiff,all,2043.3597178569419,3.811114152574101667884549,3.811114152574101657118792,3.81111415257410165711879213064,2.82483e-18,3.42797e-26,REFERENCE_STALE,CANONICAL_GENERATOR
LogGammaHalfDiff,all,8531.6785241728083,4.525756048744068666176552,4.525756048744068676907666,4.52575604874406867690766602335,2.37112e-18,5.15878e-27,REFERENCE_STALE,CANONICAL_GENERATOR
LogGammaHalfDiff,all,35622.478902624424,5.240362564690331917892706,5.240362564690331941134543,5.24036256469033194113454330684,4.43516e-18,5.85537e-26,REFERENCE_STALE,CANONICAL_GENERATOR
LogGammaHalfDiff,all,148735.21072935114,5.954960606978701949557167,5.954960606978701992185951,5.95496060697870199218595076185,7.15853e-18,3.99914e-26,REFERENCE_STALE,CANONICAL_GENERATOR
LogGammaHalfDiff,all,621016.94189156158,6.669556619803447846542648,6.669556619803447873456812,6.66955661980344787345681210969,4.03538e-18,1.64468e-26,REFERENCE_STALE,CANONICAL_GENERATOR
LogGammaHalfDiff,all,2592943.7974046674,7.384152146566253308342185,7.384152146566253302065393,7.38415214656625330206539271804,8.50036e-19,3.81844e-26,REFERENCE_STALE,CANONICAL_GENERATOR
LogGammaHalfDiff,all,10826367.338740544,8.098747556915930139289922,8.098747556915930138450797,8.09874755691593013845079684318,1.03612e-19,1.93633e-26,REFERENCE_STALE,CANONICAL_GENERATOR
LogGammaHalfDiff,all,45203536.563602431,8.813342939384352771541147,8.813342939384352784715806,8.8133429393843527847158058496,1.49485e-18,1.70654e-26,REFERENCE_STALE,CANONICAL_GENERATOR
LogGammaHalfDiff,all,188739182.21350972,9.527938315175140803340708,9.527938315175140775076607,9.52793831517514077507660664131,2.96644e-18,3.76464e-26,REFERENCE_STALE,CANONICAL_GENERATOR
LogGammaHalfDiff,all,788046281.5669912,10.24253368936661757247714,10.24253368936661757729551,10.2425336893666175772955072582,4.70427e-19,2.67685e-25,REFERENCE_STALE,CANONICAL_GENERATOR
LogGammaHalfDiff,all,3290344562.3126683,10.95712906317505503684118,10.95712906317505504765405,10.9571290631750550476540517306,9.86834e-19,1.57943e-25,REFERENCE_STALE,CANONICAL_GENERATOR
LogGammaHalfDiff,all,13738237958.832629,11.67172443689175356806208,11.67172443689175354225147,11.6717244368917535422514724394,2.21138e-18,2.09004e-25,REFERENCE_STALE,CANONICAL_GENERATOR
LogGammaHalfDiff,all,57361525104.48679,12.38631981058648038058627,12.3863198105864804106492,12.3863198105864804106492023897,2.42711e-18,1.92927e-25,REFERENCE_STALE,CANONICAL_GENERATOR
LogGammaHalfDiff,all,239502661998.74854,13.10091518427594490799392,13.10091518427594488885169,13.100915184275944888851690454,1.46114e-18,3.46537e-26,REFERENCE_STALE,CANONICAL_GENERATOR
StudentT_Density,all,0.1;1.0,0.315158303152267991621552,0.3151583031522679912751203,0.315158303152267991275120318994,1.09923e-18,6.0267e-26,REFERENCE_STALE,CANONICAL_GENERATOR
StudentT_Cumulative,all,0.1;1.0,0.5317255174305535695149771,0.5317255174305535712644571,0.531725517430553571264457141409,3.29019e-18,7.78757e-26,REFERENCE_STALE,CANONICAL_GENERATOR
StudentT_Survival,all,0.1;1.0,0.4682744825694464304850229,0.4682744825694464287355429,0.468274482569446428735542858591,3.73601e-18,8.84279e-26,REFERENCE_STALE,CANONICAL_GENERATOR
StudentT_InverseCumulative,all,0.001;1.0,-318.3088389855504459216867,-318.3088389855504392955093,-318.308838985550439295509309833,2.08168e-17,3.08928e-26,REFERENCE_STALE,CANONICAL_GENERATOR
StudentT_InverseCumulative,all,0.05;1.0,-6.313751514675043098979464,-6.313751514675042742663543,-6.31375151467504274266354290147,5.64349e-17,1.56059e-26,REFERENCE_STALE,CANONICAL_GENERATOR
StudentT_InverseCumulative,all,0.95;1.0,6.313751514675043098979464,6.313751514675037397924723,6.31375151467503739792472275197,9.02958e-16,3.92843e-26,REFERENCE_STALE,CANONICAL_GENERATOR
StudentT_InverseCumulative,all,0.999;1.0,318.3088389855504459216867,318.3088389855501632047849,318.308838985550163204784909689,8.88184e-16,3.04395e-26,REFERENCE_STALE,CANONICAL_GENERATOR
StudentT_Density,all,0.1;2.0,0.350918216845073765574011,0.3509182168450737652832666,0.350918216845073765283266612139,8.28525e-19,3.45929e-26,REFERENCE_STALE,CANONICAL_GENERATOR
StudentT_Cumulative,all,0.1;2.0,0.5352672807929299134401881,0.5352672807929299153881755,0.535267280792929915388175526337,3.63928e-18,4.92028e-26,REFERENCE_STALE,CANONICAL_GENERATOR
StudentT_Survival,all,0.1;2.0,0.4647327192070700865598119,0.4647327192070700846118245,0.464732719207070084611824473663,4.19163e-18,5.66705e-26,REFERENCE_STALE,CANONICAL_GENERATOR
StudentT_InverseCumulative,all,0.001;2.0,-22.327124770119875435275,-22.32712477011987520218788,-22.3271247701198752021878834998,1.04396e-17,1.56751e-25,REFERENCE_STALE,CANONICAL_GENERATOR
StudentT_InverseCumulative,all,0.05;2.0,-2.919985580353725686960617,-2.919985580353725592170114,-2.9199855803537255921701138508,3.24627e-17,5.10957e-26,REFERENCE_STALE,CANONICAL_GENERATOR
StudentT_InverseCumulative,all,0.95;2.0,2.919985580353725686960617,2.91998558035372417031256,2.91998558035372417031255995512,5.19403e-16,1.53701e-26,REFERENCE_STALE,CANONICAL_GENERATOR
StudentT_InverseCumulative,all,0.999;2.0,22.327124770119875435275,22.32712477011986549022454,22.3271247701198654902245449633,4.45425e-16,2.223e-25,REFERENCE_STALE,CANONICAL_GENERATOR
StudentT_Density,all,0.1;5.0,0.377338129966431207039436,0.37733812996643120678858,0.377338129966431206788580039088,6.64804e-19,1.03588e-25,REFERENCE_STALE,CANONICAL_GENERATOR
StudentT_Cumulative,all,0.1;5.0,0.5378849294226698127653683,0.5378849294226698148600157,0.537884929422669814860015749624,3.89423e-18,9.2258e-26,REFERENCE_STALE,CANONICAL_GENERATOR
StudentT_Survival,all,0.1;5.0,0.4621150705773301872346317,0.4621150705773301851399843,0.462115070577330185139984250376,4.53274e-18,1.07385e-25,REFERENCE_STALE,CANONICAL_GENERATOR
StudentT_InverseCumulative,all,0.001;5.0,-5.89342953135601012758515,-5.893429531356010100067858,-5.89342953135601010006785821883,4.66915e-18,3.71308e-26,REFERENCE_STALE,CANONICAL_GENERATOR
StudentT_InverseCumulative,all,0.05;5.0,-2.015048373333024237840722,-2.015048373333024194334502,-2.01504837333302419433450212945,2.15907e-17,6.42406e-26,REFERENCE_STALE,CANONICAL_GENERATOR
StudentT_InverseCumulative,all,0.95;5.0,2.015048373333024237840722,2.015048373333023541741204,2.01504837333302354174120364778,3.45451e-16,1.74796e-25,REFERENCE_STALE,CANONICAL_GENERATOR
StudentT_InverseCumulative,all,0.999;5.0,5.89342953135601012758515,5.893429531356008953514033,5.89342953135600895351403282247,1.99217e-16,3.0124e-26,REFERENCE_STALE,CANONICAL_GENERATOR
StudentT_Density,all,0.1;30.0,0.3935936956326792955165036,0.3935936956326792952908075,0.393593695632679295290807458679,5.73424e-19,1.04984e-25,REFERENCE_STALE,CANONICAL_GENERATOR
StudentT_Cumulative,all,0.1;30.0,0.5394951941048644219600775,0.5394951941048644241449614,0.53949519410486442414496140195,4.04987e-18,3.61387e-27,REFERENCE_STALE,CANONICAL_GENERATOR
StudentT_Survival,all,0.1;30.0,0.4605048058951355780399225,0.4605048058951355758550386,0.46050480589513557585503859805,4.74454e-18,4.23375e-27,REFERENCE_STALE,CANONICAL_GENERATOR
StudentT_InverseCumulative,all,0.001;30.0,-3.385184866829305123381785,-3.385184866829305115458422,-3.38518486682930511545842155149,2.3406e-18,1.32491e-25,REFERENCE_STALE,CANONICAL_GENERATOR
StudentT_InverseCumulative,all,0.05;30.0,-1.697260886593957848609253,-1.697260886593957819551342,-1.69726088659395781955134160958,1.71205e-17,2.3003e-25,REFERENCE_STALE,CANONICAL_GENERATOR
StudentT_InverseCumulative,all,0.95;30.0,1.697260886593957848609253,1.697260886593957383682665,1.69726088659395738368266460937,2.73928e-16,2.30154e-25,REFERENCE_STALE,CANONICAL_GENERATOR
StudentT_InverseCumulative,all,0.999;30.0,3.385184866829305123381785,3.385184866829304785318283,3.38518486682930478531828337987,9.98656e-17,1.12216e-25,REFERENCE_STALE,CANONICAL_GENERATOR
StudentT_Density,all,0.1;1000.0,0.3968513474299019842996788,0.3968513474299019840791639,0.396851347429901984079163946976,5.55661e-19,1.18373e-25,REFERENCE_STALE,CANONICAL_GENERATOR
StudentT_Cumulative,all,0.1;1000.0,0.5398178154881979344400066,0.5398178154881979366429742,0.539817815488197936642974153011,4.08095e-18,8.70457e-26,REFERENCE_STALE,CANONICAL_GENERATOR
StudentT_Survival,all,0.1;1000.0,0.4601821845118020655599934,0.4601821845118020633570258,0.460182184511802063357025846989,4.78716e-18,1.02109e-25,REFERENCE_STALE,CANONICAL_GENERATOR
StudentT_InverseCumulative,all,0.001;1000.0,-3.098402163912922912750949,-3.098402163912922906522552,-3.09840216391292290652255239348,2.0102e-18,1.26993e-25,REFERENCE_STALE,CANONICAL_GENERATOR
StudentT_InverseCumulative,all,0.05;1000.0,-1.646378817285464715593215,-1.64637881728546468862007,-1.6463788172854646886200696832,1.63833e-17,1.92422e-25,REFERENCE_STALE,CANONICAL_GENERATOR
StudentT_InverseCumulative,all,0.95;1000.0,1.646378817285464715593215,1.646378817285464284022887,1.64637881728546428402288692035,2.62133e-16,4.83765e-26,REFERENCE_STALE,CANONICAL_GENERATOR
StudentT_InverseCumulative,all,0.999;1000.0,3.098402163912922912750949,3.098402163912922647006007,3.09840216391292264700600729174,8.57684e-17,9.41572e-26,REFERENCE_STALE,CANONICAL_GENERATOR
ChiSquare_InverseCumulative,all,0.001;1.0,0.000001570797149262489879320911,0.000001570797149262489944718514,0.00000157079714926248994471851358619,4.16334e-17,2.6344e-25,REFERENCE_STALE,CANONICAL_GENERATOR
ChiSquare_InverseCumulative,all,0.05;1.0,0.003932140000019522731309468,0.003932140000019523168437354,0.00393214000001952316843735359341,1.11168e-16,1.03402e-25,REFERENCE_STALE,CANONICAL_GENERATOR
ChiSquare_InverseCumulative,all,0.95;1.0,3.841458820694125958361375,3.841458820694124469101699,3.84145882069412446910169941593,3.87681e-16,1.08273e-25,REFERENCE_STALE,CANONICAL_GENERATOR
ChiSquare_InverseCumulative,all,0.999;1.0,10.82756617066273229311292,10.82756617066273064862119,10.8275661706627306486211908587,1.5188e-16,7.9311e-26,REFERENCE_STALE,CANONICAL_GENERATOR
ChiSquare_InverseCumulative,all,0.001;2.0,0.002001000667167067000285965,0.002001000667167067041961003,0.00200100066716706704196100297004,2.08271e-17,1.49715e-26,REFERENCE_STALE,CANONICAL_GENERATOR
ChiSquare_InverseCumulative,all,0.05;2.0,0.1025865887751010668523923,0.1025865887751010726956714,0.102586588775101072695671365484,5.69595e-17,3.36458e-25,REFERENCE_STALE,CANONICAL_GENERATOR
ChiSquare_InverseCumulative,all,0.95;2.0,5.991464547107981986870447,5.991464547107980210513608,5.99146454710798021051360775204,2.96481e-16,4.13863e-26,REFERENCE_STALE,CANONICAL_GENERATOR
ChiSquare_InverseCumulative,all,0.999;2.0,13.81551055796427410410795,13.81551055796427232775111,13.8155105579642723277511093279,1.28577e-16,4.86514e-26,REFERENCE_STALE,CANONICAL_GENERATOR
ChiSquare_InverseCumulative,all,0.001;5.0,0.2102126026292191638645964,0.2102126026292191656687838,0.210212602629219165668783820191,8.58268e-18,9.60523e-26,REFERENCE_STALE,CANONICAL_GENERATOR
ChiSquare_InverseCumulative,all,0.05;5.0,1.145476226061769249946807,1.145476226061769280133762,1.14547622606176928013376190883,2.63532e-17,7.9589e-26,REFERENCE_STALE,CANONICAL_GENERATOR
ChiSquare_InverseCumulative,all,0.95;5.0,11.07049769351635417816027,11.07049769351635188011425,11.0704976935163518801142509649,2.07583e-16,8.7157e-26,REFERENCE_STALE,CANONICAL_GENERATOR
ChiSquare_InverseCumulative,all,0.999;5.0,20.51500565243287843253649,20.5150056524328763842966,20.5150056524328763842965982827,9.98411e-17,8.37097e-26,REFERENCE_STALE,CANONICAL_GENERATOR
ChiSquare_InverseCumulative,all,0.001;30.0,11.58795104564505600126919,11.58795104564505602607014,11.5879510456450560260701406389,2.14024e-18,5.51388e-26,REFERENCE_STALE,CANONICAL_GENERATOR
ChiSquare_InverseCumulative,all,0.05;30.0,18.4926609819534678596731,18.4926609819534680099344,18.4926609819534680099343961199,8.12546e-18,2.09818e-25,REFERENCE_STALE,CANONICAL_GENERATOR
ChiSquare_InverseCumulative,all,0.95;30.0,43.7729718257421879646206,43.77297182574218368284295,43.7729718257421836828429451867,9.78178e-17,1.09961e-25,REFERENCE_STALE,CANONICAL_GENERATOR
ChiSquare_InverseCumulative,all,0.999;30.0,59.70306430442993085328176,59.70306430442992765614301,59.7030643044299276561430128488,5.35507e-17,4.77163e-26,REFERENCE_STALE,CANONICAL_GENERATOR
ChiSquare_InverseCumulative,all,0.001;100.0,61.91793920693662312869567,61.91793920693662319183756,61.9179392069366231918375642151,1.01977e-18,6.80758e-26,REFERENCE_STALE,CANONICAL_GENERATOR
ChiSquare_InverseCumulative,all,0.05;100.0,77.92946516501725948411672,77.92946516501725980603093,77.9294651650172598060309287102,4.13084e-18,1.65506e-26,REFERENCE_STALE,CANONICAL_GENERATOR
ChiSquare_InverseCumulative,all,0.95;100.0,124.342113404004081725478,124.342113404004074689447,124.342113404004074689447027068,5.65861e-17,2.17687e-25,REFERENCE_STALE,CANONICAL_GENERATOR
ChiSquare_InverseCumulative,all,0.999;100.0,149.4492527790387112312311,149.4492527790387063738282,149.449252779038706373828236527,3.2502e-17,2.44409e-25,REFERENCE_STALE,CANONICAL_GENERATOR
F_InverseCumulative,validated,0.05;1.0;1.0,0.006193958657108194003217459,0.006193958657108194693721092,0.00619395865710819469372109211481,1.1148e-16,1.85351e-26,REFERENCE_STALE,CANONICAL_GENERATOR
F_InverseCumulative,validated,0.95;1.0;1.0,161.4476387975884956973943,161.4476387975882077260021,161.447638797588207726002136238,1.78368e-15,2.24456e-25,REFERENCE_STALE,CANONICAL_GENERATOR
F_InverseCumulative,validated,0.05;5.0;2.0,0.1728269375857905076086997,0.1728269375857905131042995,0.172826937585790513104299531776,3.17983e-17,1.83858e-25,REFERENCE_STALE,CANONICAL_GENERATOR
F_InverseCumulative,validated,0.95;5.0;2.0,19.29640965201725099865252,19.29640965201723323181239,19.2964096520172332318123939903,9.20733e-16,2.06787e-25,REFERENCE_STALE,CANONICAL_GENERATOR
F_InverseCumulative,validated,0.05;10.0;30.0,0.3704319398594766483552053,0.3704319398594766546783616,0.370431939859476654678361630617,1.70697e-17,8.26514e-26,REFERENCE_STALE,CANONICAL_GENERATOR
F_InverseCumulative,validated,0.95;10.0;30.0,2.164579917125474102865166,2.164579917125473660906234,2.16457991712547366090623350371,2.04178e-16,2.29278e-25,REFERENCE_STALE,CANONICAL_GENERATOR
F_InverseCumulative,validated,0.05;100.0;100.0,0.7185355690452617574297543,0.7185355690452617613331586,0.718535569045261761333158643622,5.43244e-18,6.07102e-26,REFERENCE_STALE,CANONICAL_GENERATOR
F_InverseCumulative,validated,0.95;100.0;100.0,1.391719551655219906368665,1.391719551655219785401644,1.39171955165521978540164374406,8.69191e-17,1.83899e-25,REFERENCE_STALE,CANONICAL_GENERATOR
Gamma_InverseCumulative,all,0.95;3.0;2.0,12.59158724374397948356944,12.59158724374397705328181,12.5915872437439770532818142344,1.93009e-16,3.36284e-25,REFERENCE_STALE,CANONICAL_GENERATOR
Beta_Density,balanced,0.3;2.0;5.0,2.1609,2.160900000000000057120975,2.16090000000000005712097461696,2.64339e-17,1.77257e-25,REFERENCE_STALE,CANONICAL_GENERATOR
Beta_Cumulative,balanced,0.3;2.0;5.0,0.579825,0.5798249999999999760091907,0.579824999999999976009190660875,4.13759e-17,6.74773e-26,REFERENCE_STALE,CANONICAL_GENERATOR
Beta_Survival,balanced,0.3;2.0;5.0,0.420175,0.4201750000000000239908093,0.420175000000000023990809339125,5.70972e-17,9.3116e-26,REFERENCE_STALE,CANONICAL_GENERATOR
Beta_Density,balanced,0.8;5.0;1.0,2.048,2.048000000000000454747351,2.04800000000000045474735088646,2.22045e-16,5.54374e-26,REFERENCE_STALE,CANONICAL_GENERATOR
Beta_Cumulative,balanced,0.8;5.0;1.0,0.32768,0.3276800000000000909494702,0.327680000000000090949470177293,2.77556e-16,6.92968e-26,REFERENCE_STALE,CANONICAL_GENERATOR
Beta_Survival,balanced,0.8;5.0;1.0,0.67232,0.6723199999999999090505298,0.672319999999999909050529822707,1.35277e-16,3.37743e-26,REFERENCE_STALE,CANONICAL_GENERATOR
Beta_InverseCumulative,balanced,0.95;2.0;5.0,0.5818034092520259146006248,0.581803409252025831414527,0.581803409252025831414526996692,1.4298e-16,5.68655e-27,REFERENCE_STALE,CANONICAL_GENERATOR
Binomial_PMF,all,0.0;20.0;0.02,0.6676079717550944929176811,0.66760797175509448724528,0.667607971755094487245280025078,8.4966e-18,3.75634e-26,REFERENCE_STALE,CANONICAL_GENERATOR
Binomial_LogPMF,all,0.0;20.0;0.02,-0.404054146350388968160906,-0.4040541463503889766575108,-0.404054146350388976657510800778,2.10284e-17,1.92651e-27,REFERENCE_STALE,CANONICAL_GENERATOR
Binomial_Cumulative,all,0.0;20.0;0.02,0.6676079717550944929176811,0.66760797175509448724528,0.667607971755094487245280025078,8.4966e-18,3.75634e-26,REFERENCE_STALE,CANONICAL_GENERATOR
Binomial_Survival,all,0.0;20.0;0.02,0.3323920282449055070823189,0.33239202824490551275472,0.332392028244905512754719974922,1.70654e-17,7.54459e-26,REFERENCE_STALE,CANONICAL_GENERATOR
Binomial_PMF,all,2.0;20.0;0.02,0.05283028514513450797765906,0.05283028514513450977317128,0.0528302851451345097731712764402,3.39864e-17,6.73813e-26,REFERENCE_STALE,CANONICAL_GENERATOR
Binomial_LogPMF,all,2.0;20.0;0.02,-2.940670670411156044555298,-2.940670670411156010568879,-2.94067067041115601056887898651,1.15574e-17,4.58872e-27,REFERENCE_STALE,CANONICAL_GENERATOR
Binomial_Cumulative,all,2.0;20.0;0.02,0.992931306596185936780108,0.9929313065961859363761177,0.992931306596185936376117724179,4.06866e-19,2.43513e-26,REFERENCE_STALE,CANONICAL_GENERATOR
Binomial_Survival,all,2.0;20.0;0.02,0.007068693403814063219892028,0.007068693403814063623882276,0.00706869340381406362388227582081,5.7152e-17,2.53496e-26,REFERENCE_STALE,CANONICAL_GENERATOR
Binomial_Mean,all,20.0;0.02,0.4,0.4000000000000000083266727,0.400000000000000008326672684689,2.08167e-17,3.82783e-26,REFERENCE_STALE,CANONICAL_GENERATOR
Binomial_Variance,all,20.0;0.02,0.392,0.3920000000000000079936058,0.392000000000000007993605777301,2.03919e-17,5.79053e-26,REFERENCE_STALE,CANONICAL_GENERATOR
Binomial_StdDev,all,20.0;0.02,0.6260990336999411149945686,0.6260990336999411213782279,0.626099033699941121378227878452,1.01959e-17,3.44162e-26,REFERENCE_STALE,CANONICAL_GENERATOR
Binomial_Cumulative,all,18.0;20.0;0.9,0.60825300187483229419,0.6082530018748321675447248,0.608253001874832167544724815622,2.08212e-16,2.56841e-26,REFERENCE_STALE,CANONICAL_GENERATOR
Binomial_Survival,all,18.0;20.0;0.9,0.39174699812516770581,0.3917469981251678324552752,0.391746998125167832455275184378,3.23283e-16,3.98789e-26,REFERENCE_STALE,CANONICAL_GENERATOR
Binomial_PMF,all,20.0;20.0;0.9,0.12157665459056928801,0.1215766545905693479998672,0.1215766545905693479998671926,4.93432e-16,6.08677e-26,REFERENCE_STALE,CANONICAL_GENERATOR
Binomial_LogPMF,all,20.0;20.0;0.9,-2.10721031315652602455002,-2.107210313156525531117564,-2.10721031315652553111756422783,2.34164e-16,1.08118e-25,REFERENCE_STALE,CANONICAL_GENERATOR
Binomial_Mean,all,20.0;0.9,18.0,18.00000000000000044408921,18.0000000000000004440892098501,2.46716e-17,8.32985e-27,REFERENCE_STALE,CANONICAL_GENERATOR
Binomial_Variance,all,20.0;0.9,1.8,1.799999999999999644728632,1.79999999999999964472863211995,1.97373e-16,6.66388e-26,REFERENCE_STALE,CANONICAL_GENERATOR
Binomial_StdDev,all,20.0;0.9,1.341640786499873817845504,1.341640786499873685443683,1.34164078649987368544368269472,9.86865e-17,2.27544e-25,REFERENCE_STALE,CANONICAL_GENERATOR
Binomial_Cumulative,all,20.0;1000.0;0.02,0.5590956057638878875133202,0.55909560576388785015276,0.559095605763887850152760048678,6.68232e-17,8.70654e-26,REFERENCE_STALE,CANONICAL_GENERATOR
Binomial_Survival,all,20.0;1000.0;0.02,0.4409043942361121124866798,0.44090439423611214984724,0.440904394236112149847239951322,8.47362e-17,1.10405e-25,REFERENCE_STALE,CANONICAL_GENERATOR
Binomial_PMF,all,33.0;1000.0;0.02,0.00190145718737950956872191,0.001901457187379510093789642,0.0019014571873795100937896422809,2.7614e-16,1.47731e-25,REFERENCE_STALE,CANONICAL_GENERATOR
Binomial_LogPMF,all,33.0;1000.0;0.02,-6.265134746032438672302392,-6.265134746032438396162736,-6.26513474603243839616273629953,4.40756e-17,4.78087e-26,REFERENCE_STALE,CANONICAL_GENERATOR
Binomial_Cumulative,all,33.0;1000.0;0.02,0.9975697743962454243291815,0.9975697743962454235480423,0.997569774396245423548042258255,7.83042e-19,4.1847e-26,REFERENCE_STALE,CANONICAL_GENERATOR
Binomial_Survival,all,33.0;1000.0;0.02,0.002430225603754575670818515,0.002430225603754576451957742,0.00243022560375457645195774174528,3.21427e-16,1.04815e-25,REFERENCE_STALE,CANONICAL_GENERATOR
Binomial_Mean,all,1000.0;0.02,20.0,20.00000000000000041633363,20.0000000000000004163336342344,2.08167e-17,2.11722e-25,REFERENCE_STALE,CANONICAL_GENERATOR
Binomial_Variance,all,1000.0;0.02,19.6,19.60000000000000039968029,19.6000000000000003996802888651,2.03919e-17,5.79053e-26,REFERENCE_STALE,CANONICAL_GENERATOR
Binomial_StdDev,all,1000.0;0.02,4.427188724235731064798451,4.427188724235731109937738,4.42718872423573110993773841533,1.01959e-17,9.38146e-26,REFERENCE_STALE,CANONICAL_GENERATOR
Binomial_Cumulative,all,900.0;1000.0;0.9,0.5154177095659203077599303,0.5154177095659193747997576,0.515417709565919374799757648189,1.8101e-15,9.34954e-26,REFERENCE_STALE,CANONICAL_GENERATOR
Binomial_Survival,all,900.0;1000.0;0.9,0.4845822904340796922400697,0.4845822904340806252002424,0.484582290434080625200242351811,1.92529e-15,9.94448e-26,REFERENCE_STALE,CANONICAL_GENERATOR
Binomial_PMF,all,928.0;1000.0;0.9,0.0004097806572471383473597794,0.0004097806572471411781468417,0.000409780657247141178146841714776,6.90805e-15,3.60588e-26,REFERENCE_STALE,CANONICAL_GENERATOR
Binomial_LogPMF,all,928.0;1000.0;0.9,-7.799888523744075838466392,-7.799888523744068930412017,-7.79988852374406893041201678074,8.85661e-16,2.81104e-26,REFERENCE_STALE,CANONICAL_GENERATOR
Binomial_Cumulative,all,928.0;1000.0;0.9,0.9991396722260122507098764,0.9991396722260122441586263,0.99913967222601224415862634279,6.55689e-18,4.28264e-26,REFERENCE_STALE,CANONICAL_GENERATOR
Binomial_Survival,all,928.0;1000.0;0.9,0.0008603277739877492901235988,0.0008603277739877558413736572,0.00086032777398775584137365721047,7.61483e-15,1.21695e-26,REFERENCE_STALE,CANONICAL_GENERATOR
Binomial_Mean,all,1000.0;0.9,900.0,900.0000000000000222044605,900.000000000000022204460492503,2.46716e-17,8.32985e-27,REFERENCE_STALE,CANONICAL_GENERATOR
Binomial_Variance,all,1000.0;0.9,90.0,89.99999999999998223643161,89.9999999999999822364316059975,1.97373e-16,4.44723e-26,REFERENCE_STALE,CANONICAL_GENERATOR
Binomial_StdDev,all,1000.0;0.9,9.486832980505137995996681,9.486832980505137059774422,9.48683298050513705977442234618,9.86865e-17,3.64903e-26,REFERENCE_STALE,CANONICAL_GENERATOR
Binomial_Cumulative,all,2000.0;100000.0;0.02,0.5059470038538709616970329,0.5059470038538705865466235,0.50594700385387058654662350942,7.41482e-16,1.8618e-26,REFERENCE_STALE,CANONICAL_GENERATOR
Binomial_Survival,all,2000.0;100000.0;0.02,0.4940529961461290383029671,0.4940529961461294134533765,0.49405299614612941345337649058,7.59332e-16,1.90662e-26,REFERENCE_STALE,CANONICAL_GENERATOR
Binomial_PMF,all,2132.0;100000.0;0.02,0.0001124773557459393783387097,0.0001124773557459396937116704,0.000112477355745939693711670377575,2.80388e-15,1.99371e-25,REFERENCE_STALE,CANONICAL_GENERATOR
Binomial_LogPMF,all,2132.0;100000.0;0.02,-9.092758638838108372007706,-9.092758638838105568128129,-9.09275863883810556812812850563,3.08364e-16,5.43692e-26,REFERENCE_STALE,CANONICAL_GENERATOR
Binomial_Cumulative,all,2132.0;100000.0;0.02,0.9984862801852507882002842,0.998486280185250783523781,0.998486280185250783523781013262,4.68359e-18,1.32824e-26,REFERENCE_STALE,CANONICAL_GENERATOR
Binomial_Survival,all,2132.0;100000.0;0.02,0.001513719814749211799715817,0.001513719814749216476218987,0.00151371981474921647621898673772,3.08941e-15,1.73267e-25,REFERENCE_STALE,CANONICAL_GENERATOR
Binomial_Mean,all,100000.0;0.02,2000.0,2000.000000000000041633363,2000.00000000000004163336342344,2.08167e-17,2.11722e-25,REFERENCE_STALE,CANONICAL_GENERATOR
Binomial_Variance,all,100000.0;0.02,1960.0,1960.000000000000039968029,1960.00000000000003996802888651,2.03919e-17,5.79053e-26,REFERENCE_STALE,CANONICAL_GENERATOR
Binomial_StdDev,all,100000.0;0.02,44.27188724235731064798451,44.27188724235731109937738,44.2718872423573110993773841533,1.01959e-17,9.38146e-26,REFERENCE_STALE,CANONICAL_GENERATOR
Binomial_Cumulative,all,90000.0;100000.0;0.9,0.501541912900677626391718,0.5015419129006682890043274,0.501541912900668289004327378927,1.86174e-14,4.20166e-26,REFERENCE_STALE,CANONICAL_GENERATOR
Binomial_Survival,all,90000.0;100000.0;0.9,0.498458087099322373608282,0.4984580870993317109956726,0.498458087099331710995672621073,1.87325e-14,4.22765e-26,REFERENCE_STALE,CANONICAL_GENERATOR
Binomial_PMF,all,90284.0;100000.0;0.9,0.00004642121914867312360409159,0.00004642121914867637621862442,0.0000464212191486763762186244182891,7.00674e-14,3.68562e-26,REFERENCE_STALE,CANONICAL_GENERATOR
Binomial_LogPMF,all,90284.0;100000.0;0.9,-9.977753894027421130799901,-9.977753894027351063391236,-9.97775389402735106339123572886,7.02236e-15,2.71746e-26,REFERENCE_STALE,CANONICAL_GENERATOR
Binomial_Cumulative,all,90284.0;100000.0;0.9,0.998694953419304203050726,0.9986949534193041029022665,0.998694953419304102902266457071,1.00279e-16,4.29849e-26,REFERENCE_STALE,CANONICAL_GENERATOR
Binomial_Survival,all,90284.0;100000.0;0.9,0.001305046580695796949273962,0.001305046580695897097733543,0.0013050465806958970977335429288,7.67394e-14,5.4557e-26,REFERENCE_STALE,CANONICAL_GENERATOR
Binomial_Mean,all,100000.0;0.9,90000.0,90000.00000000000222044605,90000.0000000000022204460492503,2.46716e-17,8.32985e-27,REFERENCE_STALE,CANONICAL_GENERATOR
Binomial_Variance,all,100000.0;0.9,9000.0,8999.999999999998223643161,8999.99999999999822364316059975,1.97373e-16,4.44723e-26,REFERENCE_STALE,CANONICAL_GENERATOR
Binomial_StdDev,all,100000.0;0.9,94.86832980505137995996681,94.86832980505137059774422,94.8683298050513705977442234618,9.86865e-17,3.64903e-26,REFERENCE_STALE,CANONICAL_GENERATOR
Binomial_Cumulative,all,20000.0;1000000.0;0.02,0.5018807158778263746137582,0.5018807158778251882394931,0.501880715877825188239493115594,2.36386e-15,3.10712e-26,REFERENCE_STALE,CANONICAL_GENERATOR
Binomial_Survival,all,20000.0;1000000.0;0.02,0.4981192841221736253862418,0.4981192841221748117605069,0.498119284122174811760506884406,2.38171e-15,3.13058e-26,REFERENCE_STALE,CANONICAL_GENERATOR
Binomial_PMF,all,20420.0;1000000.0;0.02,0.00003230705457806175710408635,0.00003230705457806204532937444,0.000032307054578062045329374436749,8.92144e-15,1.00629e-25,REFERENCE_STALE,CANONICAL_GENERATOR
Binomial_LogPMF,all,20420.0;1000000.0;0.02,-10.34022494359368784150038,-10.34022494359367892006536,-10.3402249435936789200653648341,8.62789e-16,4.67501e-25,REFERENCE_STALE,CANONICAL_GENERATOR
Binomial_Cumulative,all,20420.0;1000000.0;0.02,0.9986254780083409502343049,0.998625478008340936789556,0.99862547800834093678955597364,1.34633e-17,2.63962e-26,REFERENCE_STALE,CANONICAL_GENERATOR
Binomial_Survival,all,20420.0;1000000.0;0.02,0.001374521991659049765695088,0.001374521991659063210444026,0.00137452199165906321044402635994,9.7814e-15,2.61867e-25,REFERENCE_STALE,CANONICAL_GENERATOR
Binomial_Mean,all,1000000.0;0.02,20000.0,20000.00000000000041633363,20000.0000000000004163336342344,2.08167e-17,2.11722e-25,REFERENCE_STALE,CANONICAL_GENERATOR
Binomial_Variance,all,1000000.0;0.02,19600.0,19600.00000000000039968029,19600.0000000000003996802888651,2.03919e-17,5.79053e-26,REFERENCE_STALE,CANONICAL_GENERATOR
Binomial_StdDev,all,1000000.0;0.02,140.0,140.0000000000000014274296,140.000000000000001427429603089,1.01959e-17,2.20678e-26,REFERENCE_STALE,CANONICAL_GENERATOR
Binomial_Cumulative,all,900000.0;1000000.0;0.9,0.5004875960756433485218727,0.500487596075613820886406,0.500487596075613820886405952003,5.89977e-14,9.59012e-26,REFERENCE_STALE,CANONICAL_GENERATOR
Binomial_Survival,all,900000.0;1000000.0;0.9,0.4995124039243566514781273,0.499512403924386179113594,0.499512403924386179113594047997,5.91129e-14,9.60884e-26,REFERENCE_STALE,CANONICAL_GENERATOR
Binomial_PMF,all,900900.0;1000000.0;0.9,0.00001465459993933236625496909,0.00001465459993933562022982296,0.00001465459993933562022982295796,2.22045e-13,1.39202e-25,REFERENCE_STALE,CANONICAL_GENERATOR
Binomial_LogPMF,all,900900.0;1000000.0;0.9,-11.13075628275251196223158,-11.13075628275228991762666,-11.1307562827522899176266586064,1.99487e-14,1.25207e-25,REFERENCE_STALE,CANONICAL_GENERATOR
Binomial_Cumulative,all,900900.0;1000000.0;0.9,0.998673149751608576748985,0.998673149751608254280077,0.998673149751608254280076984758,3.22897e-16,1.52625e-26,REFERENCE_STALE,CANONICAL_GENERATOR
Binomial_Survival,all,900900.0;1000000.0;0.9,0.001326850248391423251014997,0.001326850248391745719923015,0.00132685024839174571992301524229,2.43033e-13,1.82603e-25,REFERENCE_STALE,CANONICAL_GENERATOR
Binomial_Mean,all,1000000.0;0.9,900000.0,900000.0000000000222044605,900000.000000000022204460492503,2.46716e-17,8.32985e-27,REFERENCE_STALE,CANONICAL_GENERATOR
Binomial_Variance,all,1000000.0;0.9,90000.0,89999.99999999998223643161,89999.9999999999822364316059975,1.97373e-16,4.44723e-26,REFERENCE_STALE,CANONICAL_GENERATOR
Binomial_StdDev,all,1000000.0;0.9,300.0,299.9999999999999703940527,299.999999999999970394052676662,9.86865e-17,7.77917e-26,REFERENCE_STALE,CANONICAL_GENERATOR
Binomial_Cumulative,all,200000.0;10000000.0;0.02,0.5005947380002256360877198,0.5005947380002218844288102,0.500594738000221884428810203063,7.4944e-15,6.11907e-27,REFERENCE_STALE,CANONICAL_GENERATOR
Binomial_Survival,all,200000.0;10000000.0;0.02,0.4994052619997743639122802,0.4994052619997781155711898,0.499405261999778115571189796937,7.51225e-15,6.13364e-27,REFERENCE_STALE,CANONICAL_GENERATOR
Binomial_PMF,all,201328.0;10000000.0;0.02,0.00001008630701993092693940064,0.00001008630701993121146129059,0.000010086307019931211461290586227,2.82087e-14,3.7407e-25,REFERENCE_STALE,CANONICAL_GENERATOR
Binomial_LogPMF,all,201328.0;10000000.0;0.02,-11.50433179456572442692761,-11.50433179456569621819974,-11.5043317945656962181997382647,2.45201e-15,1.50836e-25,REFERENCE_STALE,CANONICAL_GENERATOR
Binomial_Cumulative,all,201328.0;10000000.0;0.02,0.9986407269801353329864546,0.9986407269801352909994565,0.998640726980135290999456479067,4.20441e-17,2.09612e-26,REFERENCE_STALE,CANONICAL_GENERATOR
Binomial_Survival,all,201328.0;10000000.0;0.02,0.001359273019864667013545383,0.001359273019864709000543521,0.00135927301986470900054352093272,3.08893e-14,4.94947e-26,REFERENCE_STALE,CANONICAL_GENERATOR
Binomial_Mean,all,10000000.0;0.02,200000.0,200000.0000000000041633363,200000.000000000004163336342344,2.08167e-17,2.11722e-25,REFERENCE_STALE,CANONICAL_GENERATOR
Binomial_Variance,all,10000000.0;0.02,196000.0,196000.0000000000039968029,196000.000000000003996802888651,2.03919e-17,5.79053e-26,REFERENCE_STALE,CANONICAL_GENERATOR
Binomial_StdDev,all,10000000.0;0.02,442.7188724235731064798451,442.7188724235731109937738,442.718872423573110993773841533,1.01959e-17,9.38146e-26,REFERENCE_STALE,CANONICAL_GENERATOR
Binomial_Cumulative,all,9000000.0;10000000.0;0.9,0.5001541914304830500066648,0.5001541914303896753538616,0.500154191430389675353861610242,1.86692e-13,2.04779e-26,REFERENCE_STALE,CANONICAL_GENERATOR
Binomial_Survival,all,9000000.0;10000000.0;0.9,0.4998458085695169499933352,0.4998458085696103246461384,0.499845808569610324646138389758,1.86807e-13,2.04906e-26,REFERENCE_STALE,CANONICAL_GENERATOR
Binomial_PMF,all,9002846.0;10000000.0;0.9,0.000004660494796301509474246096,0.000004660494796304781861099015,0.00000466049479630478186109901535193,7.02154e-13,7.55135e-26,REFERENCE_STALE,CANONICAL_GENERATOR
Binomial_LogPMF,all,9002846.0;10000000.0;0.9,-12.27638893599951664019466,-12.27638893599881448581064,-12.2763889359988144858106417589,5.71955e-14,1.43279e-25,REFERENCE_STALE,CANONICAL_GENERATOR
Binomial_Cumulative,all,9002846.0;10000000.0;0.9,0.9986571790009817127250389,0.9986571790009806808324613,0.998657179000980680832461290715,1.03328e-15,9.29766e-27,REFERENCE_STALE,CANONICAL_GENERATOR
Binomial_Survival,all,9002846.0;10000000.0;0.9,0.001342820999018287274961077,0.001342820999019319167538709,0.00134282099901931916753870928517,7.68451e-13,2.12369e-25,REFERENCE_STALE,CANONICAL_GENERATOR
Binomial_Mean,all,10000000.0;0.9,9000000.0,9000000.000000000222044605,9000000.00000000022204460492503,2.46716e-17,8.32985e-27,REFERENCE_STALE,CANONICAL_GENERATOR
Binomial_Variance,all,10000000.0;0.9,900000.0,899999.9999999998223643161,899999.999999999822364316059975,1.97373e-16,4.44723e-26,REFERENCE_STALE,CANONICAL_GENERATOR
Binomial_StdDev,all,10000000.0;0.9,948.6832980505137995996681,948.6832980505137059774422,948.683298050513705977442234618,9.86865e-17,3.64903e-26,REFERENCE_STALE,CANONICAL_GENERATOR
Geometric_PMF,all,0.0;0.05,0.05,0.05000000000000000277555756,0.0500000000000000027755575615629,5.55112e-17,3.12578e-26,REFERENCE_STALE,CANONICAL_GENERATOR
Geometric_LogPMF,all,0.0;0.05,-2.995732273553990993435224,-2.995732273553990937924072,-2.99573227355399093792407234488,1.85301e-17,1.15125e-25,REFERENCE_STALE,CANONICAL_GENERATOR
Geometric_Cumulative,all,0.0;0.05,0.05,0.05000000000000000277555756,0.0500000000000000027755575615629,5.55112e-17,3.12578e-26,REFERENCE_STALE,CANONICAL_GENERATOR
Geometric_Survival,all,0.0;0.05,0.95,0.9499999999999999972244424,0.949999999999999997224442438437,2.92164e-18,4.04601e-26,REFERENCE_STALE,CANONICAL_GENERATOR
Geometric_PMF,all,18.0;0.05,0.01986071592291092711121387,0.01986071592291092716923973,0.0198607159229109271692397277199,2.92164e-18,1.14803e-25,REFERENCE_STALE,CANONICAL_GENERATOR
Geometric_LogPMF,all,18.0;0.05,-3.919011572529900595106754,-3.919011572529900592185115,-3.91901157252990059218511463424,7.45504e-19,9.33297e-26,REFERENCE_STALE,CANONICAL_GENERATOR
Geometric_Cumulative,all,18.0;0.05,0.6226463974646923848869364,0.6226463974646924058342693,0.622646397464692405834269276476,3.36424e-17,3.778e-26,REFERENCE_STALE,CANONICAL_GENERATOR
Geometric_Survival,all,18.0;0.05,0.3773536025353076151130636,0.3773536025353075941657307,0.377353602535307594165730723524,5.55112e-17,6.23383e-26,REFERENCE_STALE,CANONICAL_GENERATOR
Geometric_PMF,all,61.0;0.05,0.0021883154518802236004091,0.002188315451880223331883405,0.00218831545188022333188340454684,1.22709e-16,2.07081e-25,REFERENCE_STALE,CANONICAL_GENERATOR
Geometric_LogPMF,all,61.0;0.05,-6.124623231194573532433188,-6.124623231194573655142049,-6.12462323119457365514204899214,2.00353e-17,1.28283e-27,REFERENCE_STALE,CANONICAL_GENERATOR
Geometric_Cumulative,all,61.0;0.05,0.9584220064142757515922271,0.9584220064142757591237335,0.95842200641427575912373351343,7.85824e-18,1.40131e-26,REFERENCE_STALE,CANONICAL_GENERATOR
Geometric_Survival,all,61.0;0.05,0.04157799358572424840777291,0.04157799358572424087626649,0.0415779935857242408762664865696,1.81142e-16,8.25062e-26,REFERENCE_STALE,CANONICAL_GENERATOR
Geometric_Mean,all,0.05,19.0,18.99999999999999888977698,18.9999999999999988897769753748,5.84328e-17,2.43429e-25,REFERENCE_STALE,CANONICAL_GENERATOR
Geometric_Variance,all,0.05,380.0,379.999999999999956701302,379.999999999999956701302039619,1.13944e-16,1.0426e-25,REFERENCE_STALE,CANONICAL_GENERATOR
Geometric_StdDev,all,0.05,19.49358868961792781367683,19.49358868961792670308866,19.4935886896179267030886568792,5.6972e-17,1.60095e-25,REFERENCE_STALE,CANONICAL_GENERATOR
Geometric_PMF,all,0.0;0.001,0.001,0.001000000000000000020816682,0.00100000000000000002081668171172,2.08167e-17,2.88278e-25,REFERENCE_STALE,CANONICAL_GENERATOR
Geometric_LogPMF,all,0.0;0.001,-6.907755278982137052053974,-6.907755278982137031237293,-6.90775527898213703123729265233,3.01352e-18,5.03302e-26,REFERENCE_STALE,CANONICAL_GENERATOR
Geometric_Cumulative,all,0.0;0.001,0.001,0.001000000000000000020816682,0.00100000000000000002081668171172,2.08167e-17,2.88278e-25,REFERENCE_STALE,CANONICAL_GENERATOR
Geometric_Survival,all,0.0;0.001,0.999,0.9989999999999999999791833,0.998999999999999999979183318288,2.08375e-20,1.83066e-26,REFERENCE_STALE,CANONICAL_GENERATOR
Geometric_PMF,all,998.0;0.001,0.0003684319201794026705652661,0.0003684319201794026705729433,0.000368431920179402670572943313389,2.08375e-20,3.63397e-26,REFERENCE_STALE,CANONICAL_GENERATOR
Geometric_LogPMF,all,998.0;0.001,-7.906254611898503485196671,-7.906254611898503485175833,-7.90625461189850348517583313438,2.63562e-21,1.6997e-26,REFERENCE_STALE,CANONICAL_GENERATOR
Geometric_Cumulative,all,998.0;0.001,0.6319365117407767321052992,0.6319365117407767397671596,0.631936511740776739767159644738,1.21244e-17,7.07947e-26,REFERENCE_STALE,CANONICAL_GENERATOR
Geometric_Survival,all,998.0;0.001,0.3680634882592232678947008,0.3680634882592232602328404,0.368063488259223260232840355262,2.08167e-17,1.21549e-25,REFERENCE_STALE,CANONICAL_GENERATOR
Geometric_PMF,all,3001.0;0.001,0.00004966268160403825808824026,0.0000496626816040382560164764,0.0000496626816040382560164764008033,4.17167e-17,1.61747e-26,REFERENCE_STALE,CANONICAL_GENERATOR
Geometric_LogPMF,all,3001.0;0.001,-9.910256780066321085983064,-9.910256780066321127699778,-9.91025678006632112769977760888,4.20945e-18,3.94662e-26,REFERENCE_STALE,CANONICAL_GENERATOR
Geometric_Cumulative,all,3001.0;0.001,0.950386981077565780169848,0.9503869810775657832733523,0.950386981077565783273352311499,3.26552e-18,1.20997e-26,REFERENCE_STALE,CANONICAL_GENERATOR
Geometric_Survival,all,3001.0;0.001,0.04961301892243421983015202,0.04961301892243421672664769,0.0496130189224342167266476885006,6.25542e-17,3.02212e-26,REFERENCE_STALE,CANONICAL_GENERATOR
Geometric_Mean,all,0.001,999.0,998.9999999999999791833183,998.999999999999979183318288278,2.08375e-17,1.17334e-26,REFERENCE_STALE,CANONICAL_GENERATOR
Geometric_Variance,all,0.001,999000.0,998999.9999999999583874533,998999.999999999958387453258268,4.16542e-17,4.17734e-26,REFERENCE_STALE,CANONICAL_GENERATOR
Geometric_StdDev,all,0.001,999.4998749374609101357261,999.4998749374608893190417,999.499874937460889319041744704,2.08271e-17,4.47267e-26,REFERENCE_STALE,CANONICAL_GENERATOR
Geometric_PMF,all,0.0;1.0e-6,0.000001,0.0000009999999999999999547481118,0.000000999999999999999954748111825886,4.52519e-17,2.58863e-26,REFERENCE_STALE,CANONICAL_GENERATOR
Geometric_LogPMF,all,0.0;1.0e-6,-13.81551055796427410410795,-13.81551055796427414935984,-13.8155105579642741493598369022,3.27544e-18,2.24225e-25,REFERENCE_STALE,CANONICAL_GENERATOR
Geometric_Cumulative,all,0.0;1.0e-6,0.000001,0.0000009999999999999999547481118,0.000000999999999999999954748111825886,4.52519e-17,2.58863e-26,REFERENCE_STALE,CANONICAL_GENERATOR
Geometric_Survival,all,0.0;1.0e-6,0.999999,0.9999990000000000000000453,0.999999000000000000000045251888,4.52519e-23,4.81119e-26,REFERENCE_STALE,CANONICAL_GENERATOR
Geometric_Cumulative,all,999999.0;1.0e-6,0.6321207427683549057142019,0.6321207427683548890669542,0.63212074276835488906695421766,2.63356e-17,2.7937e-26,REFERENCE_STALE,CANONICAL_GENERATOR
Geometric_Survival,all,999999.0;1.0e-6,0.3678792572316450942857981,0.3678792572316451109330458,0.36787925723164511093304578234,4.52519e-17,4.80036e-26,REFERENCE_STALE,CANONICAL_GENERATOR
Geometric_PMF,all,3000002.0;1.0e-6,4.978689411333002703476713e-8,4.978689411333003154068032e-8,0.0000000497868941133300315406803201399,9.0504e-17,2.80978e-27,REFERENCE_STALE,CANONICAL_GENERATOR
Geometric_LogPMF,all,3000002.0;1.0e-6,-16.81551405796627410552462,-16.81551405796627401502061,-16.8155140579662740150206138869,5.38217e-18,2.31148e-25,REFERENCE_STALE,CANONICAL_GENERATOR
Geometric_Cumulative,all,3000002.0;1.0e-6,0.9502131556735640862952599,0.9502131556735640795364003,0.950213155673564079536400255588,7.11299e-18,4.67394e-26,REFERENCE_STALE,CANONICAL_GENERATOR
Geometric_Survival,all,3000002.0;1.0e-6,0.04978684432643591370474009,0.04978684432643592046359974,0.0497868443264359204635997444124,1.35756e-16,8.86263e-26,REFERENCE_STALE,CANONICAL_GENERATOR
Geometric_Mean,all,1.0e-6,999999.0,999999.0000000000452518882,999999.000000000045251888174114,4.52519e-17,2.58863e-26,REFERENCE_STALE,CANONICAL_GENERATOR
Geometric_Variance,all,1.0e-6,999999000000.0,999999000000.0000905037311,999999000000.000090503731096339,9.05038e-17,3.66069e-27,REFERENCE_STALE,CANONICAL_GENERATOR
Geometric_StdDev,all,1.0e-6,999999.4999998749999375,999999.4999998750451893881,999999.499999875045189388135057,4.52519e-17,3.50569e-26,REFERENCE_STALE,CANONICAL_GENERATOR
NegativeBinomial_PMF,all,4.0;1.0;0.20000000000000001,0.08192000000000002057909398,0.08192,0.08192,2.5121e-16,1.92593e-33,REFERENCE_STALE,CANONICAL_GENERATOR
NegativeBinomial_LogPMF,all,4.0;1.0;0.20000000000000001,-2.502012117690939341230205,-2.50201211769093939766594,-2.50201211769093939766593969447,2.25561e-17,1.22116e-25,REFERENCE_STALE,CANONICAL_GENERATOR
NegativeBinomial_Cumulative,all,4.0;1.0;0.20000000000000001,0.6723200000000002507505314,0.6723200000000000227373675,0.672320000000000022737367544323,3.39144e-16,6.59258e-26,REFERENCE_STALE,CANONICAL_GENERATOR
NegativeBinomial_Survival,all,4.0;1.0;0.20000000000000001,0.327679999999999860271771,0.3276799999999999772626325,0.327679999999999977262632455677,3.57028e-16,1.35264e-25,REFERENCE_STALE,CANONICAL_GENERATOR
NegativeBinomial_PMF,all,17.0;1.0;0.20000000000000001,0.004503599627370500659007124,0.0045035996273704951875,0.0045035996273704951875,1.21492e-15,1.30963e-32,REFERENCE_STALE,CANONICAL_GENERATOR
NegativeBinomial_LogPMF,all,17.0;1.0;0.20000000000000001,-5.402878284775665562733593,-5.402878284775666403039017,-5.40287828477566640303901737008,1.55529e-16,6.84971e-26,REFERENCE_STALE,CANONICAL_GENERATOR
NegativeBinomial_Cumulative,all,17.0;1.0;0.20000000000000001,0.9819856014905180563445697,0.9819856014905180205,0.9819856014905180205,3.65021e-17,5.40563e-34,REFERENCE_STALE,CANONICAL_GENERATOR
NegativeBinomial_Survival,all,17.0;1.0;0.20000000000000001,0.01801439850948195406377117,0.0180143985094819795,0.0180143985094819795,1.41199e-15,2.94667e-32,REFERENCE_STALE,CANONICAL_GENERATOR
NegativeBinomial_Mean,all,1.0;0.20000000000000001,4.0,3.999999999999999722444244,3.99999999999999972244424384371,6.93889e-17,3.90723e-26,REFERENCE_STALE,CANONICAL_GENERATOR
NegativeBinomial_Variance,all,1.0;0.20000000000000001,19.99999999999999644728632,19.99999999999999750199819,19.9999999999999975019981945934,5.27356e-17,2.2967e-25,REFERENCE_STALE,CANONICAL_GENERATOR
NegativeBinomial_StdDev,all,1.0;0.20000000000000001,4.472135954999578721924536,4.472135954999579113533255,4.47213595499957911353325509714,8.75664e-17,2.17221e-26,REFERENCE_STALE,CANONICAL_GENERATOR
NegativeBinomial_LogPMF,all,1.0;1.0;0.5,-1.386294361119890572453528,-1.386294361119890618834464,-1.38629436111989061883446424292,3.34568e-17,1.75227e-25,REFERENCE_STALE,CANONICAL_GENERATOR
NegativeBinomial_Survival,all,1.0;1.0;0.5,0.2500000000000000555111512,0.25,0.25,2.22045e-16,0.0,REFERENCE_STALE,CANONICAL_GENERATOR
NegativeBinomial_LogPMF,all,5.0;1.0;0.5,-4.158883083359671495315979,-4.158883083359671856503393,-4.15888308335967185650339272875,8.68472e-17,6.52221e-26,REFERENCE_STALE,CANONICAL_GENERATOR
NegativeBinomial_Survival,all,5.0;1.0;0.5,0.01562500000000001387778781,0.015625,0.015625,8.88178e-16,0.0,REFERENCE_STALE,CANONICAL_GENERATOR
NegativeBinomial_StdDev,all,1.0;0.5,1.414213562373095145474622,1.414213562373095048801689,1.41421356237309504880168872421,6.83581e-17,1.95013e-25,REFERENCE_STALE,CANONICAL_GENERATOR
NegativeBinomial_LogPMF,all,0.0;1.0;0.84999999999999998,-0.16251892949777493879715,-0.1625189294977749393085837,-0.162518929497774939308583655332,3.14692e-18,2.74848e-25,REFERENCE_STALE,CANONICAL_GENERATOR
NegativeBinomial_PMF,all,1.0;1.0;0.84999999999999998,0.127500000000000002220446,0.1275000000000000155431223,0.127500000000000015543122344752,1.04492e-16,3.50998e-25,REFERENCE_STALE,CANONICAL_GENERATOR
NegativeBinomial_LogPMF,all,1.0;1.0;0.84999999999999998,-2.059638914383655983186827,-2.059638914383656093318825,-2.05963891438365609331882537786,5.34715e-17,1.83461e-25,REFERENCE_STALE,CANONICAL_GENERATOR
NegativeBinomial_Cumulative,all,1.0;1.0;0.84999999999999998,0.9775000000000000355271368,0.9774999999999999933386619,0.977499999999999993338661852249,4.31596e-17,4.88501e-26,REFERENCE_STALE,CANONICAL_GENERATOR
NegativeBinomial_Survival,all,1.0;1.0;0.84999999999999998,0.02250000000000000957567359,0.02250000000000000666133815,0.0225000000000000066613381477509,1.29526e-16,9.99582e-26,REFERENCE_STALE,CANONICAL_GENERATOR
NegativeBinomial_Mean,all,1.0;0.84999999999999998,0.1764705882352941568314009,0.1764705882352941483798761,0.176470588235294148379876114191,4.7892e-17,8.04167e-26,REFERENCE_STALE,CANONICAL_GENERATOR
NegativeBinomial_Variance,all,1.0;0.84999999999999998,0.2076124567474048887572025,0.2076124567474048858703514,0.20761245674740488587035142093,1.3905e-17,1.00813e-25,REFERENCE_STALE,CANONICAL_GENERATOR
NegativeBinomial_StdDev,all,1.0;0.84999999999999998,0.4556450995538137704876647,0.4556450995538137968248416,0.455645099553813796824841628963,5.7802e-17,6.3565e-26,REFERENCE_STALE,CANONICAL_GENERATOR
NegativeBinomial_PMF,all,20.0;5.0;0.20000000000000001,0.03920302050544759164818487,0.0392030205054475390943232,0.0392030205054475390943232,1.34056e-15,9.62965e-33,REFERENCE_STALE,CANONICAL_GENERATOR
NegativeBinomial_LogPMF,all,20.0;5.0;0.20000000000000001,-3.239001481443807506366284,-3.239001481443808447543172,-3.23900148144380844754317196073,2.90576e-16,1.21246e-26,REFERENCE_STALE,CANONICAL_GENERATOR
NegativeBinomial_Cumulative,all,20.0;5.0;0.20000000000000001,0.579325690747865995611221,0.5793256907478684717125632,0.5793256907478684717125632,4.27411e-15,2.60656e-33,REFERENCE_STALE,CANONICAL_GENERATOR
NegativeBinomial_Survival,all,20.0;5.0;0.20000000000000001,0.4206743092521324500765445,0.4206743092521315282874368,0.4206743092521315282874368,2.19122e-15,3.58958e-33,REFERENCE_STALE,CANONICAL_GENERATOR
NegativeBinomial_PMF,all,50.0;5.0;0.20000000000000001,0.001444379232211052228526671,0.00144437923221104745735895,0.00144437923221104745735894982843,3.30327e-15,1.18784e-25,REFERENCE_STALE,CANONICAL_GENERATOR
NegativeBinomial_LogPMF,all,50.0;5.0;0.20000000000000001,-6.540075646806783993270074,-6.540075646806786353018959,-6.54007564680678635301895850682,3.60814e-16,7.54087e-26,REFERENCE_STALE,CANONICAL_GENERATOR
NegativeBinomial_Cumulative,all,50.0;5.0;0.20000000000000001,0.9913491708521631196049384,0.9913491708521632570378546,0.991349170852163257037854606169,1.38632e-16,6.22288e-27,REFERENCE_STALE,CANONICAL_GENERATOR
NegativeBinomial_Survival,all,50.0;5.0;0.20000000000000001,0.008650829147836890803402454,0.008650829147836742962145394,0.00865082914783674296214539383096,1.70898e-14,1.95406e-26,REFERENCE_STALE,CANONICAL_GENERATOR
NegativeBinomial_Mean,all,5.0;0.20000000000000001,20.0,19.99999999999999861222122,19.9999999999999986122212192186,6.93889e-17,3.90723e-26,REFERENCE_STALE,CANONICAL_GENERATOR
NegativeBinomial_Variance,all,5.0;0.20000000000000001,99.99999999999998578914528,99.99999999999998750999097,99.999999999999987509990972967,1.72085e-17,2.96699e-26,REFERENCE_STALE,CANONICAL_GENERATOR
NegativeBinomial_StdDev,all,5.0;0.20000000000000001,10.0,9.999999999999999375499549,9.99999999999999937549954864835,6.245e-17,3.51651e-26,REFERENCE_STALE,CANONICAL_GENERATOR
NegativeBinomial_LogPMF,all,5.0;5.0;0.5,-2.095189898647975113021857,-2.095189898647975096859246,-2.09518989864797509685924587584,7.71415e-18,5.92618e-26,REFERENCE_STALE,CANONICAL_GENERATOR
NegativeBinomial_Cumulative,all,5.0;5.0;0.5,0.6230468749999995559107901,0.623046875,0.623046875,7.1277e-16,0.0,REFERENCE_STALE,CANONICAL_GENERATOR
NegativeBinomial_Survival,all,5.0;5.0;0.5,0.3769531250000001665334537,0.376953125,0.376953125,4.41788e-16,0.0,REFERENCE_STALE,CANONICAL_GENERATOR
NegativeBinomial_LogPMF,all,14.0;5.0;0.5,-5.143626235692535075827436,-5.143626235692534422452162,-5.14362623569253442245216163984,1.27026e-16,7.00197e-26,REFERENCE_STALE,CANONICAL_GENERATOR
NegativeBinomial_Survival,all,14.0;5.0;0.5,0.009605407714843777755575616,0.00960540771484375,0.00960540771484375,2.88958e-15,0.0,REFERENCE_STALE,CANONICAL_GENERATOR
NegativeBinomial_StdDev,all,5.0;0.5,3.162277660168379522787063,3.162277660168379331998894,3.16227766016837933199889354443,6.03325e-17,1.44063e-25,REFERENCE_STALE,CANONICAL_GENERATOR
NegativeBinomial_PMF,all,0.0;5.0;0.84999999999999998,0.443705312499999948716578,0.4437053124999999420456642,0.443705312499999942045664225176,1.50346e-17,5.67414e-26,REFERENCE_STALE,CANONICAL_GENERATOR
NegativeBinomial_LogPMF,all,0.0;5.0;0.84999999999999998,-0.8125946474888746662301742,-0.8125946474888746965429183,-0.81259464748887469654291827666,3.73036e-17,2.87233e-26,REFERENCE_STALE,CANONICAL_GENERATOR
NegativeBinomial_Cumulative,all,0.0;5.0;0.84999999999999998,0.4437053125000001152500317,0.4437053124999999420456642,0.443705312499999942045664225176,3.90359e-16,5.67414e-26,REFERENCE_STALE,CANONICAL_GENERATOR
NegativeBinomial_Survival,all,0.0;5.0;0.84999999999999998,0.5562946874999998847499683,0.5562946875000000579543358,0.556294687500000057954335774824,3.11354e-16,4.52574e-26,REFERENCE_STALE,CANONICAL_GENERATOR
NegativeBinomial_PMF,all,3.0;5.0;0.84999999999999998,0.05241269003906252194058268,0.05241269003906251643005419,0.0524126900390625164300541921625,1.05137e-16,4.12587e-26,REFERENCE_STALE,CANONICAL_GENERATOR
NegativeBinomial_LogPMF,all,3.0;5.0;0.84999999999999998,-2.948606540657104257974197,-2.948606540657104478867531,-2.94860654065710447886753136759,7.49145e-17,1.24665e-25,REFERENCE_STALE,CANONICAL_GENERATOR
NegativeBinomial_Cumulative,all,3.0;5.0;0.84999999999999998,0.9786475298828124502747983,0.9786475298828124890466305,0.978647529882812489046630538558,3.96178e-17,3.93996e-26,REFERENCE_STALE,CANONICAL_GENERATOR
NegativeBinomial_Survival,all,3.0;5.0;0.84999999999999998,0.02135247011718753931686088,0.02135247011718751095336946,0.0213524701171875109533694614417,1.32835e-15,6.7517e-26,REFERENCE_STALE,CANONICAL_GENERATOR
NegativeBinomial_Mean,all,5.0;0.84999999999999998,0.8823529411764707841570043,0.8823529411764707418993806,0.882352941176470741899380570956,4.7892e-17,3.29166e-26,REFERENCE_STALE,CANONICAL_GENERATOR
NegativeBinomial_Variance,all,5.0;0.84999999999999998,1.03806228373702458256389,1.038062283737024429351757,1.03806228373702442935175710465,1.47594e-16,1.00813e-25,REFERENCE_STALE,CANONICAL_GENERATOR
NegativeBinomial_StdDev,all,5.0;0.84999999999999998,1.018853416216986662590216,1.018853416216986745277141,1.0188534162169867452771409548,8.11568e-17,4.43632e-26,REFERENCE_STALE,CANONICAL_GENERATOR
NegativeBinomial_PMF,all,200.0;50.0;0.20000000000000001,0.01259360478896272284021762,0.01259360478896254832142705,0.0125936047889625483214270539857,1.38577e-14,3.1649e-25,REFERENCE_STALE,CANONICAL_GENERATOR
NegativeBinomial_LogPMF,all,200.0;50.0;0.20000000000000001,-4.374566150306598899533128,-4.374566150306615189629723,-4.37456615030661518962972342069,3.72382e-15,9.61674e-26,REFERENCE_STALE,CANONICAL_GENERATOR
NegativeBinomial_Cumulative,all,200.0;50.0;0.20000000000000001,0.5252173729403112334424009,0.5252173729402816401811484,0.525217372940281640181148376138,5.63448e-14,4.54328e-26,REFERENCE_STALE,CANONICAL_GENERATOR
NegativeBinomial_Survival,all,200.0;50.0;0.20000000000000001,0.4747826270596859910000376,0.4747826270597183598188516,0.474782627059718359818851623862,6.81761e-14,5.0259e-26,REFERENCE_STALE,CANONICAL_GENERATOR
NegativeBinomial_PMF,all,294.0;50.0;0.20000000000000001,0.0002758324266334966491480418,0.0002758324266334910158348838,0.000275832426633491015834883832853,2.0423e-14,1.19105e-25,REFERENCE_STALE,CANONICAL_GENERATOR
NegativeBinomial_LogPMF,all,294.0;50.0;0.20000000000000001,-8.195717026515893621763098,-8.19571702651590615795889,-8.19571702651590615795888971693,1.5296e-15,3.4539e-26,REFERENCE_STALE,CANONICAL_GENERATOR
NegativeBinomial_Cumulative,all,294.0;50.0;0.20000000000000001,0.996453664367320524064553,0.9964536643673215035602059,0.996453664367321503560205902282,9.82982e-16,2.29044e-27,REFERENCE_STALE,CANONICAL_GENERATOR
NegativeBinomial_Survival,all,294.0;50.0;0.20000000000000001,0.003546335632679115980325779,0.003546335632678496439794098,0.00354633563267849643979409771769,1.74699e-13,7.96069e-26,REFERENCE_STALE,CANONICAL_GENERATOR
NegativeBinomial_Mean,all,50.0;0.20000000000000001,200.0,199.9999999999999861222122,199.999999999999986122212192186,6.93889e-17,3.90723e-26,REFERENCE_STALE,CANONICAL_GENERATOR
NegativeBinomial_Variance,all,50.0;0.20000000000000001,999.9999999999997726263246,999.9999999999998750999097,999.99999999999987509990972967,1.02474e-16,2.96699e-26,REFERENCE_STALE,CANONICAL_GENERATOR
NegativeBinomial_StdDev,all,50.0;0.20000000000000001,31.62277660168379256333537,31.62277660168379134514511,31.6227766016837913451451093699,3.85226e-17,1.99245e-26,REFERENCE_STALE,CANONICAL_GENERATOR
NegativeBinomial_PMF,all,50.0;50.0;0.5,0.03979461869358938419516392,0.03979461869358938074906353,0.0397946186935893807490635251211,8.65971e-17,1.22602e-25,REFERENCE_STALE,CANONICAL_GENERATOR
NegativeBinomial_LogPMF,all,50.0;50.0;0.5,-3.224023584537050624021504,-3.224023584537050242134839,-3.22402358453705024213483859938,1.1845e-16,1.24261e-25,REFERENCE_STALE,CANONICAL_GENERATOR
NegativeBinomial_Cumulative,all,50.0;50.0;0.5,0.5397946186935951295993164,0.5397946186935893807490635,0.539794618693589380749063525121,1.06501e-14,4.65382e-26,REFERENCE_STALE,CANONICAL_GENERATOR
NegativeBinomial_Survival,all,50.0;50.0;0.5,0.4602053813064048148895324,0.4602053813064106192509365,0.460205381306410619250936474879,1.26125e-14,5.45867e-26,REFERENCE_STALE,CANONICAL_GENERATOR
NegativeBinomial_PMF,all,80.0;50.0;0.5,0.0008394943486682970162915396,0.0008394943486682970417103867,0.000839494348668297041710386731595,3.02788e-17,3.76363e-26,REFERENCE_STALE,CANONICAL_GENERATOR
NegativeBinomial_LogPMF,all,80.0;50.0;0.5,-7.082710813252191428546212,-7.082710813252187602056453,-7.08271081325218760205645321755,5.40258e-16,3.07156e-26,REFERENCE_STALE,CANONICAL_GENERATOR
NegativeBinomial_Cumulative,all,80.0;50.0;0.5,0.9968356577446226829408715,0.9968356577446228655935606,0.996835657744622865593560614578,1.83232e-16,1.4624e-26,REFERENCE_STALE,CANONICAL_GENERATOR
NegativeBinomial_Survival,all,80.0;50.0;0.5,0.003164342255377215144124259,0.003164342255377134406439385,0.00316434225537713440643938542229,2.55148e-14,1.33454e-25,REFERENCE_STALE,CANONICAL_GENERATOR
NegativeBinomial_PMF,all,8.0;50.0;0.84999999999999998,0.1252548526483122648400581,0.1252548526483122596493122,0.125254852648312259649312206953,4.14415e-17,5.55115e-26,REFERENCE_STALE,CANONICAL_GENERATOR
NegativeBinomial_LogPMF,all,8.0;50.0;0.84999999999999998,-2.077404796068581305235057,-2.0774047960685807196054,-2.07740479606858071960539996132,2.81904e-16,1.86215e-26,REFERENCE_STALE,CANONICAL_GENERATOR
NegativeBinomial_Cumulative,all,8.0;50.0;0.84999999999999998,0.4880498144943973271026039,0.4880498144943980618026767,0.488049814494398061802676651344,1.50538e-15,9.96941e-26,REFERENCE_STALE,CANONICAL_GENERATOR
NegativeBinomial_Survival,all,8.0;50.0;0.84999999999999998,0.5119501855055998973398346,0.5119501855056019381973233,0.511950185505601938197323348656,3.98644e-15,9.50399e-26,REFERENCE_STALE,CANONICAL_GENERATOR
NegativeBinomial_PMF,all,18.0;50.0;0.84999999999999998,0.004093474153270068235932477,0.004093474153270068042165803,0.00409347415327006804216580321781,4.73355e-17,5.32089e-26,REFERENCE_STALE,CANONICAL_GENERATOR
NegativeBinomial_LogPMF,all,18.0;50.0;0.84999999999999998,-5.498361243258322872407007,-5.49836124325832007176343,-5.49836124325832007176343020503,5.0936e-16,3.72891e-26,REFERENCE_STALE,CANONICAL_GENERATOR
NegativeBinomial_Cumulative,all,18.0;50.0;0.84999999999999998,0.9955875409711919532540492,0.9955875409711918781886331,0.995587540971191878188633145475,7.53981e-17,4.5677e-26,REFERENCE_STALE,CANONICAL_GENERATOR
NegativeBinomial_Survival,all,18.0;50.0;0.84999999999999998,0.004412459028808016388290003,0.004412459028808121811366855,0.00441245902880812181136685452458,2.38921e-14,1.07746e-25,REFERENCE_STALE,CANONICAL_GENERATOR
NegativeBinomial_Mean,all,50.0;0.84999999999999998,8.823529411764706509302414,8.823529411764707418993806,8.82352941176470741899380570956,1.03098e-16,3.29166e-26,REFERENCE_STALE,CANONICAL_GENERATOR
NegativeBinomial_Variance,all,50.0;0.84999999999999998,10.38062283737024493746048,10.38062283737024429351757,10.3806228373702442935175710465,6.20332e-17,1.00813e-25,REFERENCE_STALE,CANONICAL_GENERATOR
NegativeBinomial_StdDev,all,50.0;0.84999999999999998,3.221897397089212411458448,3.22189739708921275473342,3.22189739708921275473342022922,1.06544e-16,7.11458e-26,REFERENCE_STALE,CANONICAL_GENERATOR
NegativeBinomial_PMF,all,2000.0;500.0;0.20000000000000001,0.003988724716197964564878831,0.003988724716197411738674073,0.0039887247161974117386740731213,1.38597e-13,3.04104e-26,REFERENCE_STALE,CANONICAL_GENERATOR
NegativeBinomial_LogPMF,all,2000.0;500.0;0.20000000000000001,-5.524283719170341555582127,-5.52428371917037246856307,-5.52428371917037246856306978539,5.59584e-15,3.88488e-26,REFERENCE_STALE,CANONICAL_GENERATOR
NegativeBinomial_Cumulative,all,2000.0;500.0;0.20000000000000001,0.5079784065354412403436868,0.5079784065346006367615217,0.507978406534600636761521731031,1.6548e-12,6.10869e-26,REFERENCE_STALE,CANONICAL_GENERATOR
NegativeBinomial_Survival,all,2000.0;500.0;0.20000000000000001,0.4920215934648809463780594,0.4920215934653993632384783,0.492021593465399363238478268969,1.05365e-12,6.3068e-26,REFERENCE_STALE,CANONICAL_GENERATOR
NegativeBinomial_PMF,all,2300.0;500.0;0.20000000000000001,0.00005640370145869616372389516,0.00005640370145868717098635516,0.000056403701458687170986355158715,1.59435e-13,2.27827e-26,REFERENCE_STALE,CANONICAL_GENERATOR
NegativeBinomial_LogPMF,all,2300.0;500.0;0.20000000000000001,-9.78297577291334619076224,-9.782975772913602667054412,-9.78297577291360266705441218434,2.62166e-14,1.88425e-26,REFERENCE_STALE,CANONICAL_GENERATOR
NegativeBinomial_Cumulative,all,2300.0;500.0;0.20000000000000001,0.9980993661771240255120574,0.9980993661771256513596912,0.998099366177125651359691223969,1.62894e-15,2.40142e-26,REFERENCE_STALE,CANONICAL_GENERATOR
NegativeBinomial_Survival,all,2300.0;500.0;0.20000000000000001,0.001900633822874926064441792,0.001900633822874348640308776,0.00190063382287434864030877603146,3.03806e-13,1.65531e-26,REFERENCE_STALE,CANONICAL_GENERATOR
NegativeBinomial_Mean,all,500.0;0.20000000000000001,2000.0,1999.999999999999861222122,1999.99999999999986122212192186,6.93889e-17,3.90723e-26,REFERENCE_STALE,CANONICAL_GENERATOR
NegativeBinomial_Variance,all,500.0;0.20000000000000001,9999.999999999998181010596,9999.999999999998750999097,9999.9999999999987509990972967,5.69989e-17,2.96699e-26,REFERENCE_STALE,CANONICAL_GENERATOR
NegativeBinomial_StdDev,all,500.0;0.20000000000000001,100.0,99.99999999999999375499549,99.9999999999999937549954864835,6.245e-17,3.51651e-26,REFERENCE_STALE,CANONICAL_GENERATOR
NegativeBinomial_PMF,all,500.0;500.0;0.5,0.01261250908918040009032424,0.01261250908918040095342084,0.0126125090891804009534208443811,6.84318e-17,3.47358e-25,REFERENCE_STALE,CANONICAL_GENERATOR
NegativeBinomial_LogPMF,all,500.0;500.0;0.5,-4.373066172654034744482487,-4.373066172654074651140498,-4.37306617265407465114049846691,9.12556e-15,1.0677e-25,REFERENCE_STALE,CANONICAL_GENERATOR
NegativeBinomial_Cumulative,all,500.0;500.0;0.5,0.5126125090892852398383184,0.5126125090891804009534208,0.512612509089180400953420844381,2.04519e-13,8.65782e-26,REFERENCE_STALE,CANONICAL_GENERATOR
NegativeBinomial_Survival,all,500.0;500.0;0.5,0.4873874909107147601616816,0.4873874909108195990465792,0.487387490910819599046579155619,2.15104e-13,9.10591e-26,REFERENCE_STALE,CANONICAL_GENERATOR
NegativeBinomial_PMF,all,594.0;500.0;0.5,0.0001940338395580824284135379,0.0001940338395580824401200964,0.000194033839558082440120096382437,6.03326e-17,9.05159e-26,REFERENCE_STALE,CANONICAL_GENERATOR
NegativeBinomial_LogPMF,all,594.0;500.0;0.5,-8.547477983400369794253493,-8.547477983400448571634062,-8.54747798340044857163406172261,9.21645e-15,3.24525e-26,REFERENCE_STALE,CANONICAL_GENERATOR
NegativeBinomial_Cumulative,all,594.0;500.0;0.5,0.9979721206036892278135042,0.9979721206036889521375409,0.997972120603688952137540872385,2.76236e-16,2.7671e-26,REFERENCE_STALE,CANONICAL_GENERATOR
NegativeBinomial_Survival,all,594.0;500.0;0.5,0.002027879396310734456260194,0.002027879396311047862459128,0.00202787939631104786245912761486,1.54549e-13,1.89923e-25,REFERENCE_STALE,CANONICAL_GENERATOR
NegativeBinomial_StdDev,all,500.0;0.5,31.62277660168379256333537,31.62277660168379331998894,31.6227766016837933199889354443,2.39275e-17,1.44063e-25,REFERENCE_STALE,CANONICAL_GENERATOR
NegativeBinomial_PMF,all,88.0;500.0;0.84999999999999998,0.03916760747424541388994612,0.03916760747424540826375866,0.0391676074742454082637586646961,1.43644e-16,1.19899e-25,REFERENCE_STALE,CANONICAL_GENERATOR
NegativeBinomial_LogPMF,all,88.0;500.0;0.84999999999999998,-3.239905213735482902848162,-3.239905213735491840622958,-3.23990521373549184062295838127,2.75865e-15,1.1768e-25,REFERENCE_STALE,CANONICAL_GENERATOR
NegativeBinomial_Cumulative,all,88.0;500.0;0.84999999999999998,0.519187871349155116718066,0.5191878713492523067731375,0.519187871349252306773137460232,1.87196e-13,7.6597e-26,REFERENCE_STALE,CANONICAL_GENERATOR
NegativeBinomial_Survival,all,88.0;500.0;0.84999999999999998,0.4808121286509268732523026,0.4808121286507476932268625,0.480812128650747693226862539768,3.72661e-13,8.27106e-26,REFERENCE_STALE,CANONICAL_GENERATOR
NegativeBinomial_PMF,all,118.0;500.0;0.84999999999999998,0.0007424535741485441524972755,0.0007424535741485442031948752,0.000742453574148544203194875160718,6.82839e-17,5.29079e-26,REFERENCE_STALE,CANONICAL_GENERATOR
NegativeBinomial_LogPMF,all,118.0;500.0;0.84999999999999998,-7.205550215641522981968592,-7.205550215641543276928624,-7.20555021564154327692862350747,2.81657e-15,6.83546e-26,REFERENCE_STALE,CANONICAL_GENERATOR
NegativeBinomial_Cumulative,all,118.0;500.0;0.84999999999999998,0.9975982354019912179410312,0.9975982354019912950008851,0.997598235401991295000885079103,7.72454e-17,2.09474e-26,REFERENCE_STALE,CANONICAL_GENERATOR
NegativeBinomial_Survival,all,118.0;500.0;0.84999999999999998,0.0024017645980083986850806,0.002401764598008704999114921,0.00240176459800870499911492089706,1.27537e-13,4.28606e-26,REFERENCE_STALE,CANONICAL_GENERATOR
NegativeBinomial_Mean,all,500.0;0.84999999999999998,88.2352941176470721984515,88.23529411764707418993806,88.2352941176470741899380570956,2.25702e-17,3.29166e-26,REFERENCE_STALE,CANONICAL_GENERATOR
NegativeBinomial_Variance,all,500.0;0.84999999999999998,103.8062283737024529273185,103.8062283737024429351757,103.806228373702442935175710465,9.62576e-17,1.00813e-25,REFERENCE_STALE,CANONICAL_GENERATOR
NegativeBinomial_StdDev,all,500.0;0.84999999999999998,10.18853416216986751408058,10.18853416216986745277141,10.188534162169867452771409548,6.01747e-18,4.43632e-26,REFERENCE_STALE,CANONICAL_GENERATOR
NegativeBinomial_PMF,all,20000.0;5000.0;0.20000000000000001,0.001261544183795467637468346,0.001261544183793716802653999,0.00126154418379371680265399929291,1.38785e-12,2.32184e-25,REFERENCE_STALE,CANONICAL_GENERATOR
NegativeBinomial_LogPMF,all,20000.0;5000.0;0.20000000000000001,-6.675418765688846178818494,-6.675418765689764560158896,-6.67541876568976456015889584145,1.37577e-13,2.3751e-26,REFERENCE_STALE,CANONICAL_GENERATOR
NegativeBinomial_Cumulative,all,20000.0;5000.0;0.20000000000000001,0.5025231186429764962397826,0.5025231186440439694211177,0.50252311864404396942111771563,2.12423e-12,3.11038e-26,REFERENCE_STALE,CANONICAL_GENERATOR
NegativeBinomial_Survival,all,20000.0;5000.0;0.20000000000000001,0.4974768813501764253004467,0.4974768813559560305788823,0.49747688135595603057888228437,1.16178e-11,3.14193e-26,REFERENCE_STALE,CANONICAL_GENERATOR
NegativeBinomial_PMF,all,20948.0;5000.0;0.20000000000000001,0.00001531194856744994261458885,0.00001531194856742768567369889,0.0000153119485674276856736988862673,1.45357e-12,2.43774e-25,REFERENCE_STALE,CANONICAL_GENERATOR
NegativeBinomial_LogPMF,all,20948.0;5000.0;0.20000000000000001,-11.08687708222987566841766,-11.08687708223086314234732,-11.0868770822308631423473227296,8.90669e-14,2.46199e-25,REFERENCE_STALE,CANONICAL_GENERATOR
NegativeBinomial_Cumulative,all,20948.0;5000.0;0.20000000000000001,0.998474287673039806456643,0.998474287672988830557636,0.998474287672988830557635999102,5.10538e-14,8.99856e-28,REFERENCE_STALE,CANONICAL_GENERATOR
NegativeBinomial_Survival,all,20948.0;5000.0;0.20000000000000001,0.00152571232698100068408964,0.001525712327011169442364001,0.00152571232701116944236400089848,1.97736e-11,6.65372e-26,REFERENCE_STALE,CANONICAL_GENERATOR
NegativeBinomial_Mean,all,5000.0;0.20000000000000001,20000.0,19999.99999999999861222122,19999.9999999999986122212192186,6.93889e-17,3.90723e-26,REFERENCE_STALE,CANONICAL_GENERATOR
NegativeBinomial_Variance,all,5000.0;0.20000000000000001,99999.99999999998544808477,99999.99999999998750999097,99999.999999999987509990972967,2.06191e-17,2.96699e-26,REFERENCE_STALE,CANONICAL_GENERATOR
NegativeBinomial_StdDev,all,5000.0;0.20000000000000001,316.2277660168379043170717,316.2277660168379134514511,316.227766016837913451451093699,2.88854e-17,1.99245e-26,REFERENCE_STALE,CANONICAL_GENERATOR
NegativeBinomial_PMF,all,5000.0;5000.0;0.5,0.003989323069691077042198124,0.003989323069691076880220075,0.00398932306969107688022007476114,4.06029e-17,5.98748e-26,REFERENCE_STALE,CANONICAL_GENERATOR
NegativeBinomial_LogPMF,all,5000.0;5000.0;0.5,-5.524133719191922864411026,-5.524133719192722443150146,-5.52413371919272244315014597909,1.44743e-13,3.78476e-27,REFERENCE_STALE,CANONICAL_GENERATOR
NegativeBinomial_Cumulative,all,5000.0;5000.0;0.5,0.5039893230700622783757581,0.5039893230696910768802201,0.503989323069691076880220074761,7.36527e-13,5.00782e-26,REFERENCE_STALE,CANONICAL_GENERATOR
NegativeBinomial_Survival,all,5000.0;5000.0;0.5,0.4960106769299376661130907,0.4960106769303089231197799,0.496010676930308923119779925239,7.48486e-13,5.08837e-26,REFERENCE_STALE,CANONICAL_GENERATOR
NegativeBinomial_PMF,all,5300.0;5000.0;0.5,0.00004832329367475765997648821,0.00004832329367475765731702455,0.0000483232936747576573170245473051,5.50348e-17,5.57686e-26,REFERENCE_STALE,CANONICAL_GENERATOR
NegativeBinomial_LogPMF,all,5300.0;5000.0;0.5,-9.937596842861694312887266,-9.937596842861968187752362,-9.93759684286196818775236179284,2.75595e-14,2.08456e-26,REFERENCE_STALE,CANONICAL_GENERATOR
NegativeBinomial_Cumulative,all,5300.0;5000.0;0.5,0.9984916361481537272482001,0.9984916361481473812785142,0.998491636148147381278514220093,6.35556e-15,2.01232e-26,REFERENCE_STALE,CANONICAL_GENERATOR
NegativeBinomial_Survival,all,5300.0;5000.0;0.5,0.001508363851846225263744761,0.00150836385185261872148578,0.00150836385185261872148577990711,4.23867e-12,6.15844e-26,REFERENCE_STALE,CANONICAL_GENERATOR
NegativeBinomial_PMF,all,882.0;5000.0;0.84999999999999998,0.01238312010462626518159102,0.0123831201046262646148029,0.012383120104626264614802897649,4.5771e-17,1.89853e-25,REFERENCE_STALE,CANONICAL_GENERATOR
NegativeBinomial_LogPMF,all,882.0;5000.0;0.84999999999999998,-4.391421015641753911040723,-4.391421015642027680315464,-4.39142101564202768031546416491,6.23418e-14,3.7553e-26,REFERENCE_STALE,CANONICAL_GENERATOR
NegativeBinomial_Cumulative,all,882.0;5000.0;0.84999999999999998,0.5046130945618201302238504,0.5046130945599849581327164,0.504613094559984958132716383318,3.63679e-12,3.30593e-26,REFERENCE_STALE,CANONICAL_GENERATOR
NegativeBinomial_Survival,all,882.0;5000.0;0.84999999999999998,0.495386905439531621819782,0.4953869054400150418672836,0.495386905440015041867283616682,9.75843e-13,3.3675e-26,REFERENCE_STALE,CANONICAL_GENERATOR
NegativeBinomial_PMF,all,979.0;5000.0;0.84999999999999998,0.0001550480909693694310351464,0.0001550480909693694109417587,0.00015504809096936941094175866573,1.29595e-16,2.21028e-25,REFERENCE_STALE,CANONICAL_GENERATOR
NegativeBinomial_LogPMF,all,979.0;5000.0;0.84999999999999998,-8.771775224848397556343116,-8.771775224848535385986942,-8.77177522484853538598694162025,1.57129e-14,4.32921e-26,REFERENCE_STALE,CANONICAL_GENERATOR
NegativeBinomial_Cumulative,all,979.0;5000.0;0.84999999999999998,0.9984679178764729323702909,0.9984679178764686504250444,0.998467917876468650425044438083,4.28852e-15,3.81412e-26,REFERENCE_STALE,CANONICAL_GENERATOR
NegativeBinomial_Survival,all,979.0;5000.0;0.84999999999999998,0.001532082123522855721109437,0.001532082123531349574955562,0.00153208212353134957495556191725,5.54399e-12,5.40103e-26,REFERENCE_STALE,CANONICAL_GENERATOR
NegativeBinomial_Mean,all,5000.0;0.84999999999999998,882.352941176470721984515,882.3529411764707418993806,882.352941176470741899380570956,2.25702e-17,3.29166e-26,REFERENCE_STALE,CANONICAL_GENERATOR
NegativeBinomial_Variance,all,5000.0;0.84999999999999998,1038.062283737024472429766,1038.062283737024429351757,1038.06228373702442935175710465,4.14985e-17,1.00813e-25,REFERENCE_STALE,CANONICAL_GENERATOR
NegativeBinomial_StdDev,all,5000.0;0.84999999999999998,32.21897397089212944365499,32.2189739708921275473342,32.2189739708921275473342022922,5.88573e-17,7.11458e-26,REFERENCE_STALE,CANONICAL_GENERATOR
Hypergeometric_PMF,all,4.0;10.0;20.0;50.0,0.280058603105371339836438,0.2800586031053713180354811,0.280058603105371318035481120543,7.78443e-17,7.33522e-26,REFERENCE_STALE,CANONICAL_GENERATOR
Hypergeometric_LogPMF,all,4.0;10.0;20.0;50.0,-1.272756400907510965225811,-1.272756400907510536669262,-1.27275640090751053666926192992,3.36715e-16,5.50585e-26,REFERENCE_STALE,CANONICAL_GENERATOR
Hypergeometric_Cumulative,all,4.0;10.0;20.0;50.0,0.6450268898822081320432176,0.6450268898822080866604881,0.645026889882208086660488089177,7.03579e-17,1.67788e-26,REFERENCE_STALE,CANONICAL_GENERATOR
Hypergeometric_Survival,all,4.0;10.0;20.0;50.0,0.3549731101177919789790849,0.3549731101177919133395119,0.354973110117791913339511910823,1.84914e-16,3.04891e-26,REFERENCE_STALE,CANONICAL_GENERATOR
Hypergeometric_PMF,all,7.0;10.0;20.0;50.0,0.03063888991238250189552694,0.03063888991238250316969366,0.0306388899123825031696936610508,4.15866e-17,3.42978e-26,REFERENCE_STALE,CANONICAL_GENERATOR
Hypergeometric_LogPMF,all,7.0;10.0;20.0;50.0,-3.485485164779696276582399,-3.485485164779695173610606,-3.48548516477969517361060644981,3.16447e-16,1.29053e-25,REFERENCE_STALE,CANONICAL_GENERATOR
Hypergeometric_Cumulative,all,7.0;10.0;20.0;50.0,0.9941570404338068156491204,0.9941570404338067102791474,0.994157040433806710279147356852,1.05989e-16,4.3402e-26,REFERENCE_STALE,CANONICAL_GENERATOR
Hypergeometric_Survival,all,7.0;10.0;20.0;50.0,0.005842959566193290169011654,0.005842959566193289720852643,0.00584295956619328972085264314839,7.67007e-17,2.53963e-26,REFERENCE_STALE,CANONICAL_GENERATOR
Hypergeometric_Variance,all,10.0;20.0;50.0,1.959183673469387709786815,1.959183673469387755102041,1.95918367346938775510204081633,2.31296e-17,9.375e-26,REFERENCE_STALE,CANONICAL_GENERATOR
Hypergeometric_StdDev,all,10.0;20.0;50.0,1.399708424447530408230023,1.399708424447530341827019,1.39970842444753034182701947126,4.74406e-17,3.36685e-25,REFERENCE_STALE,CANONICAL_GENERATOR
Hypergeometric_PMF,all,12.0;30.0;40.0;100.0,0.1759480068612331304933605,0.175948006861233142318117,0.175948006861233142318117043319,6.7206e-17,2.46202e-25,REFERENCE_STALE,CANONICAL_GENERATOR
Hypergeometric_LogPMF,all,12.0;30.0;40.0;100.0,-1.737566743148931891482789,-1.737566743148933068319142,-1.73756674314893306831914236,6.7729e-16,2.07184e-25,REFERENCE_STALE,CANONICAL_GENERATOR
Hypergeometric_Cumulative,all,12.0;30.0;40.0;100.0,0.5902188158964216668778135,0.5902188158964216855048887,0.590218815896421685504888731588,3.15596e-17,5.35198e-26,REFERENCE_STALE,CANONICAL_GENERATOR
Hypergeometric_Survival,all,12.0;30.0;40.0;100.0,0.4097811841035783331221865,0.4097811841035783144951113,0.409781184103578314495111268412,4.54562e-17,7.7086e-26,REFERENCE_STALE,CANONICAL_GENERATOR
Hypergeometric_PMF,all,17.0;30.0;40.0;100.0,0.01560883762240650000918674,0.01560883762240650117550266,0.0156088376224065011755026550957,7.47215e-17,3.14201e-25,REFERENCE_STALE,CANONICAL_GENERATOR
Hypergeometric_LogPMF,all,17.0;30.0;40.0;100.0,-4.159918010878435268296016,-4.15991801087844063052561,-4.1599180108784406305256104427,1.28902e-15,1.0642e-25,REFERENCE_STALE,CANONICAL_GENERATOR
Hypergeometric_Cumulative,all,17.0;30.0;40.0;100.0,0.992635537819196889230966,0.9926355378191970092834477,0.992635537819197009283447730517,1.20943e-16,3.07433e-26,REFERENCE_STALE,CANONICAL_GENERATOR
Hypergeometric_Survival,all,17.0;30.0;40.0;100.0,0.007364462180802990205752412,0.007364462180802990716552269,0.00736446218080299071655226948314,6.93601e-17,6.56037e-26,REFERENCE_STALE,CANONICAL_GENERATOR
Hypergeometric_Variance,all,30.0;40.0;100.0,5.090909090909090828347416,5.090909090909090909090909,5.09090909090909090909090909091,1.58603e-17,1.78571e-26,REFERENCE_STALE,CANONICAL_GENERATOR
Hypergeometric_StdDev,all,30.0;40.0;100.0,2.256304299271064905951789,2.256304299271064835660589,2.25630429927106483566058944645,3.11532e-17,1.97866e-25,REFERENCE_STALE,CANONICAL_GENERATOR
Hypergeometric_PMF,all,50.0;100.0;500.0;1000.0,0.08389209209281305035244003,0.08389209209281303302881274,0.0838920920928130330288127378827,2.06499e-16,2.52385e-26,REFERENCE_STALE,CANONICAL_GENERATOR
Hypergeometric_LogPMF,all,50.0;100.0;500.0;1000.0,-2.478223923910491066635586,-2.478223923910480339870122,-2.4782239239104803398701216973,4.32841e-15,1.22143e-25,REFERENCE_STALE,CANONICAL_GENERATOR
Hypergeometric_Cumulative,all,50.0;100.0;500.0;1000.0,0.5419460460464066153818408,0.5419460460464065165144064,0.541946046046406516514406368941,1.8243e-16,5.73095e-26,REFERENCE_STALE,CANONICAL_GENERATOR
Hypergeometric_Survival,all,50.0;100.0;500.0;1000.0,0.4580539539535934956404617,0.4580539539535934834855936,0.458053953953593483485593631059,2.65359e-17,6.78057e-26,REFERENCE_STALE,CANONICAL_GENERATOR
Hypergeometric_PMF,all,60.0;100.0;500.0;1000.0,0.009154617492947367263234071,0.009154617492947366154943652,0.00915461749294736615494365184138,1.21064e-16,1.73272e-26,REFERENCE_STALE,CANONICAL_GENERATOR
Hypergeometric_LogPMF,all,60.0;100.0;500.0;1000.0,-4.693496882946760706545319,-4.693496882946723831213135,-4.69349688294672383121313452407,7.85669e-15,1.01401e-25,REFERENCE_STALE,CANONICAL_GENERATOR
Hypergeometric_Cumulative,all,60.0;100.0;500.0;1000.0,0.9867738661204397132564736,0.9867738661204394847833975,0.986773866120439484783397465492,2.31535e-16,3.49705e-26,REFERENCE_STALE,CANONICAL_GENERATOR
Hypergeometric_Survival,all,60.0;100.0;500.0;1000.0,0.01322613387956051399230173,0.01322613387956051521660253,0.0132261338795605152166025345079,9.25668e-17,3.40835e-25,REFERENCE_STALE,CANONICAL_GENERATOR
Hypergeometric_Variance,all,100.0;500.0;1000.0,22.5225225225225216263425,22.52252252252252252252252,22.5225225225225225225225225225,3.97904e-17,1.12e-25,REFERENCE_STALE,CANONICAL_GENERATOR
Hypergeometric_StdDev,all,100.0;500.0;1000.0,4.745789978762495309183578,4.745789978762494976757389,4.74578997876249497675738948734,7.00465e-17,1.02689e-25,REFERENCE_STALE,CANONICAL_GENERATOR
Hypergeometric_PMF,all,10.0;50.0;200.0;1000.0,0.1434479694110065428613865,0.1434479694110065506104074,0.14344796941100655061040740685,5.40197e-17,4.77557e-26,REFERENCE_STALE,CANONICAL_GENERATOR
Hypergeometric_LogPMF,all,10.0;50.0;200.0;1000.0,-1.941782892033103280482464,-1.941782892033086453175254,-1.94178289203308645317525383424,8.66591e-15,8.53661e-26,REFERENCE_STALE,CANONICAL_GENERATOR
Hypergeometric_Cumulative,all,10.0;50.0;200.0;1000.0,0.584303973571837498290904,0.584303973571837451726481,0.584303973571837451726480958318,7.96921e-17,7.13363e-26,REFERENCE_STALE,CANONICAL_GENERATOR
Hypergeometric_Survival,all,10.0;50.0;200.0;1000.0,0.4156960264281626127313984,0.415696026428162548273519,0.415696026428162548273519041682,1.5506e-16,1.00271e-25,REFERENCE_STALE,CANONICAL_GENERATOR
Hypergeometric_PMF,all,16.0;50.0;200.0;1000.0,0.01507891566715412884347458,0.01507891566715412625505307,0.0150789156671541262550530670903,1.71658e-16,1.92967e-25,REFERENCE_STALE,CANONICAL_GENERATOR
Hypergeometric_LogPMF,all,16.0;50.0;200.0;1000.0,-4.194457824348774011014029,-4.194457824348773661719256,-4.19445782434877366171925611238,8.32753e-17,2.67931e-26,REFERENCE_STALE,CANONICAL_GENERATOR
Hypergeometric_Cumulative,all,16.0;50.0;200.0;1000.0,0.9876686183585866585232793,0.9876686183585865535425993,0.987668618358586553542599261492,1.06291e-16,3.89884e-26,REFERENCE_STALE,CANONICAL_GENERATOR
Hypergeometric_Survival,all,16.0;50.0;200.0;1000.0,0.01233138164141344729485272,0.01233138164141344645740074,0.0123313816414134464574007385077,6.79123e-17,1.21019e-25,REFERENCE_STALE,CANONICAL_GENERATOR
Hypergeometric_Variance,all,50.0;200.0;1000.0,7.607607607607607569377706,7.607607607607607607607608,7.60760760760760760760760760761,5.02522e-18,5.15789e-26,REFERENCE_STALE,CANONICAL_GENERATOR
Hypergeometric_StdDev,all,50.0;200.0;1000.0,2.758189189959167286758657,2.758189189959167323762505,2.75818918995916732376250454019,1.3416e-17,1.66707e-25,REFERENCE_STALE,CANONICAL_GENERATOR
Hypergeometric_PMF,all,25.0;500.0;5000.0;100000.0,0.08179284251089551094349162,0.08179284251089551037111053,0.0817928425108955103711105255771,6.99794e-18,5.40745e-26,REFERENCE_STALE,CANONICAL_GENERATOR
Hypergeometric_LogPMF,all,25.0;500.0;5000.0;100000.0,-2.503565539068858925020322,-2.503565539068575398842378,-2.50356553906857539884237785725,1.13249e-13,5.70169e-26,REFERENCE_STALE,CANONICAL_GENERATOR
Hypergeometric_Cumulative,all,25.0;500.0;5000.0;100000.0,0.5529492470373847945452894,0.5529492470373848160497481,0.552949247037384816049748129507,3.88905e-17,5.33633e-26,REFERENCE_STALE,CANONICAL_GENERATOR
Hypergeometric_Survival,all,25.0;500.0;5000.0;100000.0,0.4470507529626150944324081,0.4470507529626151839502519,0.447050752962615183950251870493,2.00241e-16,6.60041e-26,REFERENCE_STALE,CANONICAL_GENERATOR
Hypergeometric_PMF,all,35.0;500.0;5000.0;100000.0,0.01054202856504604657317259,0.0105420285650460477499808,0.0105420285650460477499807951932,1.1163e-16,4.55966e-25,REFERENCE_STALE,CANONICAL_GENERATOR
Hypergeometric_LogPMF,all,35.0;500.0;5000.0;100000.0,-4.552385290910933690611273,-4.552385290910785040834611,-4.55238529091078504083461067399,3.26532e-14,7.16129e-26,REFERENCE_STALE,CANONICAL_GENERATOR
Hypergeometric_Cumulative,all,35.0;500.0;5000.0;100000.0,0.9806179150519215292902686,0.9806179150519216057527724,0.98061791505192160575277243103,7.79738e-17,3.16437e-26,REFERENCE_STALE,CANONICAL_GENERATOR
Hypergeometric_Survival,all,35.0;500.0;5000.0;100000.0,0.0193820849480783909124515,0.01938208494807839424722757,0.0193820849480783942472275689697,1.72055e-16,5.31599e-26,REFERENCE_STALE,CANONICAL_GENERATOR
Hypergeometric_Variance,all,500.0;5000.0;100000.0,23.63148631486314954486261,23.63148631486314863148631,23.6314863148631486314863148631,3.86508e-17,2.05791e-25,REFERENCE_STALE,CANONICAL_GENERATOR
Hypergeometric_StdDev,all,500.0;5000.0;100000.0,4.861222718088850314188676,4.86122271808885018827463,4.86122271808885018827463034447,2.59017e-17,7.0861e-26,REFERENCE_STALE,CANONICAL_GENERATOR
DiscreteUniform_PMF,all,1.0;1.0;6.0,0.1666666666666666574148081,0.1666666666666666666666667,0.166666666666666666666666666667,5.55112e-17,2.0e-25,REFERENCE_STALE,CANONICAL_GENERATOR
DiscreteUniform_LogPMF,all,1.0;1.0;6.0,-1.791759469228054957312679,-1.791759469228055000812477,-1.79175946922805500081247735838,2.42777e-17,2.00016e-25,REFERENCE_STALE,CANONICAL_GENERATOR
DiscreteUniform_Cumulative,all,1.0;1.0;6.0,0.1666666666666666574148081,0.1666666666666666666666667,0.166666666666666666666666666667,5.55112e-17,2.0e-25,REFERENCE_STALE,CANONICAL_GENERATOR
DiscreteUniform_Survival,all,1.0;1.0;6.0,0.8333333333333333703407675,0.8333333333333333333333333,0.833333333333333333333333333333,4.44089e-17,4.0e-26,REFERENCE_STALE,CANONICAL_GENERATOR
DiscreteUniform_PMF,all,3.0;1.0;6.0,0.1666666666666666574148081,0.1666666666666666666666667,0.166666666666666666666666666667,5.55112e-17,2.0e-25,REFERENCE_STALE,CANONICAL_GENERATOR
DiscreteUniform_LogPMF,all,3.0;1.0;6.0,-1.791759469228054957312679,-1.791759469228055000812477,-1.79175946922805500081247735838,2.42777e-17,2.00016e-25,REFERENCE_STALE,CANONICAL_GENERATOR
DiscreteUniform_PMF,all,6.0;1.0;6.0,0.1666666666666666574148081,0.1666666666666666666666667,0.166666666666666666666666666667,5.55112e-17,2.0e-25,REFERENCE_STALE,CANONICAL_GENERATOR
DiscreteUniform_LogPMF,all,6.0;1.0;6.0,-1.791759469228054957312679,-1.791759469228055000812477,-1.79175946922805500081247735838,2.42777e-17,2.00016e-25,REFERENCE_STALE,CANONICAL_GENERATOR
DiscreteUniform_Variance,all,1.0;6.0,2.91666666666666651863693,2.916666666666666666666667,2.91666666666666666666666666667,5.07531e-17,1.14286e-25,REFERENCE_STALE,CANONICAL_GENERATOR
DiscreteUniform_StdDev,all,1.0;6.0,1.70782512765993299552747,1.707825127659933063870173,1.70782512765993306387017311342,4.00174e-17,6.64121e-26,REFERENCE_STALE,CANONICAL_GENERATOR
DiscreteUniform_PMF,all,0.0;0.0;9.0,0.1000000000000000055511151,0.1,0.1,5.55112e-17,0.0,REFERENCE_STALE,CANONICAL_GENERATOR
DiscreteUniform_LogPMF,all,0.0;0.0;9.0,-2.302585092994045901093614,-2.302585092994045684017991,-2.30258509299404568401799145468,9.42747e-17,1.97467e-25,REFERENCE_STALE,CANONICAL_GENERATOR
DiscreteUniform_Cumulative,all,0.0;0.0;9.0,0.1000000000000000055511151,0.1,0.1,5.55112e-17,0.0,REFERENCE_STALE,CANONICAL_GENERATOR
DiscreteUniform_Survival,all,0.0;0.0;9.0,0.9000000000000000222044605,0.9,0.9,2.46716e-17,0.0,REFERENCE_STALE,CANONICAL_GENERATOR
DiscreteUniform_PMF,all,4.0;0.0;9.0,0.1000000000000000055511151,0.1,0.1,5.55112e-17,0.0,REFERENCE_STALE,CANONICAL_GENERATOR
DiscreteUniform_LogPMF,all,4.0;0.0;9.0,-2.302585092994045901093614,-2.302585092994045684017991,-2.30258509299404568401799145468,9.42747e-17,1.97467e-25,REFERENCE_STALE,CANONICAL_GENERATOR
DiscreteUniform_PMF,all,9.0;0.0;9.0,0.1000000000000000055511151,0.1,0.1,5.55112e-17,0.0,REFERENCE_STALE,CANONICAL_GENERATOR
DiscreteUniform_LogPMF,all,9.0;0.0;9.0,-2.302585092994045901093614,-2.302585092994045684017991,-2.30258509299404568401799145468,9.42747e-17,1.97467e-25,REFERENCE_STALE,CANONICAL_GENERATOR
DiscreteUniform_StdDev,all,0.0;9.0,2.872281323269014308152691,2.872281323269014329925306,2.87228132326901432992530573411,7.58025e-18,9.25712e-26,REFERENCE_STALE,CANONICAL_GENERATOR
DiscreteUniform_PMF,all,-5.0;-5.0;6.0,0.08333333333333332870740406,0.08333333333333333333333333,0.0833333333333333333333333333333,5.55112e-17,4.0e-26,REFERENCE_STALE,CANONICAL_GENERATOR
DiscreteUniform_LogPMF,all,-5.0;-5.0;6.0,-2.484906649788000354561746,-2.484906649788000310229709,-2.48490664978800031022970947984,1.78405e-17,1.93101e-25,REFERENCE_STALE,CANONICAL_GENERATOR
DiscreteUniform_Cumulative,all,-5.0;-5.0;6.0,0.08333333333333332870740406,0.08333333333333333333333333,0.0833333333333333333333333333333,5.55112e-17,4.0e-26,REFERENCE_STALE,CANONICAL_GENERATOR
DiscreteUniform_Survival,all,-5.0;-5.0;6.0,0.9166666666666666296592325,0.9166666666666666666666667,0.916666666666666666666666666667,4.03717e-17,3.63636e-26,REFERENCE_STALE,CANONICAL_GENERATOR
DiscreteUniform_PMF,all,0.0;-5.0;6.0,0.08333333333333332870740406,0.08333333333333333333333333,0.0833333333333333333333333333333,5.55112e-17,4.0e-26,REFERENCE_STALE,CANONICAL_GENERATOR
DiscreteUniform_LogPMF,all,0.0;-5.0;6.0,-2.484906649788000354561746,-2.484906649788000310229709,-2.48490664978800031022970947984,1.78405e-17,1.93101e-25,REFERENCE_STALE,CANONICAL_GENERATOR
DiscreteUniform_PMF,all,6.0;-5.0;6.0,0.08333333333333332870740406,0.08333333333333333333333333,0.0833333333333333333333333333333,5.55112e-17,4.0e-26,REFERENCE_STALE,CANONICAL_GENERATOR
DiscreteUniform_LogPMF,all,6.0;-5.0;6.0,-2.484906649788000354561746,-2.484906649788000310229709,-2.48490664978800031022970947984,1.78405e-17,1.93101e-25,REFERENCE_STALE,CANONICAL_GENERATOR
DiscreteUniform_Variance,all,-5.0;6.0,11.91666666666666607454772,11.91666666666666666666667,11.9166666666666666666666666667,4.96883e-17,2.7972e-25,REFERENCE_STALE,CANONICAL_GENERATOR
DiscreteUniform_StdDev,all,-5.0;6.0,3.452052529534662905774667,3.452052529534663188692863,3.45205252953466318869286272401,8.19565e-17,7.99501e-26,REFERENCE_STALE,CANONICAL_GENERATOR
DiscreteUniform_PMF,all,-999983.0;-999983.0;1000000.0,0.0000005000040000320002513822934,0.000000500004000032000256002048,0.000000500004000032000256002048016384,9.23944e-18,3.2768e-26,REFERENCE_STALE,CANONICAL_GENERATOR
DiscreteUniform_LogPMF,all,-999983.0;-999983.0;1000000.0,-14.50864973849221861712522,-14.50864973849221924285749,-14.5086497384922192428574901763,4.31282e-17,1.21544e-26,REFERENCE_STALE,CANONICAL_GENERATOR
DiscreteUniform_Cumulative,all,-999983.0;-999983.0;1000000.0,0.0000005000040000320002513822934,0.000000500004000032000256002048,0.000000500004000032000256002048016384,9.23944e-18,3.2768e-26,REFERENCE_STALE,CANONICAL_GENERATOR
DiscreteUniform_Survival,all,-999983.0;-999983.0;1000000.0,0.999999499996000018597897,0.999999499995999967999744,0.999999499995999967999743997952,5.05982e-17,2.04802e-27,REFERENCE_STALE,CANONICAL_GENERATOR
DiscreteUniform_PMF,all,8.0;-999983.0;1000000.0,0.0000005000040000320002513822934,0.000000500004000032000256002048,0.000000500004000032000256002048016384,9.23944e-18,3.2768e-26,REFERENCE_STALE,CANONICAL_GENERATOR
DiscreteUniform_LogPMF,all,8.0;-999983.0;1000000.0,-14.50864973849221861712522,-14.50864973849221924285749,-14.5086497384922192428574901763,4.31282e-17,1.21544e-26,REFERENCE_STALE,CANONICAL_GENERATOR
DiscreteUniform_PMF,all,1000000.0;-999983.0;1000000.0,0.0000005000040000320002513822934,0.000000500004000032000256002048,0.000000500004000032000256002048016384,9.23944e-18,3.2768e-26,REFERENCE_STALE,CANONICAL_GENERATOR
DiscreteUniform_LogPMF,all,1000000.0;-999983.0;1000000.0,-14.50864973849221861712522,-14.50864973849221924285749,-14.5086497384922192428574901763,4.31282e-17,1.21544e-26,REFERENCE_STALE,CANONICAL_GENERATOR
DiscreteUniform_StdDev,all,-999983.0;1000000.0,577345.6503874000627547503,577345.6503874000781420291,577345.650387400078142029111552,2.66518e-17,2.00084e-26,REFERENCE_STALE,CANONICAL_GENERATOR
DiscreteUniform_PMF,all,0.0;0.0;999983.0,0.000001000016000256004034495421,0.000001000016000256004096065537,0.00000100001600025600409606553704859,6.15691e-17,4.8592e-26,REFERENCE_STALE,CANONICAL_GENERATOR
DiscreteUniform_LogPMF,all,0.0;0.0;999983.0,-13.81549455783627244898071,-13.81549455783627273875823,-13.8154945578362727387582311851,2.09748e-17,8.57772e-26,REFERENCE_STALE,CANONICAL_GENERATOR
DiscreteUniform_Cumulative,all,0.0;0.0;999983.0,0.000001000016000256004034495421,0.000001000016000256004096065537,0.00000100001600025600409606553704859,6.15691e-17,4.8592e-26,REFERENCE_STALE,CANONICAL_GENERATOR
DiscreteUniform_Survival,all,0.0;0.0;999983.0,0.9999989999839997700803451,0.9999989999839997439959039,0.999998999983999743995903934463,2.60845e-17,3.4463e-26,REFERENCE_STALE,CANONICAL_GENERATOR
DiscreteUniform_PMF,all,499991.0;0.0;999983.0,0.000001000016000256004034495421,0.000001000016000256004096065537,0.00000100001600025600409606553704859,6.15691e-17,4.8592e-26,REFERENCE_STALE,CANONICAL_GENERATOR
DiscreteUniform_LogPMF,all,499991.0;0.0;999983.0,-13.81549455783627244898071,-13.81549455783627273875823,-13.8154945578362727387582311851,2.09748e-17,8.57772e-26,REFERENCE_STALE,CANONICAL_GENERATOR
DiscreteUniform_PMF,all,999983.0;0.0;999983.0,0.000001000016000256004034495421,0.000001000016000256004096065537,0.00000100001600025600409606553704859,6.15691e-17,4.8592e-26,REFERENCE_STALE,CANONICAL_GENERATOR
DiscreteUniform_LogPMF,all,999983.0;0.0;999983.0,-13.81549455783627244898071,-13.81549455783627273875823,-13.8154945578362727387582311851,2.09748e-17,8.57772e-26,REFERENCE_STALE,CANONICAL_GENERATOR
DiscreteUniform_Variance,all,0.0;999983.0,83330666687.91667175292969,83330666687.91666666666667,83330666687.9166666666666666667,6.10371e-17,4.00013e-26,REFERENCE_STALE,CANONICAL_GENERATOR
DiscreteUniform_StdDev,all,0.0;999983.0,288670.5157925150124356151,288670.5157925150253717228,288670.515792515025371722846767,4.48127e-17,1.62007e-25,REFERENCE_STALE,CANONICAL_GENERATOR
NormalStandard_InverseSurvival,deep_tail,1.0000000000000001e-15,7.941345326170996976600236,7.941345326170996771330131,7.94134532617099677133013070579,2.58483e-17,3.70474e-26,REFERENCE_STALE,CANONICAL_GENERATOR
NormalStandard_InverseCumulative,deep_tail,1.0000000000000001e-15,-7.941345326170996976600236,-7.941345326170996771330131,-7.94134532617099677133013070579,2.58483e-17,3.70474e-26,REFERENCE_STALE,CANONICAL_GENERATOR
Normal_InverseSurvival,deep_tail,1.0000000000000001e-15;100.0;15.0,219.1201798925649484317546,219.120179892564951569952,219.120179892564951569951960587,1.43218e-17,1.7987e-25,REFERENCE_STALE,CANONICAL_GENERATOR
Normal_InverseSurvival,deep_tail,1.0000000000000001e-15;-2.5;0.75,3.456008994628247954494782,3.456008994628247578497598,3.45600899462824757849759802935,1.08795e-16,8.49117e-27,REFERENCE_STALE,CANONICAL_GENERATOR
Lognormal_InverseSurvival,deep_tail,1.0000000000000001e-15;0.0;1.0,2811.139865527904476039112,2811.139865527905122922806,2811.13986552790512292280579012,2.30114e-16,7.46615e-26,REFERENCE_STALE,CANONICAL_GENERATOR
Lognormal_InverseSurvival,deep_tail,1.0000000000000001e-15;1.0;0.5,144.1238015330085318055353,144.1238015330086111461565,144.123801533008611146156478168,5.50503e-16,1.51479e-25,REFERENCE_STALE,CANONICAL_GENERATOR
NormalStandard_InverseSurvival,deep_tail,1.0000000000000001e-18,8.757290348782314381992364,8.757290348782315055814266,8.75729034878231505581426626853,7.69441e-17,3.06637e-26,REFERENCE_STALE,CANONICAL_GENERATOR
NormalStandard_InverseCumulative,deep_tail,1.0000000000000001e-18,-8.757290348782314381992364,-8.757290348782315055814266,-8.75729034878231505581426626853,7.69441e-17,3.06637e-26,REFERENCE_STALE,CANONICAL_GENERATOR
Normal_InverseSurvival,deep_tail,1.0000000000000001e-18;100.0;15.0,231.3593552317347246116697,231.359355231734725837214,231.359355231734725837213994028,5.29715e-18,2.58128e-26,REFERENCE_STALE,CANONICAL_GENERATOR
Normal_InverseSurvival,deep_tail,1.0000000000000001e-18;-2.5;0.75,4.067967761586736230583483,4.0679677615867362918607,4.0679677615867362918606997014,1.50633e-17,7.34032e-26,REFERENCE_STALE,CANONICAL_GENERATOR
Lognormal_InverseSurvival,deep_tail,1.0000000000000001e-18;0.0;1.0,6356.863337703417528246064,6356.863337703425131593672,6356.86333770342513159367243491,1.19608e-15,6.84151e-26,REFERENCE_STALE,CANONICAL_GENERATOR
Lognormal_InverseSurvival,deep_tail,1.0000000000000001e-18;1.0;0.5,216.7284471764749298472452,216.7284471764750661980513,216.728447176475066198051275907,6.29132e-16,1.11168e-25,REFERENCE_STALE,CANONICAL_GENERATOR
NormalStandard_InverseSurvival,deep_tail,1.0000000000000001e-30,11.46402468844361521860264,11.46402468844361571976697,11.4640246884436157197669737714,4.37163e-17,3.28976e-25,REFERENCE_STALE,CANONICAL_GENERATOR
NormalStandard_InverseCumulative,deep_tail,1.0000000000000001e-30,-11.46402468844361521860264,-11.46402468844361571976697,-11.4640246884436157197669737714,4.37163e-17,3.28976e-25,REFERENCE_STALE,CANONICAL_GENERATOR
Normal_InverseSurvival,deep_tail,1.0000000000000001e-30;100.0;15.0,271.9603703266542424898944,271.9603703266542357965046,271.960370326654235796504606571,2.46116e-17,2.4161e-26,REFERENCE_STALE,CANONICAL_GENERATOR
Normal_InverseSurvival,deep_tail,1.0000000000000001e-30;-2.5;0.75,6.098018516332711413951984,6.09801851633271178982523,6.09801851633271178982523032854,6.16386e-17,5.38768e-26,REFERENCE_STALE,CANONICAL_GENERATOR
Lognormal_InverseSurvival,deep_tail,1.0000000000000001e-30;0.0;1.0,95227.56131048947281669825,95227.56131048957435792419,95227.5613104895743579241949799,1.0663e-15,5.22949e-26,REFERENCE_STALE,CANONICAL_GENERATOR
Lognormal_InverseSurvival,deep_tail,1.0000000000000001e-30;1.0;0.5,838.8335905813289627985796,838.8335905813294338923092,838.833590581329433892309249213,5.61606e-16,5.86686e-26,REFERENCE_STALE,CANONICAL_GENERATOR
NormalStandard_InverseSurvival,deep_tail,1.0e-50,14.93333753478848890949848,14.93333753478848898065821,14.9333375347884889806582114809,4.76516e-18,9.91642e-26,REFERENCE_STALE,CANONICAL_GENERATOR
NormalStandard_InverseCumulative,deep_tail,1.0e-50,-14.93333753478848890949848,-14.93333753478848898065821,-14.9333375347884889806582114809,4.76516e-18,9.91642e-26,REFERENCE_STALE,CANONICAL_GENERATOR
Normal_InverseSurvival,deep_tail,1.0e-50;100.0;15.0,324.0000630218273727223277,324.0000630218273347098732,324.000063021827334709873172213,1.17322e-16,8.5763e-26,REFERENCE_STALE,CANONICAL_GENERATOR
Normal_InverseSurvival,deep_tail,1.0e-50;-2.5;0.75,8.700003151091365793945442,8.700003151091366735493659,8.70000315109136673549365861064,1.08224e-16,4.47541e-26,REFERENCE_STALE,CANONICAL_GENERATOR
Lognormal_InverseSurvival,deep_tail,1.0e-50;0.0;1.0,3058201.435006556566804647,3058201.435006559278273693,3058201.43500655927827369340072,8.86622e-16,1.31033e-25,REFERENCE_STALE,CANONICAL_GENERATOR
Lognormal_InverseSurvival,deep_tail,1.0e-50;1.0;0.5,4753.653538605191897659097,4753.653538605194076006063,4753.65353860519407600606325418,4.58247e-16,5.34707e-26,REFERENCE_STALE,CANONICAL_GENERATOR
NormalStandard_InverseSurvival,deep_tail,1.0e-100,21.27345356096532569267765,21.27345356096532429417952,21.2734535609653242941795170354,6.57391e-17,1.39359e-25,REFERENCE_STALE,CANONICAL_GENERATOR
NormalStandard_InverseCumulative,deep_tail,1.0e-100,-21.27345356096532569267765,-21.27345356096532429417952,-21.2734535609653242941795170354,6.57391e-17,1.39359e-25,REFERENCE_STALE,CANONICAL_GENERATOR
Normal_InverseSurvival,deep_tail,1.0e-100;100.0;15.0,419.1018034144798889428785,419.1018034144798644126928,419.10180341447986441269275553,5.85304e-17,1.06107e-25,REFERENCE_STALE,CANONICAL_GENERATOR
Normal_InverseSurvival,deep_tail,1.0e-100;-2.5;0.75,13.45509017072399515768666,13.45509017072399322063464,13.4550901707239932206346377765,1.43964e-16,1.65252e-25,REFERENCE_STALE,CANONICAL_GENERATOR
Lognormal_InverseSurvival,deep_tail,1.0e-100;0.0;1.0,1733578421.63179874420166,1733578421.631798230148614,1733578421.63179823014861409454,2.96527e-16,5.45364e-26,REFERENCE_STALE,CANONICAL_GENERATOR
Lognormal_InverseSurvival,deep_tail,1.0e-100;1.0;0.5,113179.0979347909888019785,113179.0979347909848643007,113179.097934790984864300683741,3.47916e-17,1.43654e-25,REFERENCE_STALE,CANONICAL_GENERATOR
NormalStandard_InverseSurvival,deep_tail,9.9999999999999998e-201,30.20559417957964143397476,30.20559417957964306312401,30.2055941795796430631240136623,5.39353e-17,1.21247e-25,REFERENCE_STALE,CANONICAL_GENERATOR
NormalStandard_InverseCumulative,deep_tail,9.9999999999999998e-201,-30.20559417957964143397476,-30.20559417957964306312401,-30.2055941795796430631240136623,5.39353e-17,1.21247e-25,REFERENCE_STALE,CANONICAL_GENERATOR
Normal_InverseSurvival,deep_tail,9.9999999999999998e-201;100.0;15.0,553.0839126936946286150487,553.0839126936946459468602,553.083912693694645946860204935,3.13367e-17,8.92253e-27,REFERENCE_STALE,CANONICAL_GENERATOR
Normal_InverseSurvival,deep_tail,9.9999999999999998e-201;-2.5;0.75,20.15419563468473285183791,20.15419563468473229734301,20.1541956346847322973430102467,2.75126e-17,1.22429e-26,REFERENCE_STALE,CANONICAL_GENERATOR
Lognormal_InverseSurvival,deep_tail,9.9999999999999998e-201;0.0;1.0,13125712118468.810546875,13125712118468.85310631502,13125712118468.8531063150179724,3.24245e-15,1.54475e-25,REFERENCE_STALE,CANONICAL_GENERATOR
Lognormal_InverseSurvival,deep_tail,9.9999999999999998e-201;1.0;0.5,9848178.673327362164855003,9848178.673327379494163157,9848178.67332737949416315702908,1.75965e-15,2.95294e-27,REFERENCE_STALE,CANONICAL_GENERATOR
NormalStandard_InverseSurvival,deep_tail,1.0e-300,37.04709629936120052207116,37.04709629936119923654704,37.0470962993611992365470425049,3.46997e-17,6.76137e-26,REFERENCE_STALE,CANONICAL_GENERATOR
NormalStandard_InverseCumulative,deep_tail,1.0e-300,-37.04709629936120052207116,-37.04709629936119923654704,-37.0470962993611992365470425049,3.46997e-17,6.76137e-26,REFERENCE_STALE,CANONICAL_GENERATOR
Normal_InverseSurvival,deep_tail,1.0e-300;100.0;15.0,655.7064444904179936202127,655.7064444904179885482056,655.706444490417988548205637573,7.73518e-18,5.73021e-26,REFERENCE_STALE,CANONICAL_GENERATOR
Normal_InverseSurvival,deep_tail,1.0e-300;-2.5;0.75,25.28532222452090039155337,25.28532222452089942741028,25.2853222245208994274102818787,3.81305e-17,7.42987e-26,REFERENCE_STALE,CANONICAL_GENERATOR
Lognormal_InverseSurvival,deep_tail,1.0e-300;0.0;1.0,12284273959249770.0,12284273959249777.60105213,12284273959249777.6010521256012,6.18763e-16,3.58083e-25,REFERENCE_STALE,CANONICAL_GENERATOR
Lognormal_InverseSurvival,deep_tail,1.0e-300;1.0;0.5,301279254.8774798512458801,301279254.8774799646008211,301279254.877479964600821070709,3.76245e-16,9.72233e-26,REFERENCE_STALE,CANONICAL_GENERATOR
PROB_LogBeta,tiny_unbalanced,9.9999999999999998e-13;9.8999999999999995e-14,30.0380572201975830637366,30.0380572201975796946327,30.038057220197579694632696658,1.12161e-16,1.11257e-25,REFERENCE_STALE,CANONICAL_GENERATOR
PROB_LogBeta,tiny_unbalanced,9.8999999999999995e-14;9.9999999999999998e-13,30.0380572201975830637366,30.0380572201975796946327,30.038057220197579694632696658,1.12161e-16,1.11257e-25,REFERENCE_STALE,CANONICAL_GENERATOR
PROB_LogBeta,tiny_unbalanced,9.9999999999999998e-17;9.8999999999999997e-18,39.24839759217376666811106,39.24839759217376240879767,39.2483975921737624087976673618,1.08522e-16,6.72169e-26,REFERENCE_STALE,CANONICAL_GENERATOR
PROB_LogBeta,tiny_unbalanced,9.8999999999999997e-18;9.9999999999999998e-17,39.24839759217376666811106,39.24839759217376240879767,39.2483975921737624087976673618,1.08522e-16,6.72169e-26,REFERENCE_STALE,CANONICAL_GENERATOR
PROB_LogBeta,tiny_unbalanced,1.0e-8;1.0000000000000001e-9,20.81857601675073610181244,20.81857601675073594123486,20.8185760167507359412348550966,7.71319e-18,2.35528e-25,REFERENCE_STALE,CANONICAL_GENERATOR
PROB_LogBeta,tiny_unbalanced,0.0001;1.0000000000000001e-5,11.60823564312975264556371,11.60823564312975134826841,11.6082356431297513482684126433,1.11756e-16,2.27712e-25,REFERENCE_STALE,CANONICAL_GENERATOR
PROB_LogBeta,tiny_unbalanced,9.9999999999999995e-7;1.1000000000000001e-7,16.1271454864780565685578,16.12714548647805671174557,16.1271454864780567117455672448,8.87868e-18,1.70843e-25,REFERENCE_STALE,CANONICAL_GENERATOR
PROB_LogBeta,tiny_unbalanced,9.9999999999999995e-7;1.4999999999999999e-7,15.852392485225069052035,15.85239248522506740886867,15.8523924852250674088686718764,1.03654e-16,1.18369e-25,REFERENCE_STALE,CANONICAL_GENERATOR
PROB_LogBeta,tiny_unbalanced,0.001;9.8999999999999994e-5,9.314791220533358284683345,9.314791220533356928814136,9.3147912205333569288141360858,1.45561e-16,9.21087e-27,REFERENCE_STALE,CANONICAL_GENERATOR
PROB_LogBeta,tiny_unbalanced,0.001;0.00011,9.219390026699983309299569,9.21939002669998440581589,9.21939002669998440581589021575,1.18936e-16,2.34017e-26,REFERENCE_STALE,CANONICAL_GENERATOR
Beta_Density,tiny_unbalanced,0.25;9.9999999999999998e-13;9.8999999999999995e-14,4.804367606908571160306403e-13,4.804367606908580273608883e-13,4.80436760690858027360888264028e-13,1.89688e-15,7.48745e-26,REFERENCE_STALE,CANONICAL_GENERATOR
Beta_Cumulative,tiny_unbalanced,0.25;9.9999999999999998e-13;9.8999999999999995e-14,0.09008189262956435572338165,0.09008189262956436246718806,0.0900818926295643624671880581113,7.48631e-17,2.09665e-26,REFERENCE_STALE,CANONICAL_GENERATOR
Beta_Survival,tiny_unbalanced,0.25;9.9999999999999998e-13;9.8999999999999995e-14,0.9099181073704356581544062,0.9099181073704356375328119,0.909918107370435637532811941889,2.26631e-17,4.60357e-26,REFERENCE_STALE,CANONICAL_GENERATOR
Beta_Density,tiny_unbalanced,0.5;9.9999999999999998e-13;9.8999999999999995e-14,3.603275705183787632316265e-13,3.603275705183788166347728e-13,3.60327570518378816634772826257e-13,1.48207e-16,7.28696e-26,REFERENCE_STALE,CANONICAL_GENERATOR
Beta_Cumulative,tiny_unbalanced,0.5;9.9999999999999998e-13;9.8999999999999995e-14,0.09008189262966333210602699,0.09008189262966332754141738,0.0900818926296633275414173822676,5.06718e-17,2.51732e-26,REFERENCE_STALE,CANONICAL_GENERATOR
Beta_Survival,tiny_unbalanced,0.5;9.9999999999999998e-13;9.8999999999999995e-14,0.9099181073703366262606096,0.9099181073703366724585826,0.909918107370336672458582617732,5.07716e-17,1.94879e-26,REFERENCE_STALE,CANONICAL_GENERATOR
Beta_Density,tiny_unbalanced,0.75;9.9999999999999998e-13;9.8999999999999995e-14,4.804367606913333103383552e-13,4.804367606913335875309183e-13,4.80436760691333587530918311071e-13,5.7696e-16,2.30444e-26,REFERENCE_STALE,CANONICAL_GENERATOR
Beta_Cumulative,tiny_unbalanced,0.75;9.9999999999999998e-13;9.8999999999999995e-14,0.09008189262976229461088451,0.09008189262976229261564676,0.0900818926297622926156467554043,2.21492e-17,5.10172e-26,REFERENCE_STALE,CANONICAL_GENERATOR
Beta_Survival,tiny_unbalanced,0.75;9.9999999999999998e-13;9.8999999999999995e-14,0.9099181073702377053891155,0.9099181073702377073843532,0.909918107370237707384353244596,2.19277e-18,4.90107e-26,REFERENCE_STALE,CANONICAL_GENERATOR
Beta_Density,tiny_unbalanced,0.25;9.9999999999999998e-17;9.8999999999999997e-18,4.804367606915379541691973e-17,4.804367606915376797783054e-17,4.80436760691537679778305368402e-17,5.71128e-16,6.57701e-26,REFERENCE_STALE,CANONICAL_GENERATOR
Beta_Cumulative,tiny_unbalanced,0.25;9.9999999999999998e-17;9.8999999999999997e-18,0.09008189262966331822823918,0.09008189262966331968939571,0.0900818926296633196893957058958,1.62203e-17,4.55611e-26,REFERENCE_STALE,CANONICAL_GENERATOR
Beta_Survival,tiny_unbalanced,0.25;9.9999999999999998e-17;9.8999999999999997e-18,0.9099181073703366262606096,0.9099181073703366803106043,0.909918107370336680310604294104,5.94009e-17,6.47945e-27,REFERENCE_STALE,CANONICAL_GENERATOR
Beta_Density,tiny_unbalanced,0.5;9.9999999999999998e-17;9.8999999999999997e-18,3.603275705186512931779207e-17,3.603275705186532833633404e-17,3.6032757051865328336334043699e-17,5.52327e-15,1.02656e-25,REFERENCE_STALE,CANONICAL_GENERATOR
Beta_Cumulative,tiny_unbalanced,0.5;9.9999999999999998e-17;9.8999999999999997e-18,0.09008189262966333210602699,0.09008189262966332958590313,0.0900818926296633295859031288387,2.79759e-17,1.28915e-26,REFERENCE_STALE,CANONICAL_GENERATOR
Beta_Survival,tiny_unbalanced,0.5;9.9999999999999998e-17;9.8999999999999997e-18,0.9099181073703366262606096,0.9099181073703366704140969,0.909918107370336670414096871161,4.85247e-17,3.16937e-26,REFERENCE_STALE,CANONICAL_GENERATOR
Beta_Density,tiny_unbalanced,0.75;9.9999999999999998e-17;9.8999999999999997e-18,4.804367606915379541691973e-17,4.804367606915377273343224e-17,4.8043676069153772733432237145e-17,4.72143e-16,5.9425e-26,REFERENCE_STALE,CANONICAL_GENERATOR
Beta_Cumulative,tiny_unbalanced,0.75;9.9999999999999998e-17;9.8999999999999997e-18,0.09008189262966334598381479,0.09008189262966333948241055,0.0900818926296633394824105517816,7.21722e-17,1.9778e-26,REFERENCE_STALE,CANONICAL_GENERATOR
Beta_Survival,tiny_unbalanced,0.75;9.9999999999999998e-17;9.8999999999999997e-18,0.9099181073703366262606096,0.9099181073703366605175894,0.909918107370336660517589448218,3.76484e-17,5.2992e-26,REFERENCE_STALE,CANONICAL_GENERATOR
Beta_Density,tiny_unbalanced,0.25;1.0e-8;1.0000000000000001e-9,4.848484779875755801993926e-9,4.848484779875755110014229e-9,0.00000000484848477987575511001422924268,1.42721e-16,5.00518e-26,REFERENCE_STALE,CANONICAL_GENERATOR
Beta_Cumulative,tiny_unbalanced,0.25;1.0e-8;1.0000000000000001e-9,0.09090908991035247244116846,0.09090908991035247215646966,0.0909090899103524721564696555223,3.13169e-18,4.9255e-26,REFERENCE_STALE,CANONICAL_GENERATOR
Beta_Survival,tiny_unbalanced,0.25;1.0e-8;1.0000000000000001e-9,0.9090909100896474859254681,0.9090909100896475278435303,0.909090910089647527843530344478,4.61099e-17,4.89255e-26,REFERENCE_STALE,CANONICAL_GENERATOR
Beta_Density,tiny_unbalanced,0.5;1.0e-8;1.0000000000000001e-9,3.636363608637746230723368e-9,3.636363608637749519560103e-9,0.00000000363636360863774951956010263113,9.0443e-16,1.01439e-25,REFERENCE_STALE,CANONICAL_GENERATOR
Beta_Cumulative,tiny_unbalanced,0.5;1.0e-8;1.0000000000000001e-9,0.09090909090909091161414324,0.09090909090909090577973516,0.0909090909090909057797351623202,6.41785e-17,2.55219e-26,REFERENCE_STALE,CANONICAL_GENERATOR
Beta_Survival,tiny_unbalanced,0.5;1.0e-8;1.0000000000000001e-9,0.9090909090909090606302811,0.9090909090909090942202648,0.90909090909090909422026483768,3.6949e-17,4.14478e-26,REFERENCE_STALE,CANONICAL_GENERATOR
Beta_Density,tiny_unbalanced,0.75;1.0e-8;1.0000000000000001e-9,4.848484827815203417129207e-9,4.848484827815199992341308e-9,0.00000000484848482781519999234130842768,7.06363e-16,8.82098e-26,REFERENCE_STALE,CANONICAL_GENERATOR
Beta_Cumulative,tiny_unbalanced,0.75;1.0e-8;1.0000000000000001e-9,0.09090909190782935078711802,0.0909090919078293443405191,0.0909090919078293443405191035554,7.09126e-17,3.91099e-26,REFERENCE_STALE,CANONICAL_GENERATOR
Beta_Survival,tiny_unbalanced,0.75;1.0e-8;1.0000000000000001e-9,0.9090909080921706353350942,0.9090909080921706556594809,0.909090908092170655659480896445,2.23568e-17,3.91099e-27,REFERENCE_STALE,CANONICAL_GENERATOR
Beta_Density,tiny_unbalanced,0.25;0.0001;1.0000000000000001e-5,0.0000484779881405707075412749,0.00004847798814057070631038733,0.0000484779881405707063103873343147,2.53906e-17,8.90023e-26,REFERENCE_STALE,CANONICAL_GENERATOR
Beta_Cumulative,tiny_unbalanced,0.25;0.0001;1.0000000000000001e-5,0.09089910391378794307648548,0.09089910391378794539242826,0.0908991039137879453924282586954,2.54782e-17,1.43521e-26,REFERENCE_STALE,CANONICAL_GENERATOR
Beta_Survival,tiny_unbalanced,0.25;0.0001;1.0000000000000001e-5,0.9091008960862120291679389,0.9091008960862120546075717,0.909100896086212054607571741305,2.79833e-17,4.54346e-26,REFERENCE_STALE,CANONICAL_GENERATOR
Beta_Density,tiny_unbalanced,0.5;0.0001;1.0000000000000001e-5,0.0000363608639404175079667958,0.000036360863940417519773648,0.0000363608639404175197736480038449,3.24713e-16,1.05743e-25,REFERENCE_STALE,CANONICAL_GENERATOR
Beta_Cumulative,tiny_unbalanced,0.5;0.0001;1.0000000000000001e-5,0.0909090902362579833528855,0.09090909023625799025985751,0.0909090902362579902598575056711,7.59767e-17,4.76184e-26,REFERENCE_STALE,CANONICAL_GENERATOR
Beta_Survival,tiny_unbalanced,0.5;0.0001;1.0000000000000001e-5,0.9090909097637420721582657,0.9090909097637420097401425,0.909090909763742009740142494329,6.86599e-17,6.23816e-27,REFERENCE_STALE,CANONICAL_GENERATOR
Beta_Density,tiny_unbalanced,0.75;0.0001;1.0000000000000001e-5,0.00004848278164376096827396442,0.00004848278164376097147330374,0.0000484827816437609714733037413336,6.59892e-17,2.75062e-26,REFERENCE_STALE,CANONICAL_GENERATOR
Beta_Cumulative,tiny_unbalanced,0.75;0.0001;1.0000000000000001e-5,0.09091907705243827686469871,0.09091907705243827129687828,0.0909190770524382712968782756605,6.12393e-17,4.77295e-26,REFERENCE_STALE,CANONICAL_GENERATOR
Beta_Survival,tiny_unbalanced,0.75;0.0001;1.0000000000000001e-5,0.9090809229475617092575135,0.9090809229475617287031217,0.90908092294756172870312172434,2.13904e-17,2.67738e-26,REFERENCE_STALE,CANONICAL_GENERATOR
Beta_Density,tiny_unbalanced,0.25;0.001;9.8999999999999994e-5,0.0004797576094847139267784986,0.0004797576094847142766493988,0.000479757609484714276649398841573,7.29266e-16,8.6654e-26,REFERENCE_STALE,CANONICAL_GENERATOR
Beta_Cumulative,tiny_unbalanced,0.25;0.001;9.8999999999999994e-5,0.08998296601294630825407239,0.08998296601294630709489061,0.0899829660129463070948906078153,1.28822e-17,2.42795e-26,REFERENCE_STALE,CANONICAL_GENERATOR
Beta_Survival,tiny_unbalanced,0.25;0.001;9.8999999999999994e-5,0.9100170339870536917459276,0.9100170339870536929051094,0.910017033987053692905109392185,1.2738e-18,8.58803e-27,REFERENCE_STALE,CANONICAL_GENERATOR
Beta_Density,tiny_unbalanced,0.5;0.001;9.8999999999999994e-5,0.0003600532473432176746447331,0.0003600532473432180426666742,0.000360053247343218042666674224558,1.02213e-15,6.82068e-26,REFERENCE_STALE,CANONICAL_GENERATOR
Beta_Cumulative,tiny_unbalanced,0.5;0.001;9.8999999999999994e-5,0.09008182596883820836275447,0.09008182596883821444531404,0.090081825968838214445314035362,6.75226e-17,5.14866e-26,REFERENCE_STALE,CANONICAL_GENERATOR
Beta_Survival,tiny_unbalanced,0.5;0.001;9.8999999999999994e-5,0.9099181740311618193928211,0.909918174031161785554686,0.909918174031161785554685964638,3.71881e-17,3.88628e-26,REFERENCE_STALE,CANONICAL_GENERATOR
Beta_Density,tiny_unbalanced,0.75;0.001;9.8999999999999994e-5,0.0004802327325085356860522035,0.0004802327325085361654661183,0.000480232732508536165466118316151,9.98295e-16,3.36325e-26,REFERENCE_STALE,CANONICAL_GENERATOR
Beta_Cumulative,tiny_unbalanced,0.75;0.001;9.8999999999999994e-5,0.09018073486378588854428529,0.09018073486378589047546456,0.0901807348637858904754645631564,2.14145e-17,3.50013e-26,REFERENCE_STALE,CANONICAL_GENERATOR
Beta_Survival,tiny_unbalanced,0.75;0.001;9.8999999999999994e-5,0.9098192651362141392112903,0.9098192651362141095245354,0.909819265136214109524535436844,3.26293e-17,4.04955e-26,REFERENCE_STALE,CANONICAL_GENERATOR
F_Density,tiny_unbalanced,0.0098999999999999991;2.0e-12;1.9799999999999999e-13,9.09918107368146382721197e-12,9.099181073681462341758623e-12,9.09918107368146234175862338256e-12,1.63251e-16,4.20436e-26,REFERENCE_STALE,CANONICAL_GENERATOR
F_Cumulative,tiny_unbalanced,0.0098999999999999991;2.0e-12;1.9799999999999999e-13,0.09008189262945590081166358,0.09008189262945590631829994,0.0900818926294559063182999398587,6.11292e-17,1.56811e-27,REFERENCE_STALE,CANONICAL_GENERATOR
F_Survival,tiny_unbalanced,0.0098999999999999991;2.0e-12;1.9799999999999999e-13,0.909918107370544126943912,0.9099181073705440936817001,0.909918107370544093681700060141,3.65552e-17,4.38048e-26,REFERENCE_STALE,CANONICAL_GENERATOR
F_Density,tiny_unbalanced,0.098999999999999991;2.0e-12;1.9799999999999999e-13,9.099181073696422144587899e-13,9.099181073696435610449806e-13,9.09918107369643561044980637983e-13,1.4799e-15,4.17436e-26,REFERENCE_STALE,CANONICAL_GENERATOR
F_Cumulative,tiny_unbalanced,0.098999999999999991;2.0e-12;1.9799999999999999e-13,0.09008189262966333210602699,0.09008189262966332754141738,0.0900818926296633275414173822623,5.06718e-17,2.51138e-26,REFERENCE_STALE,CANONICAL_GENERATOR
F_Survival,tiny_unbalanced,0.098999999999999991;2.0e-12;1.9799999999999999e-13,0.9099181073703366262606096,0.9099181073703366724585826,0.909918107370336672458582617738,5.07716e-17,1.94937e-26,REFERENCE_STALE,CANONICAL_GENERATOR
F_Density,tiny_unbalanced,1.0101010101010102;1.9799999999999999e-13;2.0e-12,8.918107370333694231190679e-14,8.918107370333701602484142e-14,8.91810737033370160248414205457e-14,8.26554e-16,6.11896e-27,REFERENCE_STALE,CANONICAL_GENERATOR
F_Cumulative,tiny_unbalanced,1.0101010101010102;1.9799999999999999e-13;2.0e-12,0.9099181073701292365996096,0.909918107370129251235465,0.909918107370129251235464960171,1.60848e-17,4.37726e-26,REFERENCE_STALE,CANONICAL_GENERATOR
F_Survival,tiny_unbalanced,1.0101010101010102;1.9799999999999999e-13;2.0e-12,0.09008189262987076340039039,0.09008189262987074876453504,0.0900818926298707487645350398295,1.62473e-16,1.89278e-27,REFERENCE_STALE,CANONICAL_GENERATOR
F_Density,tiny_unbalanced,0.099000000000000005;2.0e-16;1.9799999999999999e-17,9.099181073703368784693946e-17,9.099181073703365312923694e-17,9.09918107370336531292369386653e-17,3.81548e-16,1.46682e-26,REFERENCE_STALE,CANONICAL_GENERATOR
F_Cumulative,tiny_unbalanced,0.099000000000000005;2.0e-16;1.9799999999999999e-17,0.09008189262966333210602699,0.09008189262966332958590313,0.0900818926296633295859031288387,2.79759e-17,1.28915e-26,REFERENCE_STALE,CANONICAL_GENERATOR
F_Survival,tiny_unbalanced,0.099000000000000005;2.0e-16;1.9799999999999999e-17,0.9099181073703366262606096,0.9099181073703366704140969,0.909918107370336670414096871161,4.85247e-17,3.16937e-26,REFERENCE_STALE,CANONICAL_GENERATOR
F_Density,tiny_unbalanced,0.98999999999999999;2.0e-16;1.9799999999999999e-17,9.099181073703326876458356e-18,9.099181073703366213547569e-18,9.09918107370336621354756914374e-18,4.32315e-15,1.57969e-26,REFERENCE_STALE,CANONICAL_GENERATOR
F_Cumulative,tiny_unbalanced,0.98999999999999999;2.0e-16;1.9799999999999999e-17,0.09008189262966334598381479,0.09008189262966335032802544,0.090081892629663350328025440614,4.82251e-17,6.81604e-27,REFERENCE_STALE,CANONICAL_GENERATOR
F_Survival,tiny_unbalanced,0.98999999999999999;2.0e-16;1.9799999999999999e-17,0.9099181073703366262606096,0.9099181073703366496719746,0.909918107370336649671974559386,2.57291e-17,4.46348e-26,REFERENCE_STALE,CANONICAL_GENERATOR
F_Density,tiny_unbalanced,0.01;2.0e-8;2.0000000000000001e-9,9.090908872052171947732651e-8,9.09090887205215851046701e-8,0.0000000909090887205215851046700964874,1.4781e-15,3.8639e-26,REFERENCE_STALE,CANONICAL_GENERATOR
F_Cumulative,tiny_unbalanced,0.01;2.0e-8;2.0000000000000001e-9,0.09090908881583176226470755,0.09090908881583176167875714,0.0909090888158317616787571354115,6.44545e-18,5.04735e-26,REFERENCE_STALE,CANONICAL_GENERATOR
F_Survival,tiny_unbalanced,0.01;2.0e-8;2.0000000000000001e-9,0.9090909111841682932464437,0.9090909111841682383212429,0.909090911184168238321242864588,6.04177e-17,3.89527e-26,REFERENCE_STALE,CANONICAL_GENERATOR
F_Density,tiny_unbalanced,0.10000000000000001;2.0e-8;2.0000000000000001e-9,9.090909021594373021433932e-9,9.090909021594373294253432e-9,0.00000000909090902159437329425343162944,3.00101e-17,4.07613e-26,REFERENCE_STALE,CANONICAL_GENERATOR
F_Cumulative,tiny_unbalanced,0.10000000000000001;2.0e-8;2.0000000000000001e-9,0.09090909090909091161414324,0.09090909090909090577973518,0.0909090909090909057797351751857,6.41785e-17,5.29569e-26,REFERENCE_STALE,CANONICAL_GENERATOR
F_Survival,tiny_unbalanced,0.10000000000000001;2.0e-8;2.0000000000000001e-9,0.9090909090909090606302811,0.9090909090909090942202648,0.909090909090909094220264824814,3.6949e-17,2.72957e-26,REFERENCE_STALE,CANONICAL_GENERATOR
F_Density,tiny_unbalanced,1.0;2.0e-8;2.0000000000000001e-9,9.090909060445484882848295e-10,9.090909060445481906763557e-10,9.09090906044548190676355665366e-10,3.27369e-16,3.80973e-26,REFERENCE_STALE,CANONICAL_GENERATOR
F_Cumulative,tiny_unbalanced,1.0;2.0e-8;2.0000000000000001e-9,0.09090909300235007484136673,0.09090909300235007157029608,0.0909090930023500715702960770425,3.59818e-17,3.2533e-26,REFERENCE_STALE,CANONICAL_GENERATOR
F_Survival,tiny_unbalanced,1.0;2.0e-8;2.0000000000000001e-9,0.9090909069976499390364211,0.9090909069976499284297039,0.909090906997649928429703922958,1.16674e-17,2.52533e-26,REFERENCE_STALE,CANONICAL_GENERATOR
F_Density,tiny_unbalanced,0.01;0.00020000000000000001;2.0000000000000002e-5,0.0009088720799922799659098516,0.0009088720799922813813280344,0.000908872079992281381328034371936,1.55733e-15,3.0878e-26,REFERENCE_STALE,CANONICAL_GENERATOR
F_Cumulative,tiny_unbalanced,0.01;0.00020000000000000001;2.0000000000000002e-5,0.09088816077902553414169518,0.09088816077902553184247121,0.0908881607790255318424712127819,2.52973e-17,3.06081e-26,REFERENCE_STALE,CANONICAL_GENERATOR
F_Survival,tiny_unbalanced,0.01;0.00020000000000000001;2.0000000000000002e-5,0.9091118392209744936138804,0.9091118392209744681575288,0.909111839220974468157528787218,2.80013e-17,1.40598e-26,REFERENCE_STALE,CANONICAL_GENERATOR
F_Density,tiny_unbalanced,0.10000000000000001;0.00020000000000000001;2.0000000000000002e-5,0.00009090215985104368860182655,0.00009090215985104379438812495,0.0000909021598510437943881249458086,1.16374e-15,4.61089e-26,REFERENCE_STALE,CANONICAL_GENERATOR
F_Cumulative,tiny_unbalanced,0.10000000000000001;0.00020000000000000001;2.0000000000000002e-5,0.0909090902362579833528855,0.09090909023625799026005413,0.0909090902362579902600541255278,7.59789e-17,4.91937e-26,REFERENCE_STALE,CANONICAL_GENERATOR
F_Survival,tiny_unbalanced,0.10000000000000001;0.00020000000000000001;2.0000000000000002e-5,0.9090909097637420721582657,0.9090909097637420097399459,0.909090909763742009739945874472,6.86602e-17,2.80806e-26,REFERENCE_STALE,CANONICAL_GENERATOR
F_Density,tiny_unbalanced,1.0;0.00020000000000000001;2.0000000000000002e-5,0.000009090604474868103497780907,0.00000909060447486810179711707,0.00000909060447486810179711707021914,1.87079e-16,2.41061e-26,REFERENCE_STALE,CANONICAL_GENERATOR
F_Cumulative,tiny_unbalanced,1.0;0.00020000000000000001;2.0000000000000002e-5,0.09093002186221364746554485,0.09093002186221364296295365,0.0909300218622136429629536528334,4.95171e-17,3.11606e-26,REFERENCE_STALE,CANONICAL_GENERATOR
F_Survival,tiny_unbalanced,1.0;0.00020000000000000001;2.0000000000000002e-5,0.9090699781377863386566673,0.9090699781377863570370463,0.909069978137786357037046347167,2.02189e-17,5.18844e-26,REFERENCE_STALE,CANONICAL_GENERATOR
Beta_InverseCumulative,tiny_unbalanced_representable,0.020391305237761687;0.5;0.050000000000000003,0.04601031892528296973754465,0.0460103189252829776817163,0.0460103189252829776817163049834,1.72661e-16,0,BOTH_STALE,INDEPENDENT_ORACLE
Beta_InverseCumulative,tiny_unbalanced_representable,0.011614828246796624;0.20000000000000001;0.01,0.0008504300838312334057458863,0.0008504300838312332800788581,0.000850430083831233280078858097387,1.47769e-16,0,BOTH_STALE,INDEPENDENT_ORACLE
Beta_InverseCumulative,tiny_unbalanced_representable,0.023229656493593247;0.20000000000000001;0.01,0.026633715837628631900591,0.02663371583762862828433306,0.0266337158376286282843330621596,1.35777e-16,0,BOTH_STALE,INDEPENDENT_ORACLE
Beta_InverseCumulative,tiny_unbalanced_representable,0.090818181146021734;0.0001;1.0000000000000001e-5,0.00004516721985175111943799572,0.00004516721985176109752297216,0.0000451672198517610975229721626422,2.20914e-13,0,BOTH_STALE,INDEPENDENT_ORACLE
Beta_InverseCumulative,tiny_unbalanced_representable,0.090908181145355635;0.0001;1.0000000000000001e-5,0.4750188540160881767171475,0.47501885401617214363346,0.475018854016172143633460000121,1.76765e-13,0,BOTH_STALE,INDEPENDENT_ORACLE
F_InverseCumulative,tiny_unbalanced_representable,0.041835878752360681;1.0;0.10000000000000001,0.02146355524527151364955202,0.02146355524527151551756332,0.0214635552452715155175633204584,8.70318e-17,0,BOTH_STALE,INDEPENDENT_ORACLE
F_InverseCumulative,tiny_unbalanced_representable,0.083671757504721361;1.0;0.10000000000000001,0.1067565108965985165578871,0.1067565108965985188060758,0.10675651089659851880607584894,2.1059e-17,0,BOTH_STALE,INDEPENDENT_ORACLE
F_InverseCumulative,tiny_unbalanced_representable,0.15060916350849846;1.0;0.10000000000000001,0.654986198326471202868504,0.6549861983264713460869071,0.654986198326471346086907099838,2.18659e-16,0,BOTH_STALE,INDEPENDENT_ORACLE
F_InverseCumulative,tiny_unbalanced_representable,0.16717617149443328;1.0;0.10000000000000001,0.9957837553502971728036641,0.9957837553502973832462148,0.995783755350297383246214848096,2.11334e-16,0,BOTH_STALE,INDEPENDENT_ORACLE
F_InverseCumulative,tiny_unbalanced_representable,0.018292907737209336;0.40000000000000002;0.02,0.0004129422049921150977488948,0.0004129422049921149347088256,0.000412942204992114934708825633725,3.94825e-16,0,BOTH_STALE,INDEPENDENT_ORACLE
F_InverseCumulative,tiny_unbalanced_representable,0.036585815474418672;0.40000000000000002;0.02,0.01379719153186172858616132,0.01379719153186172187404898,0.0137971915318617218740489792192,4.86484e-16,0,BOTH_STALE,INDEPENDENT_ORACLE
F_InverseCumulative,tiny_unbalanced_representable,0.065854467853953616;0.40000000000000002;0.02,0.4500007034584452281222866,0.4500007034584452245028831,0.450000703458445224502883056829,8.04311e-18,0,BOTH_STALE,INDEPENDENT_ORACLE
F_InverseCumulative,tiny_unbalanced_representable,0.073098459317888512;0.40000000000000002;0.02,0.9920563872998486854015709,0.9920563872998486594073559,0.992056387299848659407355888215,2.62024e-17,0,BOTH_STALE,INDEPENDENT_ORACLE
F_InverseCumulative,tiny_unbalanced_representable,0.090839091840351424;0.00020000000000000001;2.0000000000000002e-5,0.00004515249603705946766351448,0.00004515249603703414461200275,0.0000451524960370341446120027533222,5.60834e-13,0,BOTH_STALE,INDEPENDENT_ORACLE
