function,regime,arg1,arg2,arg3,arg4,arg1_hex,arg2_hex,arg3_hex,arg4_hex,committed_reference,generator_reference,independent_oracle,committed_abs_error,generator_abs_error,committed_rel_error,generator_rel_error,oracle_dps_low,oracle_dps_high,oracle_value_low,oracle_value_high,oracle_convergence_delta,oracle_residual,argument_text_diff,argument_bits_equal,classification,replacement_source,oracle_method
NegativeBinomial_PMF,all,4.0,1.0,0.20000000000000001,,4010000000000000,3ff0000000000000,3fc999999999999a,,0.08192000000000002057909398,0.08192,0.08192,2.05791e-17,1.57772e-34,2.5121e-16,1.92593e-33,160,260,0.08192,0.08192,3.81088e-262,,1,1,REFERENCE_STALE,CANONICAL_GENERATOR,loggamma
NegativeBinomial_LogPMF,all,4.0,1.0,0.20000000000000001,,4010000000000000,3ff0000000000000,3fc999999999999a,,-2.502012117690939341230205,-2.50201211769093939766594,-2.50201211769093939766593969447,5.64357e-17,3.05534e-25,2.25561e-17,1.22116e-25,160,260,-2.50201211769093939766593969447,-2.50201211769093939766593969447,1.88822e-161,,1,1,REFERENCE_STALE,CANONICAL_GENERATOR,loggamma
NegativeBinomial_Cumulative,all,4.0,1.0,0.20000000000000001,,4010000000000000,3ff0000000000000,3fc999999999999a,,0.6723200000000002507505314,0.67232,0.672320000000000022737367544323,2.28013e-16,2.27374e-17,3.39144e-16,3.38193e-17,160,260,0.672320000000000022737367544323,0.672320000000000022737367544323,0.0,,1,1,REFERENCE_STALE,CANONICAL_GENERATOR,betainc/direct sum
NegativeBinomial_Survival,all,4.0,1.0,0.20000000000000001,,4010000000000000,3ff0000000000000,3fc999999999999a,,0.327679999999999860271771,0.32768,0.327679999999999977262632455677,1.16991e-16,2.27374e-17,3.57028e-16,6.93889e-17,160,260,0.327679999999999977262632455677,0.327679999999999977262632455677,0.0,,1,1,REFERENCE_STALE,CANONICAL_GENERATOR,betainc/direct sum
NegativeBinomial_PMF,all,17.0,1.0,0.20000000000000001,,4031000000000000,3ff0000000000000,3fc999999999999a,,0.004503599627370500659007124,0.004503599627370496,0.0045035996273704951875,5.47151e-18,8.125e-19,1.21492e-15,1.80411e-16,160,260,0.0045035996273704951875,0.0045035996273704951875,1.64872e-163,,1,1,REFERENCE_STALE,CANONICAL_GENERATOR,loggamma
NegativeBinomial_LogPMF,all,17.0,1.0,0.20000000000000001,,4031000000000000,3ff0000000000000,3fc999999999999a,,-5.402878284775665562733593,-5.402878284775666222627776,-5.40287828477566640303901737008,8.40305e-16,1.80411e-16,1.55529e-16,3.33917e-17,160,260,-5.40287828477566640303901737008,-5.40287828477566640303901737008,8.32827e-162,,1,1,REFERENCE_STALE,CANONICAL_GENERATOR,loggamma
NegativeBinomial_Cumulative,all,17.0,1.0,0.20000000000000001,,4031000000000000,3ff0000000000000,3fc999999999999a,,0.9819856014905180563445697,0.981985601490518016,0.9819856014905180205,3.58446e-17,4.5e-18,3.65021e-17,4.58255e-18,160,260,0.9819856014905180205,0.9819856014905180205,8.37888e-163,,1,1,REFERENCE_STALE,CANONICAL_GENERATOR,betainc/direct sum
NegativeBinomial_Survival,all,17.0,1.0,0.20000000000000001,,4031000000000000,3ff0000000000000,3fc999999999999a,,0.01801439850948195406377117,0.018014398509481984,0.0180143985094819795,2.54362e-17,4.5e-18,1.41199e-15,2.498e-16,160,260,0.0180143985094819795,0.0180143985094819795,8.37888e-163,,1,1,REFERENCE_STALE,CANONICAL_GENERATOR,betainc/direct sum
NegativeBinomial_Variance,all,1.0,0.20000000000000001,,,3ff0000000000000,3fc999999999999a,,,19.99999999999999644728632,20.0,19.9999999999999975019981945934,1.05471e-15,2.498e-15,5.27356e-17,1.249e-16,160,260,19.9999999999999975019981945934,19.9999999999999975019981945934,7.50181e-161,,1,1,BOTH_STALE,INDEPENDENT_ORACLE,exact rational
NegativeBinomial_StdDev,all,1.0,0.20000000000000001,,,3ff0000000000000,3fc999999999999a,,,4.472135954999578721924536,4.472135954999579392818347,4.47213595499957911353325509714,3.91609e-16,2.79285e-16,8.75664e-17,6.245e-17,160,260,4.47213595499957911353325509714,4.47213595499957911353325509714,2.57531e-161,,1,1,BOTH_STALE,INDEPENDENT_ORACLE,exact rational + sqrt
NegativeBinomial_LogPMF,all,1.0,1.0,0.5,,3ff0000000000000,3ff0000000000000,3fe0000000000000,,-1.386294361119890572453528,-1.386294361119890618834464,-1.38629436111989061883446424292,4.63809e-17,2.42916e-25,3.34568e-17,1.75227e-25,160,260,-1.38629436111989061883446424292,-1.38629436111989061883446424292,7.68726e-163,,0,1,REFERENCE_STALE,CANONICAL_GENERATOR,loggamma
NegativeBinomial_Survival,all,1.0,1.0,0.5,,3ff0000000000000,3ff0000000000000,3fe0000000000000,,0.2500000000000000555111512,0.25,0.25,5.55112e-17,0.0,2.22045e-16,0.0,160,260,0.25,0.25,0.0,,0,1,REFERENCE_STALE,CANONICAL_GENERATOR,betainc/direct sum
NegativeBinomial_LogPMF,all,5.0,1.0,0.5,,4014000000000000,3ff0000000000000,3fe0000000000000,,-4.158883083359671495315979,-4.158883083359671856503393,-4.15888308335967185650339272875,3.61187e-16,2.71251e-25,8.68472e-17,6.52221e-26,160,260,-4.15888308335967185650339272875,-4.15888308335967185650339272875,1.54759e-161,,0,1,REFERENCE_STALE,CANONICAL_GENERATOR,loggamma
NegativeBinomial_Survival,all,5.0,1.0,0.5,,4014000000000000,3ff0000000000000,3fe0000000000000,,0.01562500000000001387778781,0.015625,0.015625,1.38778e-17,0.0,8.88178e-16,0.0,160,260,0.015625,0.015625,0.0,,0,1,REFERENCE_STALE,CANONICAL_GENERATOR,betainc/direct sum
NegativeBinomial_StdDev,all,1.0,0.5,,,3ff0000000000000,3fe0000000000000,,,1.414213562373095145474622,1.414213562373095048801689,1.41421356237309504880168872421,9.66729e-17,2.7579e-25,6.83581e-17,1.95013e-25,160,260,1.41421356237309504880168872421,1.41421356237309504880168872421,4.69768e-162,,0,1,REFERENCE_STALE,CANONICAL_GENERATOR,exact rational + sqrt
NegativeBinomial_PMF,all,0.0,1.0,0.84999999999999998,,0000000000000000,3ff0000000000000,3feb333333333333,,0.8499999999999999777955395,0.85,0.849999999999999977795539507497,7.49687e-27,2.22045e-17,8.81985e-27,2.61229e-17,160,260,0.849999999999999977795539507497,0.849999999999999977795539507497,0.0,,1,1,GENERATOR_STALE,BLOCKED_GENERATOR,loggamma
NegativeBinomial_LogPMF,all,0.0,1.0,0.84999999999999998,,0000000000000000,3ff0000000000000,3feb333333333333,,-0.16251892949777493879715,-0.162518929497774913185689,-0.162518929497774939308583655332,5.11434e-19,2.61229e-17,3.14692e-18,1.60738e-16,160,260,-0.162518929497774939308583655332,-0.162518929497774939308583655332,8.15234e-163,,1,1,GENERATOR_STALE,BLOCKED_GENERATOR,loggamma
NegativeBinomial_Cumulative,all,0.0,1.0,0.84999999999999998,,0000000000000000,3ff0000000000000,3feb333333333333,,0.8499999999999999777955395,0.85,0.849999999999999977795539507497,7.49687e-27,2.22045e-17,8.81985e-27,2.61229e-17,160,260,0.849999999999999977795539507497,0.849999999999999977795539507497,0.0,,1,1,GENERATOR_STALE,BLOCKED_GENERATOR,betainc/direct sum
NegativeBinomial_Survival,all,0.0,1.0,0.84999999999999998,,0000000000000000,3ff0000000000000,3feb333333333333,,0.1500000000000000222044605,0.15,0.150000000000000022204460492503,7.49687e-27,2.22045e-17,4.99791e-26,1.4803e-16,160,260,0.150000000000000022204460492503,0.150000000000000022204460492503,0.0,,1,1,GENERATOR_STALE,BLOCKED_GENERATOR,betainc/direct sum
NegativeBinomial_PMF,all,1.0,1.0,0.84999999999999998,,3ff0000000000000,3ff0000000000000,3feb333333333333,,0.127500000000000002220446,0.1275,0.127500000000000015543122344752,1.33227e-17,1.55431e-17,1.04492e-16,1.21907e-16,160,260,0.127500000000000015543122344752,0.127500000000000015543122344752,2.22276e-162,,1,1,BOTH_STALE,INDEPENDENT_ORACLE,loggamma
NegativeBinomial_LogPMF,all,1.0,1.0,0.84999999999999998,,3ff0000000000000,3ff0000000000000,3feb333333333333,,-2.059638914383655983186827,-2.059638914383656215225667,-2.05963891438365609331882537786,1.10132e-16,1.21907e-16,5.34715e-17,5.91885e-17,160,260,-2.05963891438365609331882537786,-2.05963891438365609331882537786,7.81416e-163,,1,1,BOTH_STALE,INDEPENDENT_ORACLE,loggamma
NegativeBinomial_Cumulative,all,1.0,1.0,0.84999999999999998,,3ff0000000000000,3ff0000000000000,3feb333333333333,,0.9775000000000000355271368,0.9775,0.977499999999999993338661852249,4.21885e-17,6.66134e-18,4.31596e-17,6.81467e-18,160,260,0.977499999999999993338661852249,0.977499999999999993338661852249,0.0,,1,1,REFERENCE_STALE,CANONICAL_GENERATOR,betainc/direct sum
NegativeBinomial_Survival,all,1.0,1.0,0.84999999999999998,,3ff0000000000000,3ff0000000000000,3feb333333333333,,0.02250000000000000957567359,0.0225,0.0225000000000000066613381477509,2.91434e-18,6.66134e-18,1.29526e-16,2.96059e-16,160,260,0.0225000000000000066613381477509,0.0225000000000000066613381477509,0.0,,1,1,BOTH_STALE,INDEPENDENT_ORACLE,betainc/direct sum
NegativeBinomial_Mean,all,1.0,0.84999999999999998,,,3ff0000000000000,3feb333333333333,,,0.1764705882352941568314009,0.1764705882352941176470588,0.176470588235294148379876114191,8.45152e-18,3.07328e-17,4.7892e-17,1.74153e-16,160,260,0.176470588235294148379876114191,0.176470588235294148379876114191,3.64993e-165,,1,1,BOTH_STALE,INDEPENDENT_ORACLE,exact rational
NegativeBinomial_Variance,all,1.0,0.84999999999999998,,,3ff0000000000000,3feb333333333333,,,0.2076124567474048887572025,0.2076124567474048442906574,0.20761245674740488587035142093,2.88685e-18,4.15797e-17,1.3905e-17,2.00276e-16,160,260,0.20761245674740488587035142093,0.20761245674740488587035142093,8.19966e-163,,1,1,GENERATOR_STALE,BLOCKED_GENERATOR,exact rational
NegativeBinomial_StdDev,all,1.0,0.84999999999999998,,,3ff0000000000000,3feb333333333333,,,0.4556450995538137704876647,0.4556450995538137511975606,0.455645099553813796824841628963,2.63372e-17,4.56273e-17,5.7802e-17,1.00138e-16,160,260,0.455645099553813796824841628963,0.455645099553813796824841628963,2.89164e-162,,1,1,BOTH_STALE,INDEPENDENT_ORACLE,exact rational + sqrt
NegativeBinomial_PMF,all,20.0,5.0,0.20000000000000001,,4034000000000000,4014000000000000,3fc999999999999a,,0.03920302050544759164818487,0.0392030205054475390943232,0.0392030205054475390943232,5.25539e-17,3.77511e-34,1.34056e-15,9.62965e-33,160,260,0.0392030205054475390943232,0.0392030205054475390943232,1.14754e-161,,1,1,REFERENCE_STALE,CANONICAL_GENERATOR,loggamma
NegativeBinomial_LogPMF,all,20.0,5.0,0.20000000000000001,,4034000000000000,4014000000000000,3fc999999999999a,,-3.239001481443807506366284,-3.239001481443808447543172,-3.23900148144380844754317196073,9.41177e-16,3.92716e-26,2.90576e-16,1.21246e-26,160,260,-3.23900148144380844754317196073,-3.23900148144380844754317196073,2.77051e-160,,1,1,REFERENCE_STALE,CANONICAL_GENERATOR,loggamma
NegativeBinomial_Cumulative,all,20.0,5.0,0.20000000000000001,,4034000000000000,4014000000000000,3fc999999999999a,,0.579325690747865995611221,0.5793256907478684173074432,0.5793256907478684717125632,2.4761e-15,5.44051e-17,4.27411e-15,9.39111e-17,160,260,0.5793256907478684717125632,0.5793256907478684717125632,2.57698e-162,,1,1,REFERENCE_STALE,CANONICAL_GENERATOR,betainc/direct sum
NegativeBinomial_Survival,all,20.0,5.0,0.20000000000000001,,4034000000000000,4014000000000000,3fc999999999999a,,0.4206743092521324500765445,0.4206743092521315826925568,0.4206743092521315282874368,9.21789e-16,5.44051e-17,2.19122e-15,1.29328e-16,160,260,0.4206743092521315282874368,0.4206743092521315282874368,2.57698e-162,,1,1,REFERENCE_STALE,CANONICAL_GENERATOR,betainc/direct sum
NegativeBinomial_PMF,all,50.0,5.0,0.20000000000000001,,4049000000000000,4014000000000000,3fc999999999999a,,0.001444379232211052228526671,0.001444379232211048058702605,0.00144437923221104745735894982843,4.77117e-18,6.01344e-19,3.30327e-15,4.16334e-16,160,260,0.00144437923221104745735894982843,0.00144437923221104745735894982843,2.14117e-163,,1,1,REFERENCE_STALE,CANONICAL_GENERATOR,loggamma
NegativeBinomial_LogPMF,all,50.0,5.0,0.20000000000000001,,4049000000000000,4014000000000000,3fc999999999999a,,-6.540075646806783993270074,-6.540075646806785936685324,-6.54007564680678635301895850682,2.35975e-15,4.16334e-16,3.60814e-16,6.36588e-17,160,260,-6.54007564680678635301895850682,-6.54007564680678635301895850682,1.08611e-160,,1,1,REFERENCE_STALE,CANONICAL_GENERATOR,loggamma
NegativeBinomial_Cumulative,all,50.0,5.0,0.20000000000000001,,4049000000000000,4014000000000000,3fc999999999999a,,0.9913491708521631196049384,0.9913491708521632526280011,0.991349170852163257037854606169,1.37433e-16,4.40985e-18,1.38632e-16,4.44834e-18,160,260,0.991349170852163257037854606169,0.991349170852163257037854606169,3.33833e-162,,1,1,REFERENCE_STALE,CANONICAL_GENERATOR,betainc/direct sum
NegativeBinomial_Survival,all,50.0,5.0,0.20000000000000001,,4049000000000000,4014000000000000,3fc999999999999a,,0.008650829147836890803402454,0.008650829147836747371998864,0.00865082914783674296214539383096,1.47841e-16,4.40985e-18,1.70898e-14,5.09761e-16,160,260,0.00865082914783674296214539383096,0.00865082914783674296214539383096,3.33833e-162,,1,1,REFERENCE_STALE,CANONICAL_GENERATOR,betainc/direct sum
NegativeBinomial_Variance,all,5.0,0.20000000000000001,,,4014000000000000,3fc999999999999a,,,99.99999999999998578914528,100.0,99.999999999999987509990972967,1.72085e-15,1.249e-14,1.72085e-17,1.249e-16,160,260,99.999999999999987509990972967,99.999999999999987509990972967,3.75091e-160,,1,1,GENERATOR_STALE,BLOCKED_GENERATOR,exact rational
NegativeBinomial_LogPMF,all,5.0,5.0,0.5,,4014000000000000,4014000000000000,3fe0000000000000,,-2.095189898647975113021857,-2.095189898647975096859246,-2.09518989864797509685924587584,1.61626e-17,1.24165e-25,7.71415e-18,5.92618e-26,160,260,-2.09518989864797509685924587584,-2.09518989864797509685924587584,1.0896e-160,,0,1,REFERENCE_STALE,CANONICAL_GENERATOR,loggamma
NegativeBinomial_Cumulative,all,5.0,5.0,0.5,,4014000000000000,4014000000000000,3fe0000000000000,,0.6230468749999995559107901,0.623046875,0.623046875,4.44089e-16,0.0,7.1277e-16,0.0,160,260,0.623046875,0.623046875,0.0,,0,1,REFERENCE_STALE,CANONICAL_GENERATOR,betainc/direct sum
NegativeBinomial_Survival,all,5.0,5.0,0.5,,4014000000000000,4014000000000000,3fe0000000000000,,0.3769531250000001665334537,0.376953125,0.376953125,1.66533e-16,0.0,4.41788e-16,0.0,160,260,0.376953125,0.376953125,0.0,,0,1,REFERENCE_STALE,CANONICAL_GENERATOR,betainc/direct sum
NegativeBinomial_LogPMF,all,14.0,5.0,0.5,,402c000000000000,4014000000000000,3fe0000000000000,,-5.143626235692535075827436,-5.143626235692534422452162,-5.14362623569253442245216163984,6.53375e-16,3.60155e-25,1.27026e-16,7.00197e-26,160,260,-5.14362623569253442245216163984,-5.14362623569253442245216163984,1.04645e-160,,0,1,REFERENCE_STALE,CANONICAL_GENERATOR,loggamma
NegativeBinomial_Survival,all,14.0,5.0,0.5,,402c000000000000,4014000000000000,3fe0000000000000,,0.009605407714843777755575616,0.00960540771484375,0.00960540771484375,2.77556e-17,0.0,2.88958e-15,0.0,160,260,0.00960540771484375,0.00960540771484375,0.0,,0,1,REFERENCE_STALE,CANONICAL_GENERATOR,betainc/direct sum
NegativeBinomial_StdDev,all,5.0,0.5,,,4014000000000000,3fe0000000000000,,,3.162277660168379522787063,3.162277660168379331998894,3.16227766016837933199889354443,1.90788e-16,4.55567e-25,6.03325e-17,1.44063e-25,160,260,3.16227766016837933199889354443,3.16227766016837933199889354443,1.54916e-161,,0,1,REFERENCE_STALE,CANONICAL_GENERATOR,exact rational + sqrt
NegativeBinomial_PMF,all,0.0,5.0,0.84999999999999998,,0000000000000000,4014000000000000,3feb333333333333,,0.443705312499999948716578,0.4437053125,0.443705312499999942045664225176,6.67091e-18,5.79543e-17,1.50346e-17,1.30614e-16,160,260,0.443705312499999942045664225176,0.443705312499999942045664225176,5.08117e-262,,1,1,GENERATOR_STALE,BLOCKED_GENERATOR,loggamma
NegativeBinomial_LogPMF,all,0.0,5.0,0.84999999999999998,,0000000000000000,4014000000000000,3feb333333333333,,-0.8125946474888746662301742,-0.8125946474888745659284448,-0.81259464748887469654291827666,3.03127e-17,1.30614e-16,3.73036e-17,1.60738e-16,160,260,-0.81259464748887469654291827666,-0.81259464748887469654291827666,3.69347e-163,,1,1,GENERATOR_STALE,BLOCKED_GENERATOR,loggamma
NegativeBinomial_Cumulative,all,0.0,5.0,0.84999999999999998,,0000000000000000,4014000000000000,3feb333333333333,,0.4437053125000001152500317,0.4437053125,0.443705312499999942045664225176,1.73204e-16,5.79543e-17,3.90359e-16,1.30614e-16,160,260,0.443705312499999942045664225176,0.443705312499999942045664225176,0.0,,1,1,BOTH_STALE,INDEPENDENT_ORACLE,betainc/direct sum
NegativeBinomial_Survival,all,0.0,5.0,0.84999999999999998,,0000000000000000,4014000000000000,3feb333333333333,,0.5562946874999998847499683,0.5562946875,0.556294687500000057954335774824,1.73204e-16,5.79543e-17,3.11354e-16,1.04179e-16,160,260,0.556294687500000057954335774824,0.556294687500000057954335774824,0.0,,1,1,BOTH_STALE,INDEPENDENT_ORACLE,betainc/direct sum
NegativeBinomial_PMF,all,3.0,5.0,0.84999999999999998,,4008000000000000,4014000000000000,3feb333333333333,,0.05241269003906252194058268,0.0524126900390625,0.0524126900390625164300541921625,5.51053e-18,1.64301e-17,1.05137e-16,3.13475e-16,160,260,0.0524126900390625164300541921625,0.0524126900390625164300541921625,2.77845e-162,,1,1,BOTH_STALE,INDEPENDENT_ORACLE,loggamma
NegativeBinomial_LogPMF,all,3.0,5.0,0.84999999999999998,,4008000000000000,4014000000000000,3feb333333333333,,-2.948606540657104257974197,-2.948606540657104792342268,-2.94860654065710447886753136759,2.20893e-16,3.13475e-16,7.49145e-17,1.06313e-16,160,260,-2.94860654065710447886753136759,-2.94860654065710447886753136759,3.47389e-161,,1,1,BOTH_STALE,INDEPENDENT_ORACLE,loggamma
NegativeBinomial_Cumulative,all,3.0,5.0,0.84999999999999998,,4008000000000000,4014000000000000,3feb333333333333,,0.9786475298828124502747983,0.9786475298828125,0.978647529882812489046630538558,3.87718e-17,1.09534e-17,3.96178e-17,1.11924e-17,160,260,0.978647529882812489046630538558,0.978647529882812489046630538558,0.0,,1,1,BOTH_STALE,INDEPENDENT_ORACLE,betainc/direct sum
NegativeBinomial_Survival,all,3.0,5.0,0.84999999999999998,,4008000000000000,4014000000000000,3feb333333333333,,0.02135247011718753931686088,0.0213524701171875,0.0213524701171875109533694614417,2.83635e-17,1.09534e-17,1.32835e-15,5.12979e-16,160,260,0.0213524701171875109533694614417,0.0213524701171875109533694614417,0.0,,1,1,BOTH_STALE,INDEPENDENT_ORACLE,betainc/direct sum
NegativeBinomial_Mean,all,5.0,0.84999999999999998,,,4014000000000000,3feb333333333333,,,0.8823529411764707841570043,0.8823529411764705882352941,0.882352941176470741899380570956,4.22576e-17,1.53664e-16,4.7892e-17,1.74153e-16,160,260,0.882352941176470741899380570956,0.882352941176470741899380570956,4.42727e-162,,1,1,BOTH_STALE,INDEPENDENT_ORACLE,exact rational
NegativeBinomial_Variance,all,5.0,0.84999999999999998,,,4014000000000000,3feb333333333333,,,1.03806228373702458256389,1.038062283737024221453287,1.03806228373702442935175710465,1.53212e-16,2.07898e-16,1.47594e-16,2.00276e-16,160,260,1.03806228373702442935175710465,1.03806228373702442935175710465,3.45687e-163,,1,1,BOTH_STALE,INDEPENDENT_ORACLE,exact rational
NegativeBinomial_StdDev,all,5.0,0.84999999999999998,,,4014000000000000,3feb333333333333,,,1.018853416216986662590216,1.018853416216986643251439,1.0188534162169867452771409548,8.26869e-17,1.02026e-16,8.11568e-17,1.00138e-16,160,260,1.0188534162169867452771409548,1.0188534162169867452771409548,4.51561e-162,,1,1,BOTH_STALE,INDEPENDENT_ORACLE,exact rational + sqrt
NegativeBinomial_PMF,all,200.0,50.0,0.20000000000000001,,4069000000000000,4049000000000000,3fc999999999999a,,0.01259360478896272284021762,0.01259360478896254832142705,0.0125936047889625483214270539857,1.74519e-16,3.98575e-27,1.38577e-14,3.1649e-25,160,260,0.0125936047889625483214270539857,0.0125936047889625483214270539857,8.69681e-161,,1,1,REFERENCE_STALE,CANONICAL_GENERATOR,loggamma
NegativeBinomial_LogPMF,all,200.0,50.0,0.20000000000000001,,4069000000000000,4049000000000000,3fc999999999999a,,-4.374566150306598899533128,-4.374566150306615189629723,-4.37456615030661518962972342069,1.62901e-14,4.20691e-25,3.72382e-15,9.61674e-26,160,260,-4.37456615030661518962972342069,-4.37456615030661518962972342069,6.9349e-159,,1,1,REFERENCE_STALE,CANONICAL_GENERATOR,loggamma
NegativeBinomial_Cumulative,all,200.0,50.0,0.20000000000000001,,4069000000000000,4049000000000000,3fc999999999999a,,0.5252173729403112334424009,0.5252173729402814654097734,0.525217372940281640181148376138,2.95933e-14,1.74771e-16,5.63448e-14,3.3276e-16,160,260,0.525217372940281640181148376138,0.525217372940281640181148376138,3.20362e-162,,1,1,REFERENCE_STALE,CANONICAL_GENERATOR,betainc/direct sum
NegativeBinomial_Survival,all,200.0,50.0,0.20000000000000001,,4069000000000000,4049000000000000,3fc999999999999a,,0.4747826270596859910000376,0.4747826270597185345902266,0.474782627059718359818851623862,3.23688e-14,1.74771e-16,6.81761e-14,3.68108e-16,160,260,0.474782627059718359818851623862,0.474782627059718359818851623862,3.20362e-162,,1,1,REFERENCE_STALE,CANONICAL_GENERATOR,betainc/direct sum
NegativeBinomial_PMF,all,294.0,50.0,0.20000000000000001,,4072600000000000,4049000000000000,3fc999999999999a,,0.0002758324266334966491480418,0.0002758324266334913756616092,0.000275832426633491015834883832853,5.63331e-18,3.59827e-19,2.0423e-14,1.30451e-15,160,260,0.000275832426633491015834883832853,0.000275832426633491015834883832853,8.94369e-163,,1,1,REFERENCE_STALE,CANONICAL_GENERATOR,loggamma
NegativeBinomial_LogPMF,all,294.0,50.0,0.20000000000000001,,4072600000000000,4049000000000000,3fc999999999999a,,-8.195717026515893621763098,-8.195717026515904853446836,-8.19571702651590615795888971693,1.25362e-14,1.30451e-15,1.5296e-15,1.5917e-16,160,260,-8.19571702651590615795888971693,-8.19571702651590615795888971693,3.19397e-159,,1,1,REFERENCE_STALE,CANONICAL_GENERATOR,loggamma
NegativeBinomial_Cumulative,all,294.0,50.0,0.20000000000000001,,4072600000000000,4049000000000000,3fc999999999999a,,0.996453664367320524064553,0.9964536643673214982929551,0.996453664367321503560205902282,9.79496e-16,5.26725e-18,9.82982e-16,5.286e-18,160,260,0.996453664367321503560205902282,0.996453664367321503560205902282,3.68294e-162,,1,1,REFERENCE_STALE,CANONICAL_GENERATOR,betainc/direct sum
NegativeBinomial_Survival,all,294.0,50.0,0.20000000000000001,,4072600000000000,4049000000000000,3fc999999999999a,,0.003546335632679115980325779,0.003546335632678501707044887,0.00354633563267849643979409771769,6.19541e-16,5.26725e-18,1.74699e-13,1.48527e-15,160,260,0.00354633563267849643979409771769,0.00354633563267849643979409771769,3.68294e-162,,1,1,REFERENCE_STALE,CANONICAL_GENERATOR,betainc/direct sum
NegativeBinomial_Variance,all,50.0,0.20000000000000001,,,4049000000000000,3fc999999999999a,,,999.9999999999997726263246,1000.0,999.99999999999987509990972967,1.02474e-13,1.249e-13,1.02474e-16,1.249e-16,160,260,999.99999999999987509990972967,999.99999999999987509990972967,3.75091e-159,,1,1,BOTH_STALE,INDEPENDENT_ORACLE,exact rational
NegativeBinomial_StdDev,all,50.0,0.20000000000000001,,,4049000000000000,3fc999999999999a,,,31.62277660168379256333537,31.62277660168379331998894,31.6227766016837913451451093699,1.21819e-15,1.97484e-15,3.85226e-17,6.245e-17,160,260,31.6227766016837913451451093699,31.6227766016837913451451093699,1.84101e-160,,1,1,BOTH_STALE,INDEPENDENT_ORACLE,exact rational + sqrt
NegativeBinomial_PMF,all,50.0,50.0,0.5,,4049000000000000,4049000000000000,3fe0000000000000,,0.03979461869358938419516392,0.03979461869358938074906353,0.0397946186935893807490635251211,3.4461e-18,4.87891e-27,8.65971e-17,1.22602e-25,160,260,0.0397946186935893807490635251211,0.0397946186935893807490635251211,1.83378e-161,,0,1,REFERENCE_STALE,CANONICAL_GENERATOR,loggamma
NegativeBinomial_LogPMF,all,50.0,50.0,0.5,,4049000000000000,4049000000000000,3fe0000000000000,,-3.224023584537050624021504,-3.224023584537050242134839,-3.22402358453705024213483859938,3.81887e-16,4.00621e-25,1.1845e-16,1.24261e-25,160,260,-3.22402358453705024213483859938,-3.22402358453705024213483859938,4.82837e-160,,0,1,REFERENCE_STALE,CANONICAL_GENERATOR,loggamma
NegativeBinomial_Cumulative,all,50.0,50.0,0.5,,4049000000000000,4049000000000000,3fe0000000000000,,0.5397946186935951295993164,0.5397946186935893807490635,0.539794618693589380749063525121,5.74885e-15,2.51211e-26,1.06501e-14,4.65382e-26,160,260,0.539794618693589380749063525121,0.539794618693589380749063525121,0.0,,0,1,REFERENCE_STALE,CANONICAL_GENERATOR,betainc/direct sum
NegativeBinomial_Survival,all,50.0,50.0,0.5,,4049000000000000,4049000000000000,3fe0000000000000,,0.4602053813064048148895324,0.4602053813064106192509365,0.460205381306410619250936474879,5.80436e-15,2.51211e-26,1.26125e-14,5.45867e-26,160,260,0.460205381306410619250936474879,0.460205381306410619250936474879,0.0,,0,1,REFERENCE_STALE,CANONICAL_GENERATOR,betainc/direct sum
NegativeBinomial_PMF,all,80.0,50.0,0.5,,4054000000000000,4049000000000000,3fe0000000000000,,0.0008394943486682970162915396,0.0008394943486682970417103867,0.000839494348668297041710386731595,2.54188e-20,3.15955e-29,3.02788e-17,3.76363e-26,160,260,0.000839494348668297041710386731595,0.000839494348668297041710386731595,2.1533e-162,,0,1,REFERENCE_STALE,CANONICAL_GENERATOR,loggamma
NegativeBinomial_LogPMF,all,80.0,50.0,0.5,,4054000000000000,4049000000000000,3fe0000000000000,,-7.082710813252191428546212,-7.082710813252187602056453,-7.08271081325218760205645321755,3.82649e-15,2.17549e-25,5.40258e-16,3.07156e-26,160,260,-7.08271081325218760205645321755,-7.08271081325218760205645321755,2.60754e-159,,0,1,REFERENCE_STALE,CANONICAL_GENERATOR,loggamma
NegativeBinomial_Cumulative,all,80.0,50.0,0.5,,4054000000000000,4049000000000000,3fe0000000000000,,0.9968356577446226829408715,0.9968356577446228655935606,0.996835657744622865593560614578,1.82653e-16,1.45777e-26,1.83232e-16,1.4624e-26,160,260,0.996835657744622865593560614578,0.996835657744622865593560614578,0.0,,0,1,REFERENCE_STALE,CANONICAL_GENERATOR,betainc/direct sum
NegativeBinomial_Survival,all,80.0,50.0,0.5,,4054000000000000,4049000000000000,3fe0000000000000,,0.003164342255377215144124259,0.003164342255377134406439385,0.00316434225537713440643938542229,8.07377e-17,4.22294e-28,2.55148e-14,1.33454e-25,160,260,0.00316434225537713440643938542229,0.00316434225537713440643938542229,0.0,,0,1,REFERENCE_STALE,CANONICAL_GENERATOR,betainc/direct sum
NegativeBinomial_PMF,all,8.0,50.0,0.84999999999999998,,4020000000000000,4049000000000000,3feb333333333333,,0.1252548526483122648400581,0.1252548526483122749187357,0.125254852648312259649312206953,5.19075e-18,1.52694e-17,4.14415e-17,1.21907e-16,160,260,0.125254852648312259649312206953,0.125254852648312259649312206953,2.54144e-160,,1,1,BOTH_STALE,INDEPENDENT_ORACLE,loggamma
NegativeBinomial_LogPMF,all,8.0,50.0,0.84999999999999998,,4020000000000000,4049000000000000,3feb333333333333,,-2.077404796068581305235057,-2.077404796068580597698558,-2.07740479606858071960539996132,5.8563e-16,1.21907e-16,2.81904e-16,5.86823e-17,160,260,-2.07740479606858071960539996132,-2.07740479606858071960539996132,2.02347e-159,,1,1,REFERENCE_STALE,CANONICAL_GENERATOR,loggamma
NegativeBinomial_Cumulative,all,8.0,50.0,0.84999999999999998,,4020000000000000,4049000000000000,3feb333333333333,,0.4880498144943973271026039,0.4880498144943982515797976,0.488049814494398061802676651344,7.347e-16,1.89777e-16,1.50538e-15,3.88848e-16,160,260,0.488049814494398061802676651344,0.488049814494398061802676651344,7.93801e-163,,1,1,BOTH_STALE,INDEPENDENT_ORACLE,betainc/direct sum
NegativeBinomial_Survival,all,8.0,50.0,0.84999999999999998,,4020000000000000,4049000000000000,3feb333333333333,,0.5119501855055998973398346,0.5119501855056017484202024,0.511950185505601938197323348656,2.04086e-15,1.89777e-16,3.98644e-15,3.70695e-16,160,260,0.511950185505601938197323348656,0.511950185505601938197323348656,7.93801e-163,,1,1,REFERENCE_STALE,CANONICAL_GENERATOR,betainc/direct sum
NegativeBinomial_PMF,all,18.0,50.0,0.84999999999999998,,4032000000000000,4049000000000000,3feb333333333333,,0.004093474153270068235932477,0.004093474153270062481629302,0.00409347415327006804216580321781,1.93767e-19,5.56054e-18,4.73355e-17,1.35839e-15,160,260,0.00409347415327006804216580321781,0.00409347415327006804216580321781,5.21734e-162,,1,1,GENERATOR_STALE,BLOCKED_GENERATOR,loggamma
NegativeBinomial_LogPMF,all,18.0,50.0,0.84999999999999998,,4032000000000000,4049000000000000,3feb333333333333,,-5.498361243258322872407007,-5.498361243258321430153954,-5.49836124325832007176343020503,2.80064e-15,1.35839e-15,5.0936e-16,2.47054e-16,160,260,-5.49836124325832007176343020503,-5.49836124325832007176343020503,1.24838e-159,,1,1,BOTH_STALE,INDEPENDENT_ORACLE,loggamma
NegativeBinomial_Cumulative,all,18.0,50.0,0.84999999999999998,,4032000000000000,4049000000000000,3feb333333333333,,0.9955875409711919532540492,0.995587540971191885460104,0.995587540971191878188633145475,7.50654e-17,7.27147e-18,7.53981e-17,7.3037e-18,160,260,0.995587540971191878188633145475,0.995587540971191878188633145475,3.81245e-162,,1,1,REFERENCE_STALE,CANONICAL_GENERATOR,betainc/direct sum
NegativeBinomial_Survival,all,18.0,50.0,0.84999999999999998,,4032000000000000,4049000000000000,3feb333333333333,,0.004412459028808016388290003,0.004412459028808114539896045,0.00441245902880812181136685452458,1.05423e-16,7.27147e-18,2.38921e-14,1.64794e-15,160,260,0.00441245902880812181136685452458,0.00441245902880812181136685452458,3.81245e-162,,1,1,REFERENCE_STALE,CANONICAL_GENERATOR,betainc/direct sum
NegativeBinomial_Mean,all,50.0,0.84999999999999998,,,4049000000000000,3feb333333333333,,,8.823529411764706509302414,8.823529411764705882352941,8.82352941176470741899380570956,9.09691e-16,1.53664e-15,1.03098e-16,1.74153e-16,160,260,8.82352941176470741899380570956,8.82352941176470741899380570956,8.70854e-162,,1,1,BOTH_STALE,INDEPENDENT_ORACLE,exact rational
NegativeBinomial_Variance,all,50.0,0.84999999999999998,,,4049000000000000,3feb333333333333,,,10.38062283737024493746048,10.38062283737024221453287,10.3806228373702442935175710465,6.43943e-16,2.07898e-15,6.20332e-17,2.00276e-16,160,260,10.3806228373702442935175710465,10.3806228373702442935175710465,6.76714e-161,,1,1,BOTH_STALE,INDEPENDENT_ORACLE,exact rational
NegativeBinomial_StdDev,all,50.0,0.84999999999999998,,,4049000000000000,3feb333333333333,,,3.221897397089212411458448,3.221897397089212432099822,3.22189739708921275473342022922,3.43275e-16,3.22634e-16,1.06544e-16,1.00138e-16,160,260,3.22189739708921275473342022922,3.22189739708921275473342022922,4.1359e-163,,1,1,BOTH_STALE,INDEPENDENT_ORACLE,exact rational + sqrt
NegativeBinomial_PMF,all,2000.0,500.0,0.20000000000000001,,409f400000000000,407f400000000000,3fc999999999999a,,0.003988724716197964564878831,0.003988724716197411738674073,0.0039887247161974117386740731213,5.52826e-16,1.21299e-28,1.38597e-13,3.04104e-26,160,260,0.0039887247161974117386740731213,0.0039887247161974117386740731213,2.08775e-160,,1,1,REFERENCE_STALE,CANONICAL_GENERATOR,loggamma
NegativeBinomial_LogPMF,all,2000.0,500.0,0.20000000000000001,,409f400000000000,407f400000000000,3fc999999999999a,,-5.524283719170341555582127,-5.52428371917037246856307,-5.52428371917037246856306978539,3.0913e-14,2.14612e-25,5.59584e-15,3.88488e-26,160,260,-5.52428371917037246856306978539,-5.52428371917037246856306978539,5.23065e-158,,1,1,REFERENCE_STALE,CANONICAL_GENERATOR,loggamma
NegativeBinomial_Cumulative,all,2000.0,500.0,0.20000000000000001,,409f400000000000,407f400000000000,3fc999999999999a,,0.5079784065354412403436868,0.5079784065346000832147694,0.507978406534600636761521731031,8.40604e-13,5.53547e-16,1.6548e-12,1.08971e-15,160,260,0.507978406534600636761521731031,0.507978406534600636761521731031,2.10586e-163,,1,1,REFERENCE_STALE,CANONICAL_GENERATOR,betainc/direct sum
NegativeBinomial_Survival,all,2000.0,500.0,0.20000000000000001,,409f400000000000,407f400000000000,3fc999999999999a,,0.4920215934648809463780594,0.4920215934653999167852306,0.492021593465399363238478268969,5.18417e-13,5.53547e-16,1.05365e-12,1.12505e-15,160,260,0.492021593465399363238478268969,0.492021593465399363238478268969,2.10586e-163,,1,1,REFERENCE_STALE,CANONICAL_GENERATOR,betainc/direct sum
NegativeBinomial_PMF,all,2300.0,500.0,0.20000000000000001,,40a1f80000000000,407f400000000000,3fc999999999999a,,0.00005640370145869616372389516,0.00005640370145868740581393528,0.000056403701458687170986355158715,8.99274e-18,2.34828e-19,1.59435e-13,4.16334e-15,160,260,0.000056403701458687170986355158715,0.000056403701458687170986355158715,4.56552e-162,,1,1,REFERENCE_STALE,CANONICAL_GENERATOR,loggamma
NegativeBinomial_LogPMF,all,2300.0,500.0,0.20000000000000001,,40a1f80000000000,407f400000000000,3fc999999999999a,,-9.78297577291334619076224,-9.78297577291359850371807,-9.78297577291360266705441218434,2.56476e-13,4.16334e-15,2.62166e-14,4.2557e-16,160,260,-9.78297577291360266705441218434,-9.78297577291360266705441218434,8.10018e-158,,1,1,REFERENCE_STALE,CANONICAL_GENERATOR,loggamma
NegativeBinomial_Cumulative,all,2300.0,500.0,0.20000000000000001,,40a1f80000000000,407f400000000000,3fc999999999999a,,0.9980993661771240255120574,0.9980993661771256425927949,0.998099366177125651359691223969,1.62585e-15,8.7669e-18,1.62894e-15,8.78359e-18,160,260,0.998099366177125651359691223969,0.998099366177125651359691223969,1.06178e-162,,1,1,REFERENCE_STALE,CANONICAL_GENERATOR,betainc/direct sum
NegativeBinomial_Survival,all,2300.0,500.0,0.20000000000000001,,40a1f80000000000,407f400000000000,3fc999999999999a,,0.001900633822874926064441792,0.001900633822874357407205101,0.00190063382287434864030877603146,5.77424e-16,8.7669e-18,3.03806e-13,4.61262e-15,160,260,0.00190063382287434864030877603146,0.00190063382287434864030877603146,1.06178e-162,,1,1,REFERENCE_STALE,CANONICAL_GENERATOR,betainc/direct sum
NegativeBinomial_Variance,all,500.0,0.20000000000000001,,,407f400000000000,3fc999999999999a,,,9999.999999999998181010596,10000.0,9999.9999999999987509990972967,5.69989e-13,1.249e-12,5.69989e-17,1.249e-16,160,260,9999.9999999999987509990972967,9999.9999999999987509990972967,3.75091e-158,,1,1,BOTH_STALE,INDEPENDENT_ORACLE,exact rational
NegativeBinomial_PMF,all,500.0,500.0,0.5,,407f400000000000,407f400000000000,3fe0000000000000,,0.01261250908918040009032424,0.01261250908918040095342084,0.0126125090891804009534208443811,8.63097e-19,4.38105e-27,6.84318e-17,3.47358e-25,160,260,0.0126125090891804009534208443811,0.0126125090891804009534208443811,3.13787e-160,,0,1,REFERENCE_STALE,CANONICAL_GENERATOR,loggamma
NegativeBinomial_LogPMF,all,500.0,500.0,0.5,,407f400000000000,407f400000000000,3fe0000000000000,,-4.373066172654034744482487,-4.373066172654074651140498,-4.37306617265407465114049846691,3.99067e-14,4.66912e-25,9.12556e-15,1.0677e-25,160,260,-4.37306617265407465114049846691,-4.37306617265407465114049846691,2.48997e-158,,0,1,REFERENCE_STALE,CANONICAL_GENERATOR,loggamma
NegativeBinomial_Cumulative,all,500.0,500.0,0.5,,407f400000000000,407f400000000000,3fe0000000000000,,0.5126125090892852398383184,0.5126125090891804009534208,0.512612509089180400953420844381,1.04839e-13,4.43811e-26,2.04519e-13,8.65782e-26,160,260,0.512612509089180400953420844381,0.512612509089180400953420844381,3.15623e-162,,0,1,REFERENCE_STALE,CANONICAL_GENERATOR,betainc/direct sum
NegativeBinomial_Survival,all,500.0,500.0,0.5,,407f400000000000,407f400000000000,3fe0000000000000,,0.4873874909107147601616816,0.4873874909108195990465792,0.487387490910819599046579155619,1.04839e-13,4.43811e-26,2.15104e-13,9.10591e-26,160,260,0.487387490910819599046579155619,0.487387490910819599046579155619,3.15623e-162,,0,1,REFERENCE_STALE,CANONICAL_GENERATOR,betainc/direct sum
NegativeBinomial_PMF,all,594.0,500.0,0.5,,4082900000000000,407f400000000000,3fe0000000000000,,0.0001940338395580824284135379,0.0001940338395580824401200964,0.000194033839558082440120096382437,1.17066e-20,1.75632e-29,6.03326e-17,9.05159e-26,160,260,0.000194033839558082440120096382437,0.000194033839558082440120096382437,3.18363e-162,,0,1,REFERENCE_STALE,CANONICAL_GENERATOR,loggamma
NegativeBinomial_LogPMF,all,594.0,500.0,0.5,,4082900000000000,407f400000000000,3fe0000000000000,,-8.547477983400369794253493,-8.547477983400448571634062,-8.54747798340044857163406172261,7.87774e-14,2.77387e-25,9.21645e-15,3.24525e-26,160,260,-8.54747798340044857163406172261,-8.54747798340044857163406172261,1.63614e-158,,0,1,REFERENCE_STALE,CANONICAL_GENERATOR,loggamma
NegativeBinomial_Cumulative,all,594.0,500.0,0.5,,4082900000000000,407f400000000000,3fe0000000000000,,0.9979721206036892278135042,0.9979721206036889521375409,0.997972120603688952137540872385,2.75676e-16,2.76149e-26,2.76236e-16,2.7671e-26,160,260,0.997972120603688952137540872385,0.997972120603688952137540872385,3.70802e-162,,0,1,REFERENCE_STALE,CANONICAL_GENERATOR,betainc/direct sum
NegativeBinomial_Survival,all,594.0,500.0,0.5,,4082900000000000,407f400000000000,3fe0000000000000,,0.002027879396310734456260194,0.002027879396311047862459128,0.00202787939631104786245912761486,3.13406e-16,3.85141e-28,1.54549e-13,1.89923e-25,160,260,0.00202787939631104786245912761486,0.00202787939631104786245912761486,3.70802e-162,,0,1,REFERENCE_STALE,CANONICAL_GENERATOR,betainc/direct sum
NegativeBinomial_StdDev,all,500.0,0.5,,,407f400000000000,3fe0000000000000,,,31.62277660168379256333537,31.62277660168379331998894,31.6227766016837933199889354443,7.56654e-16,4.55567e-24,2.39275e-17,1.44063e-25,160,260,31.6227766016837933199889354443,31.6227766016837933199889354443,8.37877e-161,,0,1,REFERENCE_STALE,CANONICAL_GENERATOR,exact rational + sqrt
NegativeBinomial_PMF,all,88.0,500.0,0.84999999999999998,,4056000000000000,407f400000000000,3feb333333333333,,0.03916760747424541388994612,0.03916760747424540962798705,0.0391676074742454082637586646961,5.62619e-18,1.36423e-18,1.43644e-16,3.48305e-17,160,260,0.0391676074742454082637586646961,0.0391676074742454082637586646961,7.28288e-160,,1,1,REFERENCE_STALE,CANONICAL_GENERATOR,loggamma
NegativeBinomial_LogPMF,all,88.0,500.0,0.84999999999999998,,4056000000000000,407f400000000000,3feb333333333333,,-3.239905213735482902848162,-3.239905213735491805792432,-3.23990521373549184062295838127,8.93777e-15,3.48305e-17,2.75865e-15,1.07505e-17,160,260,-3.23990521373549184062295838127,-3.23990521373549184062295838127,1.86098e-158,,1,1,REFERENCE_STALE,CANONICAL_GENERATOR,loggamma
NegativeBinomial_Cumulative,all,88.0,500.0,0.84999999999999998,,4056000000000000,407f400000000000,3feb333333333333,,0.519187871349155116718066,0.5191878713492529083978534,0.519187871349252306773137460232,9.71901e-14,6.01625e-16,1.87196e-13,1.15878e-15,160,260,0.519187871349252306773137460232,0.519187871349252306773137460232,2.28773e-162,,1,1,REFERENCE_STALE,CANONICAL_GENERATOR,betainc/direct sum
NegativeBinomial_Survival,all,88.0,500.0,0.84999999999999998,,4056000000000000,407f400000000000,3feb333333333333,,0.4808121286509268732523026,0.4808121286507470916021466,0.480812128650747693226862539768,1.7918e-13,6.01625e-16,3.72661e-13,1.25127e-15,160,260,0.480812128650747693226862539768,0.480812128650747693226862539768,2.28773e-162,,1,1,REFERENCE_STALE,CANONICAL_GENERATOR,betainc/direct sum
NegativeBinomial_PMF,all,118.0,500.0,0.84999999999999998,,405d800000000000,407f400000000000,3feb333333333333,,0.0007424535741485441524972755,0.0007424535741485409318987129,0.000742453574148544203194875160718,5.06976e-20,3.2713e-18,6.82839e-17,4.40606e-15,160,260,0.000742453574148544203194875160718,0.000742453574148544203194875160718,1.07893e-162,,1,1,GENERATOR_STALE,BLOCKED_GENERATOR,loggamma
NegativeBinomial_LogPMF,all,118.0,500.0,0.84999999999999998,,405d800000000000,407f400000000000,3feb333333333333,,-7.205550215641522981968592,-7.205550215641547682990196,-7.20555021564154327692862350747,2.0295e-14,4.40606e-15,2.81657e-15,6.11482e-16,160,260,-7.20555021564154327692862350747,-7.20555021564154327692862350747,1.49244e-159,,1,1,REFERENCE_STALE,CANONICAL_GENERATOR,loggamma
NegativeBinomial_Cumulative,all,118.0,500.0,0.84999999999999998,,405d800000000000,407f400000000000,3feb333333333333,,0.9975982354019912179410312,0.9975982354019913069870177,0.997598235401991295000885079103,7.70599e-17,1.19861e-17,7.72454e-17,1.2015e-17,160,260,0.997598235401991295000885079103,0.997598235401991295000885079103,1.4497e-162,,1,1,REFERENCE_STALE,CANONICAL_GENERATOR,betainc/direct sum
NegativeBinomial_Survival,all,118.0,500.0,0.84999999999999998,,405d800000000000,407f400000000000,3feb333333333333,,0.0024017645980083986850806,0.002401764598008693012982342,0.00240176459800870499911492089706,3.06314e-16,1.19861e-17,1.27537e-13,4.99055e-15,160,260,0.00240176459800870499911492089706,0.00240176459800870499911492089706,1.4497e-162,,1,1,REFERENCE_STALE,CANONICAL_GENERATOR,betainc/direct sum
NegativeBinomial_Mean,all,500.0,0.84999999999999998,,,407f400000000000,3feb333333333333,,,88.2352941176470721984515,88.23529411764705882352941,88.2352941176470741899380570956,1.99149e-15,1.53664e-14,2.25702e-17,1.74153e-16,160,260,88.2352941176470741899380570956,88.2352941176470741899380570956,4.81941e-160,,1,1,GENERATOR_STALE,BLOCKED_GENERATOR,exact rational
NegativeBinomial_Variance,all,500.0,0.84999999999999998,,,407f400000000000,3feb333333333333,,,103.8062283737024529273185,103.8062283737024221453287,103.806228373702442935175710465,9.99214e-15,2.07898e-14,9.62576e-17,2.00276e-16,160,260,103.806228373702442935175710465,103.806228373702442935175710465,1.07688e-160,,1,1,BOTH_STALE,INDEPENDENT_ORACLE,exact rational
NegativeBinomial_StdDev,all,500.0,0.84999999999999998,,,407f400000000000,3feb333333333333,,,10.18853416216986751408058,10.18853416216986643251439,10.188534162169867452771409548,6.13092e-17,1.02026e-15,6.01747e-18,1.00138e-16,160,260,10.188534162169867452771409548,10.188534162169867452771409548,4.51561e-161,,1,1,GENERATOR_STALE,BLOCKED_GENERATOR,exact rational + sqrt
NegativeBinomial_PMF,all,20000.0,5000.0,0.20000000000000001,,40d3880000000000,40b3880000000000,3fc999999999999a,,0.001261544183795467637468346,0.001261544183793716802653999,0.00126154418379371680265399929291,1.75083e-15,2.9291e-28,1.38785e-12,2.32184e-25,160,260,0.00126154418379371680265399929291,0.00126154418379371680265399929291,1.26407e-159,,1,1,REFERENCE_STALE,CANONICAL_GENERATOR,loggamma
NegativeBinomial_LogPMF,all,20000.0,5000.0,0.20000000000000001,,40d3880000000000,40b3880000000000,3fc999999999999a,,-6.675418765688846178818494,-6.675418765689764560158896,-6.67541876568976456015889584145,9.18381e-13,1.58548e-25,1.37577e-13,2.3751e-26,160,260,-6.67541876568976456015889584145,-6.67541876568976456015889584145,1.00204e-156,,1,1,REFERENCE_STALE,CANONICAL_GENERATOR,loggamma
NegativeBinomial_Cumulative,all,20000.0,5000.0,0.20000000000000001,,40d3880000000000,40b3880000000000,3fc999999999999a,,0.5025231186429764962397826,0.5025231186440422186768684,0.50252311864404396942111771563,1.06747e-12,1.75074e-15,2.12423e-12,3.48391e-15,160,260,0.50252311864404396942111771563,0.50252311864404396942111771563,1.38414e-158,,1,1,REFERENCE_STALE,CANONICAL_GENERATOR,betainc/direct sum
NegativeBinomial_Survival,all,20000.0,5000.0,0.20000000000000001,,40d3880000000000,40b3880000000000,3fc999999999999a,,0.4974768813501764253004467,0.4974768813559577813231316,0.49747688135595603057888228437,5.77961e-12,1.75074e-15,1.16178e-11,3.51925e-15,160,260,0.49747688135595603057888228437,0.49747688135595603057888228437,1.38414e-158,,1,1,REFERENCE_STALE,CANONICAL_GENERATOR,betainc/direct sum
NegativeBinomial_PMF,all,20948.0,5000.0,0.20000000000000001,,40d4750000000000,40b3880000000000,3fc999999999999a,,0.00001531194856744994261458885,0.00001531194856742788711988143,0.0000153119485674276856736988862673,2.22569e-17,2.01446e-19,1.45357e-12,1.31561e-14,160,260,0.0000153119485674276856736988862673,0.0000153119485674276856736988862673,1.70049e-161,,1,1,REFERENCE_STALE,CANONICAL_GENERATOR,loggamma
NegativeBinomial_LogPMF,all,20948.0,5000.0,0.20000000000000001,,40d4750000000000,40b3880000000000,3fc999999999999a,,-11.08687708222987566841766,-11.08687708223084998620448,-11.0868770822308631423473227296,9.87474e-13,1.31561e-14,8.90669e-14,1.18664e-15,160,260,-11.0868770822308631423473227296,-11.0868770822308631423473227296,1.11064e-156,,1,1,REFERENCE_STALE,CANONICAL_GENERATOR,loggamma
NegativeBinomial_Cumulative,all,20948.0,5000.0,0.20000000000000001,,40d4750000000000,40b3880000000000,3fc999999999999a,,0.998474287673039806456643,0.998474287672988808502254,0.998474287672988830557635999102,5.09759e-14,2.20554e-17,5.10538e-14,2.20891e-17,160,260,0.998474287672988830557635999102,0.998474287672988830557635999102,3.67984e-158,,1,1,REFERENCE_STALE,CANONICAL_GENERATOR,betainc/direct sum
NegativeBinomial_Survival,all,20948.0,5000.0,0.20000000000000001,,40d4750000000000,40b3880000000000,3fc999999999999a,,0.00152571232698100068408964,0.001525712327011191497746045,0.00152571232701116944236400089848,3.01688e-14,2.20554e-17,1.97736e-11,1.44558e-14,160,260,0.00152571232701116944236400089848,0.00152571232701116944236400089848,3.67984e-158,,1,1,REFERENCE_STALE,CANONICAL_GENERATOR,betainc/direct sum
NegativeBinomial_Variance,all,5000.0,0.20000000000000001,,,40b3880000000000,3fc999999999999a,,,99999.99999999998544808477,100000.0,99999.999999999987509990972967,2.06191e-12,1.249e-11,2.06191e-17,1.249e-16,160,260,99999.999999999987509990972967,99999.999999999987509990972967,3.75091e-157,,1,1,GENERATOR_STALE,BLOCKED_GENERATOR,exact rational
NegativeBinomial_StdDev,all,5000.0,0.20000000000000001,,,40b3880000000000,3fc999999999999a,,,316.2277660168379043170717,316.2277660168379331998894,316.227766016837913451451093699,9.13438e-15,1.97484e-14,2.88854e-17,6.245e-17,160,260,316.227766016837913451451093699,316.227766016837913451451093699,1.00412e-159,,1,1,BOTH_STALE,INDEPENDENT_ORACLE,exact rational + sqrt
NegativeBinomial_PMF,all,5000.0,5000.0,0.5,,40b3880000000000,40b3880000000000,3fe0000000000000,,0.003989323069691077042198124,0.003989323069691076880220075,0.00398932306969107688022007476114,1.61978e-19,2.3886e-28,4.06029e-17,5.98748e-26,160,260,0.00398932306969107688022007476114,0.00398932306969107688022007476114,9.67413e-160,,0,1,REFERENCE_STALE,CANONICAL_GENERATOR,loggamma
NegativeBinomial_LogPMF,all,5000.0,5000.0,0.5,,40b3880000000000,40b3880000000000,3fe0000000000000,,-5.524133719191922864411026,-5.524133719192722443150146,-5.52413371919272244315014597909,7.99579e-13,2.09075e-26,1.44743e-13,3.78476e-27,160,260,-5.52413371919272244315014597909,-5.52413371919272244315014597909,2.42527e-157,,0,1,REFERENCE_STALE,CANONICAL_GENERATOR,loggamma
NegativeBinomial_Cumulative,all,5000.0,5000.0,0.5,,40b3880000000000,40b3880000000000,3fe0000000000000,,0.5039893230700622783757581,0.5039893230696910768802201,0.503989323069691076880220074761,3.71201e-13,2.52389e-26,7.36527e-13,5.00782e-26,160,260,0.503989323069691076880220074761,0.503989323069691076880220074761,6.8726e-159,,0,1,REFERENCE_STALE,CANONICAL_GENERATOR,betainc/direct sum
NegativeBinomial_Survival,all,5000.0,5000.0,0.5,,40b3880000000000,40b3880000000000,3fe0000000000000,,0.4960106769299376661130907,0.4960106769303089231197799,0.496010676930308923119779925239,3.71257e-13,2.52389e-26,7.48486e-13,5.08837e-26,160,260,0.496010676930308923119779925239,0.496010676930308923119779925239,6.8726e-159,,0,1,REFERENCE_STALE,CANONICAL_GENERATOR,betainc/direct sum
NegativeBinomial_PMF,all,5300.0,5000.0,0.5,,40b4b40000000000,40b3880000000000,3fe0000000000000,,0.00004832329367475765997648821,0.00004832329367475765731702455,0.0000483232936747576573170245473051,2.65946e-21,2.69492e-30,5.50348e-17,5.57686e-26,160,260,0.0000483232936747576573170245473051,0.0000483232936747576573170245473051,2.00468e-162,,0,1,REFERENCE_STALE,CANONICAL_GENERATOR,loggamma
NegativeBinomial_LogPMF,all,5300.0,5000.0,0.5,,40b4b40000000000,40b3880000000000,3fe0000000000000,,-9.937596842861694312887266,-9.937596842861968187752362,-9.93759684286196818775236179284,2.73875e-13,2.07155e-25,2.75595e-14,2.08456e-26,160,260,-9.93759684286196818775236179284,-9.93759684286196818775236179284,4.15456e-158,,0,1,REFERENCE_STALE,CANONICAL_GENERATOR,loggamma
NegativeBinomial_Cumulative,all,5300.0,5000.0,0.5,,40b4b40000000000,40b3880000000000,3fe0000000000000,,0.9984916361481537272482001,0.9984916361481473812785142,0.998491636148147381278514220093,6.34597e-15,2.00929e-26,6.35556e-15,2.01232e-26,160,260,0.998491636148147381278514220093,0.998491636148147381278514220093,1.71162e-158,,0,1,REFERENCE_STALE,CANONICAL_GENERATOR,betainc/direct sum
NegativeBinomial_Survival,all,5300.0,5000.0,0.5,,40b4b40000000000,40b3880000000000,3fe0000000000000,,0.001508363851846225263744761,0.00150836385185261872148578,0.00150836385185261872148577990711,6.39346e-15,9.28918e-29,4.23867e-12,6.15844e-26,160,260,0.00150836385185261872148577990711,0.00150836385185261872148577990711,1.71162e-158,,0,1,REFERENCE_STALE,CANONICAL_GENERATOR,betainc/direct sum
NegativeBinomial_PMF,all,882.0,5000.0,0.84999999999999998,,408b900000000000,40b3880000000000,3feb333333333333,,0.01238312010462626518159102,0.01238312010462626526176878,0.012383120104626264614802897649,5.66788e-19,6.46966e-19,4.5771e-17,5.22458e-17,160,260,0.012383120104626264614802897649,0.012383120104626264614802897649,7.50785e-160,,1,1,BOTH_STALE,INDEPENDENT_ORACLE,loggamma
NegativeBinomial_LogPMF,all,882.0,5000.0,0.84999999999999998,,408b900000000000,40b3880000000000,3feb333333333333,,-4.391421015641753911040723,-4.391421015642027628069675,-4.39142101564202768031546416491,2.73769e-13,5.22458e-17,6.23418e-14,1.18972e-17,160,260,-4.39142101564202768031546416491,-4.39142101564202768031546416491,6.06029e-158,,1,1,REFERENCE_STALE,CANONICAL_GENERATOR,loggamma
NegativeBinomial_Cumulative,all,882.0,5000.0,0.84999999999999998,,408b900000000000,40b3880000000000,3feb333333333333,,0.5046130945618201302238504,0.5046130945599868608593843,0.504613094559984958132716383318,1.83517e-12,1.90273e-15,3.63679e-12,3.77066e-15,160,260,0.504613094559984958132716383318,0.504613094559984958132716383318,4.30823e-162,,1,1,REFERENCE_STALE,CANONICAL_GENERATOR,betainc/direct sum
NegativeBinomial_Survival,all,882.0,5000.0,0.84999999999999998,,408b900000000000,40b3880000000000,3feb333333333333,,0.495386905439531621819782,0.4953869054400131391406157,0.495386905440015041867283616682,4.8342e-13,1.90273e-15,9.75843e-13,3.84089e-15,160,260,0.495386905440015041867283616682,0.495386905440015041867283616682,4.30823e-162,,1,1,REFERENCE_STALE,CANONICAL_GENERATOR,betainc/direct sum
NegativeBinomial_PMF,all,979.0,5000.0,0.84999999999999998,,408e980000000000,40b3880000000000,3feb333333333333,,0.0001550480909693694310351464,0.0001550480909693671927247459,0.00015504809096936941094175866573,2.00934e-20,2.21822e-18,1.29595e-16,1.43066e-14,160,260,0.00015504809096936941094175866573,0.00015504809096936941094175866573,1.82681e-161,,1,1,GENERATOR_STALE,BLOCKED_GENERATOR,loggamma
NegativeBinomial_LogPMF,all,979.0,5000.0,0.84999999999999998,,408e980000000000,40b3880000000000,3feb333333333333,,-8.771775224848397556343116,-8.771775224848549692625604,-8.77177522484853538598694162025,1.3783e-13,1.43066e-14,1.57129e-14,1.63099e-15,160,260,-8.77177522484853538598694162025,-8.77177522484853538598694162025,1.17776e-157,,1,1,REFERENCE_STALE,CANONICAL_GENERATOR,loggamma
NegativeBinomial_Cumulative,all,979.0,5000.0,0.84999999999999998,,408e980000000000,40b3880000000000,3feb333333333333,,0.9984679178764729323702909,0.9984679178764686746418178,0.998467917876468650425044438083,4.28195e-15,2.42168e-17,4.28852e-15,2.42539e-17,160,260,0.998467917876468650425044438083,0.998467917876468650425044438083,7.65588e-163,,1,1,REFERENCE_STALE,CANONICAL_GENERATOR,betainc/direct sum
NegativeBinomial_Survival,all,979.0,5000.0,0.84999999999999998,,408e980000000000,40b3880000000000,3feb333333333333,,0.001532082123522855721109437,0.001532082123531325358182246,0.00153208212353134957495556191725,8.49385e-15,2.42168e-17,5.54399e-12,1.58064e-14,160,260,0.00153208212353134957495556191725,0.00153208212353134957495556191725,7.65588e-163,,1,1,REFERENCE_STALE,CANONICAL_GENERATOR,betainc/direct sum
NegativeBinomial_Mean,all,5000.0,0.84999999999999998,,,40b3880000000000,3feb333333333333,,,882.352941176470721984515,882.3529411764705882352941,882.352941176470741899380570956,1.99149e-14,1.53664e-13,2.25702e-17,1.74153e-16,160,260,882.352941176470741899380570956,882.352941176470741899380570956,2.5433e-159,,1,1,GENERATOR_STALE,BLOCKED_GENERATOR,exact rational
NegativeBinomial_Variance,all,5000.0,0.84999999999999998,,,40b3880000000000,3feb333333333333,,,1038.062283737024472429766,1038.062283737024221453287,1038.06228373702442935175710465,4.3078e-14,2.07898e-13,4.14985e-17,2.00276e-16,160,260,1038.06228373702442935175710465,1038.06228373702442935175710465,5.75144e-159,,1,1,GENERATOR_STALE,BLOCKED_GENERATOR,exact rational
NegativeBinomial_StdDev,all,5000.0,0.84999999999999998,,,40b3880000000000,3feb333333333333,,,32.21897397089212944365499,32.21897397089212432099822,32.2189739708921275473342022922,1.89632e-15,3.22634e-15,5.88573e-17,1.00138e-16,160,260,32.2189739708921275473342022922,32.2189739708921275473342022922,4.1359e-162,,1,1,BOTH_STALE,INDEPENDENT_ORACLE,exact rational + sqrt
Hypergeometric_PMF,all,4.0,10.0,20.0,50.0,4010000000000000,4024000000000000,4034000000000000,4049000000000000,0.280058603105371339836438,0.2800586031053713180354811,0.280058603105371318035481120543,2.1801e-17,2.05429e-26,7.78443e-17,7.33522e-26,160,260,0.280058603105371318035481120543,0.280058603105371318035481120543,9.66922e-163,,0,1,REFERENCE_STALE,CANONICAL_GENERATOR,exact binomial
Hypergeometric_LogPMF,all,4.0,10.0,20.0,50.0,4010000000000000,4024000000000000,4034000000000000,4049000000000000,-1.272756400907510965225811,-1.272756400907510536669262,-1.27275640090751053666926192992,4.28557e-16,7.00761e-26,3.36715e-16,5.50585e-26,160,260,-1.27275640090751053666926192992,-1.27275640090751053666926192992,4.81585e-162,,0,1,REFERENCE_STALE,CANONICAL_GENERATOR,exact binomial
Hypergeometric_Cumulative,all,4.0,10.0,20.0,50.0,4010000000000000,4024000000000000,4034000000000000,4049000000000000,0.6450268898822081320432176,0.6450268898822080866604881,0.645026889882208086660488089177,4.53827e-17,1.08228e-26,7.03579e-17,1.67788e-26,160,260,0.645026889882208086660488089177,0.645026889882208086660488089177,3.7801e-162,,0,1,REFERENCE_STALE,CANONICAL_GENERATOR,exact sum
Hypergeometric_Survival,all,4.0,10.0,20.0,50.0,4010000000000000,4024000000000000,4034000000000000,4049000000000000,0.3549731101177919789790849,0.3549731101177919133395119,0.354973110117791913339511910823,6.56396e-17,1.08228e-26,1.84914e-16,3.04891e-26,160,260,0.354973110117791913339511910823,0.354973110117791913339511910823,3.7801e-162,,0,1,REFERENCE_STALE,CANONICAL_GENERATOR,exact sum
Hypergeometric_PMF,all,7.0,10.0,20.0,50.0,401c000000000000,4024000000000000,4034000000000000,4049000000000000,0.03063888991238250189552694,0.03063888991238250316969366,0.0306388899123825031696936610508,1.27417e-18,1.05085e-27,4.15866e-17,3.42978e-26,160,260,0.0306388899123825031696936610508,0.0306388899123825031696936610508,6.9948e-164,,0,1,REFERENCE_STALE,CANONICAL_GENERATOR,exact binomial
Hypergeometric_LogPMF,all,7.0,10.0,20.0,50.0,401c000000000000,4024000000000000,4034000000000000,4049000000000000,-3.485485164779696276582399,-3.485485164779695173610606,-3.48548516477969517361060644981,1.10297e-15,4.49811e-25,3.16447e-16,1.29053e-25,160,260,-3.48548516477969517361060644981,-3.48548516477969517361060644981,4.3145e-162,,0,1,REFERENCE_STALE,CANONICAL_GENERATOR,exact binomial
Hypergeometric_Cumulative,all,7.0,10.0,20.0,50.0,401c000000000000,4024000000000000,4034000000000000,4049000000000000,0.9941570404338068156491204,0.9941570404338067102791474,0.994157040433806710279147356852,1.0537e-16,4.31484e-26,1.05989e-16,4.3402e-26,160,260,0.994157040433806710279147356852,0.994157040433806710279147356852,1.89112e-162,,0,1,REFERENCE_STALE,CANONICAL_GENERATOR,exact sum
Hypergeometric_Survival,all,7.0,10.0,20.0,50.0,401c000000000000,4024000000000000,4034000000000000,4049000000000000,0.005842959566193290169011654,0.005842959566193289720852643,0.00584295956619328972085264314839,4.48159e-19,1.48389e-28,7.67007e-17,2.53963e-26,160,260,0.00584295956619328972085264314839,0.00584295956619328972085264314839,1.89112e-162,,0,1,REFERENCE_STALE,CANONICAL_GENERATOR,exact sum
Hypergeometric_Variance,all,10.0,20.0,50.0,,4024000000000000,4034000000000000,4049000000000000,,1.959183673469387709786815,1.959183673469387755102041,1.95918367346938775510204081633,4.53152e-17,1.83673e-25,2.31296e-17,9.375e-26,160,260,1.95918367346938775510204081633,1.95918367346938775510204081633,1.59676e-161,,0,1,REFERENCE_STALE,CANONICAL_GENERATOR,exact rational
Hypergeometric_StdDev,all,10.0,20.0,50.0,,4024000000000000,4034000000000000,4049000000000000,,1.399708424447530408230023,1.399708424447530341827019,1.39970842444753034182701947126,6.6403e-17,4.71261e-25,4.74406e-17,3.36685e-25,160,260,1.39970842444753034182701947126,1.39970842444753034182701947126,8.43417e-162,,0,1,REFERENCE_STALE,CANONICAL_GENERATOR,exact rational + sqrt
Hypergeometric_PMF,all,12.0,30.0,40.0,100.0,4028000000000000,403e000000000000,4044000000000000,4059000000000000,0.1759480068612331304933605,0.175948006861233142318117,0.175948006861233142318117043319,1.18248e-17,4.33188e-26,6.7206e-17,2.46202e-25,160,260,0.175948006861233142318117043319,0.175948006861233142318117043319,1.03196e-162,,0,1,REFERENCE_STALE,CANONICAL_GENERATOR,exact binomial
Hypergeometric_LogPMF,all,12.0,30.0,40.0,100.0,4028000000000000,403e000000000000,4044000000000000,4059000000000000,-1.737566743148931891482789,-1.737566743148933068319142,-1.73756674314893306831914236,1.17684e-15,3.59997e-25,6.7729e-16,2.07184e-25,160,260,-1.73756674314893306831914236,-1.73756674314893306831914236,9.59749e-162,,0,1,REFERENCE_STALE,CANONICAL_GENERATOR,exact binomial
Hypergeometric_Cumulative,all,12.0,30.0,40.0,100.0,4028000000000000,403e000000000000,4044000000000000,4059000000000000,0.5902188158964216668778135,0.5902188158964216855048887,0.590218815896421685504888731588,1.86271e-17,3.15884e-26,3.15596e-17,5.35198e-26,160,260,0.590218815896421685504888731588,0.590218815896421685504888731588,4.60363e-162,,0,1,REFERENCE_STALE,CANONICAL_GENERATOR,exact sum
Hypergeometric_Survival,all,12.0,30.0,40.0,100.0,4028000000000000,403e000000000000,4044000000000000,4059000000000000,0.4097811841035783331221865,0.4097811841035783144951113,0.409781184103578314495111268412,1.86271e-17,3.15884e-26,4.54562e-17,7.7086e-26,160,260,0.409781184103578314495111268412,0.409781184103578314495111268412,4.60363e-162,,0,1,REFERENCE_STALE,CANONICAL_GENERATOR,exact sum
Hypergeometric_PMF,all,17.0,30.0,40.0,100.0,4031000000000000,403e000000000000,4044000000000000,4059000000000000,0.01560883762240650000918674,0.01560883762240650117550266,0.0156088376224065011755026550957,1.16632e-18,4.90431e-27,7.47215e-17,3.14201e-25,160,260,0.0156088376224065011755026550957,0.0156088376224065011755026550957,1.5731e-164,,0,1,REFERENCE_STALE,CANONICAL_GENERATOR,exact binomial
Hypergeometric_LogPMF,all,17.0,30.0,40.0,100.0,4031000000000000,403e000000000000,4044000000000000,4059000000000000,-4.159918010878435268296016,-4.15991801087844063052561,-4.1599180108784406305256104427,5.36223e-15,4.42698e-25,1.28902e-15,1.0642e-25,160,260,-4.1599180108784406305256104427,-4.1599180108784406305256104427,2.22015e-161,,0,1,REFERENCE_STALE,CANONICAL_GENERATOR,exact binomial
Hypergeometric_Cumulative,all,17.0,30.0,40.0,100.0,4031000000000000,403e000000000000,4044000000000000,4059000000000000,0.992635537819196889230966,0.9926355378191970092834477,0.992635537819197009283447730517,1.20052e-16,3.05169e-26,1.20943e-16,3.07433e-26,160,260,0.992635537819197009283447730517,0.992635537819197009283447730517,2.65015e-162,,0,1,REFERENCE_STALE,CANONICAL_GENERATOR,exact sum
Hypergeometric_Survival,all,17.0,30.0,40.0,100.0,4031000000000000,403e000000000000,4044000000000000,4059000000000000,0.007364462180802990205752412,0.007364462180802990716552269,0.00736446218080299071655226948314,5.108e-19,4.83136e-28,6.93601e-17,6.56037e-26,160,260,0.00736446218080299071655226948314,0.00736446218080299071655226948314,2.65015e-162,,0,1,REFERENCE_STALE,CANONICAL_GENERATOR,exact sum
Hypergeometric_Variance,all,30.0,40.0,100.0,,403e000000000000,4044000000000000,4059000000000000,,5.090909090909090828347416,5.090909090909090909090909,5.09090909090909090909090909091,8.07435e-17,9.09091e-26,1.58603e-17,1.78571e-26,160,260,5.09090909090909090909090909091,5.09090909090909090909090909091,4.52635e-161,,0,1,REFERENCE_STALE,CANONICAL_GENERATOR,exact rational
Hypergeometric_StdDev,all,30.0,40.0,100.0,,403e000000000000,4044000000000000,4059000000000000,,2.256304299271064905951789,2.256304299271064835660589,2.25630429927106483566058944645,7.02912e-17,4.46445e-25,3.11532e-17,1.97866e-25,160,260,2.25630429927106483566058944645,2.25630429927106483566058944645,4.97958e-162,,0,1,REFERENCE_STALE,CANONICAL_GENERATOR,exact rational + sqrt
Hypergeometric_PMF,all,50.0,100.0,500.0,1000.0,4049000000000000,4059000000000000,407f400000000000,408f400000000000,0.08389209209281305035244003,0.08389209209281303302881274,0.0838920920928130330288127378827,1.73236e-17,2.11731e-27,2.06499e-16,2.52385e-26,160,260,0.0838920920928130330288127378827,0.0838920920928130330288127378827,4.79819e-163,,0,1,REFERENCE_STALE,CANONICAL_GENERATOR,exact binomial
Hypergeometric_LogPMF,all,50.0,100.0,500.0,1000.0,4049000000000000,4059000000000000,407f400000000000,408f400000000000,-2.478223923910491066635586,-2.478223923910480339870122,-2.4782239239104803398701216973,1.07268e-14,3.02699e-25,4.32841e-15,1.22143e-25,160,260,-2.4782239239104803398701216973,-2.4782239239104803398701216973,1.21453e-161,,0,1,REFERENCE_STALE,CANONICAL_GENERATOR,exact binomial
Hypergeometric_Cumulative,all,50.0,100.0,500.0,1000.0,4049000000000000,4059000000000000,407f400000000000,408f400000000000,0.5419460460464066153818408,0.5419460460464065165144064,0.541946046046406516514406368941,9.88674e-17,3.10587e-26,1.8243e-16,5.73095e-26,160,260,0.541946046046406516514406368941,0.541946046046406516514406368941,1.98285e-162,,0,1,REFERENCE_STALE,CANONICAL_GENERATOR,exact sum
Hypergeometric_Survival,all,50.0,100.0,500.0,1000.0,4049000000000000,4059000000000000,407f400000000000,408f400000000000,0.4580539539535934956404617,0.4580539539535934834855936,0.458053953953593483485593631059,1.21549e-17,3.10587e-26,2.65359e-17,6.78057e-26,160,260,0.458053953953593483485593631059,0.458053953953593483485593631059,1.98285e-162,,0,1,REFERENCE_STALE,CANONICAL_GENERATOR,exact sum
Hypergeometric_PMF,all,60.0,100.0,500.0,1000.0,404e000000000000,4059000000000000,407f400000000000,408f400000000000,0.009154617492947367263234071,0.009154617492947366154943652,0.00915461749294736615494365184138,1.10829e-18,1.58624e-28,1.21064e-16,1.73272e-26,160,260,0.00915461749294736615494365184138,0.00915461749294736615494365184138,3.90246e-164,,0,1,REFERENCE_STALE,CANONICAL_GENERATOR,exact binomial
Hypergeometric_LogPMF,all,60.0,100.0,500.0,1000.0,404e000000000000,4059000000000000,407f400000000000,408f400000000000,-4.693496882946760706545319,-4.693496882946723831213135,-4.69349688294672383121313452407,3.68753e-14,4.75926e-25,7.85669e-15,1.01401e-25,160,260,-4.69349688294672383121313452407,-4.69349688294672383121313452407,2.7975e-161,,0,1,REFERENCE_STALE,CANONICAL_GENERATOR,exact binomial
Hypergeometric_Cumulative,all,60.0,100.0,500.0,1000.0,404e000000000000,4059000000000000,407f400000000000,408f400000000000,0.9867738661204397132564736,0.9867738661204394847833975,0.986773866120439484783397465492,2.28473e-16,3.45079e-26,2.31535e-16,3.49705e-26,160,260,0.986773866120439484783397465492,0.986773866120439484783397465492,4.33133e-162,,0,1,REFERENCE_STALE,CANONICAL_GENERATOR,exact sum
Hypergeometric_Survival,all,60.0,100.0,500.0,1000.0,404e000000000000,4059000000000000,407f400000000000,408f400000000000,0.01322613387956051399230173,0.01322613387956051521660253,0.0132261338795605152166025345079,1.2243e-18,4.50793e-27,9.25668e-17,3.40835e-25,160,260,0.0132261338795605152166025345079,0.0132261338795605152166025345079,4.33133e-162,,0,1,REFERENCE_STALE,CANONICAL_GENERATOR,exact sum
Hypergeometric_Variance,all,100.0,500.0,1000.0,,4059000000000000,407f400000000000,408f400000000000,,22.5225225225225216263425,22.52252252252252252252252,22.5225225225225225225225225225,8.9618e-16,2.52252e-24,3.97904e-17,1.12e-25,160,260,22.5225225225225225225225225225,22.5225225225225225225225225225,2.8195e-161,,0,1,REFERENCE_STALE,CANONICAL_GENERATOR,exact rational
Hypergeometric_StdDev,all,100.0,500.0,1000.0,,4059000000000000,407f400000000000,408f400000000000,,4.745789978762495309183578,4.745789978762494976757389,4.74578997876249497675738948734,3.32426e-16,4.87342e-25,7.00465e-17,1.02689e-25,160,260,4.74578997876249497675738948734,4.74578997876249497675738948734,6.99718e-162,,0,1,REFERENCE_STALE,CANONICAL_GENERATOR,exact rational + sqrt
Hypergeometric_PMF,all,10.0,50.0,200.0,1000.0,4024000000000000,4049000000000000,4069000000000000,408f400000000000,0.1434479694110065428613865,0.1434479694110065506104074,0.14344796941100655061040740685,7.74902e-18,6.85045e-27,5.40197e-17,4.77557e-26,160,260,0.14344796941100655061040740685,0.14344796941100655061040740685,2.73409e-163,,0,1,REFERENCE_STALE,CANONICAL_GENERATOR,exact binomial
Hypergeometric_LogPMF,all,10.0,50.0,200.0,1000.0,4024000000000000,4049000000000000,4069000000000000,408f400000000000,-1.941782892033103280482464,-1.941782892033086453175254,-1.94178289203308645317525383424,1.68273e-14,1.65762e-25,8.66591e-15,8.53661e-26,160,260,-1.94178289203308645317525383424,-1.94178289203308645317525383424,5.63286e-162,,0,1,REFERENCE_STALE,CANONICAL_GENERATOR,exact binomial
Hypergeometric_Cumulative,all,10.0,50.0,200.0,1000.0,4024000000000000,4049000000000000,4069000000000000,408f400000000000,0.584303973571837498290904,0.584303973571837451726481,0.584303973571837451726480958318,4.65644e-17,4.16821e-26,7.96921e-17,7.13363e-26,160,260,0.584303973571837451726480958318,0.584303973571837451726480958318,4.20636e-162,,0,1,REFERENCE_STALE,CANONICAL_GENERATOR,exact sum
Hypergeometric_Survival,all,10.0,50.0,200.0,1000.0,4024000000000000,4049000000000000,4069000000000000,408f400000000000,0.4156960264281626127313984,0.415696026428162548273519,0.415696026428162548273519041682,6.44579e-17,4.16821e-26,1.5506e-16,1.00271e-25,160,260,0.415696026428162548273519041682,0.415696026428162548273519041682,4.20636e-162,,0,1,REFERENCE_STALE,CANONICAL_GENERATOR,exact sum
Hypergeometric_PMF,all,16.0,50.0,200.0,1000.0,4030000000000000,4049000000000000,4069000000000000,408f400000000000,0.01507891566715412884347458,0.01507891566715412625505307,0.0150789156671541262550530670903,2.58842e-18,2.90973e-27,1.71658e-16,1.92967e-25,160,260,0.0150789156671541262550530670903,0.0150789156671541262550530670903,1.66983e-164,,0,1,REFERENCE_STALE,CANONICAL_GENERATOR,exact binomial
Hypergeometric_LogPMF,all,16.0,50.0,200.0,1000.0,4030000000000000,4049000000000000,4069000000000000,408f400000000000,-4.194457824348774011014029,-4.194457824348773661719256,-4.19445782434877366171925611238,3.49295e-16,1.12382e-25,8.32753e-17,2.67931e-26,160,260,-4.19445782434877366171925611238,-4.19445782434877366171925611238,2.26345e-161,,0,1,REFERENCE_STALE,CANONICAL_GENERATOR,exact binomial
Hypergeometric_Cumulative,all,16.0,50.0,200.0,1000.0,4030000000000000,4049000000000000,4069000000000000,408f400000000000,0.9876686183585866585232793,0.9876686183585865535425993,0.987668618358586553542599261492,1.04981e-16,3.85077e-26,1.06291e-16,3.89884e-26,160,260,0.987668618358586553542599261492,0.987668618358586553542599261492,2.73025e-162,,0,1,REFERENCE_STALE,CANONICAL_GENERATOR,exact sum
Hypergeometric_Survival,all,16.0,50.0,200.0,1000.0,4030000000000000,4049000000000000,4069000000000000,408f400000000000,0.01233138164141344729485272,0.01233138164141344645740074,0.0123313816414134464574007385077,8.37452e-19,1.49233e-27,6.79123e-17,1.21019e-25,160,260,0.0123313816414134464574007385077,0.0123313816414134464574007385077,2.73025e-162,,0,1,REFERENCE_STALE,CANONICAL_GENERATOR,exact sum
Hypergeometric_Variance,all,50.0,200.0,1000.0,,4049000000000000,4069000000000000,408f400000000000,,7.607607607607607569377706,7.607607607607607607607608,7.60760760760760760760760760761,3.82299e-17,3.92392e-25,5.02522e-18,5.15789e-26,160,260,7.60760760760760760760760760761,7.60760760760760760760760760761,1.54503e-161,,0,1,REFERENCE_STALE,CANONICAL_GENERATOR,exact rational
Hypergeometric_StdDev,all,50.0,200.0,1000.0,,4049000000000000,4069000000000000,408f400000000000,,2.758189189959167286758657,2.758189189959167323762505,2.75818918995916732376250454019,3.70038e-17,4.59809e-25,1.3416e-17,1.66707e-25,160,260,2.75818918995916732376250454019,2.75818918995916732376250454019,7.65694e-163,,0,1,REFERENCE_STALE,CANONICAL_GENERATOR,exact rational + sqrt
Hypergeometric_PMF,all,25.0,500.0,5000.0,100000.0,4039000000000000,407f400000000000,40b3880000000000,40f86a0000000000,0.08179284251089551094349162,0.08179284251089551037111053,0.0817928425108955103711105255771,5.72381e-19,4.42291e-27,6.99794e-18,5.40745e-26,160,260,0.0817928425108955103711105255771,0.0817928425108955103711105255771,2.20335e-163,,0,1,REFERENCE_STALE,CANONICAL_GENERATOR,exact binomial
Hypergeometric_LogPMF,all,25.0,500.0,5000.0,100000.0,4039000000000000,407f400000000000,40b3880000000000,40f86a0000000000,-2.503565539068858925020322,-2.503565539068575398842378,-2.50356553906857539884237785725,2.83526e-13,1.42746e-25,1.13249e-13,5.70169e-26,160,260,-2.50356553906857539884237785725,-2.50356553906857539884237785725,8.30022e-162,,0,1,REFERENCE_STALE,CANONICAL_GENERATOR,exact binomial
Hypergeometric_Cumulative,all,25.0,500.0,5000.0,100000.0,4039000000000000,407f400000000000,40b3880000000000,40f86a0000000000,0.5529492470373847945452894,0.5529492470373848160497481,0.552949247037384816049748129507,2.15045e-17,2.95072e-26,3.88905e-17,5.33633e-26,160,260,0.552949247037384816049748129507,0.552949247037384816049748129507,6.86212e-162,,0,1,REFERENCE_STALE,CANONICAL_GENERATOR,exact sum
Hypergeometric_Survival,all,25.0,500.0,5000.0,100000.0,4039000000000000,407f400000000000,40b3880000000000,40f86a0000000000,0.4470507529626150944324081,0.4470507529626151839502519,0.447050752962615183950251870493,8.95178e-17,2.95072e-26,2.00241e-16,6.60041e-26,160,260,0.447050752962615183950251870493,0.447050752962615183950251870493,6.86212e-162,,0,1,REFERENCE_STALE,CANONICAL_GENERATOR,exact sum
Hypergeometric_PMF,all,35.0,500.0,5000.0,100000.0,4041800000000000,407f400000000000,40b3880000000000,40f86a0000000000,0.01054202856504604657317259,0.0105420285650460477499808,0.0105420285650460477499807951932,1.17681e-18,4.80681e-27,1.1163e-16,4.55966e-25,160,260,0.0105420285650460477499807951932,0.0105420285650460477499807951932,1.03817e-163,,0,1,REFERENCE_STALE,CANONICAL_GENERATOR,exact binomial
Hypergeometric_LogPMF,all,35.0,500.0,5000.0,100000.0,4041800000000000,407f400000000000,40b3880000000000,40f86a0000000000,-4.552385290910933690611273,-4.552385290910785040834611,-4.55238529091078504083461067399,1.4865e-13,3.2601e-25,3.26532e-14,7.16129e-26,160,260,-4.55238529091078504083461067399,-4.55238529091078504083461067399,1.43699e-161,,0,1,REFERENCE_STALE,CANONICAL_GENERATOR,exact binomial
Hypergeometric_Cumulative,all,35.0,500.0,5000.0,100000.0,4041800000000000,407f400000000000,40b3880000000000,40f86a0000000000,0.9806179150519215292902686,0.9806179150519216057527724,0.98061791505192160575277243103,7.64625e-17,3.10303e-26,7.79738e-17,3.16437e-26,160,260,0.98061791505192160575277243103,0.98061791505192160575277243103,2.9543e-162,,0,1,REFERENCE_STALE,CANONICAL_GENERATOR,exact sum
Hypergeometric_Survival,all,35.0,500.0,5000.0,100000.0,4041800000000000,407f400000000000,40b3880000000000,40f86a0000000000,0.0193820849480783909124515,0.01938208494807839424722757,0.0193820849480783942472275689697,3.33478e-18,1.03035e-27,1.72055e-16,5.31599e-26,160,260,0.0193820849480783942472275689697,0.0193820849480783942472275689697,2.9543e-162,,0,1,REFERENCE_STALE,CANONICAL_GENERATOR,exact sum
Hypergeometric_Variance,all,500.0,5000.0,100000.0,,407f400000000000,40b3880000000000,40f86a0000000000,,23.63148631486314954486261,23.63148631486314863148631,23.6314863148631486314863148631,9.13376e-16,4.86315e-24,3.86508e-17,2.05791e-25,160,260,23.6314863148631486314863148631,23.6314863148631486314863148631,1.54657e-160,,0,1,REFERENCE_STALE,CANONICAL_GENERATOR,exact rational
Hypergeometric_StdDev,all,500.0,5000.0,100000.0,,407f400000000000,40b3880000000000,40f86a0000000000,,4.861222718088850314188676,4.86122271808885018827463,4.86122271808885018827463034447,1.25914e-16,3.44471e-25,2.59017e-17,7.0861e-26,160,260,4.86122271808885018827463034447,4.86122271808885018827463034447,3.61002e-161,,0,1,REFERENCE_STALE,CANONICAL_GENERATOR,exact rational + sqrt
DiscreteUniform_PMF,all,1.0,1.0,6.0,,3ff0000000000000,3ff0000000000000,4018000000000000,,0.1666666666666666574148081,0.1666666666666666666666667,0.166666666666666666666666666667,9.25186e-18,3.33333e-26,5.55112e-17,2.0e-25,160,260,0.166666666666666666666666666667,0.166666666666666666666666666667,7.4092e-163,,0,1,REFERENCE_STALE,CANONICAL_GENERATOR,exact rational
DiscreteUniform_LogPMF,all,1.0,1.0,6.0,,3ff0000000000000,3ff0000000000000,4018000000000000,,-1.791759469228054957312679,-1.791759469228055000812477,-1.79175946922805500081247735838,4.34998e-17,3.58381e-25,2.42777e-17,2.00016e-25,160,260,-1.79175946922805500081247735838,-1.79175946922805500081247735838,4.58005e-162,,0,1,REFERENCE_STALE,CANONICAL_GENERATOR,exact rational
DiscreteUniform_Cumulative,all,1.0,1.0,6.0,,3ff0000000000000,3ff0000000000000,4018000000000000,,0.1666666666666666574148081,0.1666666666666666666666667,0.166666666666666666666666666667,9.25186e-18,3.33333e-26,5.55112e-17,2.0e-25,160,260,0.166666666666666666666666666667,0.166666666666666666666666666667,7.4092e-163,,0,1,REFERENCE_STALE,CANONICAL_GENERATOR,exact rational
DiscreteUniform_Survival,all,1.0,1.0,6.0,,3ff0000000000000,3ff0000000000000,4018000000000000,,0.8333333333333333703407675,0.8333333333333333333333333,0.833333333333333333333333333333,3.70074e-17,3.33333e-26,4.44089e-17,4.0e-26,160,260,0.833333333333333333333333333333,0.833333333333333333333333333333,2.96368e-162,,0,1,REFERENCE_STALE,CANONICAL_GENERATOR,exact rational
DiscreteUniform_PMF,all,3.0,1.0,6.0,,4008000000000000,3ff0000000000000,4018000000000000,,0.1666666666666666574148081,0.1666666666666666666666667,0.166666666666666666666666666667,9.25186e-18,3.33333e-26,5.55112e-17,2.0e-25,160,260,0.166666666666666666666666666667,0.166666666666666666666666666667,7.4092e-163,,0,1,REFERENCE_STALE,CANONICAL_GENERATOR,exact rational
DiscreteUniform_LogPMF,all,3.0,1.0,6.0,,4008000000000000,3ff0000000000000,4018000000000000,,-1.791759469228054957312679,-1.791759469228055000812477,-1.79175946922805500081247735838,4.34998e-17,3.58381e-25,2.42777e-17,2.00016e-25,160,260,-1.79175946922805500081247735838,-1.79175946922805500081247735838,4.58005e-162,,0,1,REFERENCE_STALE,CANONICAL_GENERATOR,exact rational
DiscreteUniform_PMF,all,6.0,1.0,6.0,,4018000000000000,3ff0000000000000,4018000000000000,,0.1666666666666666574148081,0.1666666666666666666666667,0.166666666666666666666666666667,9.25186e-18,3.33333e-26,5.55112e-17,2.0e-25,160,260,0.166666666666666666666666666667,0.166666666666666666666666666667,7.4092e-163,,0,1,REFERENCE_STALE,CANONICAL_GENERATOR,exact rational
DiscreteUniform_LogPMF,all,6.0,1.0,6.0,,4018000000000000,3ff0000000000000,4018000000000000,,-1.791759469228054957312679,-1.791759469228055000812477,-1.79175946922805500081247735838,4.34998e-17,3.58381e-25,2.42777e-17,2.00016e-25,160,260,-1.79175946922805500081247735838,-1.79175946922805500081247735838,4.58005e-162,,0,1,REFERENCE_STALE,CANONICAL_GENERATOR,exact rational
DiscreteUniform_Variance,all,1.0,6.0,,,3ff0000000000000,4018000000000000,,,2.91666666666666651863693,2.916666666666666666666667,2.91666666666666666666666666667,1.4803e-16,3.33333e-25,5.07531e-17,1.14286e-25,160,260,2.91666666666666666666666666667,2.91666666666666666666666666667,1.18547e-161,,0,1,REFERENCE_STALE,CANONICAL_GENERATOR,exact rational
DiscreteUniform_StdDev,all,1.0,6.0,,,3ff0000000000000,4018000000000000,,,1.70782512765993299552747,1.707825127659933063870173,1.70782512765993306387017311342,6.83427e-17,1.1342e-25,4.00174e-17,6.64121e-26,160,260,1.70782512765993306387017311342,1.70782512765993306387017311342,3.8436e-162,,0,1,REFERENCE_STALE,CANONICAL_GENERATOR,exact rational + sqrt
DiscreteUniform_PMF,all,0.0,0.0,9.0,,0000000000000000,0000000000000000,4022000000000000,,0.1000000000000000055511151,0.1,0.1,5.55112e-18,0.0,5.55112e-17,0.0,160,260,0.1,0.1,4.44552e-163,,0,1,REFERENCE_STALE,CANONICAL_GENERATOR,exact rational
DiscreteUniform_LogPMF,all,0.0,0.0,9.0,,0000000000000000,0000000000000000,4022000000000000,,-2.302585092994045901093614,-2.302585092994045684017991,-2.30258509299404568401799145468,2.17076e-16,4.54684e-25,9.42747e-17,1.97467e-25,160,260,-2.30258509299404568401799145468,-2.30258509299404568401799145468,1.12903e-161,,0,1,REFERENCE_STALE,CANONICAL_GENERATOR,exact rational
DiscreteUniform_Cumulative,all,0.0,0.0,9.0,,0000000000000000,0000000000000000,4022000000000000,,0.1000000000000000055511151,0.1,0.1,5.55112e-18,0.0,5.55112e-17,0.0,160,260,0.1,0.1,4.44552e-163,,0,1,REFERENCE_STALE,CANONICAL_GENERATOR,exact rational
DiscreteUniform_Survival,all,0.0,0.0,9.0,,0000000000000000,0000000000000000,4022000000000000,,0.9000000000000000222044605,0.9,0.9,2.22045e-17,0.0,2.46716e-17,0.0,160,260,0.9,0.9,1.77821e-162,,0,1,REFERENCE_STALE,CANONICAL_GENERATOR,exact rational
DiscreteUniform_PMF,all,4.0,0.0,9.0,,4010000000000000,0000000000000000,4022000000000000,,0.1000000000000000055511151,0.1,0.1,5.55112e-18,0.0,5.55112e-17,0.0,160,260,0.1,0.1,4.44552e-163,,0,1,REFERENCE_STALE,CANONICAL_GENERATOR,exact rational
DiscreteUniform_LogPMF,all,4.0,0.0,9.0,,4010000000000000,0000000000000000,4022000000000000,,-2.302585092994045901093614,-2.302585092994045684017991,-2.30258509299404568401799145468,2.17076e-16,4.54684e-25,9.42747e-17,1.97467e-25,160,260,-2.30258509299404568401799145468,-2.30258509299404568401799145468,1.12903e-161,,0,1,REFERENCE_STALE,CANONICAL_GENERATOR,exact rational
DiscreteUniform_PMF,all,9.0,0.0,9.0,,4022000000000000,0000000000000000,4022000000000000,,0.1000000000000000055511151,0.1,0.1,5.55112e-18,0.0,5.55112e-17,0.0,160,260,0.1,0.1,4.44552e-163,,0,1,REFERENCE_STALE,CANONICAL_GENERATOR,exact rational
DiscreteUniform_LogPMF,all,9.0,0.0,9.0,,4022000000000000,0000000000000000,4022000000000000,,-2.302585092994045901093614,-2.302585092994045684017991,-2.30258509299404568401799145468,2.17076e-16,4.54684e-25,9.42747e-17,1.97467e-25,160,260,-2.30258509299404568401799145468,-2.30258509299404568401799145468,1.12903e-161,,0,1,REFERENCE_STALE,CANONICAL_GENERATOR,exact rational
DiscreteUniform_StdDev,all,0.0,9.0,,,0000000000000000,4022000000000000,,,2.872281323269014308152691,2.872281323269014329925306,2.87228132326901432992530573411,2.17726e-17,2.65891e-25,7.58025e-18,9.25712e-26,160,260,2.87228132326901432992530573411,2.87228132326901432992530573411,5.44288e-162,,0,1,REFERENCE_STALE,CANONICAL_GENERATOR,exact rational + sqrt
DiscreteUniform_PMF,all,-5.0,-5.0,6.0,,c014000000000000,c014000000000000,4018000000000000,,0.08333333333333332870740406,0.08333333333333333333333333,0.0833333333333333333333333333333,4.62593e-18,3.33333e-27,5.55112e-17,4.0e-26,160,260,0.0833333333333333333333333333333,0.0833333333333333333333333333333,3.7046e-163,,0,1,REFERENCE_STALE,CANONICAL_GENERATOR,exact rational
DiscreteUniform_LogPMF,all,-5.0,-5.0,6.0,,c014000000000000,c014000000000000,4018000000000000,,-2.484906649788000354561746,-2.484906649788000310229709,-2.48490664978800031022970947984,4.4332e-17,4.79839e-25,1.78405e-17,1.93101e-25,160,260,-2.48490664978800031022970947984,-2.48490664978800031022970947984,4.69535e-162,,0,1,REFERENCE_STALE,CANONICAL_GENERATOR,exact rational
DiscreteUniform_Cumulative,all,-5.0,-5.0,6.0,,c014000000000000,c014000000000000,4018000000000000,,0.08333333333333332870740406,0.08333333333333333333333333,0.0833333333333333333333333333333,4.62593e-18,3.33333e-27,5.55112e-17,4.0e-26,160,260,0.0833333333333333333333333333333,0.0833333333333333333333333333333,3.7046e-163,,0,1,REFERENCE_STALE,CANONICAL_GENERATOR,exact rational
DiscreteUniform_Survival,all,-5.0,-5.0,6.0,,c014000000000000,c014000000000000,4018000000000000,,0.9166666666666666296592325,0.9166666666666666666666667,0.916666666666666666666666666667,3.70074e-17,3.33333e-26,4.03717e-17,3.63636e-26,160,260,0.916666666666666666666666666667,0.916666666666666666666666666667,2.96368e-162,,0,1,REFERENCE_STALE,CANONICAL_GENERATOR,exact rational
DiscreteUniform_PMF,all,0.0,-5.0,6.0,,0000000000000000,c014000000000000,4018000000000000,,0.08333333333333332870740406,0.08333333333333333333333333,0.0833333333333333333333333333333,4.62593e-18,3.33333e-27,5.55112e-17,4.0e-26,160,260,0.0833333333333333333333333333333,0.0833333333333333333333333333333,3.7046e-163,,0,1,REFERENCE_STALE,CANONICAL_GENERATOR,exact rational
DiscreteUniform_LogPMF,all,0.0,-5.0,6.0,,0000000000000000,c014000000000000,4018000000000000,,-2.484906649788000354561746,-2.484906649788000310229709,-2.48490664978800031022970947984,4.4332e-17,4.79839e-25,1.78405e-17,1.93101e-25,160,260,-2.48490664978800031022970947984,-2.48490664978800031022970947984,4.69535e-162,,0,1,REFERENCE_STALE,CANONICAL_GENERATOR,exact rational
DiscreteUniform_PMF,all,6.0,-5.0,6.0,,4018000000000000,c014000000000000,4018000000000000,,0.08333333333333332870740406,0.08333333333333333333333333,0.0833333333333333333333333333333,4.62593e-18,3.33333e-27,5.55112e-17,4.0e-26,160,260,0.0833333333333333333333333333333,0.0833333333333333333333333333333,3.7046e-163,,0,1,REFERENCE_STALE,CANONICAL_GENERATOR,exact rational
DiscreteUniform_LogPMF,all,6.0,-5.0,6.0,,4018000000000000,c014000000000000,4018000000000000,,-2.484906649788000354561746,-2.484906649788000310229709,-2.48490664978800031022970947984,4.4332e-17,4.79839e-25,1.78405e-17,1.93101e-25,160,260,-2.48490664978800031022970947984,-2.48490664978800031022970947984,4.69535e-162,,0,1,REFERENCE_STALE,CANONICAL_GENERATOR,exact rational
DiscreteUniform_Variance,all,-5.0,6.0,,,c014000000000000,4018000000000000,,,11.91666666666666607454772,11.91666666666666666666667,11.9166666666666666666666666667,5.92119e-16,3.33333e-24,4.96883e-17,2.7972e-25,160,260,11.9166666666666666666666666667,11.9166666666666666666666666667,4.74189e-161,,0,1,REFERENCE_STALE,CANONICAL_GENERATOR,exact rational
DiscreteUniform_StdDev,all,-5.0,6.0,,,c014000000000000,4018000000000000,,,3.452052529534662905774667,3.452052529534663188692863,3.45205252953466318869286272401,2.82918e-16,2.75992e-25,8.19565e-17,7.99501e-26,160,260,3.45205252953466318869286272401,3.45205252953466318869286272401,1.85743e-163,,0,1,REFERENCE_STALE,CANONICAL_GENERATOR,exact rational + sqrt
DiscreteUniform_PMF,all,-999983.0,-999983.0,1000000.0,,c12e845e00000000,c12e845e00000000,412e848000000000,,0.0000005000040000320002513822934,0.000000500004000032000256002048,0.000000500004000032000256002048016384,4.61975e-24,1.63841e-32,9.23944e-18,3.2768e-26,160,260,0.000000500004000032000256002048016384,0.000000500004000032000256002048016384,5.03055e-169,,0,1,REFERENCE_STALE,CANONICAL_GENERATOR,exact rational
DiscreteUniform_LogPMF,all,-999983.0,-999983.0,1000000.0,,c12e845e00000000,c12e845e00000000,412e848000000000,,-14.50864973849221861712522,-14.50864973849221924285749,-14.5086497384922192428574901763,6.25732e-16,1.76344e-25,4.31282e-17,1.21544e-26,160,260,-14.5086497384922192428574901763,-14.5086497384922192428574901763,6.31389e-162,,0,1,REFERENCE_STALE,CANONICAL_GENERATOR,exact rational
DiscreteUniform_Cumulative,all,-999983.0,-999983.0,1000000.0,,c12e845e00000000,c12e845e00000000,412e848000000000,,0.0000005000040000320002513822934,0.000000500004000032000256002048,0.000000500004000032000256002048016384,4.61975e-24,1.63841e-32,9.23944e-18,3.2768e-26,160,260,0.000000500004000032000256002048016384,0.000000500004000032000256002048016384,5.03055e-169,,0,1,REFERENCE_STALE,CANONICAL_GENERATOR,exact rational
DiscreteUniform_Survival,all,-999983.0,-999983.0,1000000.0,,c12e845e00000000,c12e845e00000000,412e848000000000,,0.999999499996000018597897,0.999999499995999967999744,0.999999499995999967999743997952,5.05982e-17,2.04802e-27,5.05982e-17,2.04802e-27,160,260,0.999999499995999967999743997952,0.999999499995999967999743997952,2.41554e-163,,0,1,REFERENCE_STALE,CANONICAL_GENERATOR,exact rational
DiscreteUniform_PMF,all,8.0,-999983.0,1000000.0,,4020000000000000,c12e845e00000000,412e848000000000,,0.0000005000040000320002513822934,0.000000500004000032000256002048,0.000000500004000032000256002048016384,4.61975e-24,1.63841e-32,9.23944e-18,3.2768e-26,160,260,0.000000500004000032000256002048016384,0.000000500004000032000256002048016384,5.03055e-169,,0,1,REFERENCE_STALE,CANONICAL_GENERATOR,exact rational
DiscreteUniform_LogPMF,all,8.0,-999983.0,1000000.0,,4020000000000000,c12e845e00000000,412e848000000000,,-14.50864973849221861712522,-14.50864973849221924285749,-14.5086497384922192428574901763,6.25732e-16,1.76344e-25,4.31282e-17,1.21544e-26,160,260,-14.5086497384922192428574901763,-14.5086497384922192428574901763,6.31389e-162,,0,1,REFERENCE_STALE,CANONICAL_GENERATOR,exact rational
DiscreteUniform_PMF,all,1000000.0,-999983.0,1000000.0,,412e848000000000,c12e845e00000000,412e848000000000,,0.0000005000040000320002513822934,0.000000500004000032000256002048,0.000000500004000032000256002048016384,4.61975e-24,1.63841e-32,9.23944e-18,3.2768e-26,160,260,0.000000500004000032000256002048016384,0.000000500004000032000256002048016384,5.03055e-169,,0,1,REFERENCE_STALE,CANONICAL_GENERATOR,exact rational
DiscreteUniform_LogPMF,all,1000000.0,-999983.0,1000000.0,,412e848000000000,c12e845e00000000,412e848000000000,,-14.50864973849221861712522,-14.50864973849221924285749,-14.5086497384922192428574901763,6.25732e-16,1.76344e-25,4.31282e-17,1.21544e-26,160,260,-14.5086497384922192428574901763,-14.5086497384922192428574901763,6.31389e-162,,0,1,REFERENCE_STALE,CANONICAL_GENERATOR,exact rational
DiscreteUniform_StdDev,all,-999983.0,1000000.0,,,c12e845e00000000,412e848000000000,,,577345.6503874000627547503,577345.6503874000781420291,577345.650387400078142029111552,1.53873e-11,1.15518e-20,2.66518e-17,2.00084e-26,160,260,577345.650387400078142029111552,577345.650387400078142029111552,3.10313e-156,,0,1,REFERENCE_STALE,CANONICAL_GENERATOR,exact rational + sqrt
DiscreteUniform_PMF,all,0.0,0.0,999983.0,,0000000000000000,0000000000000000,412e845e00000000,,0.000001000016000256004034495421,0.000001000016000256004096065537,0.00000100001600025600409606553704859,6.15701e-23,4.85928e-32,6.15691e-17,4.8592e-26,160,260,0.00000100001600025600409606553704859,0.00000100001600025600409606553704859,5.10819e-168,,0,1,REFERENCE_STALE,CANONICAL_GENERATOR,exact rational
DiscreteUniform_LogPMF,all,0.0,0.0,999983.0,,0000000000000000,0000000000000000,412e845e00000000,,-13.81549455783627244898071,-13.81549455783627273875823,-13.8154945578362727387582311851,2.89778e-16,1.18505e-24,2.09748e-17,8.57772e-26,160,260,-13.8154945578362727387582311851,-13.8154945578362727387582311851,6.50439e-162,,0,1,REFERENCE_STALE,CANONICAL_GENERATOR,exact rational
DiscreteUniform_Cumulative,all,0.0,0.0,999983.0,,0000000000000000,0000000000000000,412e845e00000000,,0.000001000016000256004034495421,0.000001000016000256004096065537,0.00000100001600025600409606553704859,6.15701e-23,4.85928e-32,6.15691e-17,4.8592e-26,160,260,0.00000100001600025600409606553704859,0.00000100001600025600409606553704859,5.10819e-168,,0,1,REFERENCE_STALE,CANONICAL_GENERATOR,exact rational
DiscreteUniform_Survival,all,0.0,0.0,999983.0,,0000000000000000,0000000000000000,412e845e00000000,,0.9999989999839997700803451,0.9999989999839997439959039,0.999998999983999743995903934463,2.60844e-17,3.4463e-26,2.60845e-17,3.4463e-26,160,260,0.999998999983999743995903934463,0.999998999983999743995903934463,2.24043e-162,,0,1,REFERENCE_STALE,CANONICAL_GENERATOR,exact rational
DiscreteUniform_PMF,all,499991.0,0.0,999983.0,,411e845c00000000,0000000000000000,412e845e00000000,,0.000001000016000256004034495421,0.000001000016000256004096065537,0.00000100001600025600409606553704859,6.15701e-23,4.85928e-32,6.15691e-17,4.8592e-26,160,260,0.00000100001600025600409606553704859,0.00000100001600025600409606553704859,5.10819e-168,,0,1,REFERENCE_STALE,CANONICAL_GENERATOR,exact rational
DiscreteUniform_LogPMF,all,499991.0,0.0,999983.0,,411e845c00000000,0000000000000000,412e845e00000000,,-13.81549455783627244898071,-13.81549455783627273875823,-13.8154945578362727387582311851,2.89778e-16,1.18505e-24,2.09748e-17,8.57772e-26,160,260,-13.8154945578362727387582311851,-13.8154945578362727387582311851,6.50439e-162,,0,1,REFERENCE_STALE,CANONICAL_GENERATOR,exact rational
DiscreteUniform_PMF,all,999983.0,0.0,999983.0,,412e845e00000000,0000000000000000,412e845e00000000,,0.000001000016000256004034495421,0.000001000016000256004096065537,0.00000100001600025600409606553704859,6.15701e-23,4.85928e-32,6.15691e-17,4.8592e-26,160,260,0.00000100001600025600409606553704859,0.00000100001600025600409606553704859,5.10819e-168,,0,1,REFERENCE_STALE,CANONICAL_GENERATOR,exact rational
DiscreteUniform_LogPMF,all,999983.0,0.0,999983.0,,412e845e00000000,0000000000000000,412e845e00000000,,-13.81549455783627244898071,-13.81549455783627273875823,-13.8154945578362727387582311851,2.89778e-16,1.18505e-24,2.09748e-17,8.57772e-26,160,260,-13.8154945578362727387582311851,-13.8154945578362727387582311851,6.50439e-162,,0,1,REFERENCE_STALE,CANONICAL_GENERATOR,exact rational
DiscreteUniform_Variance,all,0.0,999983.0,,,0000000000000000,412e845e00000000,,,83330666687.91667175292969,83330666687.91666666666667,83330666687.9166666666666666667,5.08626e-6,3.33333e-15,6.10371e-17,4.00013e-26,160,260,83330666687.9166666666666666667,83330666687.9166666666666666667,4.07325e-151,,0,1,REFERENCE_STALE,CANONICAL_GENERATOR,exact rational
DiscreteUniform_StdDev,all,0.0,999983.0,,,0000000000000000,412e845e00000000,,,288670.5157925150124356151,288670.5157925150253717228,288670.515792515025371722846767,1.29361e-11,4.67665e-20,4.48127e-17,1.62007e-25,160,260,288670.515792515025371722846767,288670.515792515025371722846767,7.07171e-158,,0,1,REFERENCE_STALE,CANONICAL_GENERATOR,exact rational + sqrt
NormalStandard_InverseSurvival,deep_tail,1.0000000000000001e-15,,,,3cd203af9ee75616,,,,7.941345326170996976600236,7.941345326170996780966744,7.94134532617099677133013070579,2.0527e-16,9.63661e-18,2.58483e-17,1.21347e-18,160,260,7.94134532617099677133013070579,7.94134532617099677133013070579,1.32651e-160,,1,1,REFERENCE_STALE,CANONICAL_GENERATOR,erfinv
NormalStandard_InverseCumulative,deep_tail,1.0000000000000001e-15,,,,3cd203af9ee75616,,,,-7.941345326170996976600236,-7.941345326170996780966744,-7.94134532617099677133013070579,2.0527e-16,9.63661e-18,2.58483e-17,1.21347e-18,160,260,-7.94134532617099677133013070579,-7.94134532617099677133013070579,1.32651e-160,,1,1,REFERENCE_STALE,CANONICAL_GENERATOR,erfinv
Normal_InverseSurvival,deep_tail,1.0000000000000001e-15,100.0,15.0,,3cd203af9ee75616,4059000000000000,402e000000000000,,219.1201798925649484317546,219.1201798925649517145012,219.120179892564951569951960587,3.1382e-15,1.44549e-16,1.43218e-17,6.5968e-19,160,260,219.120179892564951569951960587,219.120179892564951569951960587,1.63413e-159,,1,1,REFERENCE_STALE,CANONICAL_GENERATOR,erfinv
Normal_InverseSurvival,deep_tail,1.0000000000000001e-15,-2.5,0.75,,3cd203af9ee75616,c004000000000000,3fe8000000000000,,3.456008994628247954494782,3.456008994628247585725058,3.45600899462824757849759802935,3.75997e-16,7.22746e-18,1.08795e-16,2.09127e-18,160,260,3.45600899462824757849759802935,3.45600899462824757849759802935,8.17063e-161,,1,1,REFERENCE_STALE,CANONICAL_GENERATOR,erfinv
Lognormal_InverseSurvival,deep_tail,1.0000000000000001e-15,0.0,1.0,,3cd203af9ee75616,0000000000000000,3ff0000000000000,,2811.139865527904476039112,2811.139865527905150012672,2811.13986552790512292280579012,6.46884e-13,2.70899e-14,2.30114e-16,9.63661e-18,160,260,2811.13986552790512292280579012,2811.13986552790512292280579012,3.81776e-157,,1,1,REFERENCE_STALE,CANONICAL_GENERATOR,erfinv
Lognormal_InverseSurvival,deep_tail,1.0000000000000001e-15,1.0,0.5,,3cd203af9ee75616,3ff0000000000000,3fe0000000000000,,144.1238015330085318055353,144.1238015330086118405891,144.123801533008611146156478168,7.93406e-14,6.94433e-16,5.50503e-16,4.81831e-18,160,260,144.123801533008611146156478168,144.123801533008611146156478168,1.51106e-158,,1,1,REFERENCE_STALE,CANONICAL_GENERATOR,erfinv
NormalStandard_InverseSurvival,deep_tail,1.0000000000000001e-18,,,,3c32725dd1d243ac,,,,8.757290348782314381992364,8.757290348782315063881129,8.75729034878231505581426626853,6.73822e-16,8.06686e-18,7.69441e-17,9.2116e-19,160,260,8.75729034878231505581426626853,8.75729034878231505581426626853,1.44087e-157,,1,1,REFERENCE_STALE,CANONICAL_GENERATOR,erfinv
NormalStandard_InverseCumulative,deep_tail,1.0000000000000001e-18,,,,3c32725dd1d243ac,,,,-8.757290348782314381992364,-8.757290348782315063881129,-8.75729034878231505581426626853,6.73822e-16,8.06686e-18,7.69441e-17,9.2116e-19,160,260,-8.75729034878231505581426626853,-8.75729034878231505581426626853,1.44087e-157,,1,1,REFERENCE_STALE,CANONICAL_GENERATOR,erfinv
Normal_InverseSurvival,deep_tail,1.0000000000000001e-18,100.0,15.0,,3c32725dd1d243ac,4059000000000000,402e000000000000,,231.3593552317347246116697,231.3593552317347259582169,231.359355231734725837213994028,1.22554e-15,1.21003e-16,5.29715e-18,5.23008e-19,160,260,231.359355231734725837213994028,231.359355231734725837213994028,2.16117e-156,,1,1,REFERENCE_STALE,CANONICAL_GENERATOR,erfinv
Normal_InverseSurvival,deep_tail,1.0000000000000001e-18,-2.5,0.75,,3c32725dd1d243ac,c004000000000000,3fe8000000000000,,4.067967761586736230583483,4.067967761586736297910846,4.0679677615867362918606997014,6.12772e-17,6.05015e-18,1.50633e-17,1.48727e-18,160,260,4.0679677615867362918606997014,4.0679677615867362918606997014,1.0803e-157,,1,1,REFERENCE_STALE,CANONICAL_GENERATOR,erfinv
Lognormal_InverseSurvival,deep_tail,1.0000000000000001e-18,0.0,1.0,,3c32725dd1d243ac,0000000000000000,3ff0000000000000,,6356.863337703417528246064,6356.863337703425182873614,6356.86333770342513159367243491,7.60335e-12,5.12799e-14,1.19608e-15,8.06686e-18,160,260,6356.86333770342513159367243491,6356.86333770342513159367243491,9.1598e-154,,1,1,REFERENCE_STALE,CANONICAL_GENERATOR,erfinv
Lognormal_InverseSurvival,deep_tail,1.0000000000000001e-18,1.0,0.5,,3c32725dd1d243ac,3ff0000000000000,3fe0000000000000,,216.7284471764749298472452,216.7284471764750670722106,216.728447176475066198051275907,1.36351e-13,8.74159e-16,6.29132e-16,4.03343e-18,160,260,216.728447176475066198051275907,216.728447176475066198051275907,1.56149e-155,,1,1,REFERENCE_STALE,CANONICAL_GENERATOR,erfinv
NormalStandard_InverseSurvival,deep_tail,1.0000000000000001e-30,,,,39b4484bfeebc2a0,,,,11.46402468844361521860264,11.46402468844361572698226,11.4640246884436157197669737714,5.01164e-16,7.21529e-18,4.37163e-17,6.29385e-19,160,260,11.4640246884436157197669737714,11.4640246884436157197669737714,8.56741e-146,,1,1,REFERENCE_STALE,CANONICAL_GENERATOR,erfinv
NormalStandard_InverseCumulative,deep_tail,1.0000000000000001e-30,,,,39b4484bfeebc2a0,,,,-11.46402468844361521860264,-11.46402468844361572698226,-11.4640246884436157197669737714,5.01164e-16,7.21529e-18,4.37163e-17,6.29385e-19,160,260,-11.4640246884436157197669737714,-11.4640246884436157197669737714,8.56741e-146,,1,1,REFERENCE_STALE,CANONICAL_GENERATOR,erfinv
Normal_InverseSurvival,deep_tail,1.0000000000000001e-30,100.0,15.0,,39b4484bfeebc2a0,4059000000000000,402e000000000000,,271.9603703266542424898944,271.960370326654235904734,271.960370326654235796504606571,6.69339e-15,1.08229e-16,2.46116e-17,3.9796e-19,160,260,271.960370326654235796504606571,271.960370326654235796504606571,1.28511e-144,,1,1,REFERENCE_STALE,CANONICAL_GENERATOR,erfinv
Normal_InverseSurvival,deep_tail,1.0000000000000001e-30,-2.5,0.75,,39b4484bfeebc2a0,c004000000000000,3fe8000000000000,,6.098018516332711413951984,6.098018516332711795236698,6.09801851633271178982523032854,3.75873e-16,5.41147e-18,6.16386e-17,8.87414e-19,160,260,6.09801851633271178982523032854,6.09801851633271178982523032854,6.42556e-146,,1,1,REFERENCE_STALE,CANONICAL_GENERATOR,erfinv
Lognormal_InverseSurvival,deep_tail,1.0000000000000001e-30,0.0,1.0,,39b4484bfeebc2a0,0000000000000000,3ff0000000000000,,95227.56131048947281669825,95227.56131048957504501871,95227.5613104895743579241949799,1.01541e-10,6.87095e-13,1.0663e-15,7.21529e-18,160,260,95227.5613104895743579241949799,95227.5613104895743579241949799,8.15853e-141,,1,1,REFERENCE_STALE,CANONICAL_GENERATOR,erfinv
Lognormal_InverseSurvival,deep_tail,1.0000000000000001e-30,1.0,0.5,,39b4484bfeebc2a0,3ff0000000000000,3fe0000000000000,,838.8335905813289627985796,838.8335905813294369185232,838.833590581329433892309249213,4.71094e-13,3.02621e-15,5.61606e-16,3.60765e-18,160,260,838.833590581329433892309249213,838.833590581329433892309249213,3.59332e-143,,1,1,REFERENCE_STALE,CANONICAL_GENERATOR,erfinv
NormalStandard_InverseSurvival,deep_tail,1.0e-50,,,,358dee7a4ad4b81f,,,,14.93333753478848890949848,14.93333753478848898116597,14.9333375347884889806582114809,7.11597e-17,5.07759e-19,4.76516e-18,3.40017e-20,160,260,14.9333375347884889806582114809,14.9333375347884889806582114809,6.12732e-126,,0,1,REFERENCE_STALE,CANONICAL_GENERATOR,erfinv
NormalStandard_InverseCumulative,deep_tail,1.0e-50,,,,358dee7a4ad4b81f,,,,-14.93333753478848890949848,-14.93333753478848898116597,-14.9333375347884889806582114809,7.11597e-17,5.07759e-19,4.76516e-18,3.40017e-20,160,260,-14.9333375347884889806582114809,-14.9333375347884889806582114809,6.12732e-126,,0,1,REFERENCE_STALE,CANONICAL_GENERATOR,erfinv
Normal_InverseSurvival,deep_tail,1.0e-50,100.0,15.0,,358dee7a4ad4b81f,4059000000000000,402e000000000000,,324.0000630218273727223277,324.0000630218273347174895,324.000063021827334709873172213,3.80125e-14,7.61633e-18,1.17322e-16,2.35072e-20,160,260,324.000063021827334709873172213,324.000063021827334709873172213,9.19099e-125,,0,1,REFERENCE_STALE,CANONICAL_GENERATOR,erfinv
Normal_InverseSurvival,deep_tail,1.0e-50,-2.5,0.75,,358dee7a4ad4b81f,c004000000000000,3fe8000000000000,,8.700003151091365793945442,8.700003151091366735874477,8.70000315109136673549365861064,9.41548e-16,3.80818e-19,1.08224e-16,4.37722e-20,160,260,8.70000315109136673549365861064,8.70000315109136673549365861064,4.59549e-126,,0,1,REFERENCE_STALE,CANONICAL_GENERATOR,erfinv
Lognormal_InverseSurvival,deep_tail,1.0e-50,0.0,1.0,,358dee7a4ad4b81f,0000000000000000,3ff0000000000000,,3058201.435006556566804647,3058201.435006559279826519,3058201.43500655927827369340072,2.71147e-9,1.55283e-12,8.86622e-16,5.07758e-19,160,260,3058201.43500655927827369340072,3058201.43500655927827369340072,1.87386e-119,,0,1,REFERENCE_STALE,CANONICAL_GENERATOR,erfinv
Lognormal_InverseSurvival,deep_tail,1.0e-50,1.0,0.5,,358dee7a4ad4b81f,3ff0000000000000,3fe0000000000000,,4753.653538605191897659097,4753.653538605194077212916,4753.65353860519407600606325418,2.17835e-12,1.20685e-15,4.58247e-16,2.53879e-19,160,260,4753.65353860519407600606325418,4753.65353860519407600606325418,1.45636e-122,,0,1,REFERENCE_STALE,CANONICAL_GENERATOR,erfinv
NormalStandard_InverseSurvival,deep_tail,1.0e-100,,,,2b2bff2ee48e0530,,,,21.27345356096532569267765,21.27345356096532429511721,21.2734535609653242941795170354,1.3985e-15,9.37693e-19,6.57391e-17,4.40781e-20,160,260,21.2734535609653242941795170354,21.2734535609653242941795170354,8.81104e-76,,0,1,REFERENCE_STALE,CANONICAL_GENERATOR,erfinv
NormalStandard_InverseCumulative,deep_tail,1.0e-100,,,,2b2bff2ee48e0530,,,,-21.27345356096532569267765,-21.27345356096532429511721,-21.2734535609653242941795170354,1.3985e-15,9.37693e-19,6.57391e-17,4.40781e-20,160,260,-21.2734535609653242941795170354,-21.2734535609653242941795170354,8.81104e-76,,0,1,REFERENCE_STALE,CANONICAL_GENERATOR,erfinv
Normal_InverseSurvival,deep_tail,1.0e-100,100.0,15.0,,2b2bff2ee48e0530,4059000000000000,402e000000000000,,419.1018034144798889428785,419.1018034144798644267582,419.10180341447986441269275553,2.45302e-14,1.40654e-17,5.85304e-17,3.35609e-20,160,260,419.10180341447986441269275553,419.10180341447986441269275553,1.32166e-74,,0,1,REFERENCE_STALE,CANONICAL_GENERATOR,erfinv
Normal_InverseSurvival,deep_tail,1.0e-100,-2.5,0.75,,2b2bff2ee48e0530,c004000000000000,3fe8000000000000,,13.45509017072399515768666,13.45509017072399322133791,13.4550901707239932206346377765,1.93705e-15,7.03272e-19,1.43964e-16,5.22681e-20,160,260,13.4550901707239932206346377765,13.4550901707239932206346377765,6.60828e-76,,0,1,REFERENCE_STALE,CANONICAL_GENERATOR,erfinv
Lognormal_InverseSurvival,deep_tail,1.0e-100,0.0,1.0,,2b2bff2ee48e0530,0000000000000000,3ff0000000000000,,1733578421.63179874420166,1733578421.631798231774182,1733578421.63179823014861409454,5.14053e-7,1.62557e-9,2.96527e-16,9.37695e-19,160,260,1733578421.63179823014861409454,1733578421.63179823014861409454,1.52746e-66,,0,1,REFERENCE_STALE,CANONICAL_GENERATOR,erfinv
Lognormal_InverseSurvival,deep_tail,1.0e-100,1.0,0.5,,2b2bff2ee48e0530,3ff0000000000000,3fe0000000000000,,113179.0979347909888019785,113179.0979347909849173644,113179.097934790984864300683741,3.93768e-12,5.30637e-14,3.47916e-17,4.68847e-19,160,260,113179.097934790984864300683741,113179.097934790984864300683741,4.98613e-71,,0,1,REFERENCE_STALE,CANONICAL_GENERATOR,erfinv
NormalStandard_InverseSurvival,deep_tail,9.9999999999999998e-201,,,,16687e92154ef7ac,,,,30.20559417957964143397476,30.20559417957964306253206,30.2055941795796430631240136623,1.62915e-15,5.91954e-19,5.39353e-17,1.95975e-20,160,260,30.2055941795796430631240136623,30.2055941795796430631240136623,1.23625e-160,,1,1,REFERENCE_STALE,CANONICAL_GENERATOR,erfinv
NormalStandard_InverseCumulative,deep_tail,9.9999999999999998e-201,,,,16687e92154ef7ac,,,,-30.20559417957964143397476,-30.20559417957964306253206,-30.2055941795796430631240136623,1.62915e-15,5.91954e-19,5.39353e-17,1.95975e-20,160,260,-30.2055941795796430631240136623,-30.2055941795796430631240136623,0.0,,1,1,REFERENCE_STALE,CANONICAL_GENERATOR,erfinv
Normal_InverseSurvival,deep_tail,9.9999999999999998e-201,100.0,15.0,,16687e92154ef7ac,4059000000000000,402e000000000000,,553.0839126936946286150487,553.083912693694645937981,553.083912693694645946860204935,1.73318e-14,8.8792e-18,3.13367e-17,1.6054e-20,160,260,553.083912693694645946860204935,553.083912693694645946860204935,5.25845e-159,,1,1,REFERENCE_STALE,CANONICAL_GENERATOR,erfinv
Normal_InverseSurvival,deep_tail,9.9999999999999998e-201,-2.5,0.75,,16687e92154ef7ac,c004000000000000,3fe8000000000000,,20.15419563468473285183791,20.15419563468473229689905,20.1541956346847322973430102467,5.54495e-16,4.4396e-19,2.75126e-17,2.20282e-20,160,260,20.1541956346847322973430102467,20.1541956346847322973430102467,2.15906e-161,,1,1,REFERENCE_STALE,CANONICAL_GENERATOR,erfinv
Lognormal_InverseSurvival,deep_tail,9.9999999999999998e-201,0.0,1.0,,16687e92154ef7ac,0000000000000000,3ff0000000000000,,13125712118468.810546875,13125712118468.85309854526,13125712118468.8531063150179724,0.0425594,7.76976e-6,3.24245e-15,5.91949e-19,160,260,13125712118468.8531063150179724,13125712118468.8531063150179724,1.56793e-147,,1,1,REFERENCE_STALE,CANONICAL_GENERATOR,erfinv
Lognormal_InverseSurvival,deep_tail,9.9999999999999998e-201,1.0,0.5,,16687e92154ef7ac,3ff0000000000000,3fe0000000000000,,9848178.673327362164855003,9848178.673327379491248345,9848178.67332737949416315702908,1.73293e-8,2.91481e-12,1.75965e-15,2.95975e-19,160,260,9848178.67332737949416315702908,9848178.67332737949416315702908,2.0788e-153,,1,1,REFERENCE_STALE,CANONICAL_GENERATOR,erfinv
NormalStandard_InverseSurvival,deep_tail,1.0e-300,,,,01a56e1fc2f8f359,,,,37.04709629936120052207116,37.04709629936119923722296,37.0470962993611992365470425049,1.28552e-15,6.75917e-19,3.46997e-17,1.82448e-20,160,260,37.0470962993611992365470425049,37.0470962993611992365470425049,1.94059e-161,,0,1,REFERENCE_STALE,CANONICAL_GENERATOR,erfinv
NormalStandard_InverseCumulative,deep_tail,1.0e-300,,,,01a56e1fc2f8f359,,,,-37.04709629936120052207116,-37.04709629936119923722296,-37.0470962993611992365470425049,1.28552e-15,6.75917e-19,3.46997e-17,1.82448e-20,160,260,-37.0470962993611992365470425049,-37.0470962993611992365470425049,0.0,,0,1,REFERENCE_STALE,CANONICAL_GENERATOR,erfinv
Normal_InverseSurvival,deep_tail,1.0e-300,100.0,15.0,,01a56e1fc2f8f359,4059000000000000,402e000000000000,,655.7064444904179936202127,655.7064444904179885583444,655.706444490417988548205637573,5.07201e-15,1.01388e-17,7.73518e-18,1.54623e-20,160,260,655.706444490417988548205637573,655.706444490417988548205637573,2.91089e-160,,0,1,REFERENCE_STALE,CANONICAL_GENERATOR,erfinv
Normal_InverseSurvival,deep_tail,1.0e-300,-2.5,0.75,,01a56e1fc2f8f359,c004000000000000,3fe8000000000000,,25.28532222452090039155337,25.28532222452089942791722,25.2853222245208994274102818787,9.64143e-16,5.06938e-19,3.81305e-17,2.00487e-20,160,260,25.2853222245208994274102818787,25.2853222245208994274102818787,1.45544e-161,,0,1,REFERENCE_STALE,CANONICAL_GENERATOR,erfinv
Lognormal_InverseSurvival,deep_tail,1.0e-300,0.0,1.0,,01a56e1fc2f8f359,0000000000000000,3ff0000000000000,,12284273959249770.0,12284273959249777.60935531,12284273959249777.6010521256012,7.60105,0.00830318,6.18763e-16,6.7592e-19,160,260,12284273959249777.6010521256012,12284273959249777.6010521256012,1.85115e-145,,0,1,REFERENCE_STALE,CANONICAL_GENERATOR,erfinv
Lognormal_InverseSurvival,deep_tail,1.0e-300,1.0,0.5,,01a56e1fc2f8f359,3ff0000000000000,3fe0000000000000,,301279254.8774798512458801,301279254.8774799647026414,301279254.877479964600821070709,1.13355e-7,1.0182e-10,3.76245e-16,3.3796e-19,160,260,301279254.877479964600821070709,301279254.877479964600821070709,8.84668e-154,,0,1,REFERENCE_STALE,CANONICAL_GENERATOR,erfinv
PROB_LogBeta,tiny_unbalanced,9.9999999999999998e-13,9.8999999999999995e-14,,,3d719799812dea11,3d3bddb3a9cdd929,,,30.0380572201975830637366,30.0380572201975796946327,30.038057220197579694632696658,3.3691e-15,3.34195e-24,1.12161e-16,1.11257e-25,160,260,30.038057220197579694632696658,30.038057220197579694632696658,1.10326e-160,,0,1,REFERENCE_STALE,CANONICAL_GENERATOR,loggamma
PROB_LogBeta,tiny_unbalanced,9.8999999999999995e-14,9.9999999999999998e-13,,,3d3bddb3a9cdd929,3d719799812dea11,,,30.0380572201975830637366,30.0380572201975796946327,30.038057220197579694632696658,3.3691e-15,3.34195e-24,1.12161e-16,1.11257e-25,160,260,30.038057220197579694632696658,30.038057220197579694632696658,1.10326e-160,,0,1,REFERENCE_STALE,CANONICAL_GENERATOR,loggamma
PROB_LogBeta,tiny_unbalanced,9.9999999999999998e-17,9.8999999999999997e-18,,,3c9cd2b297d889bc,3c66d3edb3a766f1,,,39.24839759217376666811106,39.24839759217376240879767,39.2483975921737624087976673618,4.25931e-15,2.63816e-24,1.08522e-16,6.72169e-26,160,260,39.2483975921737624087976673618,39.2483975921737624087976673618,1.75026e-160,,0,1,REFERENCE_STALE,CANONICAL_GENERATOR,loggamma
PROB_LogBeta,tiny_unbalanced,9.8999999999999997e-18,9.9999999999999998e-17,,,3c66d3edb3a766f1,3c9cd2b297d889bc,,,39.24839759217376666811106,39.24839759217376240879767,39.2483975921737624087976673618,4.25931e-15,2.63816e-24,1.08522e-16,6.72169e-26,160,260,39.2483975921737624087976673618,39.2483975921737624087976673618,1.75026e-160,,0,1,REFERENCE_STALE,CANONICAL_GENERATOR,loggamma
PROB_LogBeta,tiny_unbalanced,1.0e-8,1.0000000000000001e-9,,,3e45798ee2308c3a,3e112e0be826d695,,,20.81857601675073610181244,20.81857601675073594123486,20.8185760167507359412348550966,1.60578e-16,4.90335e-24,7.71319e-18,2.35528e-25,160,260,20.8185760167507359412348550966,20.8185760167507359412348550966,3.60611e-161,,0,1,REFERENCE_STALE,CANONICAL_GENERATOR,loggamma
PROB_LogBeta,tiny_unbalanced,0.0001,1.0000000000000001e-5,,,3f1a36e2eb1c432d,3ee4f8b588e368f1,,,11.60823564312975264556371,11.60823564312975134826841,11.6082356431297513482684126433,1.2973e-15,2.64333e-24,1.11756e-16,2.27712e-25,160,260,11.6082356431297513482684126433,11.6082356431297513482684126433,1.22067e-160,,0,1,REFERENCE_STALE,CANONICAL_GENERATOR,loggamma
PROB_LogBeta,tiny_unbalanced,9.9999999999999995e-7,1.1000000000000001e-7,,,3eb0c6f7a0b5ed8d,3e7d87247702c0d0,,,16.1271454864780565685578,16.12714548647805671174557,16.1271454864780567117455672448,1.43188e-16,2.75521e-24,8.87868e-18,1.70843e-25,160,260,16.1271454864780567117455672448,16.1271454864780567117455672448,4.73153e-161,,0,1,REFERENCE_STALE,CANONICAL_GENERATOR,loggamma
PROB_LogBeta,tiny_unbalanced,9.9999999999999995e-7,1.4999999999999999e-7,,,3eb0c6f7a0b5ed8d,3e8421f5f40d8376,,,15.852392485225069052035,15.85239248522506740886867,15.8523924852250674088686718764,1.64317e-15,1.87643e-24,1.03654e-16,1.18369e-25,160,260,15.8523924852250674088686718764,15.8523924852250674088686718764,3.21312e-161,,0,1,REFERENCE_STALE,CANONICAL_GENERATOR,loggamma
PROB_LogBeta,tiny_unbalanced,0.001,9.8999999999999994e-5,,,3f50624dd2f1a9fc,3f19f3c70c996b76,,,9.314791220533358284683345,9.314791220533356928814136,9.3147912205333569288141360858,1.35587e-15,8.57974e-26,1.45561e-16,9.21087e-27,160,260,9.3147912205333569288141360858,9.3147912205333569288141360858,3.56168e-161,,0,1,REFERENCE_STALE,CANONICAL_GENERATOR,loggamma
PROB_LogBeta,tiny_unbalanced,0.001,0.00011,,,3f50624dd2f1a9fc,3f1cd5f99c38b04b,,,9.219390026699983309299569,9.21939002669998440581589,9.21939002669998440581589021575,1.09652e-15,2.1575e-25,1.18936e-16,2.34017e-26,160,260,9.21939002669998440581589021575,9.21939002669998440581589021575,1.83767e-161,,0,1,REFERENCE_STALE,CANONICAL_GENERATOR,loggamma
Beta_Density,tiny_unbalanced,0.25,9.9999999999999998e-13,9.8999999999999995e-14,,3fd0000000000000,3d719799812dea11,3d3bddb3a9cdd929,,4.804367606908571160306403e-13,4.804367606908580273608883e-13,4.80436760690858027360888264028e-13,9.1133e-28,3.59724e-38,1.89688e-15,7.48745e-26,160,260,4.80436760690858027360888264028e-13,4.80436760690858027360888264028e-13,1.99343e-172,,0,1,REFERENCE_STALE,CANONICAL_GENERATOR,beta pdf
Beta_Cumulative,tiny_unbalanced,0.25,9.9999999999999998e-13,9.8999999999999995e-14,,3fd0000000000000,3d719799812dea11,3d3bddb3a9cdd929,,0.09008189262956435572338165,0.09008189262956436246718806,0.0900818926295643624671880581113,6.74381e-18,1.88871e-27,7.48631e-17,2.09665e-26,160,260,0.0900818926295643624671880581113,0.0900818926295643624671880581113,2.09086e-163,,0,1,REFERENCE_STALE,CANONICAL_GENERATOR,betainc
Beta_Survival,tiny_unbalanced,0.25,9.9999999999999998e-13,9.8999999999999995e-14,,3fd0000000000000,3d719799812dea11,3d3bddb3a9cdd929,,0.9099181073704356581544062,0.9099181073704356375328119,0.909918107370435637532811941889,2.06216e-17,4.18887e-26,2.26631e-17,4.60357e-26,160,260,0.909918107370435637532811941889,0.909918107370435637532811941889,2.43184e-162,,0,1,REFERENCE_STALE,CANONICAL_GENERATOR,betainc
Beta_Density,tiny_unbalanced,0.5,9.9999999999999998e-13,9.8999999999999995e-14,,3fe0000000000000,3d719799812dea11,3d3bddb3a9cdd929,,3.603275705183787632316265e-13,3.603275705183788166347728e-13,3.60327570518378816634772826257e-13,5.34031e-29,2.62569e-38,1.48207e-16,7.28696e-26,160,260,3.60327570518378816634772826257e-13,3.60327570518378816634772826257e-13,5.5554e-173,,0,1,REFERENCE_STALE,CANONICAL_GENERATOR,beta pdf
Beta_Cumulative,tiny_unbalanced,0.5,9.9999999999999998e-13,9.8999999999999995e-14,,3fe0000000000000,3d719799812dea11,3d3bddb3a9cdd929,,0.09008189262966333210602699,0.09008189262966332754141738,0.0900818926296633275414173822676,4.56461e-18,2.26765e-27,5.06718e-17,2.51732e-26,160,260,0.0900818926296633275414173822676,0.0900818926296633275414173822676,2.35264e-164,,0,1,REFERENCE_STALE,CANONICAL_GENERATOR,betainc
Beta_Survival,tiny_unbalanced,0.5,9.9999999999999998e-13,9.8999999999999995e-14,,3fe0000000000000,3d719799812dea11,3d3bddb3a9cdd929,,0.9099181073703366262606096,0.9099181073703366724585826,0.909918107370336672458582617732,4.6198e-17,1.77324e-26,5.07716e-17,1.94879e-26,160,260,0.909918107370336672458582617732,0.909918107370336672458582617732,2.24629e-162,,0,1,REFERENCE_STALE,CANONICAL_GENERATOR,betainc
Beta_Density,tiny_unbalanced,0.75,9.9999999999999998e-13,9.8999999999999995e-14,,3fe8000000000000,3d719799812dea11,3d3bddb3a9cdd929,,4.804367606913333103383552e-13,4.804367606913335875309183e-13,4.80436760691333587530918311071e-13,2.77193e-28,1.10714e-38,5.7696e-16,2.30444e-26,160,260,4.80436760691333587530918311071e-13,4.80436760691333587530918311071e-13,1.86974e-172,,0,1,REFERENCE_STALE,CANONICAL_GENERATOR,beta pdf
Beta_Cumulative,tiny_unbalanced,0.75,9.9999999999999998e-13,9.8999999999999995e-14,,3fe8000000000000,3d719799812dea11,3d3bddb3a9cdd929,,0.09008189262976229461088451,0.09008189262976229261564676,0.0900818926297622926156467554043,1.99524e-18,4.59572e-27,2.21492e-17,5.10172e-26,160,260,0.0900818926297622926156467554043,0.0900818926297622926156467554043,5.15048e-163,,0,1,REFERENCE_STALE,CANONICAL_GENERATOR,betainc
Beta_Survival,tiny_unbalanced,0.75,9.9999999999999998e-13,9.8999999999999995e-14,,3fe8000000000000,3d719799812dea11,3d3bddb3a9cdd929,,0.9099181073702377053891155,0.9099181073702377073843532,0.909918107370237707384353244596,1.99524e-18,4.45957e-26,2.19277e-18,4.90107e-26,160,260,0.909918107370237707384353244596,0.909918107370237707384353244596,1.62643e-162,,0,1,REFERENCE_STALE,CANONICAL_GENERATOR,betainc
Beta_Density,tiny_unbalanced,0.25,9.9999999999999998e-17,9.8999999999999997e-18,,3fd0000000000000,3c9cd2b297d889bc,3c66d3edb3a766f1,,4.804367606915379541691973e-17,4.804367606915376797783054e-17,4.80436760691537679778305368402e-17,2.74391e-32,3.15984e-42,5.71128e-16,6.57701e-26,160,260,4.80436760691537679778305368402e-17,4.80436760691537679778305368402e-17,1.4556e-176,,0,1,REFERENCE_STALE,CANONICAL_GENERATOR,beta pdf
Beta_Cumulative,tiny_unbalanced,0.25,9.9999999999999998e-17,9.8999999999999997e-18,,3fd0000000000000,3c9cd2b297d889bc,3c66d3edb3a766f1,,0.09008189262966331822823918,0.09008189262966331968939571,0.0900818926296633196893957058958,1.46116e-18,4.10423e-27,1.62203e-17,4.55611e-26,160,260,0.0900818926296633196893957058958,0.0900818926296633196893957058958,2.52622e-163,,0,1,REFERENCE_STALE,CANONICAL_GENERATOR,betainc
Beta_Survival,tiny_unbalanced,0.25,9.9999999999999998e-17,9.8999999999999997e-18,,3fd0000000000000,3c9cd2b297d889bc,3c66d3edb3a766f1,,0.9099181073703366262606096,0.9099181073703366803106043,0.909918107370336680310604294104,5.405e-17,5.89577e-27,5.94009e-17,6.47945e-27,160,260,0.909918107370336680310604294104,0.909918107370336680310604294104,4.1929e-162,,0,1,REFERENCE_STALE,CANONICAL_GENERATOR,betainc
Beta_Density,tiny_unbalanced,0.5,9.9999999999999998e-17,9.8999999999999997e-18,,3fe0000000000000,3c9cd2b297d889bc,3c66d3edb3a766f1,,3.603275705186512931779207e-17,3.603275705186532833633404e-17,3.6032757051865328336334043699e-17,1.99019e-31,3.69896e-42,5.52327e-15,1.02656e-25,160,260,3.6032757051865328336334043699e-17,3.6032757051865328336334043699e-17,4.14627e-177,,0,1,REFERENCE_STALE,CANONICAL_GENERATOR,beta pdf
Beta_Cumulative,tiny_unbalanced,0.5,9.9999999999999998e-17,9.8999999999999997e-18,,3fe0000000000000,3c9cd2b297d889bc,3c66d3edb3a766f1,,0.09008189262966333210602699,0.09008189262966332958590313,0.0900818926296633295859031288387,2.52012e-18,1.16129e-27,2.79759e-17,1.28915e-26,160,260,0.0900818926296633295859031288387,0.0900818926296633295859031288387,3.53505e-163,,0,1,REFERENCE_STALE,CANONICAL_GENERATOR,betainc
Beta_Survival,tiny_unbalanced,0.5,9.9999999999999998e-17,9.8999999999999997e-18,,3fe0000000000000,3c9cd2b297d889bc,3c66d3edb3a766f1,,0.9099181073703366262606096,0.9099181073703366704140969,0.909918107370336670414096871161,4.41535e-17,2.88387e-26,4.85247e-17,3.16937e-26,160,260,0.909918107370336670414096871161,0.909918107370336670414096871161,3.68764e-162,,0,1,REFERENCE_STALE,CANONICAL_GENERATOR,betainc
Beta_Density,tiny_unbalanced,0.75,9.9999999999999998e-17,9.8999999999999997e-18,,3fe8000000000000,3c9cd2b297d889bc,3c66d3edb3a766f1,,4.804367606915379541691973e-17,4.804367606915377273343224e-17,4.8043676069153772733432237145e-17,2.26835e-32,2.85499e-42,4.72143e-16,5.9425e-26,160,260,4.8043676069153772733432237145e-17,4.8043676069153772733432237145e-17,5.21698e-177,,0,1,REFERENCE_STALE,CANONICAL_GENERATOR,beta pdf
Beta_Cumulative,tiny_unbalanced,0.75,9.9999999999999998e-17,9.8999999999999997e-18,,3fe8000000000000,3c9cd2b297d889bc,3c66d3edb3a766f1,,0.09008189262966334598381479,0.09008189262966333948241055,0.0900818926296633394824105517816,6.5014e-18,1.78164e-27,7.21722e-17,1.9778e-26,160,260,0.0900818926296633394824105517816,0.0900818926296633394824105517816,3.22539e-163,,0,1,REFERENCE_STALE,CANONICAL_GENERATOR,betainc
Beta_Survival,tiny_unbalanced,0.75,9.9999999999999998e-17,9.8999999999999997e-18,,3fe8000000000000,3c9cd2b297d889bc,3c66d3edb3a766f1,,0.9099181073703366262606096,0.9099181073703366605175894,0.909918107370336660517589448218,3.4257e-17,4.82184e-26,3.76484e-17,5.2992e-26,160,260,0.909918107370336660517589448218,0.909918107370336660517589448218,3.22539e-163,,0,1,REFERENCE_STALE,CANONICAL_GENERATOR,betainc
Beta_Density,tiny_unbalanced,0.25,1.0e-8,1.0000000000000001e-9,,3fd0000000000000,3e45798ee2308c3a,3e112e0be826d695,,4.848484779875755801993926e-9,4.848484779875755110014229e-9,0.00000000484848477987575511001422924268,6.9198e-25,2.42675e-34,1.42721e-16,5.00518e-26,160,260,0.00000000484848477987575511001422924268,0.00000000484848477987575511001422924268,3.22262e-169,,0,1,REFERENCE_STALE,CANONICAL_GENERATOR,beta pdf
Beta_Cumulative,tiny_unbalanced,0.25,1.0e-8,1.0000000000000001e-9,,3fd0000000000000,3e45798ee2308c3a,3e112e0be826d695,,0.09090908991035247244116846,0.09090908991035247215646966,0.0909090899103524721564696555223,2.84699e-19,4.47773e-27,3.13169e-18,4.9255e-26,160,260,0.0909090899103524721564696555223,0.0909090899103524721564696555223,2.62825e-163,,0,1,REFERENCE_STALE,CANONICAL_GENERATOR,betainc
Beta_Survival,tiny_unbalanced,0.25,1.0e-8,1.0000000000000001e-9,,3fd0000000000000,3e45798ee2308c3a,3e112e0be826d695,,0.9090909100896474859254681,0.9090909100896475278435303,0.909090910089647527843530344478,4.19181e-17,4.44777e-26,4.61099e-17,4.89255e-26,160,260,0.909090910089647527843530344478,0.909090910089647527843530344478,4.70834e-162,,0,1,REFERENCE_STALE,CANONICAL_GENERATOR,betainc
Beta_Density,tiny_unbalanced,0.5,1.0e-8,1.0000000000000001e-9,,3fe0000000000000,3e45798ee2308c3a,3e112e0be826d695,,3.636363608637746230723368e-9,3.636363608637749519560103e-9,0.00000000363636360863774951956010263113,3.28884e-24,3.68871e-34,9.0443e-16,1.01439e-25,160,260,0.00000000363636360863774951956010263113,0.00000000363636360863774951956010263113,2.00564e-169,,0,1,REFERENCE_STALE,CANONICAL_GENERATOR,beta pdf
Beta_Cumulative,tiny_unbalanced,0.5,1.0e-8,1.0000000000000001e-9,,3fe0000000000000,3e45798ee2308c3a,3e112e0be826d695,,0.09090909090909091161414324,0.09090909090909090577973516,0.0909090909090909057797351623202,5.83441e-18,2.32018e-27,6.41785e-17,2.55219e-26,160,260,0.0909090909090909057797351623202,0.0909090909090909057797351623202,2.83507e-163,,0,1,REFERENCE_STALE,CANONICAL_GENERATOR,betainc
Beta_Survival,tiny_unbalanced,0.5,1.0e-8,1.0000000000000001e-9,,3fe0000000000000,3e45798ee2308c3a,3e112e0be826d695,,0.9090909090909090606302811,0.9090909090909090942202648,0.90909090909090909422026483768,3.359e-17,3.76798e-26,3.6949e-17,4.14478e-26,160,260,0.90909090909090909422026483768,0.90909090909090909422026483768,3.61765e-162,,0,1,REFERENCE_STALE,CANONICAL_GENERATOR,betainc
Beta_Density,tiny_unbalanced,0.75,1.0e-8,1.0000000000000001e-9,,3fe8000000000000,3e45798ee2308c3a,3e112e0be826d695,,4.848484827815203417129207e-9,4.848484827815199992341308e-9,0.00000000484848482781519999234130842768,3.42479e-24,4.27684e-34,7.06363e-16,8.82098e-26,160,260,0.00000000484848482781519999234130842768,0.00000000484848482781519999234130842768,7.40942e-169,,0,1,REFERENCE_STALE,CANONICAL_GENERATOR,beta pdf
Beta_Cumulative,tiny_unbalanced,0.75,1.0e-8,1.0000000000000001e-9,,3fe8000000000000,3e45798ee2308c3a,3e112e0be826d695,,0.09090909190782935078711802,0.0909090919078293443405191,0.0909090919078293443405191035554,6.4466e-18,3.55545e-27,7.09126e-17,3.91099e-26,160,260,0.0909090919078293443405191035554,0.0909090919078293443405191035554,2.47037e-163,,0,1,REFERENCE_STALE,CANONICAL_GENERATOR,betainc
Beta_Survival,tiny_unbalanced,0.75,1.0e-8,1.0000000000000001e-9,,3fe8000000000000,3e45798ee2308c3a,3e112e0be826d695,,0.9090909080921706353350942,0.9090909080921706556594809,0.909090908092170655659480896445,2.03244e-17,3.55545e-27,2.23568e-17,3.91099e-27,160,260,0.909090908092170655659480896445,0.909090908092170655659480896445,1.35842e-162,,0,1,REFERENCE_STALE,CANONICAL_GENERATOR,betainc
Beta_Density,tiny_unbalanced,0.25,0.0001,1.0000000000000001e-5,,3fd0000000000000,3f1a36e2eb1c432d,3ee4f8b588e368f1,,0.0000484779881405707075412749,0.00004847798814057070631038733,0.0000484779881405707063103873343147,1.23089e-21,4.31465e-30,2.53906e-17,8.90023e-26,160,260,0.0000484779881405707063103873343147,0.0000484779881405707063103873343147,7.54297e-166,,0,1,REFERENCE_STALE,CANONICAL_GENERATOR,beta pdf
Beta_Cumulative,tiny_unbalanced,0.25,0.0001,1.0000000000000001e-5,,3fd0000000000000,3f1a36e2eb1c432d,3ee4f8b588e368f1,,0.09089910391378794307648548,0.09089910391378794539242826,0.0908991039137879453924282586954,2.31594e-18,1.30459e-27,2.54782e-17,1.43521e-26,160,260,0.0908991039137879453924282586954,0.0908991039137879453924282586954,2.06096e-163,,0,1,REFERENCE_STALE,CANONICAL_GENERATOR,betainc
Beta_Survival,tiny_unbalanced,0.25,0.0001,1.0000000000000001e-5,,3fd0000000000000,3f1a36e2eb1c432d,3ee4f8b588e368f1,,0.9091008960862120291679389,0.9091008960862120546075717,0.909100896086212054607571741305,2.54396e-17,4.13046e-26,2.79833e-17,4.54346e-26,160,260,0.909100896086212054607571741305,0.909100896086212054607571741305,3.54023e-162,,0,1,REFERENCE_STALE,CANONICAL_GENERATOR,betainc
Beta_Density,tiny_unbalanced,0.5,0.0001,1.0000000000000001e-5,,3fe0000000000000,3f1a36e2eb1c432d,3ee4f8b588e368f1,,0.0000363608639404175079667958,0.000036360863940417519773648,0.0000363608639404175197736480038449,1.18069e-20,3.84492e-30,3.24713e-16,1.05743e-25,160,260,0.0000363608639404175197736480038449,0.0000363608639404175197736480038449,6.8081e-166,,0,1,REFERENCE_STALE,CANONICAL_GENERATOR,beta pdf
Beta_Cumulative,tiny_unbalanced,0.5,0.0001,1.0000000000000001e-5,,3fe0000000000000,3f1a36e2eb1c432d,3ee4f8b588e368f1,,0.0909090902362579833528855,0.09090909023625799025985751,0.0909090902362579902598575056711,6.90697e-18,4.32895e-27,7.59767e-17,4.76184e-26,160,260,0.0909090902362579902598575056711,0.0909090902362579902598575056711,2.7249e-163,,0,1,REFERENCE_STALE,CANONICAL_GENERATOR,betainc
Beta_Survival,tiny_unbalanced,0.5,0.0001,1.0000000000000001e-5,,3fe0000000000000,3f1a36e2eb1c432d,3ee4f8b588e368f1,,0.9090909097637420721582657,0.9090909097637420097401425,0.909090909763742009740142494329,6.24181e-17,5.67105e-27,6.86599e-17,6.23816e-27,160,260,0.909090909763742009740142494329,0.909090909763742009740142494329,1.95027e-162,,0,1,REFERENCE_STALE,CANONICAL_GENERATOR,betainc
Beta_Density,tiny_unbalanced,0.75,0.0001,1.0000000000000001e-5,,3fe8000000000000,3f1a36e2eb1c432d,3ee4f8b588e368f1,,0.00004848278164376096827396442,0.00004848278164376097147330374,0.0000484827816437609714733037413336,3.19934e-21,1.33358e-30,6.59892e-17,2.75062e-26,160,260,0.0000484827816437609714733037413336,0.0000484827816437609714733037413336,1.01826e-165,,0,1,REFERENCE_STALE,CANONICAL_GENERATOR,beta pdf
Beta_Cumulative,tiny_unbalanced,0.75,0.0001,1.0000000000000001e-5,,3fe8000000000000,3f1a36e2eb1c432d,3ee4f8b588e368f1,,0.09091907705243827686469871,0.09091907705243827129687828,0.0909190770524382712968782756605,5.56782e-18,4.33952e-27,6.12393e-17,4.77295e-26,160,260,0.0909190770524382712968782756605,0.0909190770524382712968782756605,3.80372e-163,,0,1,REFERENCE_STALE,CANONICAL_GENERATOR,betainc
Beta_Survival,tiny_unbalanced,0.75,0.0001,1.0000000000000001e-5,,3fe8000000000000,3f1a36e2eb1c432d,3ee4f8b588e368f1,,0.9090809229475617092575135,0.9090809229475617287031217,0.90908092294756172870312172434,1.94456e-17,2.43395e-26,2.13904e-17,2.67738e-26,160,260,0.90908092294756172870312172434,0.90908092294756172870312172434,2.60313e-162,,0,1,REFERENCE_STALE,CANONICAL_GENERATOR,betainc
Beta_Density,tiny_unbalanced,0.25,0.001,9.8999999999999994e-5,,3fd0000000000000,3f50624dd2f1a9fc,3f19f3c70c996b76,,0.0004797576094847139267784986,0.0004797576094847142766493988,0.000479757609484714276649398841573,3.49871e-19,4.15729e-29,7.29266e-16,8.6654e-26,160,260,0.000479757609484714276649398841573,0.000479757609484714276649398841573,4.44102e-164,,0,1,REFERENCE_STALE,CANONICAL_GENERATOR,beta pdf
Beta_Cumulative,tiny_unbalanced,0.25,0.001,9.8999999999999994e-5,,3fd0000000000000,3f50624dd2f1a9fc,3f19f3c70c996b76,,0.08998296601294630825407239,0.08998296601294630709489061,0.0899829660129463070948906078153,1.15918e-18,2.18475e-27,1.28822e-17,2.42795e-26,160,260,0.0899829660129463070948906078153,0.0899829660129463070948906078153,4.72026e-163,,0,1,REFERENCE_STALE,CANONICAL_GENERATOR,betainc
Beta_Survival,tiny_unbalanced,0.25,0.001,9.8999999999999994e-5,,3fd0000000000000,3f50624dd2f1a9fc,3f19f3c70c996b76,,0.9100170339870536917459276,0.9100170339870536929051094,0.910017033987053692905109392185,1.15918e-18,7.81525e-27,1.2738e-18,8.58803e-27,160,260,0.910017033987053692905109392185,0.910017033987053692905109392185,4.91754e-162,,0,1,REFERENCE_STALE,CANONICAL_GENERATOR,betainc
Beta_Density,tiny_unbalanced,0.5,0.001,9.8999999999999994e-5,,3fe0000000000000,3f50624dd2f1a9fc,3f19f3c70c996b76,,0.0003600532473432176746447331,0.0003600532473432180426666742,0.000360053247343218042666674224558,3.68022e-19,2.45581e-29,1.02213e-15,6.82068e-26,160,260,0.000360053247343218042666674224558,0.000360053247343218042666674224558,3.82356e-164,,0,1,REFERENCE_STALE,CANONICAL_GENERATOR,beta pdf
Beta_Cumulative,tiny_unbalanced,0.5,0.001,9.8999999999999994e-5,,3fe0000000000000,3f50624dd2f1a9fc,3f19f3c70c996b76,,0.09008182596883820836275447,0.09008182596883821444531404,0.090081825968838214445314035362,6.08256e-18,4.63801e-27,6.75226e-17,5.14866e-26,160,260,0.090081825968838214445314035362,0.090081825968838214445314035362,1.90077e-163,,0,1,REFERENCE_STALE,CANONICAL_GENERATOR,betainc
Beta_Survival,tiny_unbalanced,0.5,0.001,9.8999999999999994e-5,,3fe0000000000000,3f50624dd2f1a9fc,3f19f3c70c996b76,,0.9099181740311618193928211,0.909918174031161785554686,0.909918174031161785554685964638,3.38381e-17,3.5362e-26,3.71881e-17,3.88628e-26,160,260,0.909918174031161785554685964638,0.909918174031161785554685964638,1.30146e-162,,0,1,REFERENCE_STALE,CANONICAL_GENERATOR,betainc
Beta_Density,tiny_unbalanced,0.75,0.001,9.8999999999999994e-5,,3fe8000000000000,3f50624dd2f1a9fc,3f19f3c70c996b76,,0.0004802327325085356860522035,0.0004802327325085361654661183,0.000480232732508536165466118316151,4.79414e-19,1.61514e-29,9.98295e-16,3.36325e-26,160,260,0.000480232732508536165466118316151,0.000480232732508536165466118316151,4.58302e-164,,0,1,REFERENCE_STALE,CANONICAL_GENERATOR,beta pdf
Beta_Cumulative,tiny_unbalanced,0.75,0.001,9.8999999999999994e-5,,3fe8000000000000,3f50624dd2f1a9fc,3f19f3c70c996b76,,0.09018073486378588854428529,0.09018073486378589047546456,0.0901807348637858904754645631564,1.93118e-18,3.15644e-27,2.14145e-17,3.50013e-26,160,260,0.0901807348637858904754645631564,0.0901807348637858904754645631564,4.31931e-163,,0,1,REFERENCE_STALE,CANONICAL_GENERATOR,betainc
Beta_Survival,tiny_unbalanced,0.75,0.001,9.8999999999999994e-5,,3fe8000000000000,3f50624dd2f1a9fc,3f19f3c70c996b76,,0.9098192651362141392112903,0.9098192651362141095245354,0.909819265136214109524535436844,2.96868e-17,3.68436e-26,3.26293e-17,4.04955e-26,160,260,0.909819265136214109524535436844,0.909819265136214109524535436844,4.87745e-162,,0,1,REFERENCE_STALE,CANONICAL_GENERATOR,betainc
F_Density,tiny_unbalanced,0.0098999999999999991,2.0e-12,1.9799999999999999e-13,,3f84467381d7dbf4,3d819799812dea11,3d4bddb3a9cdd929,,9.09918107368146382721197e-12,9.099181073681461801074012e-12,9.09918107368146234175862338256e-12,1.48545e-27,5.40685e-28,1.63251e-16,5.94212e-17,160,260,9.09918107368146234175862338256e-12,9.09918107368146234175862338256e-12,2.27223e-171,,1,1,BOTH_STALE,INDEPENDENT_ORACLE,beta pdf
F_Cumulative,tiny_unbalanced,0.0098999999999999991,2.0e-12,1.9799999999999999e-13,,3f84467381d7dbf4,3d819799812dea11,3d4bddb3a9cdd929,,0.09008189262945590081166358,0.09008189262945590631829994,0.0900818926294559063182999398587,5.50664e-18,1.41258e-28,6.11292e-17,1.56811e-27,160,260,0.0900818926294559063182999398587,0.0900818926294559063182999398587,4.93101e-166,,1,1,REFERENCE_STALE,CANONICAL_GENERATOR,betainc
F_Survival,tiny_unbalanced,0.0098999999999999991,2.0e-12,1.9799999999999999e-13,,3f84467381d7dbf4,3d819799812dea11,3d4bddb3a9cdd929,,0.909918107370544126943912,0.9099181073705440936817001,0.909918107370544093681700060141,3.32622e-17,3.98587e-26,3.65552e-17,4.38048e-26,160,260,0.909918107370544093681700060141,0.909918107370544093681700060141,1.11089e-162,,1,1,REFERENCE_STALE,CANONICAL_GENERATOR,betainc
F_Density,tiny_unbalanced,0.098999999999999991,2.0e-12,1.9799999999999999e-13,,3fb95810624dd2f1,3d819799812dea11,3d4bddb3a9cdd929,,9.099181073696422144587899e-13,9.099181073696435069765195e-13,9.09918107369643561044980637983e-13,1.34659e-27,5.40685e-29,1.4799e-15,5.94212e-17,160,260,9.09918107369643561044980637983e-13,9.09918107369643561044980637983e-13,1.67682e-172,,1,1,REFERENCE_STALE,CANONICAL_GENERATOR,beta pdf
F_Cumulative,tiny_unbalanced,0.098999999999999991,2.0e-12,1.9799999999999999e-13,,3fb95810624dd2f1,3d819799812dea11,3d4bddb3a9cdd929,,0.09008189262966333210602699,0.09008189262966332754141738,0.0900818926296633275414173822623,4.56461e-18,2.2623e-27,5.06718e-17,2.51138e-26,160,260,0.0900818926296633275414173822623,0.0900818926296633275414173822623,5.15142e-163,,1,1,REFERENCE_STALE,CANONICAL_GENERATOR,betainc
F_Survival,tiny_unbalanced,0.098999999999999991,2.0e-12,1.9799999999999999e-13,,3fb95810624dd2f1,3d819799812dea11,3d4bddb3a9cdd929,,0.9099181073703366262606096,0.9099181073703366724585826,0.909918107370336672458582617738,4.6198e-17,1.77377e-26,5.07716e-17,1.94937e-26,160,260,0.909918107370336672458582617738,0.909918107370336672458582617738,2.819e-162,,1,1,REFERENCE_STALE,CANONICAL_GENERATOR,betainc
F_Density,tiny_unbalanced,1.0101010101010102,1.9799999999999999e-13,2.0e-12,,3ff0295fad40a57f,3d4bddb3a9cdd929,3d819799812dea11,,8.918107370333694231190679e-14,8.918107370333701876581014e-14,8.91810737033370160248414205457e-14,7.37129e-29,2.74097e-30,8.26554e-16,3.07349e-17,160,260,8.91810737033370160248414205457e-14,8.91810737033370160248414205457e-14,2.71013e-173,,1,1,REFERENCE_STALE,CANONICAL_GENERATOR,beta pdf
F_Cumulative,tiny_unbalanced,1.0101010101010102,1.9799999999999999e-13,2.0e-12,,3ff0295fad40a57f,3d4bddb3a9cdd929,3d819799812dea11,,0.9099181073701292365996096,0.909918107370129251235465,0.909918107370129251235464960171,1.46359e-17,3.98295e-26,1.60848e-17,4.37726e-26,160,260,0.909918107370129251235464960171,0.909918107370129251235464960171,1.33901e-162,,1,1,REFERENCE_STALE,CANONICAL_GENERATOR,betainc
F_Survival,tiny_unbalanced,1.0101010101010102,1.9799999999999999e-13,2.0e-12,,3ff0295fad40a57f,3d4bddb3a9cdd929,3d819799812dea11,,0.09008189262987076340039039,0.09008189262987074876453504,0.0900818926298707487645350398295,1.46359e-17,1.70505e-28,1.62473e-16,1.89278e-27,160,260,0.0900818926298707487645350398295,0.0900818926298707487645350398295,1.33901e-162,,1,1,REFERENCE_STALE,CANONICAL_GENERATOR,betainc
F_Density,tiny_unbalanced,0.099000000000000005,2.0e-16,1.9799999999999999e-17,,3fb95810624dd2f2,3cacd2b297d889bc,3c76d3edb3a766f1,,9.099181073703368784693946e-17,9.099181073703365820800765e-17,9.09918107370336531292369386653e-17,3.47177e-32,5.07877e-33,3.81548e-16,5.58157e-17,160,260,9.09918107370336531292369386653e-17,9.09918107370336531292369386653e-17,8.56143e-177,,1,1,REFERENCE_STALE,CANONICAL_GENERATOR,beta pdf
F_Cumulative,tiny_unbalanced,0.099000000000000005,2.0e-16,1.9799999999999999e-17,,3fb95810624dd2f2,3cacd2b297d889bc,3c76d3edb3a766f1,,0.09008189262966333210602699,0.09008189262966332958590313,0.0900818926296633295859031288387,2.52012e-18,1.16129e-27,2.79759e-17,1.28915e-26,160,260,0.0900818926296633295859031288387,0.0900818926296633295859031288387,2.44276e-163,,1,1,REFERENCE_STALE,CANONICAL_GENERATOR,betainc
F_Survival,tiny_unbalanced,0.099000000000000005,2.0e-16,1.9799999999999999e-17,,3fb95810624dd2f2,3cacd2b297d889bc,3c76d3edb3a766f1,,0.9099181073703366262606096,0.9099181073703366704140969,0.909918107370336670414096871161,4.41535e-17,2.88387e-26,4.85247e-17,3.16937e-26,160,260,0.909918107370336670414096871161,0.909918107370336670414096871161,1.35566e-162,,1,1,REFERENCE_STALE,CANONICAL_GENERATOR,betainc
F_Density,tiny_unbalanced,0.98999999999999999,2.0e-16,1.9799999999999999e-17,,3fefae147ae147ae,3cacd2b297d889bc,3c76d3edb3a766f1,,9.099181073703326876458356e-18,9.099181073703366211216542e-18,9.09918107370336621354756914374e-18,3.93371e-32,2.33103e-36,4.32315e-15,2.5618e-19,160,260,9.09918107370336621354756914374e-18,9.09918107370336621354756914374e-18,1.77647e-177,,0,1,REFERENCE_STALE,CANONICAL_GENERATOR,beta pdf
F_Cumulative,tiny_unbalanced,0.98999999999999999,2.0e-16,1.9799999999999999e-17,,3fefae147ae147ae,3cacd2b297d889bc,3c76d3edb3a766f1,,0.09008189262966334598381479,0.09008189262966335032802544,0.090081892629663350328025440614,4.34421e-18,6.14002e-28,4.82251e-17,6.81604e-27,160,260,0.090081892629663350328025440614,0.090081892629663350328025440614,4.8442e-163,,0,1,REFERENCE_STALE,CANONICAL_GENERATOR,betainc
F_Survival,tiny_unbalanced,0.98999999999999999,2.0e-16,1.9799999999999999e-17,,3fefae147ae147ae,3cacd2b297d889bc,3c76d3edb3a766f1,,0.9099181073703366262606096,0.9099181073703366496719746,0.909918107370336649671974559386,2.34114e-17,4.0614e-26,2.57291e-17,4.46348e-26,160,260,0.909918107370336649671974559386,0.909918107370336649671974559386,3.81856e-162,,0,1,REFERENCE_STALE,CANONICAL_GENERATOR,betainc
F_Density,tiny_unbalanced,0.01,2.0e-8,2.0000000000000001e-9,,3f847ae147ae147b,3e55798ee2308c3a,3e212e0be826d695,,9.090908872052171947732651e-8,9.090908872052158323718389e-8,0.0000000909090887205215851046700964874,1.34373e-22,1.86749e-24,1.4781e-15,2.05423e-17,160,260,0.0000000909090887205215851046700964874,0.0000000909090887205215851046700964874,1.7875e-167,,0,1,REFERENCE_STALE,CANONICAL_GENERATOR,beta pdf
F_Cumulative,tiny_unbalanced,0.01,2.0e-8,2.0000000000000001e-9,,3f847ae147ae147b,3e55798ee2308c3a,3e212e0be826d695,,0.09090908881583176226470755,0.09090908881583176167875715,0.0909090888158317616787571354115,5.8595e-19,1.45885e-26,6.44545e-18,1.60473e-25,160,260,0.0909090888158317616787571354115,0.0909090888158317616787571354115,4.44879e-164,,0,1,REFERENCE_STALE,CANONICAL_GENERATOR,betainc
F_Survival,tiny_unbalanced,0.01,2.0e-8,2.0000000000000001e-9,,3f847ae147ae147b,3e55798ee2308c3a,3e212e0be826d695,,0.9090909111841682932464437,0.9090909111841682383212428,0.909090911184168238321242864588,5.49252e-17,6.45885e-26,6.04177e-17,7.10473e-26,160,260,0.909090911184168238321242864588,0.909090911184168238321242864588,4.40103e-162,,0,1,REFERENCE_STALE,CANONICAL_GENERATOR,betainc
F_Density,tiny_unbalanced,0.10000000000000001,2.0e-8,2.0000000000000001e-9,,3fb999999999999a,3e55798ee2308c3a,3e212e0be826d695,,9.090909021594373021433932e-9,9.090909021594373422909072e-9,0.00000000909090902159437329425343162944,2.72819e-25,1.28656e-25,3.00101e-17,1.41521e-17,160,260,0.00000000909090902159437329425343162944,0.00000000909090902159437329425343162944,1.09501e-168,,1,1,BOTH_STALE,INDEPENDENT_ORACLE,beta pdf
F_Cumulative,tiny_unbalanced,0.10000000000000001,2.0e-8,2.0000000000000001e-9,,3fb999999999999a,3e55798ee2308c3a,3e212e0be826d695,,0.09090909090909091161414324,0.09090909090909090577973516,0.0909090909090909057797351751857,5.83441e-18,1.51857e-26,6.41785e-17,1.67043e-25,160,260,0.0909090909090909057797351751857,0.0909090909090909057797351751857,2.48576e-163,,1,1,REFERENCE_STALE,CANONICAL_GENERATOR,betainc
F_Survival,tiny_unbalanced,0.10000000000000001,2.0e-8,2.0000000000000001e-9,,3fb999999999999a,3e55798ee2308c3a,3e212e0be826d695,,0.9090909090909090606302811,0.9090909090909090942202648,0.909090909090909094220264824814,3.359e-17,2.48143e-26,3.6949e-17,2.72957e-26,160,260,0.909090909090909094220264824814,0.909090909090909094220264824814,3.08556e-162,,1,1,REFERENCE_STALE,CANONICAL_GENERATOR,betainc
F_Density,tiny_unbalanced,1.0,2.0e-8,2.0000000000000001e-9,,3ff0000000000000,3e55798ee2308c3a,3e212e0be826d695,,9.090909060445484882848295e-10,9.09090906044548153077237e-10,9.09090906044548190676355665366e-10,2.97608e-25,3.75991e-26,3.27369e-16,4.1359e-17,160,260,9.09090906044548190676355665366e-10,9.09090906044548190676355665366e-10,2.89289e-171,,0,1,REFERENCE_STALE,CANONICAL_GENERATOR,beta pdf
F_Cumulative,tiny_unbalanced,1.0,2.0e-8,2.0000000000000001e-9,,3ff0000000000000,3e55798ee2308c3a,3e212e0be826d695,,0.09090909300235007484136673,0.09090909300235007157029611,0.0909090930023500715702960770425,3.27107e-18,3.29575e-26,3.59818e-17,3.62533e-25,160,260,0.0909090930023500715702960770425,0.0909090930023500715702960770425,2.4459e-163,,0,1,REFERENCE_STALE,CANONICAL_GENERATOR,betainc
F_Survival,tiny_unbalanced,1.0,2.0e-8,2.0000000000000001e-9,,3ff0000000000000,3e55798ee2308c3a,3e212e0be826d695,,0.9090909069976499390364211,0.9090909069976499284297039,0.909090906997649928429703922958,1.06067e-17,2.29575e-26,1.16674e-17,2.52533e-26,160,260,0.909090906997649928429703922958,0.909090906997649928429703922958,2.4459e-163,,0,1,REFERENCE_STALE,CANONICAL_GENERATOR,betainc
F_Density,tiny_unbalanced,0.01,0.00020000000000000001,2.0000000000000002e-5,,3f847ae147ae147b,3f2a36e2eb1c432d,3ef4f8b588e368f1,,0.0009088720799922799659098516,0.00090887207999228136945502,0.000908872079992281381328034371936,1.41542e-18,1.1873e-20,1.55733e-15,1.30635e-17,160,260,0.000908872079992281381328034371936,0.000908872079992281381328034371936,7.7763e-164,,0,1,REFERENCE_STALE,CANONICAL_GENERATOR,beta pdf
F_Cumulative,tiny_unbalanced,0.01,0.00020000000000000001,2.0000000000000002e-5,,3f847ae147ae147b,3f2a36e2eb1c432d,3ef4f8b588e368f1,,0.09088816077902553414169518,0.09088816077902553184258995,0.0908881607790255318424712127819,2.29922e-18,1.18737e-22,2.52973e-17,1.30641e-21,160,260,0.0908881607790255318424712127819,0.0908881607790255318424712127819,2.54953e-164,,0,1,REFERENCE_STALE,CANONICAL_GENERATOR,betainc
F_Survival,tiny_unbalanced,0.01,0.00020000000000000001,2.0000000000000002e-5,,3f847ae147ae147b,3f2a36e2eb1c432d,3ef4f8b588e368f1,,0.9091118392209744936138804,0.90911183922097446815741,0.909111839220974468157528787218,2.54564e-17,1.18787e-22,2.80013e-17,1.30663e-22,160,260,0.909111839220974468157528787218,0.909111839220974468157528787218,2.24825e-162,,0,1,REFERENCE_STALE,CANONICAL_GENERATOR,betainc
F_Density,tiny_unbalanced,0.10000000000000001,0.00020000000000000001,2.0000000000000002e-5,,3fb999999999999a,3f2a36e2eb1c432d,3ef4f8b588e368f1,,0.00009090215985104368860182655,0.00009090215985104379635423503,0.0000909021598510437943881249458086,1.05786e-19,1.96611e-21,1.16374e-15,2.16289e-17,160,260,0.0000909021598510437943881249458086,0.0000909021598510437943881249458086,9.997e-165,,1,1,REFERENCE_STALE,CANONICAL_GENERATOR,beta pdf
F_Cumulative,tiny_unbalanced,0.10000000000000001,0.00020000000000000001,2.0000000000000002e-5,,3fb999999999999a,3f2a36e2eb1c432d,3ef4f8b588e368f1,,0.0909090902362579833528855,0.09090909023625799025985751,0.0909090902362579902600541255278,6.90717e-18,1.96616e-22,7.59789e-17,2.16277e-21,160,260,0.0909090902362579902600541255278,0.0909090902362579902600541255278,1.11319e-163,,1,1,REFERENCE_STALE,CANONICAL_GENERATOR,betainc
F_Survival,tiny_unbalanced,0.10000000000000001,0.00020000000000000001,2.0000000000000002e-5,,3fb999999999999a,3f2a36e2eb1c432d,3ef4f8b588e368f1,,0.9090909097637420721582657,0.9090909097637420097401425,0.909090909763742009739945874472,6.24183e-17,1.96626e-22,6.86602e-17,2.16288e-22,160,260,0.909090909763742009739945874472,0.909090909763742009739945874472,4.3342e-162,,1,1,REFERENCE_STALE,CANONICAL_GENERATOR,betainc
F_Density,tiny_unbalanced,1.0,0.00020000000000000001,2.0000000000000002e-5,,3ff0000000000000,3f2a36e2eb1c432d,3ef4f8b588e368f1,,0.000009090604474868103497780907,0.00000909060447486810148911541,0.00000909060447486810179711707021914,1.70066e-21,3.08002e-22,1.87079e-16,3.38813e-17,160,260,0.00000909060447486810179711707021914,0.00000909060447486810179711707021914,7.26763e-166,,0,1,REFERENCE_STALE,CANONICAL_GENERATOR,beta pdf
F_Cumulative,tiny_unbalanced,1.0,0.00020000000000000001,2.0000000000000002e-5,,3ff0000000000000,3f2a36e2eb1c432d,3ef4f8b588e368f1,,0.09093002186221364746554485,0.09093002186221364296326165,0.0909300218622136429629536528334,4.50259e-18,3.07997e-22,4.95171e-17,3.38719e-21,160,260,0.0909300218622136429629536528334,0.0909300218622136429629536528334,4.43766e-163,,0,1,REFERENCE_STALE,CANONICAL_GENERATOR,betainc
F_Survival,tiny_unbalanced,1.0,0.00020000000000000001,2.0000000000000002e-5,,3ff0000000000000,3f2a36e2eb1c432d,3ef4f8b588e368f1,,0.9090699781377863386566673,0.9090699781377863570367383,0.909069978137786357037046347167,1.83804e-17,3.08047e-22,2.02189e-17,3.3886e-22,160,260,0.909069978137786357037046347167,0.909069978137786357037046347167,3.7779e-162,,0,1,REFERENCE_STALE,CANONICAL_GENERATOR,betainc
Beta_InverseCumulative,tiny_unbalanced_representable,0.020391305237761687,0.5,0.050000000000000003,,3f94e1755479cb65,3fe0000000000000,3fa999999999999a,,0.04601031892528296973754465,0.04601031892528297249793596,0.0460103189252829776817163049834,7.94417e-18,5.18378e-18,1.72661e-16,1.12666e-16,160,260,0.0460103189252829776817163049834,0.0460103189252829776817163049834,1.63734e-150,3.73833e-151,0,1,BOTH_STALE,INDEPENDENT_ORACLE,logit bisection / betainc
Beta_InverseCumulative,tiny_unbalanced_representable,0.011614828246796624,0.20000000000000001,0.01,,3f87c983dbbfcacb,3fc999999999999a,3f847ae147ae147b,,0.0008504300838312334057458863,0.0008504300838312333727749314,0.000850430083831233280078858097387,1.25667e-19,9.26961e-20,1.47769e-16,1.08999e-16,160,260,0.000850430083831233280078858097387,0.000850430083831233280078858097387,1.45783e-152,3.98489e-152,0,1,BOTH_STALE,INDEPENDENT_ORACLE,logit bisection / betainc
Beta_InverseCumulative,tiny_unbalanced_representable,0.023229656493593247,0.20000000000000001,0.01,,3f97c983dbbfcacb,3fc999999999999a,3f847ae147ae147b,,0.026633715837628631900591,0.02663371583762863112542433,0.0266337158376286282843330621596,3.61626e-18,2.84109e-18,1.35777e-16,1.06673e-16,160,260,0.0266337158376286282843330621596,0.0266337158376286282843330621596,1.91877e-151,3.42246e-152,0,1,BOTH_STALE,INDEPENDENT_ORACLE,logit bisection / betainc
Beta_InverseCumulative,tiny_unbalanced_representable,0.090818181146021734,0.0001,1.0000000000000001e-5,,3fb73fdc3de7849b,3f1a36e2eb1c432d,3ee4f8b588e368f1,,0.00004516721985175111943799572,0.0000451672198517511166661721,0.0000451672198517610975229721626422,9.97808e-18,9.98086e-18,2.20914e-13,2.20976e-13,160,260,0.0000451672198517610975229721626422,0.0000451672198517610975229721626422,6.75881e-154,1.35906e-154,0,1,BOTH_STALE,INDEPENDENT_ORACLE,logit bisection / betainc
Beta_InverseCumulative,tiny_unbalanced_representable,0.090908181145355635,0.0001,1.0000000000000001e-5,,3fb745c230f54913,3f1a36e2eb1c432d,3ee4f8b588e368f1,,0.4750188540160881767171475,0.4750188540160881796474294,0.475018854016172143633460000121,8.39669e-14,8.3964e-14,1.76765e-13,1.76759e-13,160,260,0.475018854016172143633460000121,0.475018854016172143633460000121,8.2936e-150,3.02316e-154,0,1,BOTH_STALE,INDEPENDENT_ORACLE,logit bisection / betainc
F_InverseCumulative,tiny_unbalanced_representable,0.041835878752360681,1.0,0.10000000000000001,,3fa56b832614e51a,3ff0000000000000,3fb999999999999a,,0.02146355524527151364955202,0.02146355524527151411231635,0.0214635552452715155175633204584,1.86801e-18,1.40525e-18,8.70318e-17,6.54713e-17,160,260,0.0214635552452715155175633204584,0.0214635552452715155175633204584,2.63279e-151,2.3914e-151,0,1,BOTH_STALE,INDEPENDENT_ORACLE,logit bisection on u / betainc
F_InverseCumulative,tiny_unbalanced_representable,0.083671757504721361,1.0,0.10000000000000001,,3fb56b832614e51a,3ff0000000000000,3fb999999999999a,,0.1067565108965985165578871,0.1067565108965985104078747,0.10675651089659851880607584894,2.24819e-18,8.3982e-18,2.1059e-17,7.86669e-17,160,260,0.10675651089659851880607584894,0.10675651089659851880607584894,3.84044e-150,1.16738e-150,0,1,BOTH_STALE,INDEPENDENT_ORACLE,logit bisection on u / betainc
F_InverseCumulative,tiny_unbalanced_representable,0.15060916350849846,1.0,0.10000000000000001,,3fc347293bdf9afe,3ff0000000000000,3fb999999999999a,,0.654986198326471202868504,0.6549861983264712392580451,0.654986198326471346086907099838,1.43218e-16,1.06829e-16,2.18659e-16,1.63101e-16,160,260,0.654986198326471346086907099838,0.654986198326471346086907099838,7.22392e-150,4.34833e-151,0,1,BOTH_STALE,INDEPENDENT_ORACLE,logit bisection on u / betainc
F_InverseCumulative,tiny_unbalanced_representable,0.16717617149443328,1.0,0.10000000000000001,,3fc566075e9e9a1f,3ff0000000000000,3fb999999999999a,,0.9957837553502971728036641,0.9957837553502971382239687,0.995783755350297383246214848096,2.10443e-16,2.45022e-16,2.11334e-16,2.4606e-16,160,260,0.995783755350297383246214848096,0.995783755350297383246214848096,3.42223e-149,1.36116e-150,0,1,BOTH_STALE,INDEPENDENT_ORACLE,logit bisection on u / betainc
F_InverseCumulative,tiny_unbalanced_representable,0.018292907737209336,0.40000000000000002,0.02,,3f92bb6041eb94b5,3fd999999999999a,3f947ae147ae147b,,0.0004129422049921150977488948,0.0004129422049921151028783592,0.000412942204992114934708825633725,1.6304e-19,1.6817e-19,3.94825e-16,4.07247e-16,160,260,0.000412942204992114934708825633725,0.000412942204992114934708825633725,1.39913e-152,1.23782e-151,0,1,BOTH_STALE,INDEPENDENT_ORACLE,logit bisection on u / betainc
F_InverseCumulative,tiny_unbalanced_representable,0.036585815474418672,0.40000000000000002,0.02,,3fa2bb6041eb94b5,3fd999999999999a,3f947ae147ae147b,,0.01379719153186172858616132,0.01379719153186172772697386,0.0137971915318617218740489792192,6.71211e-18,5.85292e-18,4.86484e-16,4.24211e-16,160,260,0.0137971915318617218740489792192,0.0137971915318617218740489792192,9.27401e-152,4.71488e-152,0,1,BOTH_STALE,INDEPENDENT_ORACLE,logit bisection on u / betainc
F_InverseCumulative,tiny_unbalanced_representable,0.065854467853953616,0.40000000000000002,0.02,,3fb0dbd6a1ba6c3d,3fd999999999999a,3f947ae147ae147b,,0.4500007034584452281222866,0.4500007034584452265679211,0.450000703458445224502883056829,3.6194e-18,2.06504e-18,8.04311e-18,4.58897e-18,160,260,0.450000703458445224502883056829,0.450000703458445224502883056829,1.22108e-149,2.4799e-151,0,1,BOTH_STALE,INDEPENDENT_ORACLE,logit bisection on u / betainc
F_InverseCumulative,tiny_unbalanced_representable,0.073098459317888512,0.40000000000000002,0.02,,3fb2b694a4288781,3fd999999999999a,3f947ae147ae147b,,0.9920563872998486854015709,0.9920563872998486874964019,0.992056387299848659407355888215,2.59942e-17,2.8089e-17,2.62024e-17,2.8314e-17,160,260,0.992056387299848659407355888215,0.992056387299848659407355888215,2.61491e-149,2.41832e-151,0,1,BOTH_STALE,INDEPENDENT_ORACLE,logit bisection on u / betainc
F_InverseCumulative,tiny_unbalanced_representable,0.090839091840351424,0.00020000000000000001,2.0000000000000002e-5,,3fb7413b10a7140f,3f2a36e2eb1c432d,3ef4f8b588e368f1,,0.00004515249603705946766351448,0.00004515249603705946469723038,0.0000451524960370341446120027533222,2.53231e-17,2.53201e-17,5.60834e-13,5.60768e-13,160,260,0.0000451524960370341446120027533222,0.0000451524960370341446120027533222,5.05674e-154,1.01733e-154,0,1,BOTH_STALE,INDEPENDENT_ORACLE,logit bisection on u / betainc
