family,surface,point_id,construction,shape_id,bucket_bits,echo_x,echo_df,stored_standardx,log_standardx,current_status,current_value,candidate_status,candidate_value
chisquare,density,c_landmark_k52,landmark,s0.002,52,2.22507385850720E-308;1.48219693752374E-323,2.00000000000000E-003;0E+000,1.11253692925360E-308;4.94065645841247E-324,-7.09089565712824E+002;0E+000,OK,2.21285118055170E+304;3.41085990399000E+289,OK,2.21285118055170E+304;3.41085990399000E+289
chisquare,density,c_tie_k52,transform_stress,s0.002,52,2.22507385850720E-308;1.97626258336499E-323,2.00000000000000E-003;0E+000,1.11253692925360E-308;4.94065645841247E-324,-7.09089565712824E+002;0E+000,OK,2.21285118055170E+304;3.41085990399000E+289,OK,2.21285118055170E+304;3.41085990399000E+289
chisquare,density,c_landmark_k48,landmark,s0.002,48,1.39067116156700E-309;0E+000,2.00000000000000E-003;0E+000,6.95335580783500E-310;0E+000,-7.11862154435064E+002;2.27373675443232E-013,OK,3.53075896294005E+305;1.55925024182400E+290,OK,3.53075896294005E+305;1.55925024182400E+290
chisquare,density,c_tie_k48,transform_stress,s0.002,48,1.39067116156701E-309;-4.94065645841247E-324,2.00000000000000E-003;0E+000,6.95335580783500E-310;0E+000,-7.11862154435064E+002;2.27373675443232E-013,OK,3.53075896294005E+305;1.55925024182400E+290,OK,3.53075896294005E+305;1.55925024182400E+290
chisquare,density,c_landmark_k44,landmark,s0.002,44,8.69169475979376E-311;0E+000,2.00000000000000E-003;0E+000,4.34584737989688E-311;0E+000,-7.14634743157304E+002;4.54747350886464E-013,OK,5.63357308613653E+306;-4.98960077383680E+291,OK,5.63357308613653E+306;-4.98960077383680E+291
chisquare,density,c_tie_k44,transform_stress,s0.002,44,8.69169475979425E-311;0E+000,2.00000000000000E-003;0E+000,4.34584737989688E-311;0E+000,-7.14634743157304E+002;4.54747350886464E-013,OK,5.63357308613653E+306;-4.98960077383680E+291,OK,5.63357308613653E+306;-4.98960077383680E+291
chisquare,density,c_landmark_k40,landmark,s0.002,40,5.43230922487110E-312;0E+000,2.00000000000000E-003;0E+000,2.71615461243555E-312;0E+000,-7.17407331879543E+002;-3.41060513164848E-013,OK,8.98876022123424E+307;1.99584030953472E+292,OK,8.98876022123424E+307;1.99584030953472E+292
chisquare,density,c_tie_k40,transform_stress,s0.002,40,5.43230922487604E-312;0E+000,2.00000000000000E-003;0E+000,2.71615461243555E-312;0E+000,-7.17407331879542E+002;-4.54747350886464E-013,OK,8.98876022122607E+307;-1.99584030953472E+292,OK,8.98876022122607E+307;-1.99584030953472E+292
chisquare,density,c_landmark_k36,landmark,s0.002,36,3.39519326554444E-313;0E+000,2.00000000000000E-003;0E+000,1.69759663277222E-313;0E+000,-7.20179920601783E+002;-1.13686837721616E-013,CVERR,,ERROR,
chisquare,density,c_tie_k36,transform_stress,s0.002,36,3.39519326559384E-313;0E+000,2.00000000000000E-003;0E+000,1.69759663277222E-313;0E+000,-7.20179920601769E+002;4.54747350886464E-013,CVERR,,ERROR,
chisquare,density,c_landmark_k32,landmark,s0.002,32,2.12199579096527E-314;0E+000,2.00000000000000E-003;0E+000,1.06099789548264E-314;0E+000,-7.22952509324023E+002;1.13686837721616E-013,CVERR,,ERROR,
chisquare,density,c_tie_k32,transform_stress,s0.002,32,2.12199579145934E-314;0E+000,2.00000000000000E-003;0E+000,1.06099789548264E-314;0E+000,-7.22952509323790E+002;-1.13686837721616E-013,CVERR,,ERROR,
chisquare,density,c_landmark_k28,landmark,s0.002,28,1.32624736935330E-315;0E+000,2.00000000000000E-003;0E+000,6.63123684676648E-316;0E+000,-7.25725098046263E+002;3.41060513164848E-013,CVERR,,ERROR,
chisquare,density,c_tie_k28,transform_stress,s0.002,28,1.32624737429395E-315;0E+000,2.00000000000000E-003;0E+000,6.63123684676648E-316;0E+000,-7.25725098042537E+002;-4.54747350886464E-013,CVERR,,ERROR,
chisquare,density,c_landmark_k24,landmark,s0.002,24,8.28904605845809E-317;0E+000,2.00000000000000E-003;0E+000,4.14452302922905E-317;0E+000,-7.28497686768502E+002;-4.54747350886464E-013,CVERR,,ERROR,
chisquare,density,c_tie_k24,transform_stress,s0.002,24,8.28904655252374E-317;0E+000,2.00000000000000E-003;0E+000,4.14452302922905E-317;0E+000,-7.28497686708898E+002;1.13686837721616E-013,CVERR,,ERROR,
chisquare,density,c_landmark_k20,landmark,s0.002,20,5.18065378653631E-318;0E+000,2.00000000000000E-003;0E+000,2.59032689326815E-318;0E+000,-7.31270275490742E+002;-2.27373675443232E-013,CVERR,,ERROR,
chisquare,density,c_tie_k20,transform_stress,s0.002,20,5.18065872719277E-318;0E+000,2.00000000000000E-003;0E+000,2.59032689326815E-318;0E+000,-7.31270274537068E+002;-4.54747350886464E-013,CVERR,,ERROR,
chisquare,density,c_landmark_k16,landmark,s0.002,16,3.23790861658519E-319;0E+000,2.00000000000000E-003;0E+000,1.61895430829260E-319;0E+000,-7.34042864212982E+002;-1.13686837721616E-013,CVERR,,ERROR,
chisquare,density,c_tie_k16,transform_stress,s0.002,16,3.23795802314978E-319;0E+000,2.00000000000000E-003;0E+000,1.61895430829260E-319;0E+000,-7.34042848954309E+002;-4.54747350886464E-013,CVERR,,ERROR,
chisquare,density,c_landmark_k12,landmark,s0.002,12,2.02369288536575E-320;0E+000,2.00000000000000E-003;0E+000,1.01184644268287E-320;0E+000,-7.36815452935222E+002;1.13686837721616E-013,CVERR,,ERROR,
chisquare,density,c_tie_k12,transform_stress,s0.002,12,2.02418695101159E-320;0E+000,2.00000000000000E-003;0E+000,1.01184644268287E-320;0E+000,-7.36815208824394E+002;-3.41060513164848E-013,CVERR,,ERROR,
chisquare,density,c_landmark_k8,landmark,s0.002,8,1.26480805335359E-321;0E+000,2.00000000000000E-003;0E+000,6.32404026676796E-322;0E+000,-7.39588041657462E+002;3.41060513164848E-013,CVERR,,ERROR,
chisquare,density,c_tie_k8,transform_stress,s0.002,8,1.26974870981200E-321;0E+000,2.00000000000000E-003;0E+000,6.32404026676796E-322;0E+000,-7.39584143017046E+002;1.13686837721616E-013,CVERR,,ERROR,
chisquare,density,c_landmark_k4,landmark,s0.002,4,7.90505033345994E-323;0E+000,2.00000000000000E-003;0E+000,3.95252516672997E-323;0E+000,-7.42360630379701E+002;-3.41060513164848E-013,CVERR,,ERROR,
chisquare,density,c_tie_k4,transform_stress,s0.002,4,8.39911597930119E-323;0E+000,2.00000000000000E-003;0E+000,3.95252516672997E-323;0E+000,-7.42300005757885E+002;0E+000,CVERR,,ERROR,
chisquare,density,c_landmark_k2,landmark,s0.002,2,1.97626258336499E-323;0E+000,2.00000000000000E-003;0E+000,9.88131291682493E-324;0E+000,-7.43746924740821E+002;-2.27373675443232E-013,CVERR,,ERROR,
chisquare,density,c_tie_k2,transform_stress,s0.002,2,2.47032822920623E-323;0E+000,2.00000000000000E-003;0E+000,9.88131291682493E-324;0E+000,-7.43523781189507E+002;-1.13686837721616E-013,CVERR,,ERROR,
chisquare,density,c_landmark_k1,landmark,s0.002,1,9.88131291682493E-324;0E+000,2.00000000000000E-003;0E+000,4.94065645841247E-324;0E+000,-7.44440071921381E+002;-2.27373675443232E-013,CVERR,,ERROR,
chisquare,density,c_tie_k1,transform_stress,s0.002,1,1.48219693752374E-323;0E+000,2.00000000000000E-003;0E+000,9.88131291682493E-324;0E+000,-7.44034606813273E+002;-1.13686837721616E-013,CVERR,,ERROR,
chisquare,density,c_underflow_minsub,underflow,s0.002,0,4.94065645841247E-324;0E+000,2.00000000000000E-003;0E+000,0E+000;0E+000,-7.45133219101941E+002;-1.13686837721616E-013,CVERR,,ERROR,
chisquare,density,twin_c_landmark_k8,decimal_twin,s0.002,8,1.26480805335359E-321;0E+000,2.00000000000000E-003;0E+000,6.32404026676796E-322;0E+000,-7.39588041657462E+002;3.41060513164848E-013,CVERR,,ERROR,
chisquare,density,twin_c_landmark_k32,decimal_twin,s0.002,32,2.12199579096527E-314;0E+000,2.00000000000000E-003;0E+000,1.06099789548264E-314;0E+000,-7.22952509324023E+002;1.13686837721616E-013,CVERR,,ERROR,
chisquare,density,c_landmark_k52,landmark,s0.02,52,2.22507385850720E-308;1.48219693752374E-323,2.00000000000000E-002;0E+000,1.11253692925360E-308;4.94065645841247E-324,-7.09089565712824E+002;0E+000,OK,3.76348320504044E+302;-7.61352657140625E+286,OK,3.76348320504044E+302;-7.61352657140625E+286
chisquare,density,c_tie_k52,transform_stress,s0.02,52,2.22507385850720E-308;1.97626258336499E-323,2.00000000000000E-002;0E+000,1.11253692925360E-308;4.94065645841247E-324,-7.09089565712824E+002;0E+000,OK,3.76348320504044E+302;-7.61352657140625E+286,OK,3.76348320504044E+302;-7.61352657140625E+286
chisquare,density,c_landmark_k48,landmark,s0.02,48,1.39067116156700E-309;0E+000,2.00000000000000E-002;0E+000,6.95335580783500E-310;0E+000,-7.11862154435064E+002;2.27373675443232E-013,OK,5.85691289421736E+303;-4.87265700570000E+288,OK,5.85691289421736E+303;-4.87265700570000E+288
chisquare,density,c_tie_k48,transform_stress,s0.02,48,1.39067116156701E-309;-4.94065645841247E-324,2.00000000000000E-002;0E+000,6.95335580783500E-310;0E+000,-7.11862154435064E+002;2.27373675443232E-013,OK,5.85691289421736E+303;-4.87265700570000E+288,OK,5.85691289421736E+303;-4.87265700570000E+288
chisquare,density,c_landmark_k44,landmark,s0.02,44,8.69169475979376E-311;0E+000,2.00000000000000E-002;0E+000,4.34584737989688E-311;0E+000,-7.14634743157304E+002;4.54747350886464E-013,OK,9.11480848499682E+304;-1.94906280228000E+289,OK,9.11480848499682E+304;-1.94906280228000E+289
chisquare,density,c_tie_k44,transform_stress,s0.02,44,8.69169475979425E-311;0E+000,2.00000000000000E-002;0E+000,4.34584737989688E-311;0E+000,-7.14634743157304E+002;4.54747350886464E-013,OK,9.11480848499682E+304;-1.94906280228000E+289,OK,9.11480848499682E+304;-1.94906280228000E+289
chisquare,density,c_landmark_k40,landmark,s0.02,40,5.43230922487110E-312;0E+000,2.00000000000000E-002;0E+000,2.71615461243555E-312;0E+000,-7.17407331879543E+002;-3.41060513164848E-013,OK,1.41849017082371E+306;-4.05405062874240E+291,OK,1.41849017082371E+306;-4.05405062874240E+291
chisquare,density,c_tie_k40,transform_stress,s0.02,40,5.43230922487604E-312;0E+000,2.00000000000000E-002;0E+000,2.71615461243555E-312;0E+000,-7.17407331879542E+002;-4.54747350886464E-013,OK,1.41849017082242E+306;-4.05405062874240E+291,OK,1.41849017082242E+306;-4.05405062874240E+291
chisquare,density,c_landmark_k36,landmark,s0.02,36,3.39519326554444E-313;0E+000,2.00000000000000E-002;0E+000,1.69759663277222E-313;0E+000,-7.20179920601783E+002;-1.13686837721616E-013,OK,2.20752237201168E+307;1.99584030953472E+292,OK,2.20752237201168E+307;1.99584030953472E+292
chisquare,density,c_tie_k36,transform_stress,s0.02,36,3.39519326559384E-313;0E+000,2.00000000000000E-002;0E+000,1.69759663277222E-313;0E+000,-7.20179920601769E+002;4.54747350886464E-013,OK,2.20752237197956E+307;-1.74636027084288E+292,OK,2.20752237198006E+307;0E+000
chisquare,density,c_landmark_k32,landmark,s0.02,32,2.12199579096527E-314;0E+000,2.00000000000000E-002;0E+000,1.06099789548264E-314;0E+000,-7.22952509324023E+002;1.13686837721616E-013,CVERR,,ERROR,
chisquare,density,c_tie_k32,transform_stress,s0.02,32,2.12199579145934E-314;0E+000,2.00000000000000E-002;0E+000,1.06099789548264E-314;0E+000,-7.22952509323790E+002;-1.13686837721616E-013,CVERR,,ERROR,
chisquare,density,c_landmark_k28,landmark,s0.02,28,1.32624736935330E-315;0E+000,2.00000000000000E-002;0E+000,6.63123684676648E-316;0E+000,-7.25725098046263E+002;3.41060513164848E-013,CVERR,,ERROR,
chisquare,density,c_tie_k28,transform_stress,s0.02,28,1.32624737429395E-315;0E+000,2.00000000000000E-002;0E+000,6.63123684676648E-316;0E+000,-7.25725098042537E+002;-4.54747350886464E-013,CVERR,,ERROR,
chisquare,density,c_landmark_k24,landmark,s0.02,24,8.28904605845809E-317;0E+000,2.00000000000000E-002;0E+000,4.14452302922905E-317;0E+000,-7.28497686768502E+002;-4.54747350886464E-013,CVERR,,ERROR,
chisquare,density,c_tie_k24,transform_stress,s0.02,24,8.28904655252374E-317;0E+000,2.00000000000000E-002;0E+000,4.14452302922905E-317;0E+000,-7.28497686708898E+002;1.13686837721616E-013,CVERR,,ERROR,
chisquare,density,c_landmark_k20,landmark,s0.02,20,5.18065378653631E-318;0E+000,2.00000000000000E-002;0E+000,2.59032689326815E-318;0E+000,-7.31270275490742E+002;-2.27373675443232E-013,CVERR,,ERROR,
chisquare,density,c_tie_k20,transform_stress,s0.02,20,5.18065872719277E-318;0E+000,2.00000000000000E-002;0E+000,2.59032689326815E-318;0E+000,-7.31270274537068E+002;-4.54747350886464E-013,CVERR,,ERROR,
chisquare,density,c_landmark_k16,landmark,s0.02,16,3.23790861658519E-319;0E+000,2.00000000000000E-002;0E+000,1.61895430829260E-319;0E+000,-7.34042864212982E+002;-1.13686837721616E-013,CVERR,,ERROR,
chisquare,density,c_tie_k16,transform_stress,s0.02,16,3.23795802314978E-319;0E+000,2.00000000000000E-002;0E+000,1.61895430829260E-319;0E+000,-7.34042848954309E+002;-4.54747350886464E-013,CVERR,,ERROR,
chisquare,density,c_landmark_k12,landmark,s0.02,12,2.02369288536575E-320;0E+000,2.00000000000000E-002;0E+000,1.01184644268287E-320;0E+000,-7.36815452935222E+002;1.13686837721616E-013,CVERR,,ERROR,
chisquare,density,c_tie_k12,transform_stress,s0.02,12,2.02418695101159E-320;0E+000,2.00000000000000E-002;0E+000,1.01184644268287E-320;0E+000,-7.36815208824394E+002;-3.41060513164848E-013,CVERR,,ERROR,
chisquare,density,c_landmark_k8,landmark,s0.02,8,1.26480805335359E-321;0E+000,2.00000000000000E-002;0E+000,6.32404026676796E-322;0E+000,-7.39588041657462E+002;3.41060513164848E-013,CVERR,,ERROR,
chisquare,density,c_tie_k8,transform_stress,s0.02,8,1.26974870981200E-321;0E+000,2.00000000000000E-002;0E+000,6.32404026676796E-322;0E+000,-7.39584143017046E+002;1.13686837721616E-013,CVERR,,ERROR,
chisquare,density,c_landmark_k4,landmark,s0.02,4,7.90505033345994E-323;0E+000,2.00000000000000E-002;0E+000,3.95252516672997E-323;0E+000,-7.42360630379701E+002;-3.41060513164848E-013,CVERR,,ERROR,
chisquare,density,c_tie_k4,transform_stress,s0.02,4,8.39911597930119E-323;0E+000,2.00000000000000E-002;0E+000,3.95252516672997E-323;0E+000,-7.42300005757885E+002;0E+000,CVERR,,ERROR,
chisquare,density,c_landmark_k2,landmark,s0.02,2,1.97626258336499E-323;0E+000,2.00000000000000E-002;0E+000,9.88131291682493E-324;0E+000,-7.43746924740821E+002;-2.27373675443232E-013,CVERR,,ERROR,
chisquare,density,c_tie_k2,transform_stress,s0.02,2,2.47032822920623E-323;0E+000,2.00000000000000E-002;0E+000,9.88131291682493E-324;0E+000,-7.43523781189507E+002;-1.13686837721616E-013,CVERR,,ERROR,
chisquare,density,c_landmark_k1,landmark,s0.02,1,9.88131291682493E-324;0E+000,2.00000000000000E-002;0E+000,4.94065645841247E-324;0E+000,-7.44440071921381E+002;-2.27373675443232E-013,CVERR,,ERROR,
chisquare,density,c_tie_k1,transform_stress,s0.02,1,1.48219693752374E-323;0E+000,2.00000000000000E-002;0E+000,9.88131291682493E-324;0E+000,-7.44034606813273E+002;-1.13686837721616E-013,CVERR,,ERROR,
chisquare,density,c_underflow_minsub,underflow,s0.02,0,4.94065645841247E-324;0E+000,2.00000000000000E-002;0E+000,0E+000;0E+000,-7.45133219101941E+002;-1.13686837721616E-013,CVERR,,ERROR,
chisquare,density,twin_c_landmark_k8,decimal_twin,s0.02,8,1.26480805335359E-321;0E+000,2.00000000000000E-002;0E+000,6.32404026676796E-322;0E+000,-7.39588041657462E+002;3.41060513164848E-013,CVERR,,ERROR,
chisquare,density,twin_c_landmark_k32,decimal_twin,s0.02,32,2.12199579096527E-314;0E+000,2.00000000000000E-002;0E+000,1.06099789548264E-314;0E+000,-7.22952509324023E+002;1.13686837721616E-013,CVERR,,ERROR,
chisquare,density,c_landmark_k52,landmark,s0.2,52,2.22507385850720E-308;1.48219693752374E-323,2.00000000000000E-001;0E+000,1.11253692925360E-308;4.94065645841247E-324,-7.09089565712824E+002;0E+000,OK,7.56739385877050E+275;-2.46006311446272E+260,OK,7.56739385877050E+275;-2.46006311446272E+260
chisquare,density,c_tie_k52,transform_stress,s0.2,52,2.22507385850720E-308;1.97626258336499E-323,2.00000000000000E-001;0E+000,1.11253692925360E-308;4.94065645841247E-324,-7.09089565712824E+002;0E+000,OK,7.56739385877050E+275;-2.46006311446272E+260,OK,7.56739385877050E+275;-2.46006311446272E+260
chisquare,density,c_landmark_k48,landmark,s0.2,48,1.39067116156700E-309;0E+000,2.00000000000000E-001;0E+000,6.95335580783500E-310;0E+000,-7.11862154435064E+002;2.27373675443232E-013,OK,9.17601938963868E+276;0E+000,OK,9.17601938963868E+276;0E+000
chisquare,density,c_tie_k48,transform_stress,s0.2,48,1.39067116156701E-309;-4.94065645841247E-324,2.00000000000000E-001;0E+000,6.95335580783500E-310;0E+000,-7.11862154435064E+002;2.27373675443232E-013,OK,9.17601938963868E+276;0E+000,OK,9.17601938963868E+276;0E+000
chisquare,density,c_landmark_k44,landmark,s0.2,44,8.69169475979376E-311;0E+000,2.00000000000000E-001;0E+000,4.34584737989688E-311;0E+000,-7.14634743157304E+002;4.54747350886464E-013,OK,1.11265956827964E+278;-4.72332117976843E+263,OK,1.11265956827964E+278;-4.72332117976843E+263
chisquare,density,c_tie_k44,transform_stress,s0.2,44,8.69169475979425E-311;0E+000,2.00000000000000E-001;0E+000,4.34584737989688E-311;0E+000,-7.14634743157304E+002;4.54747350886464E-013,OK,1.11265956827964E+278;-4.72332117976843E+263,OK,1.11265956827964E+278;-4.72332117976843E+263
chisquare,density,c_landmark_k40,landmark,s0.2,40,5.43230922487110E-312;0E+000,2.00000000000000E-001;0E+000,2.71615461243555E-312;0E+000,-7.17407331879543E+002;-3.41060513164848E-013,OK,1.34918123242215E+279;-2.01528370336786E+264,OK,1.34918123242230E+279;1.51146277752590E+264
chisquare,density,c_tie_k40,transform_stress,s0.2,40,5.43230922487604E-312;0E+000,2.00000000000000E-001;0E+000,2.71615461243555E-312;0E+000,-7.17407331879542E+002;-4.54747350886464E-013,OK,1.34918123242092E+279;1.00764185168393E+264,OK,1.34918123242107E+279;4.53438833257769E+264
chisquare,density,c_landmark_k36,landmark,s0.2,36,3.39519326554444E-313;0E+000,2.00000000000000E-001;0E+000,1.69759663277222E-313;0E+000,-7.20179920601783E+002;-1.13686837721616E-013,OK,1.63598107616586E+280;-4.83668088808287E+265,OK,1.63598107616586E+280;-4.83668088808287E+265
chisquare,density,c_tie_k36,transform_stress,s0.2,36,3.39519326559384E-313;0E+000,2.00000000000000E-001;0E+000,1.69759663277222E-313;0E+000,-7.20179920601769E+002;4.54747350886464E-013,OK,1.63598107614205E+280;-1.41069859235750E+265,OK,1.63598107614447E+280;-3.62751066606215E+265
chisquare,density,c_landmark_k32,landmark,s0.2,32,2.12199579096527E-314;0E+000,2.00000000000000E-001;0E+000,1.06099789548264E-314;0E+000,-7.22952509324023E+002;1.13686837721616E-013,OK,1.98374689571360E+281;0E+000,OK,1.98374689571360E+281;0E+000
chisquare,density,c_tie_k32,transform_stress,s0.2,32,2.12199579145934E-314;0E+000,2.00000000000000E-001;0E+000,1.06099789548264E-314;0E+000,-7.22952509323790E+002;-1.13686837721616E-013,OK,1.98374689525172E+281;2.90200853284972E+266,OK,1.98374689529796E+281;-4.19179010300516E+266
chisquare,density,c_landmark_k28,landmark,s0.2,28,1.32624736935330E-315;0E+000,2.00000000000000E-001;0E+000,6.63123684676648E-316;0E+000,-7.25725098046263E+002;3.41060513164848E-013,OK,2.40543842687752E+282;3.09547576837304E+267,OK,2.40543842687752E+282;3.09547576837304E+267
chisquare,density,c_tie_k28,transform_stress,s0.2,28,1.32624737429395E-315;0E+000,2.00000000000000E-001;0E+000,6.63123684676648E-316;0E+000,-7.25725098042537E+002;-4.54747350886464E-013,OK,2.40543841791657E+282;-3.09547576837304E+267,OK,2.40543841881272E+282;-3.09547576837304E+267
chisquare,density,c_landmark_k24,landmark,s0.2,24,8.28904605845809E-317;0E+000,2.00000000000000E-001;0E+000,4.14452302922905E-317;0E+000,-7.28497686768502E+002;-4.54747350886464E-013,OK,2.91677029867106E+283;4.95276122939686E+268,OK,2.91677029867106E+283;4.95276122939686E+268
chisquare,density,c_tie_k24,transform_stress,s0.2,24,8.28904655252374E-317;0E+000,2.00000000000000E-001;0E+000,4.14452302922905E-317;0E+000,-7.28497686708898E+002;1.13686837721616E-013,OK,2.91677012481801E+283;2.47638061469843E+268,OK,2.91677014220338E+283;3.71457092204765E+268
chisquare,density,c_landmark_k20,landmark,s0.2,20,5.18065378653631E-318;0E+000,2.00000000000000E-001;0E+000,2.59032689326815E-318;0E+000,-7.31270275490742E+002;-2.27373675443232E-013,OK,3.53679764992083E+284;4.62257714743707E+269,OK,3.53679764992124E+284;-3.30184081959791E+269
chisquare,density,c_tie_k20,transform_stress,s0.2,20,5.18065872719277E-318;0E+000,2.00000000000000E-001;0E+000,2.59032689326815E-318;0E+000,-7.31270274537068E+002;-4.54747350886464E-013,OK,3.53679427697097E+284;0E+000,OK,3.53679461426605E+284;3.30184081959791E+269
chisquare,density,c_landmark_k16,landmark,s0.2,16,3.23790861658519E-319;0E+000,2.00000000000000E-001;0E+000,1.61895430829260E-319;0E+000,-7.34042864212982E+002;-1.13686837721616E-013,OK,4.28862623230436E+285;3.69806171794966E+270,OK,4.28862623230436E+285;3.69806171794966E+270
chisquare,density,c_tie_k16,transform_stress,s0.2,16,3.23795802314978E-319;0E+000,2.00000000000000E-001;0E+000,1.61895430829260E-319;0E+000,-7.34042848954309E+002;-4.54747350886464E-013,OK,4.28856079405983E+285;0E+000,OK,4.28856733783916E+285;-3.69806171794966E+270
chisquare,density,c_landmark_k12,landmark,s0.2,12,2.02369288536575E-320;0E+000,2.00000000000000E-001;0E+000,1.01184644268287E-320;0E+000,-7.36815452935222E+002;1.13686837721616E-013,OK,5.20027346229963E+286;4.22635624908532E+271,OK,5.20027346229963E+286;4.22635624908532E+271
chisquare,density,c_tie_k12,transform_stress,s0.2,12,2.02418695101159E-320;0E+000,2.00000000000000E-001;0E+000,1.01184644268287E-320;0E+000,-7.36815208824394E+002;-3.41060513164848E-013,OK,5.19900417417097E+286;2.53581374945119E+271,OK,5.19913108904136E+286;-3.38108499926826E+271
chisquare,density,c_landmark_k8,landmark,s0.2,8,1.26480805335359E-321;0E+000,2.00000000000000E-001;0E+000,6.32404026676796E-322;0E+000,-7.39588041657462E+002;3.41060513164848E-013,OK,6.30571250975403E+287;-4.05730199912191E+272,OK,6.30571250975403E+287;-4.05730199912191E+272
chisquare,density,c_tie_k8,transform_stress,s0.2,8,1.26974870981200E-321;0E+000,2.00000000000000E-001;0E+000,6.32404026676796E-322;0E+000,-7.39584143017046E+002;1.13686837721616E-013,OK,6.28117666341204E+287;4.05730199912191E+272,OK,6.28362594574391E+287;2.70486799941461E+272
chisquare,density,c_landmark_k4,landmark,s0.2,4,7.90505033345994E-323;0E+000,2.00000000000000E-001;0E+000,3.95252516672997E-323;0E+000,-7.42360630379701E+002;-3.41060513164848E-013,OK,7.64613833174766E+288;3.24584159929753E+273,OK,7.64613833174766E+288;3.24584159929753E+273
chisquare,density,c_tie_k4,transform_stress,s0.2,4,8.39911597930119E-323;0E+000,2.00000000000000E-001;0E+000,3.95252516672997E-323;0E+000,-7.42300005757885E+002;0E+000,OK,7.19636548870413E+288;-3.24584159929753E+273,OK,7.24012569559676E+288;-1.08194719976584E+273
chisquare,density,c_landmark_k2,landmark,s0.2,2,1.97626258336499E-323;0E+000,2.00000000000000E-001;0E+000,9.88131291682493E-324;0E+000,-7.43746924740821E+002;-2.27373675443232E-013,OK,2.66254001269731E+289;-4.32778879906337E+274,OK,2.66254001269731E+289;-4.32778879906337E+274
chisquare,density,c_tie_k2,transform_stress,s0.2,2,2.47032822920623E-323;0E+000,2.00000000000000E-001;0E+000,9.88131291682493E-324;0E+000,-7.43523781189507E+002;-1.13686837721616E-013,OK,2.13003201015800E+289;-1.73111551962535E+274,OK,2.17809657133333E+289;-2.16389439953168E+274
chisquare,density,c_landmark_k1,landmark,s0.2,1,9.88131291682493E-324;0E+000,2.00000000000000E-001;0E+000,4.94065645841247E-324;0E+000,-7.44440071921381E+002;-2.27373675443232E-013,OK,4.96847534626693E+289;-3.46223103925070E+274,OK,4.96847534626693E+289;-3.46223103925070E+274
chisquare,density,c_tie_k1,transform_stress,s0.2,1,1.48219693752374E-323;0E+000,2.00000000000000E-001;0E+000,9.88131291682493E-324;0E+000,-7.44034606813273E+002;-1.13686837721616E-013,OK,3.55005335026330E+289;-1.73111551962535E+274,OK,3.44937972275209E+289;-8.65557759812674E+273
chisquare,density,c_underflow_minsub,underflow,s0.2,0,4.94065645841247E-324;0E+000,2.00000000000000E-001;0E+000,0E+000;0E+000,-7.45133219101941E+002;-1.13686837721616E-013,CVERR,,OK,9.27150283140878E+289;5.19334655887604E+274
chisquare,density,twin_c_landmark_k8,decimal_twin,s0.2,8,1.26480805335359E-321;0E+000,2.00000000000000E-001;0E+000,6.32404026676796E-322;0E+000,-7.39588041657462E+002;3.41060513164848E-013,OK,6.30571250975403E+287;-4.05730199912191E+272,OK,6.30571250975403E+287;-4.05730199912191E+272
chisquare,density,twin_c_landmark_k32,decimal_twin,s0.2,32,2.12199579096527E-314;0E+000,2.00000000000000E-001;0E+000,1.06099789548264E-314;0E+000,-7.22952509324023E+002;1.13686837721616E-013,OK,1.98374689571360E+281;0E+000,OK,1.98374689571360E+281;0E+000
chisquare,density,c_landmark_k52,landmark,s0.5,52,2.22507385850720E-308;1.48219693752374E-323,5.00000000000000E-001;0E+000,1.11253692925360E-308;4.94065645841247E-324,-7.09089565712824E+002;0E+000,OK,1.27307239903795E+230;2.80091716485648E+215,OK,1.27307239903795E+230;2.80091716485648E+215
chisquare,density,c_tie_k52,transform_stress,s0.5,52,2.22507385850720E-308;1.97626258336499E-323,5.00000000000000E-001;0E+000,1.11253692925360E-308;4.94065645841247E-324,-7.09089565712824E+002;0E+000,OK,1.27307239903795E+230;2.80091716485648E+215,OK,1.27307239903795E+230;2.80091716485648E+215
chisquare,density,c_landmark_k48,landmark,s0.5,48,1.39067116156700E-309;0E+000,5.00000000000000E-001;0E+000,6.95335580783500E-310;0E+000,-7.11862154435064E+002;2.27373675443232E-013,OK,1.01845791923031E+231;0E+000,OK,1.01845791923043E+231;-4.13673919732649E+216
chisquare,density,c_tie_k48,transform_stress,s0.5,48,1.39067116156701E-309;-4.94065645841247E-324,5.00000000000000E-001;0E+000,6.95335580783500E-310;0E+000,-7.11862154435064E+002;2.27373675443232E-013,OK,1.01845791923031E+231;0E+000,OK,1.01845791923043E+231;-4.13673919732649E+216
chisquare,density,c_landmark_k44,landmark,s0.5,44,8.69169475979376E-311;0E+000,5.00000000000000E-001;0E+000,4.34584737989688E-311;0E+000,-7.14634743157304E+002;4.54747350886464E-013,OK,8.14766335384299E+231;-1.37891306577550E+216,OK,8.14766335384299E+231;-1.37891306577550E+216
chisquare,density,c_tie_k44,transform_stress,s0.5,44,8.69169475979425E-311;0E+000,5.00000000000000E-001;0E+000,4.34584737989688E-311;0E+000,-7.14634743157304E+002;4.54747350886464E-013,OK,8.14766335384299E+231;-1.37891306577550E+216,OK,8.14766335384299E+231;-1.37891306577550E+216
chisquare,density,c_landmark_k40,landmark,s0.5,40,5.43230922487110E-312;0E+000,5.00000000000000E-001;0E+000,2.71615461243555E-312;0E+000,-7.17407331879543E+002;-3.41060513164848E-013,OK,6.51813068307406E+232;-3.30939135786119E+217,OK,6.51813068307480E+232;-1.10313045262040E+217
chisquare,density,c_tie_k40,transform_stress,s0.5,40,5.43230922487604E-312;0E+000,5.00000000000000E-001;0E+000,2.71615461243555E-312;0E+000,-7.17407331879542E+002;-4.54747350886464E-013,OK,6.51813068306813E+232;-1.10313045262040E+217,OK,6.51813068307035E+232;2.20626090524079E+217
chisquare,density,c_landmark_k36,landmark,s0.5,36,3.39519326554444E-313;0E+000,5.00000000000000E-001;0E+000,1.69759663277222E-313;0E+000,-7.20179920601783E+002;-1.13686837721616E-013,OK,5.21450454645957E+233;8.82504362096318E+217,OK,5.21450454645957E+233;8.82504362096318E+217
chisquare,density,c_tie_k36,transform_stress,s0.5,36,3.39519326559384E-313;0E+000,5.00000000000000E-001;0E+000,1.69759663277222E-313;0E+000,-7.20179920601769E+002;4.54747350886464E-013,OK,5.21450454638369E+233;0E+000,OK,5.21450454640266E+233;0E+000
chisquare,density,c_landmark_k32,landmark,s0.5,32,2.12199579096527E-314;0E+000,5.00000000000000E-001;0E+000,1.06099789548264E-314;0E+000,-7.22952509324023E+002;1.13686837721616E-013,OK,4.17160363716744E+234;2.82401395870822E+219,OK,4.17160363716792E+234;-2.11801046903116E+219
chisquare,density,c_tie_k32,transform_stress,s0.5,32,2.12199579145934E-314;0E+000,5.00000000000000E-001;0E+000,1.06099789548264E-314;0E+000,-7.22952509323790E+002;-1.13686837721616E-013,OK,4.17160363619617E+234;-4.23602093806233E+219,OK,4.17160363643946E+234;-7.06003489677054E+218
chisquare,density,c_landmark_k28,landmark,s0.5,28,1.32624736935330E-315;0E+000,5.00000000000000E-001;0E+000,6.63123684676648E-316;0E+000,-7.25725098046263E+002;3.41060513164848E-013,OK,3.33728290973416E+235;2.82401395870822E+220,OK,3.33728290973416E+235;2.82401395870822E+220
chisquare,density,c_tie_k28,transform_stress,s0.5,28,1.32624737429395E-315;0E+000,5.00000000000000E-001;0E+000,6.63123684676648E-316;0E+000,-7.25725098042537E+002;-4.54747350886464E-013,OK,3.33728289730182E+235;-4.51842233393315E+220,OK,3.33728290040990E+235;1.69440837522493E+220
chisquare,density,c_landmark_k24,landmark,s0.5,24,8.28904605845809E-317;0E+000,5.00000000000000E-001;0E+000,4.14452302922905E-317;0E+000,-7.28497686768502E+002;-4.54747350886464E-013,OK,2.66982632778719E+236;3.61473786714652E+221,OK,2.66982632778750E+236;-3.16289563375320E+221
chisquare,density,c_tie_k24,transform_stress,s0.5,24,8.28904655252374E-317;0E+000,5.00000000000000E-001;0E+000,4.14452302922905E-317;0E+000,-7.28497686708898E+002;1.13686837721616E-013,OK,2.66982616865315E+236;-1.80736893357326E+221,OK,2.66982620843696E+236;2.25921116696657E+221
chisquare,density,c_landmark_k20,landmark,s0.5,20,5.18065378653631E-318;0E+000,5.00000000000000E-001;0E+000,2.59032689326815E-318;0E+000,-7.31270275490742E+002;-2.27373675443232E-013,OK,2.13586106222989E+237;-1.80736893357326E+222,OK,2.13586106222989E+237;-1.80736893357326E+222
chisquare,density,c_tie_k20,transform_stress,s0.5,20,5.18065872719277E-318;0E+000,5.00000000000000E-001;0E+000,2.59032689326815E-318;0E+000,-7.31270274537068E+002;-4.54747350886464E-013,OK,2.13585902531599E+237;2.16884272028791E+222,OK,2.13585953454428E+237;3.97621165386117E+222
chisquare,density,c_landmark_k16,landmark,s0.5,16,3.23790861658519E-319;0E+000,5.00000000000000E-001;0E+000,1.61895430829260E-319;0E+000,-7.34042864212982E+002;-1.13686837721616E-013,OK,1.70868884978382E+238;2.89179029371721E+223,OK,1.70868884978402E+238;-2.89179029371721E+223
chisquare,density,c_tie_k16,transform_stress,s0.5,16,3.23795802314978E-319;0E+000,5.00000000000000E-001;0E+000,1.61895430829260E-319;0E+000,-7.34042848954309E+002;-4.54747350886464E-013,OK,1.70866277765892E+238;1.73507417623033E+223,OK,1.70866929565305E+238;-4.62686446994754E+223
chisquare,density,c_landmark_k12,landmark,s0.5,12,2.02369288536575E-320;0E+000,5.00000000000000E-001;0E+000,1.01184644268287E-320;0E+000,-7.36815452935222E+002;1.13686837721616E-013,OK,1.36695107982714E+239;3.70149157595803E+224,OK,1.36695107982714E+239;3.70149157595803E+224
chisquare,density,c_tie_k12,transform_stress,s0.5,12,2.02418695101159E-320;0E+000,5.00000000000000E-001;0E+000,1.01184644268287E-320;0E+000,-7.36815208824394E+002;-3.41060513164848E-013,OK,1.36661743299286E+239;3.93283479945541E+224,OK,1.36670083706599E+239;0E+000
chisquare,density,c_landmark_k8,landmark,s0.5,8,1.26480805335359E-321;0E+000,5.00000000000000E-001;0E+000,6.32404026676796E-322;0E+000,-7.39588041657462E+002;3.41060513164848E-013,OK,1.09356086386166E+240;-1.11044747278741E+225,OK,1.09356086386178E+240;3.14626783956433E+225
chisquare,density,c_tie_k8,transform_stress,s0.5,8,1.26974870981200E-321;0E+000,5.00000000000000E-001;0E+000,6.32404026676796E-322;0E+000,-7.39584143017046E+002;1.13686837721616E-013,OK,1.08930576322397E+240;3.51641699716013E+225,OK,1.09036798366032E+240;-1.11044747278741E+225
chisquare,density,c_landmark_k4,landmark,s0.5,4,7.90505033345994E-323;0E+000,5.00000000000000E-001;0E+000,3.95252516672997E-323;0E+000,-7.42360630379701E+002;-3.41060513164848E-013,OK,8.74848691089282E+240;4.44178989114964E+225,OK,8.74848691089282E+240;4.44178989114964E+225
chisquare,density,c_tie_k4,transform_stress,s0.5,4,8.39911597930119E-323;0E+000,5.00000000000000E-001;0E+000,3.95252516672997E-323;0E+000,-7.42300005757885E+002;0E+000,OK,8.23387003378199E+240;-1.48059663038321E+225,OK,8.35961434109685E+240;-2.96119326076643E+225
chisquare,density,c_landmark_k2,landmark,s0.5,2,1.97626258336499E-323;0E+000,5.00000000000000E-001;0E+000,9.88131291682493E-324;0E+000,-7.43746924740821E+002;-2.27373675443232E-013,OK,2.47444576792570E+241;3.84955123899636E+226,OK,2.47444576792570E+241;3.84955123899636E+226
chisquare,density,c_tie_k2,transform_stress,s0.5,2,2.47032822920623E-323;0E+000,5.00000000000000E-001;0E+000,9.88131291682493E-324;0E+000,-7.43523781189507E+002;-1.13686837721616E-013,OK,1.97955661434071E+241;-4.44178989114964E+226,OK,2.09312627835746E+241;2.96119326076643E+225
chisquare,density,c_landmark_k1,landmark,s0.5,1,9.88131291682493E-324;0E+000,5.00000000000000E-001;0E+000,4.94065645841247E-324;0E+000,-7.44440071921381E+002;-2.27373675443232E-013,OK,4.16150515197696E+241;3.55343191291971E+226,OK,4.16150515197696E+241;3.55343191291971E+226
chisquare,density,c_tie_k1,transform_stress,s0.5,1,1.48219693752374E-323;0E+000,5.00000000000000E-001;0E+000,9.88131291682493E-324;0E+000,-7.44034606813273E+002;-1.13686837721616E-013,OK,3.29926102390115E+241;-4.14567056507300E+226,OK,3.07030834028853E+241;-3.55343191291971E+226
chisquare,density,c_underflow_minsub,underflow,s0.5,0,4.94065645841247E-324;0E+000,5.00000000000000E-001;0E+000,0E+000;0E+000,-7.45133219101941E+002;-1.13686837721616E-013,CVERR,,OK,6.99878952871470E+241;-3.55343191291971E+226
chisquare,density,twin_c_landmark_k8,decimal_twin,s0.5,8,1.26480805335359E-321;0E+000,5.00000000000000E-001;0E+000,6.32404026676796E-322;0E+000,-7.39588041657462E+002;3.41060513164848E-013,OK,1.09356086386166E+240;-1.11044747278741E+225,OK,1.09356086386178E+240;3.14626783956433E+225
chisquare,density,twin_c_landmark_k32,decimal_twin,s0.5,32,2.12199579096527E-314;0E+000,5.00000000000000E-001;0E+000,1.06099789548264E-314;0E+000,-7.22952509324023E+002;1.13686837721616E-013,OK,4.17160363716744E+234;2.82401395870822E+219,OK,4.17160363716792E+234;-2.11801046903116E+219
chisquare,density,c_landmark_k52,landmark,s1.0,52,2.22507385850720E-308;1.48219693752374E-323,1.00000000000000E+000;0E+000,1.11253692925360E-308;4.94065645841247E-324,-7.09089565712824E+002;0E+000,OK,2.67447073537757E+153;-1.11642428051805E+138,OK,2.67447073537772E+153;7.44282853678701E+137
chisquare,density,c_tie_k52,transform_stress,s1.0,52,2.22507385850720E-308;1.97626258336499E-323,1.00000000000000E+000;0E+000,1.11253692925360E-308;4.94065645841247E-324,-7.09089565712824E+002;0E+000,OK,2.67447073537757E+153;-1.11642428051805E+138,OK,2.67447073537772E+153;7.44282853678701E+137
chisquare,density,c_landmark_k48,landmark,s1.0,48,1.39067116156700E-309;0E+000,1.00000000000000E+000;0E+000,6.95335580783500E-310;0E+000,-7.11862154435064E+002;2.27373675443232E-013,OK,1.06978829415103E+154;1.63742227809314E+139,OK,1.06978829415109E+154;2.38170513177184E+139
chisquare,density,c_tie_k48,transform_stress,s1.0,48,1.39067116156701E-309;-4.94065645841247E-324,1.00000000000000E+000;0E+000,6.95335580783500E-310;0E+000,-7.11862154435064E+002;2.27373675443232E-013,OK,1.06978829415103E+154;1.63742227809314E+139,OK,1.06978829415109E+154;2.38170513177184E+139
chisquare,density,c_landmark_k44,landmark,s1.0,44,8.69169475979376E-311;0E+000,1.00000000000000E+000;0E+000,4.34584737989688E-311;0E+000,-7.14634743157304E+002;4.54747350886464E-013,OK,4.27915317660414E+154;2.38170513177184E+139,OK,4.27915317660439E+154;-4.76341026354369E+139
chisquare,density,c_tie_k44,transform_stress,s1.0,44,8.69169475979425E-311;0E+000,1.00000000000000E+000;0E+000,4.34584737989688E-311;0E+000,-7.14634743157304E+002;4.54747350886464E-013,OK,4.27915317660414E+154;2.38170513177184E+139,OK,4.27915317660439E+154;-4.76341026354369E+139
chisquare,density,c_landmark_k40,landmark,s1.0,40,5.43230922487110E-312;0E+000,1.00000000000000E+000;0E+000,2.71615461243555E-312;0E+000,-7.17407331879543E+002;-3.41060513164848E-013,OK,1.71166127064166E+155;3.09621667130340E+140,OK,1.71166127064176E+155;7.14511539531553E+139
chisquare,density,c_tie_k40,transform_stress,s1.0,40,5.43230922487604E-312;0E+000,1.00000000000000E+000;0E+000,2.71615461243555E-312;0E+000,-7.17407331879542E+002;-4.54747350886464E-013,OK,1.71166127064011E+155;-3.57255769765777E+140,OK,1.71166127064098E+155;2.38170513177184E+140
chisquare,density,c_landmark_k36,landmark,s1.0,36,3.39519326554444E-313;0E+000,1.00000000000000E+000;0E+000,1.69759663277222E-313;0E+000,-7.20179920601783E+002;-1.13686837721616E-013,OK,6.84664508256707E+155;-1.90536410541748E+140,OK,6.84664508256707E+155;-1.90536410541748E+140
chisquare,density,c_tie_k36,transform_stress,s1.0,36,3.39519326559384E-313;0E+000,1.00000000000000E+000;0E+000,1.69759663277222E-313;0E+000,-7.20179920601769E+002;4.54747350886464E-013,OK,6.84664508246744E+155;-3.81072821083495E+140,OK,6.84664508251725E+155;1.90536410541748E+140
chisquare,density,c_landmark_k32,landmark,s1.0,32,2.12199579096527E-314;0E+000,1.00000000000000E+000;0E+000,1.06099789548264E-314;0E+000,-7.22952509324023E+002;1.13686837721616E-013,OK,2.73865803302684E+156;-2.66750974758447E+141,OK,2.73865803302684E+156;-2.66750974758447E+141
chisquare,density,c_tie_k32,transform_stress,s1.0,32,2.12199579145934E-314;0E+000,1.00000000000000E+000;0E+000,1.06099789548264E-314;0E+000,-7.22952509323790E+002;-1.13686837721616E-013,OK,2.73865803238919E+156;3.81072821083495E+141,OK,2.73865803270802E+156;-4.19180103191845E+141
chisquare,density,c_landmark_k28,landmark,s1.0,28,1.32624736935330E-315;0E+000,1.00000000000000E+000;0E+000,6.63123684676648E-316;0E+000,-7.25725098046263E+002;3.41060513164848E-013,OK,1.09546321321074E+157;-1.06700389903379E+142,OK,1.09546321321074E+157;-1.06700389903379E+142
chisquare,density,c_tie_k28,transform_stress,s1.0,28,1.32624737429395E-315;0E+000,1.00000000000000E+000;0E+000,6.63123684676648E-316;0E+000,-7.25725098042537E+002;-4.54747350886464E-013,OK,1.09546320912982E+157;6.09716513733592E+141,OK,1.09546321117028E+157;-1.52429128433398E+141
chisquare,density,c_landmark_k24,landmark,s1.0,24,8.28904605845809E-317;0E+000,1.00000000000000E+000;0E+000,4.14452302922905E-317;0E+000,-7.28497686768502E+002;-4.54747350886464E-013,OK,4.38185285284297E+157;2.43886605493437E+142,OK,4.38185285284297E+157;2.43886605493437E+142
chisquare,density,c_tie_k24,transform_stress,s1.0,24,8.28904655252374E-317;0E+000,1.00000000000000E+000;0E+000,4.14452302922905E-317;0E+000,-7.28497686708898E+002;1.13686837721616E-013,OK,4.38185259166420E+157;-2.43886605493437E+142,OK,4.38185272225358E+157;3.04858256866796E+142
chisquare,density,c_landmark_k20,landmark,s1.0,20,5.18065378653631E-318;0E+000,1.00000000000000E+000;0E+000,2.59032689326815E-318;0E+000,-7.31270275490742E+002;-2.27373675443232E-013,OK,1.75274114113720E+158;-4.38995889888186E+143,OK,1.75274114113720E+158;-4.38995889888186E+143
chisquare,density,c_tie_k20,transform_stress,s1.0,20,5.18065872719277E-318;0E+000,1.00000000000000E+000;0E+000,2.59032689326815E-318;0E+000,-7.31270274537068E+002;-4.54747350886464E-013,OK,1.75273946959458E+158;0E+000,OK,1.75274030536569E+158;-1.70720623845406E+143
chisquare,density,c_landmark_k16,landmark,s1.0,16,3.23790861658519E-319;0E+000,1.00000000000000E+000;0E+000,1.61895430829260E-319;0E+000,-7.34042864212982E+002;-1.13686837721616E-013,OK,7.01096456454881E+158;-1.95109284394750E+143,OK,7.01096456454881E+158;-1.95109284394750E+143
chisquare,density,c_tie_k16,transform_stress,s1.0,16,3.23795802314978E-319;0E+000,1.00000000000000E+000;0E+000,1.61895430829260E-319;0E+000,-7.34042848954309E+002;-4.54747350886464E-013,OK,7.01085758735174E+158;3.90218568789499E+143,OK,7.01091107574623E+158;4.87773210986874E+143
chisquare,density,c_landmark_k12,landmark,s1.0,12,2.02369288536575E-320;0E+000,1.00000000000000E+000;0E+000,1.01184644268287E-320;0E+000,-7.36815452935222E+002;1.13686837721616E-013,OK,2.80438582581953E+159;3.51196711910549E+144,OK,2.80438582581953E+159;3.51196711910549E+144
chisquare,density,c_tie_k12,transform_stress,s1.0,12,2.02418695101159E-320;0E+000,1.00000000000000E+000;0E+000,1.01184644268287E-320;0E+000,-7.36815208824394E+002;-3.41060513164848E-013,OK,2.80370132842479E+159;0E+000,OK,2.80404355623551E+159;-1.56087427515800E+144
chisquare,density,c_landmark_k8,landmark,s1.0,8,1.26480805335359E-321;0E+000,1.00000000000000E+000;0E+000,6.32404026676796E-322;0E+000,-7.39588041657462E+002;3.41060513164848E-013,OK,1.12175433032782E+160;-2.34131141273699E+145,OK,1.12175433032782E+160;-2.34131141273699E+145
chisquare,density,c_tie_k8,transform_stress,s1.0,8,1.26974870981200E-321;0E+000,1.00000000000000E+000;0E+000,6.32404026676796E-322;0E+000,-7.39584143017046E+002;1.13686837721616E-013,OK,1.11738952748598E+160;1.40478684764220E+145,OK,1.11956980180798E+160;-2.65348626776859E+145
chisquare,density,c_landmark_k4,landmark,s1.0,4,7.90505033345994E-323;0E+000,1.00000000000000E+000;0E+000,3.95252516672997E-323;0E+000,-7.42360630379701E+002;-3.41060513164848E-013,OK,4.48701732131078E+160;-2.49739884025279E+145,OK,4.48701732131103E+160;1.87304913018960E+145
chisquare,density,c_tie_k4,transform_stress,s1.0,4,8.39911597930119E-323;0E+000,1.00000000000000E+000;0E+000,3.95252516672997E-323;0E+000,-7.42300005757885E+002;0E+000,OK,4.22307512593982E+160;-4.99479768050559E+145,OK,4.35304620229223E+160;-1.24869942012640E+145
chisquare,density,c_landmark_k2,landmark,s1.0,2,1.97626258336499E-323;0E+000,1.00000000000000E+000;0E+000,9.88131291682493E-324;0E+000,-7.43746924740821E+002;-2.27373675443232E-013,OK,8.97403464262157E+160;1.24869942012640E+145,OK,8.97403464262208E+160;1.24869942012640E+145
chisquare,density,c_tie_k2,transform_stress,s1.0,2,2.47032822920623E-323;0E+000,1.00000000000000E+000;0E+000,9.88131291682493E-324;0E+000,-7.43523781189507E+002;-1.13686837721616E-013,OK,7.17922771409777E+160;3.74609826037919E+145,OK,8.02662059733669E+160;1.24869942012640E+145
chisquare,density,c_landmark_k1,landmark,s1.0,1,9.88131291682493E-324;0E+000,1.00000000000000E+000;0E+000,4.94065645841247E-324;0E+000,-7.44440071921381E+002;-2.27373675443232E-013,OK,1.26912015008025E+161;9.98959536101118E+145,OK,1.26912015008025E+161;9.98959536101118E+145
chisquare,density,c_tie_k1,transform_stress,s1.0,1,1.48219693752374E-323;0E+000,1.00000000000000E+000;0E+000,9.88131291682493E-324;0E+000,-7.44034606813273E+002;-1.13686837721616E-013,OK,1.19653795234962E+161;-1.99791907220224E+146,OK,1.03623226332701E+161;-2.49739884025279E+145
chisquare,density,c_underflow_minsub,underflow,s1.0,0,4.94065645841247E-324;0E+000,1.00000000000000E+000;0E+000,0E+000;0E+000,-7.45133219101941E+002;-1.13686837721616E-013,CVERR,,OK,1.79480692852442E+161;-4.99479768050559E+145
chisquare,density,twin_c_landmark_k8,decimal_twin,s1.0,8,1.26480805335359E-321;0E+000,1.00000000000000E+000;0E+000,6.32404026676796E-322;0E+000,-7.39588041657462E+002;3.41060513164848E-013,OK,1.12175433032782E+160;-2.34131141273699E+145,OK,1.12175433032782E+160;-2.34131141273699E+145
chisquare,density,twin_c_landmark_k32,decimal_twin,s1.0,32,2.12199579096527E-314;0E+000,1.00000000000000E+000;0E+000,1.06099789548264E-314;0E+000,-7.22952509324023E+002;1.13686837721616E-013,OK,2.73865803302684E+156;-2.66750974758447E+141,OK,2.73865803302684E+156;-2.66750974758447E+141
chisquare,density,c_landmark_k52,landmark,s1.5,52,2.22507385850720E-308;1.48219693752374E-323,1.50000000000000E+000;0E+000,1.11253692925360E-308;4.94065645841247E-324,-7.09089565712824E+002;0E+000,OK,3.97289969030576E+076;1.92832565311079E+061,OK,3.97289969030599E+076;-1.92832565311079E+061
chisquare,density,c_tie_k52,transform_stress,s1.5,52,2.22507385850720E-308;1.97626258336499E-323,1.50000000000000E+000;0E+000,1.11253692925360E-308;4.94065645841247E-324,-7.09089565712824E+002;0E+000,OK,3.97289969030576E+076;1.92832565311079E+061,OK,3.97289969030599E+076;-1.92832565311079E+061
chisquare,density,c_landmark_k48,landmark,s1.5,48,1.39067116156700E-309;0E+000,1.50000000000000E+000;0E+000,6.95335580783500E-310;0E+000,-7.11862154435064E+002;2.27373675443232E-013,OK,7.94579938061109E+076;-2.57110087081438E+061,OK,7.94579938061199E+076;1.28555043540719E+061
chisquare,density,c_tie_k48,transform_stress,s1.5,48,1.39067116156701E-309;-4.94065645841247E-324,1.50000000000000E+000;0E+000,6.95335580783500E-310;0E+000,-7.11862154435064E+002;2.27373675443232E-013,OK,7.94579938061109E+076;-2.57110087081438E+061,OK,7.94579938061199E+076;1.28555043540719E+061
chisquare,density,c_landmark_k44,landmark,s1.5,44,8.69169475979376E-311;0E+000,1.50000000000000E+000;0E+000,4.34584737989688E-311;0E+000,-7.14634743157304E+002;4.54747350886464E-013,OK,1.58915987612231E+077;7.71330261244315E+061,OK,1.58915987612240E+077;1.28555043540719E+062
chisquare,density,c_tie_k44,transform_stress,s1.5,44,8.69169475979425E-311;0E+000,1.50000000000000E+000;0E+000,4.34584737989688E-311;0E+000,-7.14634743157304E+002;4.54747350886464E-013,OK,1.58915987612231E+077;7.71330261244315E+061,OK,1.58915987612240E+077;1.28555043540719E+062
chisquare,density,c_landmark_k40,landmark,s1.5,40,5.43230922487110E-312;0E+000,1.50000000000000E+000;0E+000,2.71615461243555E-312;0E+000,-7.17407331879543E+002;-3.41060513164848E-013,OK,3.17831975224445E+077;-3.08532104497726E+062,OK,3.17831975224481E+077;-2.05688069665151E+062
chisquare,density,c_tie_k40,transform_stress,s1.5,40,5.43230922487604E-312;0E+000,1.50000000000000E+000;0E+000,2.71615461243555E-312;0E+000,-7.17407331879542E+002;-4.54747350886464E-013,OK,3.17831975224156E+077;-3.59954121914014E+062,OK,3.17831975224409E+077;-4.11376139330302E+062
chisquare,density,c_landmark_k36,landmark,s1.5,36,3.39519326554444E-313;0E+000,1.50000000000000E+000;0E+000,1.69759663277222E-313;0E+000,-7.20179920601783E+002;-1.13686837721616E-013,OK,6.35663950448999E+077;0E+000,OK,6.35663950448963E+077;-1.02844034832575E+062
chisquare,density,c_tie_k36,transform_stress,s1.5,36,3.39519326559384E-313;0E+000,1.50000000000000E+000;0E+000,1.69759663277222E-313;0E+000,-7.20179920601769E+002;4.54747350886464E-013,OK,6.35663950439749E+077;-1.02844034832575E+062,OK,6.35663950446650E+077;3.08532104497726E+062
chisquare,density,c_landmark_k32,landmark,s1.5,32,2.12199579096527E-314;0E+000,1.50000000000000E+000;0E+000,1.06099789548264E-314;0E+000,-7.22952509324023E+002;1.13686837721616E-013,OK,1.27132790089793E+078;-2.05688069665151E+063,OK,1.27132790089793E+078;-2.05688069665151E+063
chisquare,density,c_tie_k32,transform_stress,s1.5,32,2.12199579145934E-314;0E+000,1.50000000000000E+000;0E+000,1.06099789548264E-314;0E+000,-7.22952509323790E+002;-1.13686837721616E-013,OK,1.27132790060192E+078;3.90807332363786E+063,OK,1.27132790082393E+078;-3.08532104497726E+063
chisquare,density,c_landmark_k28,landmark,s1.5,28,1.32624736935330E-315;0E+000,1.50000000000000E+000;0E+000,6.63123684676648E-316;0E+000,-7.25725098046263E+002;3.41060513164848E-013,OK,2.54265580179601E+078;-4.52513753263332E+063,OK,2.54265580179586E+078;8.22752278660603E+062
chisquare,density,c_tie_k28,transform_stress,s1.5,28,1.32624737429395E-315;0E+000,1.50000000000000E+000;0E+000,6.63123684676648E-316;0E+000,-7.25725098042537E+002;-4.54747350886464E-013,OK,2.54265579232387E+078;4.11376139330302E+063,OK,2.54265579942783E+078;-2.05688069665151E+063
chisquare,density,c_landmark_k24,landmark,s1.5,24,8.28904605845809E-317;0E+000,1.50000000000000E+000;0E+000,4.14452302922905E-317;0E+000,-7.28497686768502E+002;-4.54747350886464E-013,OK,5.08531160359173E+078;8.22752278660603E+062,OK,5.08531160359173E+078;8.22752278660603E+062
chisquare,density,c_tie_k24,transform_stress,s1.5,24,8.28904655252374E-317;0E+000,1.50000000000000E+000;0E+000,4.14452302922905E-317;0E+000,-7.28497686708898E+002;1.13686837721616E-013,OK,5.08531130048355E+078;-1.64550455732121E+063,OK,5.08531152781468E+078;3.29100911464241E+063
chisquare,density,c_landmark_k20,landmark,s1.5,20,5.18065378653631E-318;0E+000,1.50000000000000E+000;0E+000,2.59032689326815E-318;0E+000,-7.31270275490742E+002;-2.27373675443232E-013,OK,1.01706232071841E+079;-4.11376139330302E+064,OK,1.01706232071835E+079;-1.81005501305333E+064
chisquare,density,c_tie_k20,transform_stress,s1.5,20,5.18065872719277E-318;0E+000,1.50000000000000E+000;0E+000,2.59032689326815E-318;0E+000,-7.31270274537068E+002;-4.54747350886464E-013,OK,1.01706135077312E+079;-2.46825683598181E+064,OK,1.01706207823194E+079;-8.22752278660603E+063
chisquare,density,c_landmark_k16,landmark,s1.5,16,3.23790861658519E-319;0E+000,1.50000000000000E+000;0E+000,1.61895430829260E-319;0E+000,-7.34042864212982E+002;-1.13686837721616E-013,OK,2.03412464143670E+079;0E+000,OK,2.03412464143670E+079;0E+000
chisquare,density,c_tie_k16,transform_stress,s1.5,16,3.23795802314978E-319;0E+000,1.50000000000000E+000;0E+000,1.61895430829260E-319;0E+000,-7.34042848954309E+002;-4.54747350886464E-013,OK,2.03409360363147E+079;1.31640364585696E+064,OK,2.03411688194099E+079;3.29100911464241E+064
chisquare,density,c_landmark_k12,landmark,s1.5,12,2.02369288536575E-320;0E+000,1.50000000000000E+000;0E+000,1.01184644268287E-320;0E+000,-7.36815452935222E+002;1.13686837721616E-013,OK,4.06824928287364E+079;-1.31640364585696E+064,OK,4.06824928287341E+079;-1.97460546878545E+064
chisquare,density,c_tie_k12,transform_stress,s1.5,12,2.02418695101159E-320;0E+000,1.50000000000000E+000;0E+000,1.01184644268287E-320;0E+000,-7.36815208824394E+002;-3.41060513164848E-013,OK,4.06725630037827E+079;1.31640364585696E+064,OK,4.06800101452431E+079;1.97460546878545E+064
chisquare,density,c_landmark_k8,landmark,s1.5,8,1.26480805335359E-321;0E+000,1.50000000000000E+000;0E+000,6.32404026676796E-322;0E+000,-7.39588041657462E+002;3.41060513164848E-013,OK,8.13649856574683E+079;0E+000,OK,8.13649856574683E+079;0E+000
chisquare,density,c_tie_k8,transform_stress,s1.5,8,1.26974870981200E-321;0E+000,1.50000000000000E+000;0E+000,6.32404026676796E-322;0E+000,-7.39584143017046E+002;1.13686837721616E-013,OK,8.10483903825297E+079;1.31640364585696E+064,OK,8.12857210863731E+079;2.63280729171393E+064
chisquare,density,c_landmark_k4,landmark,s1.5,4,7.90505033345994E-323;0E+000,1.50000000000000E+000;0E+000,3.95252516672997E-323;0E+000,-7.42360630379701E+002;-3.41060513164848E-013,OK,1.62729971314928E+080;-3.15936875005672E+065,OK,1.62729971314932E+080;2.89608802088532E+065
chisquare,density,c_tie_k4,transform_stress,s1.5,4,8.39911597930119E-323;0E+000,1.50000000000000E+000;0E+000,3.95252516672997E-323;0E+000,-7.42300005757885E+002;0E+000,OK,1.53157620061118E+080;-1.84296510419975E+065,OK,1.60282206778517E+080;-3.94921093757089E+065
chisquare,density,c_landmark_k2,landmark,s1.5,2,1.97626258336499E-323;0E+000,1.50000000000000E+000;0E+000,9.88131291682493E-324;0E+000,-7.43746924740821E+002;-2.27373675443232E-013,OK,2.30134932438149E+080;1.05312291668557E+065,OK,2.30134932438162E+080;1.84296510419975E+065
chisquare,density,c_tie_k2,transform_stress,s1.5,2,2.47032822920623E-323;0E+000,1.50000000000000E+000;0E+000,9.88131291682493E-324;0E+000,-7.43523781189507E+002;-1.13686837721616E-013,OK,1.84107945950533E+080;-4.73905312508507E+065,OK,2.17648181291909E+080;-4.21249166674229E+065
chisquare,density,c_landmark_k1,landmark,s1.5,1,9.88131291682493E-324;0E+000,1.50000000000000E+000;0E+000,4.94065645841247E-324;0E+000,-7.44440071921381E+002;-2.27373675443232E-013,OK,2.73678099066129E+080;2.10624583337114E+065,OK,2.73678099066137E+080;0E+000
chisquare,density,c_tie_k1,transform_stress,s1.5,1,1.48219693752374E-323;0E+000,1.50000000000000E+000;0E+000,9.88131291682493E-324;0E+000,-7.44034606813273E+002;-1.13686837721616E-013,OK,3.06846576584218E+080;1.05312291668557E+065,OK,2.47296078660295E+080;2.10624583337114E+065
chisquare,density,c_underflow_minsub,underflow,s1.5,0,4.94065645841247E-324;0E+000,1.50000000000000E+000;0E+000,0E+000;0E+000,-7.45133219101941E+002;-1.13686837721616E-013,CVERR,,OK,3.25459942629865E+080;2.10624583337114E+065
chisquare,density,twin_c_landmark_k8,decimal_twin,s1.5,8,1.26480805335359E-321;0E+000,1.50000000000000E+000;0E+000,6.32404026676796E-322;0E+000,-7.39588041657462E+002;3.41060513164848E-013,OK,8.13649856574683E+079;0E+000,OK,8.13649856574683E+079;0E+000
chisquare,density,twin_c_landmark_k32,decimal_twin,s1.5,32,2.12199579096527E-314;0E+000,1.50000000000000E+000;0E+000,1.06099789548264E-314;0E+000,-7.22952509324023E+002;1.13686837721616E-013,OK,1.27132790089793E+078;-2.05688069665151E+063,OK,1.27132790089793E+078;-2.05688069665151E+063
chisquare,density,c_landmark_k52,landmark,s2.0,52,2.22507385850720E-308;1.48219693752374E-323,2.00000000000000E+000;0E+000,1.11253692925360E-308;4.94065645841247E-324,-7.09089565712824E+002;0E+000,OK,4.99999999999943E-001;2.22044604925031E-016,OK,4.99999999999998E-001;1.11022302462516E-016
chisquare,density,c_tie_k52,transform_stress,s2.0,52,2.22507385850720E-308;1.97626258336499E-323,2.00000000000000E+000;0E+000,1.11253692925360E-308;4.94065645841247E-324,-7.09089565712824E+002;0E+000,OK,4.99999999999943E-001;2.22044604925031E-016,OK,4.99999999999998E-001;1.11022302462516E-016
chisquare,density,c_landmark_k48,landmark,s2.0,48,1.39067116156700E-309;0E+000,2.00000000000000E+000;0E+000,6.95335580783500E-310;0E+000,-7.11862154435064E+002;2.27373675443232E-013,OK,4.99999999999943E-001;2.22044604925031E-016,OK,4.99999999999998E-001;1.11022302462516E-016
chisquare,density,c_tie_k48,transform_stress,s2.0,48,1.39067116156701E-309;-4.94065645841247E-324,2.00000000000000E+000;0E+000,6.95335580783500E-310;0E+000,-7.11862154435064E+002;2.27373675443232E-013,OK,4.99999999999943E-001;2.22044604925031E-016,OK,4.99999999999998E-001;1.11022302462516E-016
chisquare,density,c_landmark_k44,landmark,s2.0,44,8.69169475979376E-311;0E+000,2.00000000000000E+000;0E+000,4.34584737989688E-311;0E+000,-7.14634743157304E+002;4.54747350886464E-013,OK,4.99999999999943E-001;2.22044604925031E-016,OK,4.99999999999998E-001;1.11022302462516E-016
chisquare,density,c_tie_k44,transform_stress,s2.0,44,8.69169475979425E-311;0E+000,2.00000000000000E+000;0E+000,4.34584737989688E-311;0E+000,-7.14634743157304E+002;4.54747350886464E-013,OK,4.99999999999943E-001;2.22044604925031E-016,OK,4.99999999999998E-001;1.11022302462516E-016
chisquare,density,c_landmark_k40,landmark,s2.0,40,5.43230922487110E-312;0E+000,2.00000000000000E+000;0E+000,2.71615461243555E-312;0E+000,-7.17407331879543E+002;-3.41060513164848E-013,OK,4.99999999999943E-001;2.22044604925031E-016,OK,4.99999999999998E-001;1.11022302462516E-016
chisquare,density,c_tie_k40,transform_stress,s2.0,40,5.43230922487604E-312;0E+000,2.00000000000000E+000;0E+000,2.71615461243555E-312;0E+000,-7.17407331879542E+002;-4.54747350886464E-013,OK,4.99999999999488E-001;4.44089209850063E-016,OK,4.99999999999998E-001;1.11022302462516E-016
chisquare,density,c_landmark_k36,landmark,s2.0,36,3.39519326554444E-313;0E+000,2.00000000000000E+000;0E+000,1.69759663277222E-313;0E+000,-7.20179920601783E+002;-1.13686837721616E-013,OK,5.00000000000000E-001;1.11022302462516E-016,OK,4.99999999999998E-001;1.11022302462516E-016
chisquare,density,c_tie_k36,transform_stress,s2.0,36,3.39519326559384E-313;0E+000,2.00000000000000E+000;0E+000,1.69759663277222E-313;0E+000,-7.20179920601769E+002;4.54747350886464E-013,OK,4.99999999992724E-001;1.11022302462516E-016,OK,4.99999999999998E-001;1.11022302462516E-016
chisquare,density,c_landmark_k32,landmark,s2.0,32,2.12199579096527E-314;0E+000,2.00000000000000E+000;0E+000,1.06099789548264E-314;0E+000,-7.22952509324023E+002;1.13686837721616E-013,OK,5.00000000000000E-001;1.11022302462516E-016,OK,4.99999999999998E-001;1.11022302462516E-016
chisquare,density,c_tie_k32,transform_stress,s2.0,32,2.12199579145934E-314;0E+000,2.00000000000000E+000;0E+000,1.06099789548264E-314;0E+000,-7.22952509323790E+002;-1.13686837721616E-013,OK,4.99999999883585E-001;-2.77555756156289E-016,OK,4.99999999999998E-001;1.11022302462516E-016
chisquare,density,c_landmark_k28,landmark,s2.0,28,1.32624736935330E-315;0E+000,2.00000000000000E+000;0E+000,6.63123684676648E-316;0E+000,-7.25725098046263E+002;3.41060513164848E-013,OK,5.00000000000000E-001;1.11022302462516E-016,OK,4.99999999999998E-001;1.11022302462516E-016
chisquare,density,c_tie_k28,transform_stress,s2.0,28,1.32624737429395E-315;0E+000,2.00000000000000E+000;0E+000,6.63123684676648E-316;0E+000,-7.25725098042537E+002;-4.54747350886464E-013,OK,4.99999998137355E-001;-1.11022302462516E-016,OK,4.99999999999998E-001;1.11022302462516E-016
chisquare,density,c_landmark_k24,landmark,s2.0,24,8.28904605845809E-317;0E+000,2.00000000000000E+000;0E+000,4.14452302922905E-317;0E+000,-7.28497686768502E+002;-4.54747350886464E-013,OK,5.00000000000000E-001;1.11022302462516E-016,OK,4.99999999999998E-001;1.11022302462516E-016
chisquare,density,c_tie_k24,transform_stress,s2.0,24,8.28904655252374E-317;0E+000,2.00000000000000E+000;0E+000,4.14452302922905E-317;0E+000,-7.28497686708898E+002;1.13686837721616E-013,OK,4.99999970197679E-001;-4.44089209850063E-016,OK,4.99999999999998E-001;1.11022302462516E-016
chisquare,density,c_landmark_k20,landmark,s2.0,20,5.18065378653631E-318;0E+000,2.00000000000000E+000;0E+000,2.59032689326815E-318;0E+000,-7.31270275490742E+002;-2.27373675443232E-013,OK,5.00000000000000E-001;1.11022302462516E-016,OK,4.99999999999998E-001;1.11022302462516E-016
chisquare,density,c_tie_k20,transform_stress,s2.0,20,5.18065872719277E-318;0E+000,2.00000000000000E+000;0E+000,2.59032689326815E-318;0E+000,-7.31270274537068E+002;-4.54747350886464E-013,OK,4.99999523163297E-001;-3.88578058618805E-016,OK,4.99999999999998E-001;1.11022302462516E-016
chisquare,density,c_landmark_k16,landmark,s2.0,16,3.23790861658519E-319;0E+000,2.00000000000000E+000;0E+000,1.61895430829260E-319;0E+000,-7.34042864212982E+002;-1.13686837721616E-013,OK,5.00000000000000E-001;1.11022302462516E-016,OK,4.99999999999998E-001;1.11022302462516E-016
chisquare,density,c_tie_k16,transform_stress,s2.0,16,3.23795802314978E-319;0E+000,2.00000000000000E+000;0E+000,1.61895430829260E-319;0E+000,-7.34042848954309E+002;-4.54747350886464E-013,OK,4.99992370721883E-001;-5.55111512312578E-017,OK,4.99999999999998E-001;1.11022302462516E-016
chisquare,density,c_landmark_k12,landmark,s2.0,12,2.02369288536575E-320;0E+000,2.00000000000000E+000;0E+000,1.01184644268287E-320;0E+000,-7.36815452935222E+002;1.13686837721616E-013,OK,5.00000000000000E-001;1.11022302462516E-016,OK,4.99999999999998E-001;1.11022302462516E-016
chisquare,density,c_tie_k12,transform_stress,s2.0,12,2.02418695101159E-320;0E+000,2.00000000000000E+000;0E+000,1.01184644268287E-320;0E+000,-7.36815208824394E+002;-3.41060513164848E-013,OK,4.99877959482529E-001;-1.11022302462516E-016,OK,4.99999999999998E-001;1.11022302462516E-016
chisquare,density,c_landmark_k8,landmark,s2.0,8,1.26480805335359E-321;0E+000,2.00000000000000E+000;0E+000,6.32404026676796E-322;0E+000,-7.39588041657462E+002;3.41060513164848E-013,OK,5.00000000000000E-001;1.11022302462516E-016,OK,4.99999999999998E-001;1.11022302462516E-016
chisquare,density,c_tie_k8,transform_stress,s2.0,8,1.26974870981200E-321;0E+000,2.00000000000000E+000;0E+000,6.32404026676796E-322;0E+000,-7.39584143017046E+002;1.13686837721616E-013,OK,4.98054474708129E-001;4.44089209850063E-016,OK,4.99999999999998E-001;1.11022302462516E-016
chisquare,density,c_landmark_k4,landmark,s2.0,4,7.90505033345994E-323;0E+000,2.00000000000000E+000;0E+000,3.95252516672997E-323;0E+000,-7.42360630379701E+002;-3.41060513164848E-013,OK,4.99999999999943E-001;2.22044604925031E-016,OK,4.99999999999998E-001;1.11022302462516E-016
chisquare,density,c_tie_k4,transform_stress,s2.0,4,8.39911597930119E-323;0E+000,2.00000000000000E+000;0E+000,3.95252516672997E-323;0E+000,-7.42300005757885E+002;0E+000,OK,4.70588235294093E-001;1.66533453693773E-016,OK,4.99999999999998E-001;1.11022302462516E-016
chisquare,density,c_landmark_k2,landmark,s2.0,2,1.97626258336499E-323;0E+000,2.00000000000000E+000;0E+000,9.88131291682493E-324;0E+000,-7.43746924740821E+002;-2.27373675443232E-013,OK,4.99999999999943E-001;2.22044604925031E-016,OK,4.99999999999998E-001;1.11022302462516E-016
chisquare,density,c_tie_k2,transform_stress,s2.0,2,2.47032822920623E-323;0E+000,2.00000000000000E+000;0E+000,9.88131291682493E-324;0E+000,-7.43523781189507E+002;-1.13686837721616E-013,OK,3.99999999999983E-001;3.88578058618805E-016,OK,4.99999999999998E-001;1.11022302462516E-016
chisquare,density,c_landmark_k1,landmark,s2.0,1,9.88131291682493E-324;0E+000,2.00000000000000E+000;0E+000,4.94065645841247E-324;0E+000,-7.44440071921381E+002;-2.27373675443232E-013,OK,5.00000000000000E-001;1.11022302462516E-016,OK,4.99999999999998E-001;1.11022302462516E-016
chisquare,density,c_tie_k1,transform_stress,s2.0,1,1.48219693752374E-323;0E+000,2.00000000000000E+000;0E+000,9.88131291682493E-324;0E+000,-7.44034606813273E+002;-1.13686837721616E-013,OK,6.66666666666633E-001;-1.11022302462516E-016,OK,4.99999999999998E-001;1.11022302462516E-016
chisquare,density,c_underflow_minsub,underflow,s2.0,0,4.94065645841247E-324;0E+000,2.00000000000000E+000;0E+000,0E+000;0E+000,-7.45133219101941E+002;-1.13686837721616E-013,CVERR,,OK,4.99999999999998E-001;1.11022302462516E-016
chisquare,density,twin_c_landmark_k8,decimal_twin,s2.0,8,1.26480805335359E-321;0E+000,2.00000000000000E+000;0E+000,6.32404026676796E-322;0E+000,-7.39588041657462E+002;3.41060513164848E-013,OK,5.00000000000000E-001;1.11022302462516E-016,OK,4.99999999999998E-001;1.11022302462516E-016
chisquare,density,twin_c_landmark_k32,decimal_twin,s2.0,32,2.12199579096527E-314;0E+000,2.00000000000000E+000;0E+000,1.06099789548264E-314;0E+000,-7.22952509324023E+002;1.13686837721616E-013,OK,5.00000000000000E-001;1.11022302462516E-016,OK,4.99999999999998E-001;1.11022302462516E-016
chisquare,cumulative,c_landmark_k52,landmark,s0.002,52,2.22507385850720E-308;1.48219693752374E-323,2.00000000000000E-003;0E+000,1.11253692925360E-308;4.94065645841247E-324,-7.09089565712824E+002;0E+000,OK,4.92375731461253E-001;-5.55111512312578E-017,OK,4.92375731461286E-001;-4.44089209850063E-016
chisquare,cumulative,c_tie_k52,transform_stress,s0.002,52,2.22507385850720E-308;1.97626258336499E-323,2.00000000000000E-003;0E+000,1.11253692925360E-308;4.94065645841247E-324,-7.09089565712824E+002;0E+000,OK,4.92375731461253E-001;-5.55111512312578E-017,OK,4.92375731461286E-001;-4.44089209850063E-016
chisquare,cumulative,c_landmark_k48,landmark,s0.002,48,1.39067116156700E-309;0E+000,2.00000000000000E-003;0E+000,6.95335580783500E-310;0E+000,-7.11862154435064E+002;2.27373675443232E-013,OK,4.91012466820504E-001;0E+000,OK,4.91012466820528E-001;2.77555756156289E-016
chisquare,cumulative,c_tie_k48,transform_stress,s0.002,48,1.39067116156701E-309;-4.94065645841247E-324,2.00000000000000E-003;0E+000,6.95335580783500E-310;0E+000,-7.11862154435064E+002;2.27373675443232E-013,OK,4.91012466820504E-001;0E+000,OK,4.91012466820528E-001;2.77555756156289E-016
chisquare,cumulative,c_landmark_k44,landmark,s0.002,44,8.69169475979376E-311;0E+000,2.00000000000000E-003;0E+000,4.34584737989688E-311;0E+000,-7.14634743157304E+002;4.54747350886464E-013,OK,4.89652976716886E-001;-2.22044604925031E-016,OK,4.89652976716902E-001;-5.55111512312578E-017
chisquare,cumulative,c_tie_k44,transform_stress,s0.002,44,8.69169475979425E-311;0E+000,2.00000000000000E-003;0E+000,4.34584737989688E-311;0E+000,-7.14634743157304E+002;4.54747350886464E-013,OK,4.89652976716886E-001;-2.22044604925031E-016,OK,4.89652976716902E-001;-5.55111512312578E-017
chisquare,cumulative,c_landmark_k40,landmark,s0.002,40,5.43230922487110E-312;0E+000,2.00000000000000E-003;0E+000,2.71615461243555E-312;0E+000,-7.17407331879543E+002;-3.41060513164848E-013,OK,4.88297250699654E-001;-1.11022302462516E-016,OK,4.88297250699662E-001;-1.66533453693773E-016
chisquare,cumulative,c_tie_k40,transform_stress,s0.002,40,5.43230922487604E-312;0E+000,2.00000000000000E-003;0E+000,2.71615461243555E-312;0E+000,-7.17407331879542E+002;-4.54747350886464E-013,OK,4.88297250699654E-001;-1.11022302462516E-016,OK,4.88297250699662E-001;2.77555756156289E-016
chisquare,cumulative,c_landmark_k36,landmark,s0.002,36,3.39519326554444E-313;0E+000,2.00000000000000E-003;0E+000,1.69759663277222E-313;0E+000,-7.20179920601783E+002;-1.13686837721616E-013,OK,4.86945278346999E-001;1.11022302462516E-016,OK,4.86945278346999E-001;0E+000
chisquare,cumulative,c_tie_k36,transform_stress,s0.002,36,3.39519326559384E-313;0E+000,2.00000000000000E-003;0E+000,1.69759663277222E-313;0E+000,-7.20179920601769E+002;4.54747350886464E-013,OK,4.86945278346999E-001;1.11022302462516E-016,OK,4.86945278347006E-001;5.55111512312578E-017
chisquare,cumulative,c_landmark_k32,landmark,s0.002,32,2.12199579096527E-314;0E+000,2.00000000000000E-003;0E+000,1.06099789548264E-314;0E+000,-7.22952509324023E+002;1.13686837721616E-013,OK,4.85597049265968E-001;-2.22044604925031E-016,OK,4.85597049265960E-001;-3.88578058618805E-016
chisquare,cumulative,c_tie_k32,transform_stress,s0.002,32,2.12199579145934E-314;0E+000,2.00000000000000E-003;0E+000,1.06099789548264E-314;0E+000,-7.22952509323790E+002;-1.13686837721616E-013,OK,4.85597049265968E-001;-2.22044604925031E-016,OK,4.85597049266073E-001;-3.88578058618805E-016
chisquare,cumulative,c_landmark_k28,landmark,s0.002,28,1.32624736935330E-315;0E+000,2.00000000000000E-003;0E+000,6.63123684676648E-316;0E+000,-7.25725098046263E+002;3.41060513164848E-013,OK,4.84252553092382E-001;-3.88578058618805E-016,OK,4.84252553092365E-001;4.44089209850063E-016
chisquare,cumulative,c_tie_k28,transform_stress,s0.002,28,1.32624737429395E-315;0E+000,2.00000000000000E-003;0E+000,6.63123684676648E-316;0E+000,-7.25725098042537E+002;-4.54747350886464E-013,OK,4.84252553092382E-001;-3.88578058618805E-016,OK,4.84252553094169E-001;3.88578058618805E-016
chisquare,cumulative,c_landmark_k24,landmark,s0.002,24,8.28904605845809E-317;0E+000,2.00000000000000E-003;0E+000,4.14452302922905E-317;0E+000,-7.28497686768502E+002;-4.54747350886464E-013,OK,4.82911779490703E-001;2.77555756156289E-016,OK,4.82911779490734E-001;0E+000
chisquare,cumulative,c_tie_k24,transform_stress,s0.002,24,8.28904655252374E-317;0E+000,2.00000000000000E-003;0E+000,4.14452302922905E-317;0E+000,-7.28497686708898E+002;1.13686837721616E-013,OK,4.82911779490703E-001;2.77555756156289E-016,OK,4.82911779519518E-001;-2.22044604925031E-016
chisquare,cumulative,c_landmark_k20,landmark,s0.002,20,5.18065378653631E-318;0E+000,2.00000000000000E-003;0E+000,2.59032689326815E-318;0E+000,-7.31270275490742E+002;-2.27373675443232E-013,OK,4.81574718154177E-001;-3.33066907387547E-016,OK,4.81574718154199E-001;3.33066907387547E-016
chisquare,cumulative,c_tie_k20,transform_stress,s0.002,20,5.18065872719277E-318;0E+000,2.00000000000000E-003;0E+000,2.59032689326815E-318;0E+000,-7.31270274537068E+002;-4.54747350886464E-013,OK,4.81574718154177E-001;-3.33066907387547E-016,OK,4.81574718613465E-001;-4.44089209850063E-016
chisquare,cumulative,c_landmark_k16,landmark,s0.002,16,3.23790861658519E-319;0E+000,2.00000000000000E-003;0E+000,1.61895430829260E-319;0E+000,-7.34042864212982E+002;-1.13686837721616E-013,OK,4.80241358804418E-001;-2.22044604925031E-016,OK,4.80241358804432E-001;3.88578058618805E-016
chisquare,cumulative,c_tie_k16,transform_stress,s0.002,16,3.23795802314978E-319;0E+000,2.00000000000000E-003;0E+000,1.61895430829260E-319;0E+000,-7.34042848954309E+002;-4.54747350886464E-013,OK,4.80241358804418E-001;-2.22044604925031E-016,OK,4.80241366132278E-001;1.11022302462516E-016
chisquare,cumulative,c_landmark_k12,landmark,s0.002,12,2.02369288536575E-320;0E+000,2.00000000000000E-003;0E+000,1.01184644268287E-320;0E+000,-7.36815452935222E+002;1.13686837721616E-013,OK,4.78911691191556E-001;-3.88578058618805E-016,OK,4.78911691191562E-001;2.77555756156289E-016
chisquare,cumulative,c_tie_k12,transform_stress,s0.002,12,2.02418695101159E-320;0E+000,2.00000000000000E-003;0E+000,1.01184644268287E-320;0E+000,-7.36815208824394E+002;-3.41060513164848E-013,OK,4.78911691191556E-001;-3.88578058618805E-016,OK,4.78911808099106E-001;-1.66533453693773E-016
chisquare,cumulative,c_landmark_k8,landmark,s0.002,8,1.26480805335359E-321;0E+000,2.00000000000000E-003;0E+000,6.32404026676796E-322;0E+000,-7.39588041657462E+002;3.41060513164848E-013,OK,4.77585705094099E-001;-1.11022302462516E-016,OK,4.77585705094098E-001;-4.44089209850063E-016
chisquare,cumulative,c_tie_k8,transform_stress,s0.002,8,1.26974870981200E-321;0E+000,2.00000000000000E-003;0E+000,6.32404026676796E-322;0E+000,-7.39584143017046E+002;1.13686837721616E-013,OK,4.77585705094099E-001;-1.11022302462516E-016,OK,4.77587567032659E-001;-1.11022302462516E-016
chisquare,cumulative,c_landmark_k4,landmark,s0.002,4,7.90505033345994E-323;0E+000,2.00000000000000E-003;0E+000,3.95252516672997E-323;0E+000,-7.42360630379701E+002;-3.41060513164848E-013,OK,4.76263390318857E-001;-4.44089209850063E-016,OK,4.76263390318847E-001;3.33066907387547E-016
chisquare,cumulative,c_tie_k4,transform_stress,s0.002,4,8.39911597930119E-323;0E+000,2.00000000000000E-003;0E+000,3.95252516672997E-323;0E+000,-7.42300005757885E+002;0E+000,OK,4.76263390318857E-001;-4.44089209850063E-016,OK,4.76292264482004E-001;1.66533453693773E-016
chisquare,cumulative,c_landmark_k2,landmark,s0.002,2,1.97626258336499E-323;0E+000,2.00000000000000E-003;0E+000,9.88131291682493E-324;0E+000,-7.43746924740821E+002;-2.27373675443232E-013,OK,4.75603606499386E-001;-1.66533453693773E-016,OK,4.75603606499400E-001;-2.22044604925031E-016
chisquare,cumulative,c_tie_k2,transform_stress,s0.002,2,2.47032822920623E-323;0E+000,2.00000000000000E-003;0E+000,9.88131291682493E-324;0E+000,-7.43523781189507E+002;-1.13686837721616E-013,OK,4.75603606499386E-001;-1.66533453693773E-016,OK,4.75709746218928E-001;4.44089209850063E-016
chisquare,cumulative,c_landmark_k1,landmark,s0.002,1,9.88131291682493E-324;0E+000,2.00000000000000E-003;0E+000,4.94065645841247E-324;0E+000,-7.44440071921381E+002;-2.27373675443232E-013,OK,4.75274057426692E-001;-1.11022302462516E-016,OK,4.75274057426690E-001;2.22044604925031E-016
chisquare,cumulative,c_tie_k1,transform_stress,s0.002,1,1.48219693752374E-323;0E+000,2.00000000000000E-003;0E+000,9.88131291682493E-324;0E+000,-7.44034606813273E+002;-1.13686837721616E-013,OK,4.75603606499386E-001;-1.66533453693773E-016,OK,4.75466803547038E-001;3.33066907387547E-016
chisquare,cumulative,c_underflow_minsub,underflow,s0.002,0,4.94065645841247E-324;0E+000,2.00000000000000E-003;0E+000,0E+000;0E+000,-7.45133219101941E+002;-1.13686837721616E-013,OK,0E+000;0E+000,OK,4.74944736700843E-001;2.77555756156289E-016
chisquare,cumulative,twin_c_landmark_k8,decimal_twin,s0.002,8,1.26480805335359E-321;0E+000,2.00000000000000E-003;0E+000,6.32404026676796E-322;0E+000,-7.39588041657462E+002;3.41060513164848E-013,OK,4.77585705094099E-001;-1.11022302462516E-016,OK,4.77585705094098E-001;-4.44089209850063E-016
chisquare,cumulative,twin_c_landmark_k32,decimal_twin,s0.002,32,2.12199579096527E-314;0E+000,2.00000000000000E-003;0E+000,1.06099789548264E-314;0E+000,-7.22952509324023E+002;1.13686837721616E-013,OK,4.85597049265968E-001;-2.22044604925031E-016,OK,4.85597049265960E-001;-3.88578058618805E-016
chisquare,cumulative,c_landmark_k52,landmark,s0.02,52,2.22507385850720E-308;1.48219693752374E-323,2.00000000000000E-002;0E+000,1.11253692925360E-308;4.94065645841247E-324,-7.09089565712824E+002;0E+000,OK,8.37402809646756E-004;2.16840434497101E-019,OK,8.37402809646732E-004;0E+000
chisquare,cumulative,c_tie_k52,transform_stress,s0.02,52,2.22507385850720E-308;1.97626258336499E-323,2.00000000000000E-002;0E+000,1.11253692925360E-308;4.94065645841247E-324,-7.09089565712824E+002;0E+000,OK,8.37402809646756E-004;2.16840434497101E-019,OK,8.37402809646732E-004;0E+000
chisquare,cumulative,c_landmark_k48,landmark,s0.02,48,1.39067116156700E-309;0E+000,2.00000000000000E-002;0E+000,6.95335580783500E-310;0E+000,-7.11862154435064E+002;2.27373675443232E-013,OK,8.14503985779816E-004;-3.25260651745651E-019,OK,8.14503985779842E-004;1.08420217248550E-019
chisquare,cumulative,c_tie_k48,transform_stress,s0.02,48,1.39067116156701E-309;-4.94065645841247E-324,2.00000000000000E-002;0E+000,6.95335580783500E-310;0E+000,-7.11862154435064E+002;2.27373675443232E-013,OK,8.14503985779816E-004;-3.25260651745651E-019,OK,8.14503985779842E-004;1.08420217248550E-019
chisquare,cumulative,c_landmark_k44,landmark,s0.02,44,8.69169475979376E-311;0E+000,2.00000000000000E-002;0E+000,4.34584737989688E-311;0E+000,-7.14634743157304E+002;4.54747350886464E-013,OK,7.92231331455805E-004;1.08420217248550E-019,OK,7.92231331455790E-004;-1.08420217248550E-019
chisquare,cumulative,c_tie_k44,transform_stress,s0.02,44,8.69169475979425E-311;0E+000,2.00000000000000E-002;0E+000,4.34584737989688E-311;0E+000,-7.14634743157304E+002;4.54747350886464E-013,OK,7.92231331455805E-004;1.08420217248550E-019,OK,7.92231331455790E-004;-1.08420217248550E-019
chisquare,cumulative,c_landmark_k40,landmark,s0.02,40,5.43230922487110E-312;0E+000,2.00000000000000E-002;0E+000,2.71615461243555E-312;0E+000,-7.17407331879543E+002;-3.41060513164848E-013,OK,7.70567724035464E-004;-3.25260651745651E-019,OK,7.70567724035496E-004;1.08420217248550E-019
chisquare,cumulative,c_tie_k40,transform_stress,s0.02,40,5.43230922487604E-312;0E+000,2.00000000000000E-002;0E+000,2.71615461243555E-312;0E+000,-7.17407331879542E+002;-4.54747350886464E-013,OK,7.70567724035464E-004;-3.25260651745651E-019,OK,7.70567724035503E-004;0E+000
chisquare,cumulative,c_landmark_k36,landmark,s0.02,36,3.39519326554444E-313;0E+000,2.00000000000000E-002;0E+000,1.69759663277222E-313;0E+000,-7.20179920601783E+002;-1.13686837721616E-013,OK,7.49496509099358E-004;-5.42101086242752E-019,OK,7.49496509099350E-004;-1.08420217248550E-019
chisquare,cumulative,c_tie_k36,transform_stress,s0.02,36,3.39519326559384E-313;0E+000,2.00000000000000E-002;0E+000,1.69759663277222E-313;0E+000,-7.20179920601769E+002;4.54747350886464E-013,OK,7.49496509099358E-004;-5.42101086242752E-019,OK,7.49496509099459E-004;1.08420217248550E-019
chisquare,cumulative,c_landmark_k32,landmark,s0.02,32,2.12199579096527E-314;0E+000,2.00000000000000E-002;0E+000,1.06099789548264E-314;0E+000,-7.22952509324023E+002;1.13686837721616E-013,OK,7.29001487643682E-004;4.33680868994202E-019,OK,7.29001487643720E-004;-3.25260651745651E-019
chisquare,cumulative,c_tie_k32,transform_stress,s0.02,32,2.12199579145934E-314;0E+000,2.00000000000000E-002;0E+000,1.06099789548264E-314;0E+000,-7.22952509323790E+002;-1.13686837721616E-013,OK,7.29001487643682E-004;4.33680868994202E-019,OK,7.29001487645417E-004;-3.25260651745651E-019
chisquare,cumulative,c_landmark_k28,landmark,s0.02,28,1.32624736935330E-315;0E+000,2.00000000000000E-002;0E+000,6.63123684676648E-316;0E+000,-7.25725098046263E+002;3.41060513164848E-013,OK,7.09066903627581E-004;-2.16840434497101E-019,OK,7.09066903627580E-004;-2.16840434497101E-019
chisquare,cumulative,c_tie_k28,transform_stress,s0.02,28,1.32624737429395E-315;0E+000,2.00000000000000E-002;0E+000,6.63123684676648E-316;0E+000,-7.25725098042537E+002;-4.54747350886464E-013,OK,7.09066903627581E-004;-2.16840434497101E-019,OK,7.09066903653995E-004;-3.25260651745651E-019
chisquare,cumulative,c_landmark_k24,landmark,s0.02,24,8.28904605845809E-317;0E+000,2.00000000000000E-002;0E+000,4.14452302922905E-317;0E+000,-7.28497686768502E+002;-4.54747350886464E-013,OK,6.89677431859634E-004;3.25260651745651E-019,OK,6.89677431859676E-004;-3.25260651745651E-019
chisquare,cumulative,c_tie_k24,transform_stress,s0.02,24,8.28904655252374E-317;0E+000,2.00000000000000E-002;0E+000,4.14452302922905E-317;0E+000,-7.28497686708898E+002;1.13686837721616E-013,OK,6.89677431859634E-004;3.25260651745651E-019,OK,6.89677432270756E-004;-2.16840434497101E-019
chisquare,cumulative,c_landmark_k20,landmark,s0.02,20,5.18065378653631E-318;0E+000,2.00000000000000E-002;0E+000,2.59032689326815E-318;0E+000,-7.31270275490742E+002;-2.27373675443232E-013,OK,6.70818166216908E-004;-1.08420217248550E-019,OK,6.70818166216913E-004;-1.08420217248550E-019
chisquare,cumulative,c_tie_k20,transform_stress,s0.02,20,5.18065872719277E-318;0E+000,2.00000000000000E-002;0E+000,2.59032689326815E-318;0E+000,-7.31270274537068E+002;-4.54747350886464E-013,OK,6.70818166216908E-004;-1.08420217248550E-019,OK,6.70818172614330E-004;4.33680868994202E-019
chisquare,cumulative,c_landmark_k16,landmark,s0.02,16,3.23790861658519E-319;0E+000,2.00000000000000E-002;0E+000,1.61895430829260E-319;0E+000,-7.34042864212982E+002;-1.13686837721616E-013,OK,6.52474608184946E-004;3.25260651745651E-019,OK,6.52474608184917E-004;0E+000
chisquare,cumulative,c_tie_k16,transform_stress,s0.02,16,3.23795802314978E-319;0E+000,2.00000000000000E-002;0E+000,1.61895430829260E-319;0E+000,-7.34042848954309E+002;-4.54747350886464E-013,OK,6.52474608184946E-004;3.25260651745651E-019,OK,6.52474707743890E-004;-2.16840434497101E-019
chisquare,cumulative,c_landmark_k12,landmark,s0.02,12,2.02369288536575E-320;0E+000,2.00000000000000E-002;0E+000,1.01184644268287E-320;0E+000,-7.36815452935222E+002;1.13686837721616E-013,OK,6.34632655711942E-004;-4.33680868994202E-019,OK,6.34632655711953E-004;-4.33680868994202E-019
chisquare,cumulative,c_tie_k12,transform_stress,s0.02,12,2.02418695101159E-320;0E+000,2.00000000000000E-002;0E+000,1.01184644268287E-320;0E+000,-7.36815208824394E+002;-3.41060513164848E-013,OK,6.34632655711942E-004;-4.33680868994202E-019,OK,6.34634204920871E-004;2.16840434497101E-019
chisquare,cumulative,c_landmark_k8,landmark,s0.02,8,1.26480805335359E-321;0E+000,2.00000000000000E-002;0E+000,6.32404026676796E-322;0E+000,-7.39588041657462E+002;3.41060513164848E-013,OK,6.17278592367650E-004;-2.16840434497101E-019,OK,6.17278592367628E-004;2.16840434497101E-019
chisquare,cumulative,c_tie_k8,transform_stress,s0.02,8,1.26974870981200E-321;0E+000,2.00000000000000E-002;0E+000,6.32404026676796E-322;0E+000,-7.39584143017046E+002;1.13686837721616E-013,OK,6.17278592367650E-004;-2.16840434497101E-019,OK,6.17302658309427E-004;2.16840434497101E-019
chisquare,cumulative,c_landmark_k4,landmark,s0.02,4,7.90505033345994E-323;0E+000,2.00000000000000E-002;0E+000,3.95252516672997E-323;0E+000,-7.42360630379701E+002;-3.41060513164848E-013,OK,6.00399076798049E-004;2.16840434497101E-019,OK,6.00399076798065E-004;4.33680868994202E-019
chisquare,cumulative,c_tie_k4,transform_stress,s0.02,4,8.39911597930119E-323;0E+000,2.00000000000000E-002;0E+000,3.95252516672997E-323;0E+000,-7.42300005757885E+002;0E+000,OK,6.00399076798049E-004;2.16840434497101E-019,OK,6.00763176823743E-004;4.33680868994202E-019
chisquare,cumulative,c_landmark_k2,landmark,s0.02,2,1.97626258336499E-323;0E+000,2.00000000000000E-002;0E+000,9.88131291682493E-324;0E+000,-7.43746924740821E+002;-2.27373675443232E-013,OK,5.92133205285838E-004;-1.08420217248550E-019,OK,5.92133205285872E-004;4.33680868994202E-019
chisquare,cumulative,c_tie_k2,transform_stress,s0.02,2,2.47032822920623E-323;0E+000,2.00000000000000E-002;0E+000,9.88131291682493E-324;0E+000,-7.43523781189507E+002;-1.13686837721616E-013,OK,5.92133205285838E-004;-1.08420217248550E-019,OK,5.93455987651553E-004;-1.08420217248550E-019
chisquare,cumulative,c_landmark_k1,landmark,s0.02,1,9.88131291682493E-324;0E+000,2.00000000000000E-002;0E+000,4.94065645841247E-324;0E+000,-7.44440071921381E+002;-2.27373675443232E-013,OK,5.88043042468501E-004;2.16840434497101E-019,OK,5.88043042468477E-004;0E+000
chisquare,cumulative,c_tie_k1,transform_stress,s0.02,1,1.48219693752374E-323;0E+000,2.00000000000000E-002;0E+000,9.88131291682493E-324;0E+000,-7.44034606813273E+002;-1.13686837721616E-013,OK,5.92133205285838E-004;-1.08420217248550E-019,OK,5.90432192137315E-004;0E+000
chisquare,cumulative,c_underflow_minsub,underflow,s0.02,0,4.94065645841247E-324;0E+000,2.00000000000000E-002;0E+000,0E+000;0E+000,-7.45133219101941E+002;-1.13686837721616E-013,OK,0E+000;0E+000,OK,5.83981132469407E-004;0E+000
chisquare,cumulative,twin_c_landmark_k8,decimal_twin,s0.02,8,1.26480805335359E-321;0E+000,2.00000000000000E-002;0E+000,6.32404026676796E-322;0E+000,-7.39588041657462E+002;3.41060513164848E-013,OK,6.17278592367650E-004;-2.16840434497101E-019,OK,6.17278592367628E-004;2.16840434497101E-019
chisquare,cumulative,twin_c_landmark_k32,decimal_twin,s0.02,32,2.12199579096527E-314;0E+000,2.00000000000000E-002;0E+000,1.06099789548264E-314;0E+000,-7.22952509324023E+002;1.13686837721616E-013,OK,7.29001487643682E-004;4.33680868994202E-019,OK,7.29001487643720E-004;-3.25260651745651E-019
chisquare,cumulative,c_landmark_k52,landmark,s0.2,52,2.22507385850720E-308;1.48219693752374E-323,2.00000000000000E-001;0E+000,1.11253692925360E-308;4.94065645841247E-324,-7.09089565712824E+002;0E+000,OK,1.68380102521805E-031;4.81696347111656E-046,OK,1.68380102521801E-031;4.81696347111656E-046
chisquare,cumulative,c_tie_k52,transform_stress,s0.2,52,2.22507385850720E-308;1.97626258336499E-323,2.00000000000000E-001;0E+000,1.11253692925360E-308;4.94065645841247E-324,-7.09089565712824E+002;0E+000,OK,1.68380102521805E-031;4.81696347111656E-046,OK,1.68380102521801E-031;4.81696347111656E-046
chisquare,cumulative,c_landmark_k48,landmark,s0.2,48,1.39067116156700E-309;0E+000,2.00000000000000E-001;0E+000,6.95335580783500E-310;0E+000,-7.11862154435064E+002;2.27373675443232E-013,OK,1.27608255431504E-031;2.18952885050753E-047,OK,1.27608255431508E-031;2.40848173555828E-046
chisquare,cumulative,c_tie_k48,transform_stress,s0.2,48,1.39067116156701E-309;-4.94065645841247E-324,2.00000000000000E-001;0E+000,6.95335580783500E-310;0E+000,-7.11862154435064E+002;2.27373675443232E-013,OK,1.27608255431504E-031;2.18952885050753E-047,OK,1.27608255431508E-031;2.40848173555828E-046
chisquare,cumulative,c_landmark_k44,landmark,s0.2,44,8.69169475979376E-311;0E+000,2.00000000000000E-001;0E+000,4.34584737989688E-311;0E+000,-7.14634743157304E+002;4.54747350886464E-013,OK,9.67089733905061E-032;-1.09476442525376E-047,OK,9.67089733905134E-032;2.18952885050753E-047
chisquare,cumulative,c_tie_k44,transform_stress,s0.2,44,8.69169475979425E-311;0E+000,2.00000000000000E-001;0E+000,4.34584737989688E-311;0E+000,-7.14634743157304E+002;4.54747350886464E-013,OK,9.67089733905061E-032;-1.09476442525376E-047,OK,9.67089733905134E-032;2.18952885050753E-047
chisquare,cumulative,c_landmark_k40,landmark,s0.2,40,5.43230922487110E-312;0E+000,2.00000000000000E-001;0E+000,2.71615461243555E-312;0E+000,-7.17407331879543E+002;-3.41060513164848E-013,OK,7.32916965491066E-032;3.28429327576129E-047,OK,7.32916965491070E-032;-4.37905770101505E-047
chisquare,cumulative,c_tie_k40,transform_stress,s0.2,40,5.43230922487604E-312;0E+000,2.00000000000000E-001;0E+000,2.71615461243555E-312;0E+000,-7.17407331879542E+002;-4.54747350886464E-013,OK,7.32916965491066E-032;3.28429327576129E-047,OK,7.32916965491132E-032;1.09476442525376E-047
chisquare,cumulative,c_landmark_k36,landmark,s0.2,36,3.39519326554444E-313;0E+000,2.00000000000000E-001;0E+000,1.69759663277222E-313;0E+000,-7.20179920601783E+002;-1.13686837721616E-013,OK,5.55447193235644E-032;-3.28429327576129E-047,OK,5.55447193235670E-032;0E+000
chisquare,cumulative,c_tie_k36,transform_stress,s0.2,36,3.39519326559384E-313;0E+000,2.00000000000000E-001;0E+000,1.69759663277222E-313;0E+000,-7.20179920601769E+002;4.54747350886464E-013,OK,5.55447193235644E-032;-3.28429327576129E-047,OK,5.55447193236483E-032;0E+000
chisquare,cumulative,c_landmark_k32,landmark,s0.2,32,2.12199579096527E-314;0E+000,2.00000000000000E-001;0E+000,1.06099789548264E-314;0E+000,-7.22952509324023E+002;1.13686837721616E-013,OK,4.20950256304512E-032;1.09476442525376E-047,OK,4.20950256304502E-032;1.64214663788065E-047
chisquare,cumulative,c_tie_k32,transform_stress,s0.2,32,2.12199579145934E-314;0E+000,2.00000000000000E-001;0E+000,1.06099789548264E-314;0E+000,-7.22952509323790E+002;-1.13686837721616E-013,OK,4.20950256304512E-032;1.09476442525376E-047,OK,4.20950256314307E-032;-2.73691106313441E-047
chisquare,cumulative,c_landmark_k28,landmark,s0.2,28,1.32624736935330E-315;0E+000,2.00000000000000E-001;0E+000,6.63123684676648E-316;0E+000,-7.25725098046263E+002;3.41060513164848E-013,OK,3.19020638578759E-032;-1.09476442525376E-047,OK,3.19020638578769E-032;3.83167548838817E-047
chisquare,cumulative,c_tie_k28,transform_stress,s0.2,28,1.32624737429395E-315;0E+000,2.00000000000000E-001;0E+000,6.63123684676648E-316;0E+000,-7.25725098042537E+002;-4.54747350886464E-013,OK,3.19020638578759E-032;-1.09476442525376E-047,OK,3.19020638697612E-032;5.47382212626882E-048
chisquare,cumulative,c_landmark_k24,landmark,s0.2,24,8.28904605845809E-317;0E+000,2.00000000000000E-001;0E+000,4.14452302922905E-317;0E+000,-7.28497686768502E+002;-4.54747350886464E-013,OK,2.41772433476292E-032;-1.91583774419409E-047,OK,2.41772433476283E-032;-3.55798438207473E-047
chisquare,cumulative,c_tie_k24,transform_stress,s0.2,24,8.28904655252374E-317;0E+000,2.00000000000000E-001;0E+000,4.14452302922905E-317;0E+000,-7.28497686708898E+002;1.13686837721616E-013,OK,2.41772433476292E-032;-1.91583774419409E-047,OK,2.41772434917357E-032;2.73691106313441E-047
chisquare,cumulative,c_landmark_k20,landmark,s0.2,20,5.18065378653631E-318;0E+000,2.00000000000000E-001;0E+000,2.59032689326815E-318;0E+000,-7.31270275490742E+002;-2.27373675443232E-013,OK,1.83229241372766E-032;-1.09476442525376E-047,OK,1.83229241372767E-032;-3.01060216944785E-047
chisquare,cumulative,c_tie_k20,transform_stress,s0.2,20,5.18065872719277E-318;0E+000,2.00000000000000E-001;0E+000,2.59032689326815E-318;0E+000,-7.31270274537068E+002;-4.54747350886464E-013,OK,1.83229241372766E-032;-1.09476442525376E-047,OK,1.83229258846861E-032;-1.64214663788065E-047
chisquare,cumulative,c_landmark_k16,landmark,s0.2,16,3.23790861658519E-319;0E+000,2.00000000000000E-001;0E+000,1.61895430829260E-319;0E+000,-7.34042864212982E+002;-1.13686837721616E-013,OK,1.38861798308910E-032;4.10536659470161E-047,OK,1.38861798308917E-032;-2.73691106313441E-048
chisquare,cumulative,c_tie_k16,transform_stress,s0.2,16,3.23795802314978E-319;0E+000,2.00000000000000E-001;0E+000,1.61895430829260E-319;0E+000,-7.34042848954309E+002;-4.54747350886464E-013,OK,1.38861798308910E-032;4.10536659470161E-047,OK,1.38862010193751E-032;-3.83167548838817E-047
chisquare,cumulative,c_landmark_k12,landmark,s0.2,12,2.02369288536575E-320;0E+000,2.00000000000000E-001;0E+000,1.01184644268287E-320;0E+000,-7.36815452935222E+002;1.13686837721616E-013,OK,1.05237564076128E-032;-3.42113882891801E-047,OK,1.05237564076125E-032;1.36845553156720E-047
chisquare,cumulative,c_tie_k12,transform_stress,s0.2,12,2.02418695101159E-320;0E+000,2.00000000000000E-001;0E+000,1.01184644268287E-320;0E+000,-7.36815208824394E+002;-3.41060513164848E-013,OK,1.05237564076128E-032;-3.42113882891801E-047,OK,1.05240133070367E-032;3.42113882891801E-047
chisquare,cumulative,c_landmark_k8,landmark,s0.2,8,1.26480805335359E-321;0E+000,2.00000000000000E-001;0E+000,6.32404026676796E-322;0E+000,-7.39588041657462E+002;3.41060513164848E-013,OK,7.97551596446894E-033;0E+000,OK,7.97551596446921E-033;-4.10536659470161E-048
chisquare,cumulative,c_tie_k8,transform_stress,s0.2,8,1.26974870981200E-321;0E+000,2.00000000000000E-001;0E+000,6.32404026676796E-322;0E+000,-7.39584143017046E+002;1.13686837721616E-013,OK,7.97551596446894E-033;0E+000,OK,7.97862593755063E-033;0E+000
chisquare,cumulative,c_landmark_k4,landmark,s0.2,4,7.90505033345994E-323;0E+000,2.00000000000000E-001;0E+000,3.95252516672997E-323;0E+000,-7.42360630379701E+002;-3.41060513164848E-013,OK,6.04431083690727E-033;3.42113882891801E-048,OK,6.04431083690713E-033;-6.84227765783602E-049
chisquare,cumulative,c_tie_k4,transform_stress,s0.2,4,8.39911597930119E-323;0E+000,2.00000000000000E-001;0E+000,3.95252516672997E-323;0E+000,-7.42300005757885E+002;0E+000,OK,6.04431083690727E-033;3.42113882891801E-048,OK,6.08106554220356E-033;-2.73691106313441E-048
chisquare,cumulative,c_landmark_k2,landmark,s0.2,2,1.97626258336499E-323;0E+000,2.00000000000000E-001;0E+000,9.88131291682493E-324;0E+000,-7.43746924740821E+002;-2.27373675443232E-013,OK,5.26187820380607E-033;2.73691106313441E-048,OK,5.26187820380632E-033;2.05268329735081E-048
chisquare,cumulative,c_tie_k2,transform_stress,s0.2,2,2.47032822920623E-323;0E+000,2.00000000000000E-001;0E+000,9.88131291682493E-324;0E+000,-7.43523781189507E+002;-1.13686837721616E-013,OK,5.26187820380607E-033;2.73691106313441E-048,OK,5.38061344610246E-033;-1.36845553156720E-048
chisquare,cumulative,c_landmark_k1,landmark,s0.2,1,9.88131291682493E-324;0E+000,2.00000000000000E-001;0E+000,4.94065645841247E-324;0E+000,-7.44440071921381E+002;-2.27373675443232E-013,OK,4.90950596159987E-033;-4.78959436048521E-048,OK,4.90950596159975E-033;-1.36845553156720E-048
chisquare,cumulative,c_tie_k1,transform_stress,s0.2,1,1.48219693752374E-323;0E+000,2.00000000000000E-001;0E+000,9.88131291682493E-324;0E+000,-7.44034606813273E+002;-1.13686837721616E-013,OK,5.26187820380607E-033;2.73691106313441E-048,OK,5.11266006141994E-033;3.42113882891801E-048
chisquare,cumulative,c_underflow_minsub,underflow,s0.2,0,4.94065645841247E-324;0E+000,2.00000000000000E-001;0E+000,0E+000;0E+000,-7.45133219101941E+002;-1.13686837721616E-013,OK,0E+000;0E+000,OK,4.58073103431922E-033;-3.42113882891801E-048
chisquare,cumulative,twin_c_landmark_k8,decimal_twin,s0.2,8,1.26480805335359E-321;0E+000,2.00000000000000E-001;0E+000,6.32404026676796E-322;0E+000,-7.39588041657462E+002;3.41060513164848E-013,OK,7.97551596446894E-033;0E+000,OK,7.97551596446921E-033;-4.10536659470161E-048
chisquare,cumulative,twin_c_landmark_k32,decimal_twin,s0.2,32,2.12199579096527E-314;0E+000,2.00000000000000E-001;0E+000,1.06099789548264E-314;0E+000,-7.22952509324023E+002;1.13686837721616E-013,OK,4.20950256304512E-032;1.09476442525376E-047,OK,4.20950256304502E-032;1.64214663788065E-047
chisquare,cumulative,c_landmark_k52,landmark,s0.5,52,2.22507385850720E-308;1.48219693752374E-323,5.00000000000000E-001;0E+000,1.11253692925360E-308;4.94065645841247E-324,-7.09089565712824E+002;0E+000,OK,1.13307204603459E-077;0E+000,OK,1.13307204603466E-077;-1.34233024441735E-092
chisquare,cumulative,c_tie_k52,transform_stress,s0.5,52,2.22507385850720E-308;1.97626258336499E-323,5.00000000000000E-001;0E+000,1.11253692925360E-308;4.94065645841247E-324,-7.09089565712824E+002;0E+000,OK,1.13307204603459E-077;0E+000,OK,1.13307204603466E-077;-1.34233024441735E-092
chisquare,cumulative,c_landmark_k48,landmark,s0.5,48,1.39067116156700E-309;0E+000,5.00000000000000E-001;0E+000,6.95335580783500E-310;0E+000,-7.11862154435064E+002;2.27373675443232E-013,OK,5.66536023017326E-078;1.91761463488192E-093,OK,5.66536023017328E-078;2.87642195232289E-093
chisquare,cumulative,c_tie_k48,transform_stress,s0.5,48,1.39067116156701E-309;-4.94065645841247E-324,5.00000000000000E-001;0E+000,6.95335580783500E-310;0E+000,-7.11862154435064E+002;2.27373675443232E-013,OK,5.66536023017326E-078;1.91761463488192E-093,OK,5.66536023017328E-078;2.87642195232289E-093
chisquare,cumulative,c_landmark_k44,landmark,s0.5,44,8.69169475979376E-311;0E+000,5.00000000000000E-001;0E+000,4.34584737989688E-311;0E+000,-7.14634743157304E+002;4.54747350886464E-013,OK,2.83268011508646E-078;4.31463292848433E-093,OK,2.83268011508664E-078;-3.83522926976385E-093
chisquare,cumulative,c_tie_k44,transform_stress,s0.5,44,8.69169475979425E-311;0E+000,5.00000000000000E-001;0E+000,4.34584737989688E-311;0E+000,-7.14634743157304E+002;4.54747350886464E-013,OK,2.83268011508646E-078;4.31463292848433E-093,OK,2.83268011508664E-078;-3.83522926976385E-093
chisquare,cumulative,c_landmark_k40,landmark,s0.5,40,5.43230922487110E-312;0E+000,5.00000000000000E-001;0E+000,2.71615461243555E-312;0E+000,-7.17407331879543E+002;-3.41060513164848E-013,OK,1.41634005754331E-078;0E+000,OK,1.41634005754332E-078;-4.55433475784457E-093
chisquare,cumulative,c_tie_k40,transform_stress,s0.5,40,5.43230922487604E-312;0E+000,5.00000000000000E-001;0E+000,2.71615461243555E-312;0E+000,-7.17407331879542E+002;-4.54747350886464E-013,OK,1.41634005754331E-078;0E+000,OK,1.41634005754364E-078;-2.39701829360241E-093
chisquare,cumulative,c_landmark_k36,landmark,s0.5,36,3.39519326554444E-313;0E+000,5.00000000000000E-001;0E+000,1.69759663277222E-313;0E+000,-7.20179920601783E+002;-1.13686837721616E-013,OK,7.08170028771613E-079;4.79403658720481E-094,OK,7.08170028771656E-079;3.59552744040361E-094
chisquare,cumulative,c_tie_k36,transform_stress,s0.5,36,3.39519326559384E-313;0E+000,5.00000000000000E-001;0E+000,1.69759663277222E-313;0E+000,-7.20179920601769E+002;4.54747350886464E-013,OK,7.08170028771613E-079;4.79403658720481E-094,OK,7.08170028774233E-079;-3.59552744040361E-094
chisquare,cumulative,c_landmark_k32,landmark,s0.5,32,2.12199579096527E-314;0E+000,5.00000000000000E-001;0E+000,1.06099789548264E-314;0E+000,-7.22952509324023E+002;1.13686837721616E-013,OK,3.54085014385826E-079;1.79776372020180E-094,OK,3.54085014385828E-079;-4.79403658720481E-094
chisquare,cumulative,c_tie_k32,transform_stress,s0.5,32,2.12199579145934E-314;0E+000,5.00000000000000E-001;0E+000,1.06099789548264E-314;0E+000,-7.22952509323790E+002;-1.13686837721616E-013,OK,3.54085014385826E-079;1.79776372020180E-094,OK,3.54085014406438E-079;0E+000
chisquare,cumulative,c_landmark_k28,landmark,s0.5,28,1.32624736935330E-315;0E+000,5.00000000000000E-001;0E+000,6.63123684676648E-316;0E+000,-7.25725098046263E+002;3.41060513164848E-013,OK,1.77042507192903E-079;-2.99627286700301E-094,OK,1.77042507192913E-079;4.19478201380421E-094
chisquare,cumulative,c_tie_k28,transform_stress,s0.5,28,1.32624737429395E-315;0E+000,5.00000000000000E-001;0E+000,6.63123684676648E-316;0E+000,-7.25725098042537E+002;-4.54747350886464E-013,OK,1.77042507192903E-079;-2.99627286700301E-094,OK,1.77042507357797E-079;1.19850914680120E-094
chisquare,cumulative,c_landmark_k24,landmark,s0.5,24,8.28904605845809E-317;0E+000,5.00000000000000E-001;0E+000,4.14452302922905E-317;0E+000,-7.28497686768502E+002;-4.54747350886464E-013,OK,8.85212535964562E-080;1.49813643350150E-095,OK,8.85212535964566E-080;-4.49440930050451E-095
chisquare,cumulative,c_tie_k24,transform_stress,s0.5,24,8.28904655252374E-317;0E+000,5.00000000000000E-001;0E+000,4.14452302922905E-317;0E+000,-7.28497686708898E+002;1.13686837721616E-013,OK,8.85212535964562E-080;1.49813643350150E-095,OK,8.85212549155260E-080;2.99627286700301E-095
chisquare,cumulative,c_landmark_k20,landmark,s0.5,20,5.18065378653631E-318;0E+000,5.00000000000000E-001;0E+000,2.59032689326815E-318;0E+000,-7.31270275490742E+002;-2.27373675443232E-013,OK,4.42606267982255E-080;1.49813643350150E-095,OK,4.42606267982282E-080;-7.49068216750752E-096
chisquare,cumulative,c_tie_k20,transform_stress,s0.5,20,5.18065872719277E-318;0E+000,5.00000000000000E-001;0E+000,2.59032689326815E-318;0E+000,-7.31270274537068E+002;-4.54747350886464E-013,OK,4.42606267982255E-080;1.49813643350150E-095,OK,4.42606373507802E-080;-2.99627286700301E-095
chisquare,cumulative,c_landmark_k16,landmark,s0.5,16,3.23790861658519E-319;0E+000,5.00000000000000E-001;0E+000,1.61895430829260E-319;0E+000,-7.34042864212982E+002;-1.13686837721616E-013,OK,2.21303133991140E-080;-2.62173875862763E-095,OK,2.21303133991141E-080;-4.49440930050451E-095
chisquare,cumulative,c_tie_k16,transform_stress,s0.5,16,3.23795802314978E-319;0E+000,5.00000000000000E-001;0E+000,1.61895430829260E-319;0E+000,-7.34042848954309E+002;-4.54747350886464E-013,OK,2.21303133991140E-080;-2.62173875862763E-095,OK,2.21303978190770E-080;3.74534108375376E-096
chisquare,cumulative,c_landmark_k12,landmark,s0.5,12,2.02369288536575E-320;0E+000,5.00000000000000E-001;0E+000,1.01184644268287E-320;0E+000,-7.36815452935222E+002;1.13686837721616E-013,OK,1.10651566995563E-080;3.74534108375376E-095,OK,1.10651566995570E-080;7.49068216750752E-096
chisquare,cumulative,c_tie_k12,transform_stress,s0.5,12,2.02418695101159E-320;0E+000,5.00000000000000E-001;0E+000,1.01184644268287E-320;0E+000,-7.36815208824394E+002;-3.41060513164848E-013,OK,1.10651566995563E-080;3.74534108375376E-095,OK,1.10658320013026E-080;2.62173875862763E-095
chisquare,cumulative,c_landmark_k8,landmark,s0.5,8,1.26480805335359E-321;0E+000,5.00000000000000E-001;0E+000,6.32404026676796E-322;0E+000,-7.39588041657462E+002;3.41060513164848E-013,OK,5.53257834977847E-081;2.80900581281532E-096,OK,5.53257834977849E-081;3.74534108375376E-096
chisquare,cumulative,c_tie_k8,transform_stress,s0.5,8,1.26974870981200E-321;0E+000,5.00000000000000E-001;0E+000,6.32404026676796E-322;0E+000,-7.39584143017046E+002;1.13686837721616E-013,OK,5.53257834977847E-081;2.80900581281532E-096,OK,5.53797336189236E-081;3.74534108375376E-096
chisquare,cumulative,c_landmark_k4,landmark,s0.5,4,7.90505033345994E-323;0E+000,5.00000000000000E-001;0E+000,3.95252516672997E-323;0E+000,-7.42360630379701E+002;-3.41060513164848E-013,OK,2.76628917488907E-081;3.74534108375376E-096,OK,2.76628917488932E-081;0E+000
chisquare,cumulative,c_tie_k4,transform_stress,s0.5,4,8.39911597930119E-323;0E+000,5.00000000000000E-001;0E+000,3.95252516672997E-323;0E+000,-7.42300005757885E+002;0E+000,OK,2.76628917488907E-081;3.74534108375376E-096,OK,2.80853481572406E-081;0E+000
chisquare,cumulative,c_landmark_k2,landmark,s0.5,2,1.97626258336499E-323;0E+000,5.00000000000000E-001;0E+000,9.88131291682493E-324;0E+000,-7.43746924740821E+002;-2.27373675443232E-013,OK,1.95606183428706E-081;-2.57492199508071E-096,OK,1.95606183428718E-081;-4.21350871922298E-096
chisquare,cumulative,c_tie_k2,transform_stress,s0.5,2,2.47032822920623E-323;0E+000,5.00000000000000E-001;0E+000,9.88131291682493E-324;0E+000,-7.43523781189507E+002;-1.13686837721616E-013,OK,1.95606183428706E-081;-2.57492199508071E-096,OK,2.06828357308806E-081;9.36335270938440E-097
chisquare,cumulative,c_landmark_k1,landmark,s0.5,1,9.88131291682493E-324;0E+000,5.00000000000000E-001;0E+000,4.94065645841247E-324;0E+000,-7.44440071921381E+002;-2.27373675443232E-013,OK,1.64484538446671E-081;-1.87267054187688E-096,OK,1.64484538446667E-081;-2.57492199508071E-096
chisquare,cumulative,c_tie_k1,transform_stress,s0.5,1,1.48219693752374E-323;0E+000,5.00000000000000E-001;0E+000,9.88131291682493E-324;0E+000,-7.44034606813273E+002;-1.13686837721616E-013,OK,1.95606183428706E-081;-2.57492199508071E-096,OK,1.82032064769178E-081;3.04308963054993E-096
chisquare,cumulative,c_underflow_minsub,underflow,s0.5,0,4.94065645841247E-324;0E+000,5.00000000000000E-001;0E+000,0E+000;0E+000,-7.45133219101941E+002;-1.13686837721616E-013,OK,0E+000;0E+000,OK,1.38314458744466E-081;-2.57492199508071E-096
chisquare,cumulative,twin_c_landmark_k8,decimal_twin,s0.5,8,1.26480805335359E-321;0E+000,5.00000000000000E-001;0E+000,6.32404026676796E-322;0E+000,-7.39588041657462E+002;3.41060513164848E-013,OK,5.53257834977847E-081;2.80900581281532E-096,OK,5.53257834977849E-081;3.74534108375376E-096
chisquare,cumulative,twin_c_landmark_k32,decimal_twin,s0.5,32,2.12199579096527E-314;0E+000,5.00000000000000E-001;0E+000,1.06099789548264E-314;0E+000,-7.22952509324023E+002;1.13686837721616E-013,OK,3.54085014385826E-079;1.79776372020180E-094,OK,3.54085014385828E-079;-4.79403658720481E-094
chisquare,cumulative,c_landmark_k52,landmark,s1.0,52,2.22507385850720E-308;1.48219693752374E-323,1.00000000000000E+000;0E+000,1.11253692925360E-308;4.94065645841247E-324,-7.09089565712824E+002;0E+000,OK,1.19017898372633E-154;2.31851804947787E-169,OK,1.19017898372640E-154;2.15290961737230E-169
chisquare,cumulative,c_tie_k52,transform_stress,s1.0,52,2.22507385850720E-308;1.97626258336499E-323,1.00000000000000E+000;0E+000,1.11253692925360E-308;4.94065645841247E-324,-7.09089565712824E+002;0E+000,OK,1.19017898372633E-154;2.31851804947787E-169,OK,1.19017898372640E-154;2.15290961737230E-169
chisquare,cumulative,c_landmark_k48,landmark,s1.0,48,1.39067116156700E-309;0E+000,1.00000000000000E+000;0E+000,6.95335580783500E-310;0E+000,-7.11862154435064E+002;2.27373675443232E-013,OK,2.97544745931582E-155;-4.14021080263905E-171,OK,2.97544745931599E-155;4.14021080263905E-170
chisquare,cumulative,c_tie_k48,transform_stress,s1.0,48,1.39067116156701E-309;-4.94065645841247E-324,1.00000000000000E+000;0E+000,6.95335580783500E-310;0E+000,-7.11862154435064E+002;2.27373675443232E-013,OK,2.97544745931582E-155;-4.14021080263905E-171,OK,2.97544745931599E-155;4.14021080263905E-170
chisquare,cumulative,c_landmark_k44,landmark,s1.0,44,8.69169475979376E-311;0E+000,1.00000000000000E+000;0E+000,4.34584737989688E-311;0E+000,-7.14634743157304E+002;4.54747350886464E-013,OK,7.43861864828952E-156;1.03505270065976E-171,OK,7.43861864828996E-156;-2.07010540131952E-171
chisquare,cumulative,c_tie_k44,transform_stress,s1.0,44,8.69169475979425E-311;0E+000,1.00000000000000E+000;0E+000,4.34584737989688E-311;0E+000,-7.14634743157304E+002;4.54747350886464E-013,OK,7.43861864828952E-156;1.03505270065976E-171,OK,7.43861864828996E-156;-2.07010540131952E-171
chisquare,cumulative,c_landmark_k40,landmark,s1.0,40,5.43230922487110E-312;0E+000,1.00000000000000E+000;0E+000,2.71615461243555E-312;0E+000,-7.17407331879543E+002;-3.41060513164848E-013,OK,1.85965466207237E-156;3.62268445230917E-171,OK,1.85965466207248E-156;2.58763175164940E-171
chisquare,cumulative,c_tie_k40,transform_stress,s1.0,40,5.43230922487604E-312;0E+000,1.00000000000000E+000;0E+000,2.71615461243555E-312;0E+000,-7.17407331879542E+002;-4.54747350886464E-013,OK,1.85965466207237E-156;3.62268445230917E-171,OK,1.85965466207333E-156;-1.55257905098964E-171
chisquare,cumulative,c_landmark_k36,landmark,s1.0,36,3.39519326554444E-313;0E+000,1.00000000000000E+000;0E+000,1.69759663277222E-313;0E+000,-7.20179920601783E+002;-1.13686837721616E-013,OK,4.64913665518118E-157;0E+000,OK,4.64913665518119E-157;-6.46907937912351E-173
chisquare,cumulative,c_tie_k36,transform_stress,s1.0,36,3.39519326559384E-313;0E+000,1.00000000000000E+000;0E+000,1.69759663277222E-313;0E+000,-7.20179920601769E+002;4.54747350886464E-013,OK,4.64913665518118E-157;0E+000,OK,4.64913665521502E-157;-3.88144762747411E-172
chisquare,cumulative,c_landmark_k32,landmark,s1.0,32,2.12199579096527E-314;0E+000,1.00000000000000E+000;0E+000,1.06099789548264E-314;0E+000,-7.22952509324023E+002;1.13686837721616E-013,OK,1.16228416379529E-157;6.46907937912351E-173,OK,1.16228416379529E-157;2.91108572060558E-172
chisquare,cumulative,c_tie_k32,transform_stress,s1.0,32,2.12199579145934E-314;0E+000,1.00000000000000E+000;0E+000,1.06099789548264E-314;0E+000,-7.22952509323790E+002;-1.13686837721616E-013,OK,1.16228416379529E-157;6.46907937912351E-173,OK,1.16228416393060E-157;4.85180953434263E-173
chisquare,cumulative,c_landmark_k28,landmark,s1.0,28,1.32624736935330E-315;0E+000,1.00000000000000E+000;0E+000,6.63123684676648E-316;0E+000,-7.25725098046263E+002;3.41060513164848E-013,OK,2.90571040948822E-158;-3.63885715075698E-173,OK,2.90571040948822E-158;1.61726984478088E-173
chisquare,cumulative,c_tie_k28,transform_stress,s1.0,28,1.32624737429395E-315;0E+000,1.00000000000000E+000;0E+000,6.63123684676648E-316;0E+000,-7.25725098042537E+002;-4.54747350886464E-013,OK,2.90571040948822E-158;-3.63885715075698E-173,OK,2.90571041490053E-158;-8.08634922390439E-174
chisquare,cumulative,c_landmark_k24,landmark,s1.0,24,8.28904605845809E-317;0E+000,1.00000000000000E+000;0E+000,4.14452302922905E-317;0E+000,-7.28497686768502E+002;-4.54747350886464E-013,OK,7.26427602372051E-159;3.03238095896415E-174,OK,7.26427602372053E-159;-3.03238095896415E-174
chisquare,cumulative,c_tie_k24,transform_stress,s1.0,24,8.28904655252374E-317;0E+000,1.00000000000000E+000;0E+000,4.14452302922905E-317;0E+000,-7.28497686708898E+002;1.13686837721616E-013,OK,7.26427602372051E-159;3.03238095896415E-174,OK,7.26427624021283E-159;-4.04317461195219E-174
chisquare,cumulative,c_landmark_k20,landmark,s1.0,20,5.18065378653631E-318;0E+000,1.00000000000000E+000;0E+000,2.59032689326815E-318;0E+000,-7.31270275490742E+002;-2.27373675443232E-013,OK,1.81606900593012E-159;1.51619047948207E-174,OK,1.81606900593012E-159;4.80126985169323E-174
chisquare,cumulative,c_tie_k20,transform_stress,s1.0,20,5.18065872719277E-318;0E+000,1.00000000000000E+000;0E+000,2.59032689326815E-318;0E+000,-7.31270274537068E+002;-4.54747350886464E-013,OK,1.81606900593012E-159;1.51619047948207E-174,OK,1.81606987189910E-159;2.27428571922311E-174
chisquare,cumulative,c_landmark_k16,landmark,s1.0,16,3.23790861658519E-319;0E+000,1.00000000000000E+000;0E+000,1.61895430829260E-319;0E+000,-7.34042864212982E+002;-1.13686837721616E-013,OK,4.54017251482529E-160;-3.15873016558765E-175,OK,4.54017251482530E-160;-4.42222223182271E-175
chisquare,cumulative,c_tie_k16,transform_stress,s1.0,16,3.23795802314978E-319;0E+000,1.00000000000000E+000;0E+000,1.61895430829260E-319;0E+000,-7.34042848954309E+002;-4.54747350886464E-013,OK,4.54017251482529E-160;-3.15873016558765E-175,OK,4.54020715346051E-160;2.52698413247012E-175
chisquare,cumulative,c_landmark_k12,landmark,s1.0,12,2.02369288536575E-320;0E+000,1.00000000000000E+000;0E+000,1.01184644268287E-320;0E+000,-7.36815452935222E+002;1.13686837721616E-013,OK,1.13504312870632E-160;-2.52698413247012E-175,OK,1.13504312870632E-160;-3.15873016558765E-176
chisquare,cumulative,c_tie_k12,transform_stress,s1.0,12,2.02418695101159E-320;0E+000,1.00000000000000E+000;0E+000,1.01184644268287E-320;0E+000,-7.36815208824394E+002;-3.41060513164848E-013,OK,1.13504312870632E-160;-2.52698413247012E-175,OK,1.13518167532007E-160;-4.26428572354333E-175
chisquare,cumulative,c_landmark_k8,landmark,s1.0,8,1.26480805335359E-321;0E+000,1.00000000000000E+000;0E+000,6.32404026676796E-322;0E+000,-7.39588041657462E+002;3.41060513164848E-013,OK,2.83760782176578E-161;3.15873016558765E-176,OK,2.83760782176579E-161;-1.57936508279383E-176
chisquare,cumulative,c_tie_k8,transform_stress,s1.0,8,1.26974870981200E-321;0E+000,1.00000000000000E+000;0E+000,6.32404026676796E-322;0E+000,-7.39584143017046E+002;1.13686837721616E-013,OK,2.83760782176578E-161;3.15873016558765E-176,OK,2.84314462278057E-161;3.94841270698457E-177
chisquare,cumulative,c_landmark_k4,landmark,s1.0,4,7.90505033345994E-323;0E+000,1.00000000000000E+000;0E+000,3.95252516672997E-323;0E+000,-7.42360630379701E+002;-3.41060513164848E-013,OK,7.09401955441443E-162;1.97420635349228E-177,OK,7.09401955441485E-162;-1.97420635349228E-177
chisquare,cumulative,c_tie_k4,transform_stress,s1.0,4,8.39911597930119E-323;0E+000,1.00000000000000E+000;0E+000,3.95252516672997E-323;0E+000,-7.42300005757885E+002;0E+000,OK,7.09401955441443E-162;1.97420635349228E-177,OK,7.31234798326216E-162;1.97420635349228E-177
chisquare,cumulative,c_landmark_k2,landmark,s1.0,2,1.97626258336499E-323;0E+000,1.00000000000000E+000;0E+000,9.88131291682493E-324;0E+000,-7.43746924740821E+002;-2.27373675443232E-013,OK,3.54700977720721E-162;-9.87103176746141E-178,OK,3.54700977720742E-162;-2.96130953023842E-177
chisquare,cumulative,c_tie_k2,transform_stress,s1.0,2,2.47032822920623E-323;0E+000,1.00000000000000E+000;0E+000,9.88131291682493E-324;0E+000,-7.43523781189507E+002;-1.13686837721616E-013,OK,3.54700977720721E-162;-9.87103176746141E-178,OK,3.96567748934594E-162;1.97420635349228E-177
chisquare,cumulative,c_landmark_k1,landmark,s1.0,1,9.88131291682493E-324;0E+000,1.00000000000000E+000;0E+000,4.94065645841247E-324;0E+000,-7.44440071921381E+002;-2.27373675443232E-013,OK,2.50811466639827E-162;1.97420635349228E-177,OK,2.50811466639828E-162;-3.94841270698457E-177
chisquare,cumulative,c_tie_k1,transform_stress,s1.0,1,1.48219693752374E-323;0E+000,1.00000000000000E+000;0E+000,9.88131291682493E-324;0E+000,-7.44034606813273E+002;-1.13686837721616E-013,OK,3.54700977720721E-162;-9.87103176746141E-178,OK,3.07180057453331E-162;-1.48065476511921E-177
chisquare,cumulative,c_underflow_minsub,underflow,s1.0,0,4.94065645841247E-324;0E+000,1.00000000000000E+000;0E+000,0E+000;0E+000,-7.45133219101941E+002;-1.13686837721616E-013,OK,0E+000;0E+000,OK,1.77350488860371E-162;-4.68874008954417E-177
chisquare,cumulative,twin_c_landmark_k8,decimal_twin,s1.0,8,1.26480805335359E-321;0E+000,1.00000000000000E+000;0E+000,6.32404026676796E-322;0E+000,-7.39588041657462E+002;3.41060513164848E-013,OK,2.83760782176578E-161;3.15873016558765E-176,OK,2.83760782176579E-161;-1.57936508279383E-176
chisquare,cumulative,twin_c_landmark_k32,decimal_twin,s1.0,32,2.12199579096527E-314;0E+000,1.00000000000000E+000;0E+000,1.06099789548264E-314;0E+000,-7.22952509324023E+002;1.13686837721616E-013,OK,1.16228416379529E-157;6.46907937912351E-173,OK,1.16228416379529E-157;2.91108572060558E-172
chisquare,cumulative,c_landmark_k52,landmark,s1.5,52,2.22507385850720E-308;1.48219693752374E-323,1.50000000000000E+000;0E+000,1.11253692925360E-308;4.94065645841247E-324,-7.09089565712824E+002;0E+000,OK,1.17866603244956E-231;5.72088933523419E-247,OK,1.17866603244963E-231;4.71973370156821E-246
chisquare,cumulative,c_tie_k52,transform_stress,s1.5,52,2.22507385850720E-308;1.97626258336499E-323,1.50000000000000E+000;0E+000,1.11253692925360E-308;4.94065645841247E-324,-7.09089565712824E+002;0E+000,OK,1.17866603244956E-231;5.72088933523419E-247,OK,1.17866603244963E-231;4.71973370156821E-246
chisquare,cumulative,c_landmark_k48,landmark,s1.5,48,1.39067116156700E-309;0E+000,1.50000000000000E+000;0E+000,6.95335580783500E-310;0E+000,-7.11862154435064E+002;2.27373675443232E-013,OK,1.47333254056186E-232;-1.43022233380855E-247,OK,1.47333254056195E-232;1.43022233380855E-247
chisquare,cumulative,c_tie_k48,transform_stress,s1.5,48,1.39067116156701E-309;-4.94065645841247E-324,1.50000000000000E+000;0E+000,6.95335580783500E-310;0E+000,-7.11862154435064E+002;2.27373675443232E-013,OK,1.47333254056186E-232;-1.43022233380855E-247,OK,1.47333254056195E-232;1.43022233380855E-247
chisquare,cumulative,c_landmark_k44,landmark,s1.5,44,8.69169475979376E-311;0E+000,1.50000000000000E+000;0E+000,4.34584737989688E-311;0E+000,-7.14634743157304E+002;4.54747350886464E-013,OK,1.84166567570242E-233;-2.23472239657585E-248,OK,1.84166567570253E-233;3.79902807417895E-248
chisquare,cumulative,c_tie_k44,transform_stress,s1.5,44,8.69169475979425E-311;0E+000,1.50000000000000E+000;0E+000,4.34584737989688E-311;0E+000,-7.14634743157304E+002;4.54747350886464E-013,OK,1.84166567570242E-233;-2.23472239657585E-248,OK,1.84166567570253E-233;3.79902807417895E-248
chisquare,cumulative,c_landmark_k40,landmark,s1.5,40,5.43230922487110E-312;0E+000,1.50000000000000E+000;0E+000,2.71615461243555E-312;0E+000,-7.17407331879543E+002;-3.41060513164848E-013,OK,2.30208209462788E-234;-1.67604179743189E-249,OK,2.30208209462802E-234;3.35208359486378E-249
chisquare,cumulative,c_tie_k40,transform_stress,s1.5,40,5.43230922487604E-312;0E+000,1.50000000000000E+000;0E+000,2.71615461243555E-312;0E+000,-7.17407331879542E+002;-4.54747350886464E-013,OK,2.30208209462788E-234;-1.67604179743189E-249,OK,2.30208209462959E-234;3.91076419400775E-249
chisquare,cumulative,c_landmark_k36,landmark,s1.5,36,3.39519326554444E-313;0E+000,1.50000000000000E+000;0E+000,1.69759663277222E-313;0E+000,-7.20179920601783E+002;-1.13686837721616E-013,OK,2.87760261828532E-235;2.44422762125484E-250,OK,2.87760261828518E-235;-3.14257837018480E-250
chisquare,cumulative,c_tie_k36,transform_stress,s1.5,36,3.39519326559384E-313;0E+000,1.50000000000000E+000;0E+000,1.69759663277222E-313;0E+000,-7.20179920601769E+002;4.54747350886464E-013,OK,2.87760261828532E-235;2.44422762125484E-250,OK,2.87760261831658E-235;2.79340299571982E-250
chisquare,cumulative,c_landmark_k32,landmark,s1.5,32,2.12199579096527E-314;0E+000,1.50000000000000E+000;0E+000,1.06099789548264E-314;0E+000,-7.22952509324023E+002;1.13686837721616E-013,OK,3.59700327285643E-236;-8.72938436162443E-252,OK,3.59700327285625E-236;-3.49175374464977E-251
chisquare,cumulative,c_tie_k32,transform_stress,s1.5,32,2.12199579145934E-314;0E+000,1.50000000000000E+000;0E+000,1.06099789548264E-314;0E+000,-7.22952509323790E+002;-1.13686837721616E-013,OK,3.59700327285643E-236;-8.72938436162443E-252,OK,3.59700327348437E-236;-4.36469218081222E-251
chisquare,cumulative,c_landmark_k28,landmark,s1.5,28,1.32624736935330E-315;0E+000,1.50000000000000E+000;0E+000,6.63123684676648E-316;0E+000,-7.25725098046263E+002;3.41060513164848E-013,OK,4.49625409107077E-237;-3.81910565821069E-252,OK,4.49625409107054E-237;-1.63675956780458E-252
chisquare,cumulative,c_tie_k28,transform_stress,s1.5,28,1.32624737429395E-315;0E+000,1.50000000000000E+000;0E+000,6.63123684676648E-316;0E+000,-7.25725098042537E+002;-4.54747350886464E-013,OK,4.49625409107077E-237;-3.81910565821069E-252,OK,4.49625410363293E-237;-3.27351913560916E-252
chisquare,cumulative,c_landmark_k24,landmark,s1.5,24,8.28904605845809E-317;0E+000,1.50000000000000E+000;0E+000,4.14452302922905E-317;0E+000,-7.28497686768502E+002;-4.54747350886464E-013,OK,5.62031761383811E-238;-3.40991576625954E-253,OK,5.62031761383782E-238;2.04594945975573E-253
chisquare,cumulative,c_tie_k24,transform_stress,s1.5,24,8.28904655252374E-317;0E+000,1.50000000000000E+000;0E+000,4.14452302922905E-317;0E+000,-7.28497686708898E+002;1.13686837721616E-013,OK,5.62031761383811E-238;-3.40991576625954E-253,OK,5.62031786508560E-238;3.40991576625954E-253
chisquare,cumulative,c_landmark_k20,landmark,s1.5,20,5.18065378653631E-318;0E+000,1.50000000000000E+000;0E+000,2.59032689326815E-318;0E+000,-7.31270275490742E+002;-2.27373675443232E-013,OK,7.02539701729799E-239;3.40991576625954E-254,OK,7.02539701729764E-239;-2.55743682469466E-254
chisquare,cumulative,c_tie_k20,transform_stress,s1.5,20,5.18065872719277E-318;0E+000,1.50000000000000E+000;0E+000,2.59032689326815E-318;0E+000,-7.31270274537068E+002;-4.54747350886464E-013,OK,7.02539701729799E-239;3.40991576625954E-254,OK,7.02540204225256E-239;2.55743682469466E-254
chisquare,cumulative,c_landmark_k16,landmark,s1.5,16,3.23790861658519E-319;0E+000,1.50000000000000E+000;0E+000,1.61895430829260E-319;0E+000,-7.34042864212982E+002;-1.13686837721616E-013,OK,8.78174627162194E-240;3.19679603086832E-255,OK,8.78174627162150E-240;-1.06559867695611E-255
chisquare,cumulative,c_tie_k16,transform_stress,s1.5,16,3.23795802314978E-319;0E+000,1.50000000000000E+000;0E+000,1.61895430829260E-319;0E+000,-7.34042848954309E+002;-4.54747350886464E-013,OK,8.78174627162194E-240;3.19679603086832E-255,OK,8.78184677054027E-240;4.26239470782443E-255
chisquare,cumulative,c_landmark_k12,landmark,s1.5,12,2.02369288536575E-320;0E+000,1.50000000000000E+000;0E+000,1.01184644268287E-320;0E+000,-7.36815452935222E+002;1.13686837721616E-013,OK,1.09771828395280E-240;-7.99199007717081E-256,OK,1.09771828395274E-240;3.59639553472686E-255
chisquare,cumulative,c_tie_k12,transform_stress,s1.5,12,2.02418695101159E-320;0E+000,1.50000000000000E+000;0E+000,1.01184644268287E-320;0E+000,-7.36815208824394E+002;-3.41060513164848E-013,OK,1.09771828395280E-240;-7.99199007717081E-256,OK,1.09791927604033E-240;-2.13119735391221E-255
chisquare,cumulative,c_landmark_k8,landmark,s1.5,8,1.26480805335359E-321;0E+000,1.50000000000000E+000;0E+000,6.32404026676796E-322;0E+000,-7.39588041657462E+002;3.41060513164848E-013,OK,1.37214785494091E-241;3.32999586548784E-256,OK,1.37214785494084E-241;3.82949524531101E-256
chisquare,cumulative,c_tie_k8,transform_stress,s1.5,8,1.26974870981200E-321;0E+000,1.50000000000000E+000;0E+000,6.32404026676796E-322;0E+000,-7.39584143017046E+002;1.13686837721616E-013,OK,1.37214785494091E-241;3.32999586548784E-256,OK,1.37616585967427E-241;-1.16549855292074E-256
chisquare,cumulative,c_landmark_k4,landmark,s1.5,4,7.90505033345994E-323;0E+000,1.50000000000000E+000;0E+000,3.95252516672997E-323;0E+000,-7.42360630379701E+002;-3.41060513164848E-013,OK,1.71518481867623E-242;-2.08124741592990E-258,OK,1.71518481867634E-242;-2.28937215752289E-257
chisquare,cumulative,c_tie_k4,transform_stress,s1.5,4,8.39911597930119E-323;0E+000,1.50000000000000E+000;0E+000,3.95252516672997E-323;0E+000,-7.42300005757885E+002;0E+000,OK,1.71518481867623E-242;-2.08124741592990E-258,OK,1.79497179220151E-242;-3.95437009026680E-257
chisquare,cumulative,c_landmark_k2,landmark,s1.5,2,1.97626258336499E-323;0E+000,1.50000000000000E+000;0E+000,9.88131291682493E-324;0E+000,-7.43746924740821E+002;-2.27373675443232E-013,OK,6.06409408137072E-243;-4.16249483185979E-258,OK,6.06409408137110E-243;-3.12187112389485E-258
chisquare,cumulative,c_tie_k2,transform_stress,s1.5,2,2.47032822920623E-323;0E+000,1.50000000000000E+000;0E+000,9.88131291682493E-324;0E+000,-7.43523781189507E+002;-1.13686837721616E-013,OK,6.06409408137072E-243;-4.16249483185979E-258,OK,7.16883261707799E-243;-3.12187112389485E-258
chisquare,cumulative,c_landmark_k1,landmark,s1.5,1,9.88131291682493E-324;0E+000,1.50000000000000E+000;0E+000,4.94065645841247E-324;0E+000,-7.44440071921381E+002;-2.27373675443232E-013,OK,3.60573191380592E-243;-4.16249483185979E-258,OK,3.60573191380614E-243;3.12187112389485E-258
chisquare,cumulative,c_tie_k1,transform_stress,s1.5,1,1.48219693752374E-323;0E+000,1.50000000000000E+000;0E+000,9.88131291682493E-324;0E+000,-7.44034606813273E+002;-1.13686837721616E-013,OK,6.06409408137072E-243;-4.16249483185979E-258,OK,4.88721987269263E-243;2.08124741592990E-258
chisquare,cumulative,c_underflow_minsub,underflow,s1.5,0,4.94065645841247E-324;0E+000,1.50000000000000E+000;0E+000,0E+000;0E+000,-7.45133219101941E+002;-1.13686837721616E-013,OK,0E+000;0E+000,OK,2.14398102334529E-243;-1.82109148893866E-258
chisquare,cumulative,twin_c_landmark_k8,decimal_twin,s1.5,8,1.26480805335359E-321;0E+000,1.50000000000000E+000;0E+000,6.32404026676796E-322;0E+000,-7.39588041657462E+002;3.41060513164848E-013,OK,1.37214785494091E-241;3.32999586548784E-256,OK,1.37214785494084E-241;3.82949524531101E-256
chisquare,cumulative,twin_c_landmark_k32,decimal_twin,s1.5,32,2.12199579096527E-314;0E+000,1.50000000000000E+000;0E+000,1.06099789548264E-314;0E+000,-7.22952509324023E+002;1.13686837721616E-013,OK,3.59700327285643E-236;-8.72938436162443E-252,OK,3.59700327285625E-236;-3.49175374464977E-251
chisquare,cumulative,c_landmark_k52,landmark,s2.0,52,2.22507385850720E-308;1.48219693752374E-323,2.00000000000000E+000;0E+000,1.11253692925360E-308;4.94065645841247E-324,-7.09089565712824E+002;0E+000,OK,1.11253692925357E-308;-3.95252516672997E-323,OK,1.11253692925369E-308;2.47032822920623E-323
chisquare,cumulative,c_tie_k52,transform_stress,s2.0,52,2.22507385850720E-308;1.97626258336499E-323,2.00000000000000E+000;0E+000,1.11253692925360E-308;4.94065645841247E-324,-7.09089565712824E+002;0E+000,OK,1.11253692925357E-308;-3.95252516672997E-323,OK,1.11253692925369E-308;2.47032822920623E-323
chisquare,cumulative,c_landmark_k48,landmark,s2.0,48,1.39067116156700E-309;0E+000,2.00000000000000E+000;0E+000,6.95335580783500E-310;0E+000,-7.11862154435064E+002;2.27373675443232E-013,OK,6.95335580783476E-310;0E+000,OK,6.95335580783555E-310;0E+000
chisquare,cumulative,c_tie_k48,transform_stress,s2.0,48,1.39067116156701E-309;-4.94065645841247E-324,2.00000000000000E+000;0E+000,6.95335580783500E-310;0E+000,-7.11862154435064E+002;2.27373675443232E-013,OK,6.95335580783476E-310;0E+000,OK,6.95335580783555E-310;0E+000
chisquare,cumulative,c_landmark_k44,landmark,s2.0,44,8.69169475979376E-311;0E+000,2.00000000000000E+000;0E+000,4.34584737989688E-311;0E+000,-7.14634743157304E+002;4.54747350886464E-013,OK,4.34584737989688E-311;0E+000,OK,4.34584737989737E-311;0E+000
chisquare,cumulative,c_tie_k44,transform_stress,s2.0,44,8.69169475979425E-311;0E+000,2.00000000000000E+000;0E+000,4.34584737989688E-311;0E+000,-7.14634743157304E+002;4.54747350886464E-013,OK,4.34584737989688E-311;0E+000,OK,4.34584737989737E-311;0E+000
chisquare,cumulative,c_landmark_k40,landmark,s2.0,40,5.43230922487110E-312;0E+000,2.00000000000000E+000;0E+000,2.71615461243555E-312;0E+000,-7.17407331879543E+002;-3.41060513164848E-013,OK,2.71615461243555E-312;0E+000,OK,2.71615461243555E-312;0E+000
chisquare,cumulative,c_tie_k40,transform_stress,s2.0,40,5.43230922487604E-312;0E+000,2.00000000000000E+000;0E+000,2.71615461243555E-312;0E+000,-7.17407331879542E+002;-4.54747350886464E-013,OK,2.71615461243555E-312;0E+000,OK,2.71615461244049E-312;0E+000
chisquare,cumulative,c_landmark_k36,landmark,s2.0,36,3.39519326554444E-313;0E+000,2.00000000000000E+000;0E+000,1.69759663277222E-313;0E+000,-7.20179920601783E+002;-1.13686837721616E-013,OK,1.69759663277222E-313;0E+000,OK,1.69759663277222E-313;0E+000
chisquare,cumulative,c_tie_k36,transform_stress,s2.0,36,3.39519326559384E-313;0E+000,2.00000000000000E+000;0E+000,1.69759663277222E-313;0E+000,-7.20179920601769E+002;4.54747350886464E-013,OK,1.69759663277222E-313;0E+000,OK,1.69759663282162E-313;0E+000
chisquare,cumulative,c_landmark_k32,landmark,s2.0,32,2.12199579096527E-314;0E+000,2.00000000000000E+000;0E+000,1.06099789548264E-314;0E+000,-7.22952509324023E+002;1.13686837721616E-013,OK,1.06099789548264E-314;0E+000,OK,1.06099789548264E-314;0E+000
chisquare,cumulative,c_tie_k32,transform_stress,s2.0,32,2.12199579145934E-314;0E+000,2.00000000000000E+000;0E+000,1.06099789548264E-314;0E+000,-7.22952509323790E+002;-1.13686837721616E-013,OK,1.06099789548264E-314;0E+000,OK,1.06099789597670E-314;0E+000
chisquare,cumulative,c_landmark_k28,landmark,s2.0,28,1.32624736935330E-315;0E+000,2.00000000000000E+000;0E+000,6.63123684676648E-316;0E+000,-7.25725098046263E+002;3.41060513164848E-013,OK,6.63123684676648E-316;0E+000,OK,6.63123684676648E-316;0E+000
chisquare,cumulative,c_tie_k28,transform_stress,s2.0,28,1.32624737429395E-315;0E+000,2.00000000000000E+000;0E+000,6.63123684676648E-316;0E+000,-7.25725098042537E+002;-4.54747350886464E-013,OK,6.63123684676648E-316;0E+000,OK,6.63123689617304E-316;0E+000
chisquare,cumulative,c_landmark_k24,landmark,s2.0,24,8.28904605845809E-317;0E+000,2.00000000000000E+000;0E+000,4.14452302922905E-317;0E+000,-7.28497686768502E+002;-4.54747350886464E-013,OK,4.14452302922905E-317;0E+000,OK,4.14452302922905E-317;0E+000
chisquare,cumulative,c_tie_k24,transform_stress,s2.0,24,8.28904655252374E-317;0E+000,2.00000000000000E+000;0E+000,4.14452302922905E-317;0E+000,-7.28497686708898E+002;1.13686837721616E-013,OK,4.14452302922905E-317;0E+000,OK,4.14452352329469E-317;0E+000
chisquare,cumulative,c_landmark_k20,landmark,s2.0,20,5.18065378653631E-318;0E+000,2.00000000000000E+000;0E+000,2.59032689326815E-318;0E+000,-7.31270275490742E+002;-2.27373675443232E-013,OK,2.59032689326815E-318;0E+000,OK,2.59032689326815E-318;0E+000
chisquare,cumulative,c_tie_k20,transform_stress,s2.0,20,5.18065872719277E-318;0E+000,2.00000000000000E+000;0E+000,2.59032689326815E-318;0E+000,-7.31270274537068E+002;-4.54747350886464E-013,OK,2.59032689326815E-318;0E+000,OK,2.59033183392461E-318;0E+000
chisquare,cumulative,c_landmark_k16,landmark,s2.0,16,3.23790861658519E-319;0E+000,2.00000000000000E+000;0E+000,1.61895430829260E-319;0E+000,-7.34042864212982E+002;-1.13686837721616E-013,OK,1.61895430829260E-319;0E+000,OK,1.61895430829260E-319;0E+000
chisquare,cumulative,c_tie_k16,transform_stress,s2.0,16,3.23795802314978E-319;0E+000,2.00000000000000E+000;0E+000,1.61895430829260E-319;0E+000,-7.34042848954309E+002;-4.54747350886464E-013,OK,1.61895430829260E-319;0E+000,OK,1.61900371485718E-319;0E+000
chisquare,cumulative,c_landmark_k12,landmark,s2.0,12,2.02369288536575E-320;0E+000,2.00000000000000E+000;0E+000,1.01184644268287E-320;0E+000,-7.36815452935222E+002;1.13686837721616E-013,OK,1.01184644268287E-320;0E+000,OK,1.01184644268287E-320;0E+000
chisquare,cumulative,c_tie_k12,transform_stress,s2.0,12,2.02418695101159E-320;0E+000,2.00000000000000E+000;0E+000,1.01184644268287E-320;0E+000,-7.36815208824394E+002;-3.41060513164848E-013,OK,1.01184644268287E-320;0E+000,OK,1.01234050832871E-320;0E+000
chisquare,cumulative,c_landmark_k8,landmark,s2.0,8,1.26480805335359E-321;0E+000,2.00000000000000E+000;0E+000,6.32404026676796E-322;0E+000,-7.39588041657462E+002;3.41060513164848E-013,OK,6.32404026676796E-322;0E+000,OK,6.32404026676796E-322;0E+000
chisquare,cumulative,c_tie_k8,transform_stress,s2.0,8,1.26974870981200E-321;0E+000,2.00000000000000E+000;0E+000,6.32404026676796E-322;0E+000,-7.39584143017046E+002;1.13686837721616E-013,OK,6.32404026676796E-322;0E+000,OK,6.37344683135208E-322;0E+000
chisquare,cumulative,c_landmark_k4,landmark,s2.0,4,7.90505033345994E-323;0E+000,2.00000000000000E+000;0E+000,3.95252516672997E-323;0E+000,-7.42360630379701E+002;-3.41060513164848E-013,OK,3.95252516672997E-323;0E+000,OK,3.95252516672997E-323;0E+000
chisquare,cumulative,c_tie_k4,transform_stress,s2.0,4,8.39911597930119E-323;0E+000,2.00000000000000E+000;0E+000,3.95252516672997E-323;0E+000,-7.42300005757885E+002;0E+000,OK,3.95252516672997E-323;0E+000,OK,4.44659081257122E-323;0E+000
chisquare,cumulative,c_landmark_k2,landmark,s2.0,2,1.97626258336499E-323;0E+000,2.00000000000000E+000;0E+000,9.88131291682493E-324;0E+000,-7.43746924740821E+002;-2.27373675443232E-013,OK,9.88131291682493E-324;0E+000,OK,9.88131291682493E-324;0E+000
chisquare,cumulative,c_tie_k2,transform_stress,s2.0,2,2.47032822920623E-323;0E+000,2.00000000000000E+000;0E+000,9.88131291682493E-324;0E+000,-7.43523781189507E+002;-1.13686837721616E-013,OK,9.88131291682493E-324;0E+000,OK,1.48219693752374E-323;0E+000
chisquare,cumulative,c_landmark_k1,landmark,s2.0,1,9.88131291682493E-324;0E+000,2.00000000000000E+000;0E+000,4.94065645841247E-324;0E+000,-7.44440071921381E+002;-2.27373675443232E-013,OK,4.94065645841247E-324;0E+000,OK,4.94065645841247E-324;0E+000
chisquare,cumulative,c_tie_k1,transform_stress,s2.0,1,1.48219693752374E-323;0E+000,2.00000000000000E+000;0E+000,9.88131291682493E-324;0E+000,-7.44034606813273E+002;-1.13686837721616E-013,OK,9.88131291682493E-324;0E+000,OK,9.88131291682493E-324;0E+000
chisquare,cumulative,c_underflow_minsub,underflow,s2.0,0,4.94065645841247E-324;0E+000,2.00000000000000E+000;0E+000,0E+000;0E+000,-7.45133219101941E+002;-1.13686837721616E-013,OK,0E+000;0E+000,OK,4.94065645841247E-324;0E+000
chisquare,cumulative,twin_c_landmark_k8,decimal_twin,s2.0,8,1.26480805335359E-321;0E+000,2.00000000000000E+000;0E+000,6.32404026676796E-322;0E+000,-7.39588041657462E+002;3.41060513164848E-013,OK,6.32404026676796E-322;0E+000,OK,6.32404026676796E-322;0E+000
chisquare,cumulative,twin_c_landmark_k32,decimal_twin,s2.0,32,2.12199579096527E-314;0E+000,2.00000000000000E+000;0E+000,1.06099789548264E-314;0E+000,-7.22952509324023E+002;1.13686837721616E-013,OK,1.06099789548264E-314;0E+000,OK,1.06099789548264E-314;0E+000
chisquare,survival,c_landmark_k52,landmark,s0.0002,52,2.22507385850720E-308;1.48219693752374E-323,2.00000000000000E-004;0E+000,1.11253692925360E-308;4.94065645841247E-324,-7.09089565712824E+002;0E+000,OK,6.83995363025826E-002;-4.16333634234434E-017,OK,6.83995363026090E-002;1.38777878078145E-017
chisquare,survival,c_tie_k52,transform_stress,s0.0002,52,2.22507385850720E-308;1.97626258336499E-323,2.00000000000000E-004;0E+000,1.11253692925360E-308;4.94065645841247E-324,-7.09089565712824E+002;0E+000,OK,6.83995363025826E-002;-4.16333634234434E-017,OK,6.83995363026090E-002;1.38777878078145E-017
chisquare,survival,c_landmark_k48,landmark,s0.0002,48,1.39067116156700E-309;0E+000,2.00000000000000E-004;0E+000,6.95335580783500E-310;0E+000,-7.11862154435064E+002;2.27373675443232E-013,OK,6.86577949926722E-002;1.38777878078145E-017,OK,6.86577949926261E-002;1.38777878078145E-017
chisquare,survival,c_tie_k48,transform_stress,s0.0002,48,1.39067116156701E-309;-4.94065645841247E-324,2.00000000000000E-004;0E+000,6.95335580783500E-310;0E+000,-7.11862154435064E+002;2.27373675443232E-013,OK,6.86577949926722E-002;1.38777878078145E-017,OK,6.86577949926261E-002;1.38777878078145E-017
chisquare,survival,c_landmark_k44,landmark,s0.0002,44,8.69169475979376E-311;0E+000,2.00000000000000E-004;0E+000,4.34584737989688E-311;0E+000,-7.14634743157304E+002;4.54747350886464E-013,OK,6.89159820880685E-002;-1.38777878078145E-017,OK,6.89159820880556E-002;4.16333634234434E-017
chisquare,survival,c_tie_k44,transform_stress,s0.0002,44,8.69169475979425E-311;0E+000,2.00000000000000E-004;0E+000,4.34584737989688E-311;0E+000,-7.14634743157304E+002;4.54747350886464E-013,OK,6.89159820880685E-002;-1.38777878078145E-017,OK,6.89159820880556E-002;4.16333634234434E-017
chisquare,survival,c_landmark_k40,landmark,s0.0002,40,5.43230922487110E-312;0E+000,2.00000000000000E-004;0E+000,2.71615461243555E-312;0E+000,-7.17407331879543E+002;-3.41060513164848E-013,OK,6.91740976087246E-002;1.38777878078145E-017,OK,6.91740976087451E-002;0E+000
chisquare,survival,c_tie_k40,transform_stress,s0.0002,40,5.43230922487604E-312;0E+000,2.00000000000000E-004;0E+000,2.71615461243555E-312;0E+000,-7.17407331879542E+002;-4.54747350886464E-013,OK,6.91740976087246E-002;1.38777878078145E-017,OK,6.91740976087450E-002;1.38777878078145E-017
chisquare,survival,c_landmark_k36,landmark,s0.0002,36,3.39519326554444E-313;0E+000,2.00000000000000E-004;0E+000,1.69759663277222E-313;0E+000,-7.20179920601783E+002;-1.13686837721616E-013,OK,6.94321415745885E-002;4.16333634234434E-017,OK,6.94321415745364E-002;5.55111512312578E-017
chisquare,survival,c_tie_k36,transform_stress,s0.0002,36,3.39519326559384E-313;0E+000,2.00000000000000E-004;0E+000,1.69759663277222E-313;0E+000,-7.20179920601769E+002;4.54747350886464E-013,OK,6.94321415745885E-002;4.16333634234434E-017,OK,6.94321415745351E-002;-1.38777878078145E-017
chisquare,survival,c_landmark_k32,landmark,s0.0002,32,2.12199579096527E-314;0E+000,2.00000000000000E-004;0E+000,1.06099789548264E-314;0E+000,-7.22952509324023E+002;1.13686837721616E-013,OK,6.96901140052850E-002;1.38777878078145E-017,OK,6.96901140052662E-002;-1.38777878078145E-017
chisquare,survival,c_tie_k32,transform_stress,s0.0002,32,2.12199579145934E-314;0E+000,2.00000000000000E-004;0E+000,1.06099789548264E-314;0E+000,-7.22952509323790E+002;-1.13686837721616E-013,OK,6.96901140052850E-002;1.38777878078145E-017,OK,6.96901140052445E-002;4.16333634234434E-017
chisquare,survival,c_landmark_k28,landmark,s0.0002,28,1.32624736935330E-315;0E+000,2.00000000000000E-004;0E+000,6.63123684676648E-316;0E+000,-7.25725098046263E+002;3.41060513164848E-013,OK,6.99480149207508E-002;-4.16333634234434E-017,OK,6.99480149207653E-002;0E+000
chisquare,survival,c_tie_k28,transform_stress,s0.0002,28,1.32624737429395E-315;0E+000,2.00000000000000E-004;0E+000,6.63123684676648E-316;0E+000,-7.25725098042537E+002;-4.54747350886464E-013,OK,6.99480149207508E-002;-4.16333634234434E-017,OK,6.99480149204188E-002;2.77555756156289E-017
chisquare,survival,c_landmark_k24,landmark,s0.0002,24,8.28904605845809E-317;0E+000,2.00000000000000E-004;0E+000,4.14452302922905E-317;0E+000,-7.28497686768502E+002;-4.54747350886464E-013,OK,7.02058443409171E-002;4.16333634234434E-017,OK,7.02058443408592E-002;4.16333634234434E-017
chisquare,survival,c_tie_k24,transform_stress,s0.0002,24,8.28904655252374E-317;0E+000,2.00000000000000E-004;0E+000,4.14452302922905E-317;0E+000,-7.28497686708898E+002;1.13686837721616E-013,OK,7.02058443409171E-002;4.16333634234434E-017,OK,7.02058443353172E-002;5.55111512312578E-017
chisquare,survival,c_landmark_k20,landmark,s0.0002,20,5.18065378653631E-318;0E+000,2.00000000000000E-004;0E+000,2.59032689326815E-318;0E+000,-7.31270275490742E+002;-2.27373675443232E-013,OK,7.04636022853928E-002;2.77555756156289E-017,OK,7.04636022853680E-002;5.55111512312578E-017
chisquare,survival,c_tie_k20,transform_stress,s0.0002,20,5.18065872719277E-318;0E+000,2.00000000000000E-004;0E+000,2.59032689326815E-318;0E+000,-7.31270274537068E+002;-4.54747350886464E-013,OK,7.04636022853928E-002;2.77555756156289E-017,OK,7.04636021967206E-002;0E+000
chisquare,survival,c_landmark_k16,landmark,s0.0002,16,3.23790861658519E-319;0E+000,2.00000000000000E-004;0E+000,1.61895430829260E-319;0E+000,-7.34042864212982E+002;-1.13686837721616E-013,OK,7.07212887740976E-002;-4.16333634234434E-017,OK,7.07212887741062E-002;-4.16333634234434E-017
chisquare,survival,c_tie_k16,transform_stress,s0.0002,16,3.23795802314978E-319;0E+000,2.00000000000000E-004;0E+000,1.61895430829260E-319;0E+000,-7.34042848954309E+002;-4.54747350886464E-013,OK,7.07212887740976E-002;-4.16333634234434E-017,OK,7.07212873561502E-002;0E+000
chisquare,survival,c_landmark_k12,landmark,s0.0002,12,2.02369288536575E-320;0E+000,2.00000000000000E-004;0E+000,1.01184644268287E-320;0E+000,-7.36815452935222E+002;1.13686837721616E-013,OK,7.09789038268408E-002;0E+000,OK,7.09789038268826E-002;1.38777878078145E-017
chisquare,survival,c_tie_k12,transform_stress,s0.0002,12,2.02418695101159E-320;0E+000,2.00000000000000E-004;0E+000,1.01184644268287E-320;0E+000,-7.36815208824394E+002;-3.41060513164848E-013,OK,7.09789038268408E-002;0E+000,OK,7.09788811484715E-002;-2.77555756156289E-017
chisquare,survival,c_landmark_k8,landmark,s0.0002,8,1.26480805335359E-321;0E+000,2.00000000000000E-004;0E+000,6.32404026676796E-322;0E+000,-7.39588041657462E+002;3.41060513164848E-013,OK,7.12364474635315E-002;2.77555756156289E-017,OK,7.12364474635009E-002;1.38777878078145E-017
chisquare,survival,c_tie_k8,transform_stress,s0.0002,8,1.26974870981200E-321;0E+000,2.00000000000000E-004;0E+000,6.32404026676796E-322;0E+000,-7.39584143017046E+002;1.13686837721616E-013,OK,7.12364474635315E-002;2.77555756156289E-017,OK,7.12360853719181E-002;-2.77555756156289E-017
chisquare,survival,c_landmark_k4,landmark,s0.0002,4,7.90505033345994E-323;0E+000,2.00000000000000E-004;0E+000,3.95252516672997E-323;0E+000,-7.42360630379701E+002;-3.41060513164848E-013,OK,7.14939197037565E-002;1.38777878078145E-017,OK,7.14939197037590E-002;4.16333634234434E-017
chisquare,survival,c_tie_k4,transform_stress,s0.0002,4,8.39911597930119E-323;0E+000,2.00000000000000E-004;0E+000,3.95252516672997E-323;0E+000,-7.42300005757885E+002;0E+000,OK,7.14939197037565E-002;1.38777878078145E-017,OK,7.14882906536989E-002;0E+000
chisquare,survival,c_landmark_k2,landmark,s0.0002,2,1.97626258336499E-323;0E+000,2.00000000000000E-004;0E+000,9.88131291682493E-324;0E+000,-7.43746924740821E+002;-2.27373675443232E-013,OK,7.16226290564720E-002;-1.38777878078145E-017,OK,7.16226290564384E-002;4.16333634234434E-017
chisquare,survival,c_tie_k2,transform_stress,s0.0002,2,2.47032822920623E-323;0E+000,2.00000000000000E-004;0E+000,9.88131291682493E-324;0E+000,-7.43523781189507E+002;-1.13686837721616E-013,OK,7.16226290564720E-002;-1.38777878078145E-017,OK,7.16019126829519E-002;-4.16333634234434E-017
chisquare,survival,c_landmark_k1,landmark,s0.0002,1,9.88131291682493E-324;0E+000,2.00000000000000E-004;0E+000,4.94065645841247E-324;0E+000,-7.44440071921381E+002;-2.27373675443232E-013,OK,7.16869770420496E-002;2.77555756156289E-017,OK,7.16869770419980E-002;-4.16333634234434E-017
chisquare,survival,c_tie_k1,transform_stress,s0.0002,1,1.48219693752374E-323;0E+000,2.00000000000000E-004;0E+000,9.88131291682493E-324;0E+000,-7.44034606813273E+002;-1.13686837721616E-013,OK,7.16226290564720E-002;-1.38777878078145E-017,OK,7.16493364248841E-002;-1.38777878078145E-017
chisquare,survival,c_underflow_minsub,underflow,s0.0002,0,4.94065645841247E-324;0E+000,2.00000000000000E-004;0E+000,0E+000;0E+000,-7.45133219101941E+002;-1.13686837721616E-013,OK,1.00000000000000E+000;0E+000,OK,7.17513205674496E-002;-1.38777878078145E-017
chisquare,survival,twin_c_landmark_k8,decimal_twin,s0.0002,8,1.26480805335359E-321;0E+000,2.00000000000000E-004;0E+000,6.32404026676796E-322;0E+000,-7.39588041657462E+002;3.41060513164848E-013,OK,7.12364474635315E-002;2.77555756156289E-017,OK,7.12364474635009E-002;1.38777878078145E-017
chisquare,survival,twin_c_landmark_k32,decimal_twin,s0.0002,32,2.12199579096527E-314;0E+000,2.00000000000000E-004;0E+000,1.06099789548264E-314;0E+000,-7.22952509324023E+002;1.13686837721616E-013,OK,6.96901140052850E-002;1.38777878078145E-017,OK,6.96901140052662E-002;-1.38777878078145E-017
chisquare,survival,c_landmark_k52,landmark,s0.001,52,2.22507385850720E-308;1.48219693752374E-323,1.00000000000000E-003;0E+000,1.11253692925360E-308;4.94065645841247E-324,-7.09089565712824E+002;0E+000,OK,2.98304956697811E-001;-2.22044604925031E-016,OK,2.98304956697796E-001;4.99600361081320E-016
chisquare,survival,c_tie_k52,transform_stress,s0.001,52,2.22507385850720E-308;1.97626258336499E-323,1.00000000000000E-003;0E+000,1.11253692925360E-308;4.94065645841247E-324,-7.09089565712824E+002;0E+000,OK,2.98304956697811E-001;-2.22044604925031E-016,OK,2.98304956697796E-001;4.99600361081320E-016
chisquare,survival,c_landmark_k48,landmark,s0.001,48,1.39067116156700E-309;0E+000,1.00000000000000E-003;0E+000,6.95335580783500E-310;0E+000,-7.11862154435064E+002;2.27373675443232E-013,OK,2.99277038627992E-001;-2.77555756156289E-016,OK,2.99277038628023E-001;-5.55111512312578E-017
chisquare,survival,c_tie_k48,transform_stress,s0.001,48,1.39067116156701E-309;-4.94065645841247E-324,1.00000000000000E-003;0E+000,6.95335580783500E-310;0E+000,-7.11862154435064E+002;2.27373675443232E-013,OK,2.99277038627992E-001;-2.77555756156289E-016,OK,2.99277038628023E-001;-5.55111512312578E-017
chisquare,survival,c_landmark_k44,landmark,s0.001,44,8.69169475979376E-311;0E+000,1.00000000000000E-003;0E+000,4.34584737989688E-311;0E+000,-7.14634743157304E+002;4.54747350886464E-013,OK,3.00247773900202E-001;-3.88578058618805E-016,OK,3.00247773900199E-001;0E+000
chisquare,survival,c_tie_k44,transform_stress,s0.001,44,8.69169475979425E-311;0E+000,1.00000000000000E-003;0E+000,4.34584737989688E-311;0E+000,-7.14634743157304E+002;4.54747350886464E-013,OK,3.00247773900202E-001;-3.88578058618805E-016,OK,3.00247773900199E-001;0E+000
chisquare,survival,c_landmark_k40,landmark,s0.001,40,5.43230922487110E-312;0E+000,1.00000000000000E-003;0E+000,2.71615461243555E-312;0E+000,-7.17407331879543E+002;-3.41060513164848E-013,OK,3.01217164379932E-001;5.55111512312578E-017,OK,3.01217164379895E-001;4.99600361081320E-016
chisquare,survival,c_tie_k40,transform_stress,s0.001,40,5.43230922487604E-312;0E+000,1.00000000000000E-003;0E+000,2.71615461243555E-312;0E+000,-7.17407331879542E+002;-4.54747350886464E-013,OK,3.01217164379932E-001;5.55111512312578E-017,OK,3.01217164379895E-001;2.22044604925031E-016
chisquare,survival,c_landmark_k36,landmark,s0.001,36,3.39519326554444E-313;0E+000,1.00000000000000E-003;0E+000,1.69759663277222E-313;0E+000,-7.20179920601783E+002;-1.13686837721616E-013,OK,3.02185211930090E-001;2.77555756156289E-016,OK,3.02185211930099E-001;2.22044604925031E-016
chisquare,survival,c_tie_k36,transform_stress,s0.001,36,3.39519326559384E-313;0E+000,1.00000000000000E-003;0E+000,1.69759663277222E-313;0E+000,-7.20179920601769E+002;4.54747350886464E-013,OK,3.02185211930090E-001;2.77555756156289E-016,OK,3.02185211930094E-001;1.11022302462516E-016
chisquare,survival,c_landmark_k32,landmark,s0.001,32,2.12199579096527E-314;0E+000,1.00000000000000E-003;0E+000,1.06099789548264E-314;0E+000,-7.22952509324023E+002;1.13686837721616E-013,OK,3.03151918411241E-001;-3.33066907387547E-016,OK,3.03151918411216E-001;-2.77555756156289E-016
chisquare,survival,c_tie_k32,transform_stress,s0.001,32,2.12199579145934E-314;0E+000,1.00000000000000E-003;0E+000,1.06099789548264E-314;0E+000,-7.22952509323790E+002;-1.13686837721616E-013,OK,3.03151918411241E-001;-3.33066907387547E-016,OK,3.03151918411135E-001;-3.88578058618805E-016
chisquare,survival,c_landmark_k28,landmark,s0.001,28,1.32624736935330E-315;0E+000,1.00000000000000E-003;0E+000,6.63123684676648E-316;0E+000,-7.25725098046263E+002;3.41060513164848E-013,OK,3.04117285681053E-001;2.22044604925031E-016,OK,3.04117285681074E-001;-3.33066907387547E-016
chisquare,survival,c_tie_k28,transform_stress,s0.001,28,1.32624737429395E-315;0E+000,1.00000000000000E-003;0E+000,6.63123684676648E-316;0E+000,-7.25725098042537E+002;-4.54747350886464E-013,OK,3.04117285681053E-001;2.22044604925031E-016,OK,3.04117285679777E-001;4.44089209850063E-016
chisquare,survival,c_landmark_k24,landmark,s0.001,24,8.28904605845809E-317;0E+000,1.00000000000000E-003;0E+000,4.14452302922905E-317;0E+000,-7.28497686768502E+002;-4.54747350886464E-013,OK,3.05081315594941E-001;0E+000,OK,3.05081315594928E-001;-3.88578058618805E-016
chisquare,survival,c_tie_k24,transform_stress,s0.001,24,8.28904655252374E-317;0E+000,1.00000000000000E-003;0E+000,4.14452302922905E-317;0E+000,-7.28497686708898E+002;1.13686837721616E-013,OK,3.05081315594941E-001;0E+000,OK,3.05081315574218E-001;-4.99600361081320E-016
chisquare,survival,c_landmark_k20,landmark,s0.001,20,5.18065378653631E-318;0E+000,1.00000000000000E-003;0E+000,2.59032689326815E-318;0E+000,-7.31270275490742E+002;-2.27373675443232E-013,OK,3.06044010005430E-001;4.44089209850063E-016,OK,3.06044010005462E-001;3.88578058618805E-016
chisquare,survival,c_tie_k20,transform_stress,s0.001,20,5.18065872719277E-318;0E+000,1.00000000000000E-003;0E+000,2.59032689326815E-318;0E+000,-7.31270274537068E+002;-4.54747350886464E-013,OK,3.06044010005430E-001;4.44089209850063E-016,OK,3.06044009674559E-001;-4.99600361081320E-016
chisquare,survival,c_landmark_k16,landmark,s0.001,16,3.23790861658519E-319;0E+000,1.00000000000000E-003;0E+000,1.61895430829260E-319;0E+000,-7.34042864212982E+002;-1.13686837721616E-013,OK,3.07005370762798E-001;-3.33066907387547E-016,OK,3.07005370762796E-001;-1.66533453693773E-016
chisquare,survival,c_tie_k16,transform_stress,s0.001,16,3.23795802314978E-319;0E+000,1.00000000000000E-003;0E+000,1.61895430829260E-319;0E+000,-7.34042848954309E+002;-4.54747350886464E-013,OK,3.07005370762798E-001;-3.33066907387547E-016,OK,3.07005365475707E-001;-2.22044604925031E-016
chisquare,survival,c_landmark_k12,landmark,s0.001,12,2.02369288536575E-320;0E+000,1.00000000000000E-003;0E+000,1.01184644268287E-320;0E+000,-7.36815452935222E+002;1.13686837721616E-013,OK,3.07965399714518E-001;4.44089209850063E-016,OK,3.07965399714483E-001;5.55111512312578E-017
chisquare,survival,c_tie_k12,transform_stress,s0.001,12,2.02418695101159E-320;0E+000,1.00000000000000E-003;0E+000,1.01184644268287E-320;0E+000,-7.36815208824394E+002;-3.41060513164848E-013,OK,3.07965399714518E-001;4.44089209850063E-016,OK,3.07965315247908E-001;4.44089209850063E-016
chisquare,survival,c_landmark_k8,landmark,s0.001,8,1.26480805335359E-321;0E+000,1.00000000000000E-003;0E+000,6.32404026676796E-322;0E+000,-7.39588041657462E+002;3.41060513164848E-013,OK,3.08924098705510E-001;-1.66533453693773E-016,OK,3.08924098705519E-001;4.44089209850063E-016
chisquare,survival,c_tie_k8,transform_stress,s0.001,8,1.26974870981200E-321;0E+000,1.00000000000000E-003;0E+000,6.32404026676796E-322;0E+000,-7.39584143017046E+002;1.13686837721616E-013,OK,3.08924098705510E-001;-1.66533453693773E-016,OK,3.08922751575987E-001;-5.55111512312578E-017
chisquare,survival,c_landmark_k4,landmark,s0.001,4,7.90505033345994E-323;0E+000,1.00000000000000E-003;0E+000,3.95252516672997E-323;0E+000,-7.42360630379701E+002;-3.41060513164848E-013,OK,3.09881469578368E-001;4.99600361081320E-016,OK,3.09881469578345E-001;-3.33066907387547E-016
chisquare,survival,c_tie_k4,transform_stress,s0.001,4,8.39911597930119E-323;0E+000,1.00000000000000E-003;0E+000,3.95252516672997E-323;0E+000,-7.42300005757885E+002;0E+000,OK,3.09881469578368E-001;4.99600361081320E-016,OK,3.09860550173831E-001;-1.11022302462516E-016
chisquare,survival,c_landmark_k2,landmark,s0.001,2,1.97626258336499E-323;0E+000,1.00000000000000E-003;0E+000,9.88131291682493E-324;0E+000,-7.43746924740821E+002;-2.27373675443232E-013,OK,3.10359657545494E-001;-2.22044604925031E-016,OK,3.10359657545492E-001;4.99600361081320E-016
chisquare,survival,c_tie_k2,transform_stress,s0.001,2,2.47032822920623E-323;0E+000,1.00000000000000E-003;0E+000,9.88131291682493E-324;0E+000,-7.43523781189507E+002;-1.13686837721616E-013,OK,3.10359657545494E-001;-2.22044604925031E-016,OK,3.10282708855349E-001;-1.11022302462516E-016
chisquare,survival,c_landmark_k1,landmark,s0.001,1,9.88131291682493E-324;0E+000,1.00000000000000E-003;0E+000,4.94065645841247E-324;0E+000,-7.44440071921381E+002;-2.27373675443232E-013,OK,3.10598627262281E-001;-3.88578058618805E-016,OK,3.10598627262291E-001;-4.44089209850063E-016
chisquare,survival,c_tie_k1,transform_stress,s0.001,1,1.48219693752374E-323;0E+000,1.00000000000000E-003;0E+000,9.88131291682493E-324;0E+000,-7.44034606813273E+002;-1.13686837721616E-013,OK,3.10359657545494E-001;-2.22044604925031E-016,OK,3.10458848992903E-001;0E+000
chisquare,survival,c_underflow_minsub,underflow,s0.001,0,4.94065645841247E-324;0E+000,1.00000000000000E-003;0E+000,0E+000;0E+000,-7.45133219101941E+002;-1.13686837721616E-013,OK,1.00000000000000E+000;0E+000,OK,3.10837514172846E-001;-1.11022302462516E-016
chisquare,survival,twin_c_landmark_k8,decimal_twin,s0.001,8,1.26480805335359E-321;0E+000,1.00000000000000E-003;0E+000,6.32404026676796E-322;0E+000,-7.39588041657462E+002;3.41060513164848E-013,OK,3.08924098705510E-001;-1.66533453693773E-016,OK,3.08924098705519E-001;4.44089209850063E-016
chisquare,survival,twin_c_landmark_k32,decimal_twin,s0.001,32,2.12199579096527E-314;0E+000,1.00000000000000E-003;0E+000,1.06099789548264E-314;0E+000,-7.22952509324023E+002;1.13686837721616E-013,OK,3.03151918411241E-001;-3.33066907387547E-016,OK,3.03151918411216E-001;-2.77555756156289E-016
chisquare,survival,c_landmark_k52,landmark,s0.002,52,2.22507385850720E-308;1.48219693752374E-323,2.00000000000000E-003;0E+000,1.11253692925360E-308;4.94065645841247E-324,-7.09089565712824E+002;0E+000,OK,5.07624268538747E-001;1.11022302462516E-016,OK,5.07624268538714E-001;4.44089209850063E-016
chisquare,survival,c_tie_k52,transform_stress,s0.002,52,2.22507385850720E-308;1.97626258336499E-323,2.00000000000000E-003;0E+000,1.11253692925360E-308;4.94065645841247E-324,-7.09089565712824E+002;0E+000,OK,5.07624268538747E-001;1.11022302462516E-016,OK,5.07624268538714E-001;4.44089209850063E-016
chisquare,survival,c_landmark_k48,landmark,s0.002,48,1.39067116156700E-309;0E+000,2.00000000000000E-003;0E+000,6.95335580783500E-310;0E+000,-7.11862154435064E+002;2.27373675443232E-013,OK,5.08987533179496E-001;0E+000,OK,5.08987533179472E-001;-2.22044604925031E-016
chisquare,survival,c_tie_k48,transform_stress,s0.002,48,1.39067116156701E-309;-4.94065645841247E-324,2.00000000000000E-003;0E+000,6.95335580783500E-310;0E+000,-7.11862154435064E+002;2.27373675443232E-013,OK,5.08987533179496E-001;0E+000,OK,5.08987533179472E-001;-2.22044604925031E-016
chisquare,survival,c_landmark_k44,landmark,s0.002,44,8.69169475979376E-311;0E+000,2.00000000000000E-003;0E+000,4.34584737989688E-311;0E+000,-7.14634743157304E+002;4.54747350886464E-013,OK,5.10347023283114E-001;2.22044604925031E-016,OK,5.10347023283098E-001;0E+000
chisquare,survival,c_tie_k44,transform_stress,s0.002,44,8.69169475979425E-311;0E+000,2.00000000000000E-003;0E+000,4.34584737989688E-311;0E+000,-7.14634743157304E+002;4.54747350886464E-013,OK,5.10347023283114E-001;2.22044604925031E-016,OK,5.10347023283098E-001;0E+000
chisquare,survival,c_landmark_k40,landmark,s0.002,40,5.43230922487110E-312;0E+000,2.00000000000000E-003;0E+000,2.71615461243555E-312;0E+000,-7.17407331879543E+002;-3.41060513164848E-013,OK,5.11702749300346E-001;1.11022302462516E-016,OK,5.11702749300338E-001;1.11022302462516E-016
chisquare,survival,c_tie_k40,transform_stress,s0.002,40,5.43230922487604E-312;0E+000,2.00000000000000E-003;0E+000,2.71615461243555E-312;0E+000,-7.17407331879542E+002;-4.54747350886464E-013,OK,5.11702749300346E-001;1.11022302462516E-016,OK,5.11702749300338E-001;-3.33066907387547E-016
chisquare,survival,c_landmark_k36,landmark,s0.002,36,3.39519326554444E-313;0E+000,2.00000000000000E-003;0E+000,1.69759663277222E-313;0E+000,-7.20179920601783E+002;-1.13686837721616E-013,OK,5.13054721653001E-001;-2.22044604925031E-016,OK,5.13054721653001E-001;0E+000
chisquare,survival,c_tie_k36,transform_stress,s0.002,36,3.39519326559384E-313;0E+000,2.00000000000000E-003;0E+000,1.69759663277222E-313;0E+000,-7.20179920601769E+002;4.54747350886464E-013,OK,5.13054721653001E-001;-2.22044604925031E-016,OK,5.13054721652994E-001;-1.11022302462516E-016
chisquare,survival,c_landmark_k32,landmark,s0.002,32,2.12199579096527E-314;0E+000,2.00000000000000E-003;0E+000,1.06099789548264E-314;0E+000,-7.22952509324023E+002;1.13686837721616E-013,OK,5.14402950734032E-001;2.22044604925031E-016,OK,5.14402950734040E-001;4.44089209850063E-016
chisquare,survival,c_tie_k32,transform_stress,s0.002,32,2.12199579145934E-314;0E+000,2.00000000000000E-003;0E+000,1.06099789548264E-314;0E+000,-7.22952509323790E+002;-1.13686837721616E-013,OK,5.14402950734032E-001;2.22044604925031E-016,OK,5.14402950733927E-001;4.44089209850063E-016
chisquare,survival,c_landmark_k28,landmark,s0.002,28,1.32624736935330E-315;0E+000,2.00000000000000E-003;0E+000,6.63123684676648E-316;0E+000,-7.25725098046263E+002;3.41060513164848E-013,OK,5.15747446907618E-001;4.44089209850063E-016,OK,5.15747446907635E-001;-3.33066907387547E-016
chisquare,survival,c_tie_k28,transform_stress,s0.002,28,1.32624737429395E-315;0E+000,2.00000000000000E-003;0E+000,6.63123684676648E-316;0E+000,-7.25725098042537E+002;-4.54747350886464E-013,OK,5.15747446907618E-001;4.44089209850063E-016,OK,5.15747446905831E-001;-3.33066907387547E-016
chisquare,survival,c_landmark_k24,landmark,s0.002,24,8.28904605845809E-317;0E+000,2.00000000000000E-003;0E+000,4.14452302922905E-317;0E+000,-7.28497686768502E+002;-4.54747350886464E-013,OK,5.17088220509297E-001;-3.33066907387547E-016,OK,5.17088220509266E-001;0E+000
chisquare,survival,c_tie_k24,transform_stress,s0.002,24,8.28904655252374E-317;0E+000,2.00000000000000E-003;0E+000,4.14452302922905E-317;0E+000,-7.28497686708898E+002;1.13686837721616E-013,OK,5.17088220509297E-001;-3.33066907387547E-016,OK,5.17088220480482E-001;2.22044604925031E-016
chisquare,survival,c_landmark_k20,landmark,s0.002,20,5.18065378653631E-318;0E+000,2.00000000000000E-003;0E+000,2.59032689326815E-318;0E+000,-7.31270275490742E+002;-2.27373675443232E-013,OK,5.18425281845823E-001;2.22044604925031E-016,OK,5.18425281845801E-001;-3.33066907387547E-016
chisquare,survival,c_tie_k20,transform_stress,s0.002,20,5.18065872719277E-318;0E+000,2.00000000000000E-003;0E+000,2.59032689326815E-318;0E+000,-7.31270274537068E+002;-4.54747350886464E-013,OK,5.18425281845823E-001;2.22044604925031E-016,OK,5.18425281386535E-001;4.44089209850063E-016
chisquare,survival,c_landmark_k16,landmark,s0.002,16,3.23790861658519E-319;0E+000,2.00000000000000E-003;0E+000,1.61895430829260E-319;0E+000,-7.34042864212982E+002;-1.13686837721616E-013,OK,5.19758641195582E-001;2.22044604925031E-016,OK,5.19758641195568E-001;-3.33066907387547E-016
chisquare,survival,c_tie_k16,transform_stress,s0.002,16,3.23795802314978E-319;0E+000,2.00000000000000E-003;0E+000,1.61895430829260E-319;0E+000,-7.34042848954309E+002;-4.54747350886464E-013,OK,5.19758641195582E-001;2.22044604925031E-016,OK,5.19758633867722E-001;-2.22044604925031E-016
chisquare,survival,c_landmark_k12,landmark,s0.002,12,2.02369288536575E-320;0E+000,2.00000000000000E-003;0E+000,1.01184644268287E-320;0E+000,-7.36815452935222E+002;1.13686837721616E-013,OK,5.21088308808444E-001;3.33066907387547E-016,OK,5.21088308808438E-001;-3.33066907387547E-016
chisquare,survival,c_tie_k12,transform_stress,s0.002,12,2.02418695101159E-320;0E+000,2.00000000000000E-003;0E+000,1.01184644268287E-320;0E+000,-7.36815208824394E+002;-3.41060513164848E-013,OK,5.21088308808444E-001;3.33066907387547E-016,OK,5.21088191900894E-001;2.22044604925031E-016
chisquare,survival,c_landmark_k8,landmark,s0.002,8,1.26480805335359E-321;0E+000,2.00000000000000E-003;0E+000,6.32404026676796E-322;0E+000,-7.39588041657462E+002;3.41060513164848E-013,OK,5.22414294905901E-001;2.22044604925031E-016,OK,5.22414294905903E-001;-4.44089209850063E-016
chisquare,survival,c_tie_k8,transform_stress,s0.002,8,1.26974870981200E-321;0E+000,2.00000000000000E-003;0E+000,6.32404026676796E-322;0E+000,-7.39584143017046E+002;1.13686837721616E-013,OK,5.22414294905901E-001;2.22044604925031E-016,OK,5.22412432967341E-001;2.22044604925031E-016
chisquare,survival,c_landmark_k4,landmark,s0.002,4,7.90505033345994E-323;0E+000,2.00000000000000E-003;0E+000,3.95252516672997E-323;0E+000,-7.42360630379701E+002;-3.41060513164848E-013,OK,5.23736609681143E-001;4.44089209850063E-016,OK,5.23736609681153E-001;-3.33066907387547E-016
chisquare,survival,c_tie_k4,transform_stress,s0.002,4,8.39911597930119E-323;0E+000,2.00000000000000E-003;0E+000,3.95252516672997E-323;0E+000,-7.42300005757885E+002;0E+000,OK,5.23736609681143E-001;4.44089209850063E-016,OK,5.23707735517996E-001;-2.22044604925031E-016
chisquare,survival,c_landmark_k2,landmark,s0.002,2,1.97626258336499E-323;0E+000,2.00000000000000E-003;0E+000,9.88131291682493E-324;0E+000,-7.43746924740821E+002;-2.27373675443232E-013,OK,5.24396393500614E-001;2.22044604925031E-016,OK,5.24396393500600E-001;2.22044604925031E-016
chisquare,survival,c_tie_k2,transform_stress,s0.002,2,2.47032822920623E-323;0E+000,2.00000000000000E-003;0E+000,9.88131291682493E-324;0E+000,-7.43523781189507E+002;-1.13686837721616E-013,OK,5.24396393500614E-001;2.22044604925031E-016,OK,5.24290253781072E-001;-3.33066907387547E-016
chisquare,survival,c_landmark_k1,landmark,s0.002,1,9.88131291682493E-324;0E+000,2.00000000000000E-003;0E+000,4.94065645841247E-324;0E+000,-7.44440071921381E+002;-2.27373675443232E-013,OK,5.24725942573308E-001;2.22044604925031E-016,OK,5.24725942573310E-001;-2.22044604925031E-016
chisquare,survival,c_tie_k1,transform_stress,s0.002,1,1.48219693752374E-323;0E+000,2.00000000000000E-003;0E+000,9.88131291682493E-324;0E+000,-7.44034606813273E+002;-1.13686837721616E-013,OK,5.24396393500614E-001;2.22044604925031E-016,OK,5.24533196452962E-001;-4.44089209850063E-016
chisquare,survival,c_underflow_minsub,underflow,s0.002,0,4.94065645841247E-324;0E+000,2.00000000000000E-003;0E+000,0E+000;0E+000,-7.45133219101941E+002;-1.13686837721616E-013,OK,1.00000000000000E+000;0E+000,OK,5.25055263299157E-001;-2.22044604925031E-016
chisquare,survival,twin_c_landmark_k8,decimal_twin,s0.002,8,1.26480805335359E-321;0E+000,2.00000000000000E-003;0E+000,6.32404026676796E-322;0E+000,-7.39588041657462E+002;3.41060513164848E-013,OK,5.22414294905901E-001;2.22044604925031E-016,OK,5.22414294905903E-001;-4.44089209850063E-016
chisquare,survival,twin_c_landmark_k32,decimal_twin,s0.002,32,2.12199579096527E-314;0E+000,2.00000000000000E-003;0E+000,1.06099789548264E-314;0E+000,-7.22952509324023E+002;1.13686837721616E-013,OK,5.14402950734032E-001;2.22044604925031E-016,OK,5.14402950734040E-001;4.44089209850063E-016
chisquare,survival,c_landmark_k52,landmark,s0.004,52,2.22507385850720E-308;1.48219693752374E-323,4.00000000000000E-003;0E+000,1.11253692925360E-308;4.94065645841247E-324,-7.09089565712824E+002;0E+000,OK,7.57566537273442E-001;3.33066907387547E-016,OK,7.57566537273432E-001;0E+000
chisquare,survival,c_tie_k52,transform_stress,s0.004,52,2.22507385850720E-308;1.97626258336499E-323,4.00000000000000E-003;0E+000,1.11253692925360E-308;4.94065645841247E-324,-7.09089565712824E+002;0E+000,OK,7.57566537273442E-001;3.33066907387547E-016,OK,7.57566537273432E-001;0E+000
chisquare,survival,c_landmark_k48,landmark,s0.004,48,1.39067116156700E-309;0E+000,4.00000000000000E-003;0E+000,6.95335580783500E-310;0E+000,-7.11862154435064E+002;2.27373675443232E-013,OK,7.58907153430281E-001;-2.22044604925031E-016,OK,7.58907153430279E-001;-4.44089209850063E-016
chisquare,survival,c_tie_k48,transform_stress,s0.004,48,1.39067116156701E-309;-4.94065645841247E-324,4.00000000000000E-003;0E+000,6.95335580783500E-310;0E+000,-7.11862154435064E+002;2.27373675443232E-013,OK,7.58907153430281E-001;-2.22044604925031E-016,OK,7.58907153430279E-001;-4.44089209850063E-016
chisquare,survival,c_landmark_k44,landmark,s0.004,44,8.69169475979376E-311;0E+000,4.00000000000000E-003;0E+000,4.34584737989688E-311;0E+000,-7.14634743157304E+002;4.54747350886464E-013,OK,7.60240356205898E-001;-1.11022302462516E-016,OK,7.60240356205904E-001;-3.33066907387547E-016
chisquare,survival,c_tie_k44,transform_stress,s0.004,44,8.69169475979425E-311;0E+000,4.00000000000000E-003;0E+000,4.34584737989688E-311;0E+000,-7.14634743157304E+002;4.54747350886464E-013,OK,7.60240356205898E-001;-1.11022302462516E-016,OK,7.60240356205904E-001;-3.33066907387547E-016
chisquare,survival,c_landmark_k40,landmark,s0.004,40,5.43230922487110E-312;0E+000,4.00000000000000E-003;0E+000,2.71615461243555E-312;0E+000,-7.17407331879543E+002;-3.41060513164848E-013,OK,7.61566186595069E-001;-2.22044604925031E-016,OK,7.61566186595055E-001;2.22044604925031E-016
chisquare,survival,c_tie_k40,transform_stress,s0.004,40,5.43230922487604E-312;0E+000,4.00000000000000E-003;0E+000,2.71615461243555E-312;0E+000,-7.17407331879542E+002;-4.54747350886464E-013,OK,7.61566186595069E-001;-2.22044604925031E-016,OK,7.61566186595055E-001;-2.22044604925031E-016
chisquare,survival,c_landmark_k36,landmark,s0.004,36,3.39519326554444E-313;0E+000,4.00000000000000E-003;0E+000,1.69759663277222E-313;0E+000,-7.20179920601783E+002;-1.13686837721616E-013,OK,7.62884685365792E-001;4.44089209850063E-016,OK,7.62884685365787E-001;-1.11022302462516E-016
chisquare,survival,c_tie_k36,transform_stress,s0.004,36,3.39519326559384E-313;0E+000,4.00000000000000E-003;0E+000,1.69759663277222E-313;0E+000,-7.20179920601769E+002;4.54747350886464E-013,OK,7.62884685365792E-001;4.44089209850063E-016,OK,7.62884685365780E-001;0E+000
chisquare,survival,c_landmark_k32,landmark,s0.004,32,2.12199579096527E-314;0E+000,4.00000000000000E-003;0E+000,1.06099789548264E-314;0E+000,-7.22952509324023E+002;1.13686837721616E-013,OK,7.64195893060709E-001;4.44089209850063E-016,OK,7.64195893060712E-001;-2.22044604925031E-016
chisquare,survival,c_tie_k32,transform_stress,s0.004,32,2.12199579145934E-314;0E+000,4.00000000000000E-003;0E+000,1.06099789548264E-314;0E+000,-7.22952509323790E+002;-1.13686837721616E-013,OK,7.64195893060709E-001;4.44089209850063E-016,OK,7.64195893060602E-001;0E+000
chisquare,survival,c_landmark_k28,landmark,s0.004,28,1.32624736935330E-315;0E+000,4.00000000000000E-003;0E+000,6.63123684676648E-316;0E+000,-7.25725098046263E+002;3.41060513164848E-013,OK,7.65499849998239E-001;3.33066907387547E-016,OK,7.65499849998249E-001;3.33066907387547E-016
chisquare,survival,c_tie_k28,transform_stress,s0.004,28,1.32624737429395E-315;0E+000,4.00000000000000E-003;0E+000,6.63123684676648E-316;0E+000,-7.25725098042537E+002;-4.54747350886464E-013,OK,7.65499849998239E-001;3.33066907387547E-016,OK,7.65499849996502E-001;2.22044604925031E-016
chisquare,survival,c_landmark_k24,landmark,s0.004,24,8.28904605845809E-317;0E+000,4.00000000000000E-003;0E+000,4.14452302922905E-317;0E+000,-7.28497686768502E+002;-4.54747350886464E-013,OK,7.66796596273874E-001;-2.22044604925031E-016,OK,7.66796596273865E-001;0E+000
chisquare,survival,c_tie_k24,transform_stress,s0.004,24,8.28904655252374E-317;0E+000,4.00000000000000E-003;0E+000,4.14452302922905E-317;0E+000,-7.28497686708898E+002;1.13686837721616E-013,OK,7.66796596273874E-001;-2.22044604925031E-016,OK,7.66796596246065E-001;0E+000
chisquare,survival,c_landmark_k20,landmark,s0.004,20,5.18065378653631E-318;0E+000,4.00000000000000E-003;0E+000,2.59032689326815E-318;0E+000,-7.31270275490742E+002;-2.27373675443232E-013,OK,7.68086171761304E-001;-2.22044604925031E-016,OK,7.68086171761303E-001;-2.22044604925031E-016
chisquare,survival,c_tie_k20,transform_stress,s0.004,20,5.18065872719277E-318;0E+000,4.00000000000000E-003;0E+000,2.59032689326815E-318;0E+000,-7.31270274537068E+002;-4.54747350886464E-013,OK,7.68086171761304E-001;-2.22044604925031E-016,OK,7.68086171318963E-001;-4.44089209850063E-016
chisquare,survival,c_landmark_k16,landmark,s0.004,16,3.23790861658519E-319;0E+000,4.00000000000000E-003;0E+000,1.61895430829260E-319;0E+000,-7.34042864212982E+002;-1.13686837721616E-013,OK,7.69368616113805E-001;2.22044604925031E-016,OK,7.69368616113812E-001;0E+000
chisquare,survival,c_tie_k16,transform_stress,s0.004,16,3.23795802314978E-319;0E+000,4.00000000000000E-003;0E+000,1.61895430829260E-319;0E+000,-7.34042848954309E+002;-4.54747350886464E-013,OK,7.69368616113805E-001;2.22044604925031E-016,OK,7.69368609075554E-001;2.22044604925031E-016
chisquare,survival,c_landmark_k12,landmark,s0.004,12,2.02369288536575E-320;0E+000,4.00000000000000E-003;0E+000,1.01184644268287E-320;0E+000,-7.36815452935222E+002;1.13686837721616E-013,OK,7.70643968765378E-001;-4.44089209850063E-016,OK,7.70643968765366E-001;-3.33066907387547E-016
chisquare,survival,c_tie_k12,transform_stress,s0.004,12,2.02418695101159E-320;0E+000,4.00000000000000E-003;0E+000,1.01184644268287E-320;0E+000,-7.36815208824394E+002;-3.41060513164848E-013,OK,7.70643968765378E-001;-4.44089209850063E-016,OK,7.70643856788757E-001;2.22044604925031E-016
chisquare,survival,c_landmark_k8,landmark,s0.004,8,1.26480805335359E-321;0E+000,4.00000000000000E-003;0E+000,6.32404026676796E-322;0E+000,-7.39588041657462E+002;3.41060513164848E-013,OK,7.71912268931878E-001;3.33066907387547E-016,OK,7.71912268931874E-001;2.22044604925031E-016
chisquare,survival,c_tie_k8,transform_stress,s0.004,8,1.26974870981200E-321;0E+000,4.00000000000000E-003;0E+000,6.32404026676796E-322;0E+000,-7.39584143017046E+002;1.13686837721616E-013,OK,7.71912268931878E-001;3.33066907387547E-016,OK,7.71910490460847E-001;2.22044604925031E-016
chisquare,survival,c_landmark_k4,landmark,s0.004,4,7.90505033345994E-323;0E+000,4.00000000000000E-003;0E+000,3.95252516672997E-323;0E+000,-7.42360630379701E+002;-3.41060513164848E-013,OK,7.73173555612387E-001;-1.11022302462516E-016,OK,7.73173555612390E-001;1.11022302462516E-016
chisquare,survival,c_tie_k4,transform_stress,s0.004,4,8.39911597930119E-323;0E+000,4.00000000000000E-003;0E+000,3.95252516672997E-323;0E+000,-7.42300005757885E+002;0E+000,OK,7.73173555612387E-001;-1.11022302462516E-016,OK,7.73146051410174E-001;1.11022302462516E-016
chisquare,survival,c_landmark_k2,landmark,s0.004,2,1.97626258336499E-323;0E+000,4.00000000000000E-003;0E+000,9.88131291682493E-324;0E+000,-7.43746924740821E+002;-2.27373675443232E-013,OK,7.73801581023596E-001;2.22044604925031E-016,OK,7.73801581023603E-001;2.22044604925031E-016
chisquare,survival,c_tie_k2,transform_stress,s0.004,2,2.47032822920623E-323;0E+000,4.00000000000000E-003;0E+000,9.88131291682493E-324;0E+000,-7.43523781189507E+002;-1.13686837721616E-013,OK,7.73801581023596E-001;2.22044604925031E-016,OK,7.73700609057012E-001;-2.22044604925031E-016
chisquare,survival,c_landmark_k1,landmark,s0.004,1,9.88131291682493E-324;0E+000,4.00000000000000E-003;0E+000,4.94065645841247E-324;0E+000,-7.44440071921381E+002;-2.27373675443232E-013,OK,7.74114941361309E-001;-2.22044604925031E-016,OK,7.74114941361305E-001;-1.11022302462516E-016
chisquare,survival,c_tie_k1,transform_stress,s0.004,1,1.48219693752374E-323;0E+000,4.00000000000000E-003;0E+000,9.88131291682493E-324;0E+000,-7.44034606813273E+002;-1.13686837721616E-013,OK,7.73801581023596E-001;2.22044604925031E-016,OK,7.73931690049892E-001;4.44089209850063E-016
chisquare,survival,c_underflow_minsub,underflow,s0.004,0,4.94065645841247E-324;0E+000,4.00000000000000E-003;0E+000,0E+000;0E+000,-7.45133219101941E+002;-1.13686837721616E-013,OK,1.00000000000000E+000;0E+000,OK,7.74427867590308E-001;1.11022302462516E-016
chisquare,survival,twin_c_landmark_k8,decimal_twin,s0.004,8,1.26480805335359E-321;0E+000,4.00000000000000E-003;0E+000,6.32404026676796E-322;0E+000,-7.39588041657462E+002;3.41060513164848E-013,OK,7.71912268931878E-001;3.33066907387547E-016,OK,7.71912268931874E-001;2.22044604925031E-016
chisquare,survival,twin_c_landmark_k32,decimal_twin,s0.004,32,2.12199579096527E-314;0E+000,4.00000000000000E-003;0E+000,1.06099789548264E-314;0E+000,-7.22952509324023E+002;1.13686837721616E-013,OK,7.64195893060709E-001;4.44089209850063E-016,OK,7.64195893060712E-001;-2.22044604925031E-016
chisquare,survival,c_landmark_k52,landmark,s1.0,52,2.22507385850720E-308;1.48219693752374E-323,1.00000000000000E+000;0E+000,1.11253692925360E-308;4.94065645841247E-324,-7.09089565712824E+002;0E+000,OK,1.00000000000000E+000;0E+000,OK,1.00000000000000E+000;0E+000
chisquare,survival,c_tie_k52,transform_stress,s1.0,52,2.22507385850720E-308;1.97626258336499E-323,1.00000000000000E+000;0E+000,1.11253692925360E-308;4.94065645841247E-324,-7.09089565712824E+002;0E+000,OK,1.00000000000000E+000;0E+000,OK,1.00000000000000E+000;0E+000
chisquare,survival,c_landmark_k48,landmark,s1.0,48,1.39067116156700E-309;0E+000,1.00000000000000E+000;0E+000,6.95335580783500E-310;0E+000,-7.11862154435064E+002;2.27373675443232E-013,OK,1.00000000000000E+000;0E+000,OK,1.00000000000000E+000;0E+000
chisquare,survival,c_tie_k48,transform_stress,s1.0,48,1.39067116156701E-309;-4.94065645841247E-324,1.00000000000000E+000;0E+000,6.95335580783500E-310;0E+000,-7.11862154435064E+002;2.27373675443232E-013,OK,1.00000000000000E+000;0E+000,OK,1.00000000000000E+000;0E+000
chisquare,survival,c_landmark_k44,landmark,s1.0,44,8.69169475979376E-311;0E+000,1.00000000000000E+000;0E+000,4.34584737989688E-311;0E+000,-7.14634743157304E+002;4.54747350886464E-013,OK,1.00000000000000E+000;0E+000,OK,1.00000000000000E+000;0E+000
chisquare,survival,c_tie_k44,transform_stress,s1.0,44,8.69169475979425E-311;0E+000,1.00000000000000E+000;0E+000,4.34584737989688E-311;0E+000,-7.14634743157304E+002;4.54747350886464E-013,OK,1.00000000000000E+000;0E+000,OK,1.00000000000000E+000;0E+000
chisquare,survival,c_landmark_k40,landmark,s1.0,40,5.43230922487110E-312;0E+000,1.00000000000000E+000;0E+000,2.71615461243555E-312;0E+000,-7.17407331879543E+002;-3.41060513164848E-013,OK,1.00000000000000E+000;0E+000,OK,1.00000000000000E+000;0E+000
chisquare,survival,c_tie_k40,transform_stress,s1.0,40,5.43230922487604E-312;0E+000,1.00000000000000E+000;0E+000,2.71615461243555E-312;0E+000,-7.17407331879542E+002;-4.54747350886464E-013,OK,1.00000000000000E+000;0E+000,OK,1.00000000000000E+000;0E+000
chisquare,survival,c_landmark_k36,landmark,s1.0,36,3.39519326554444E-313;0E+000,1.00000000000000E+000;0E+000,1.69759663277222E-313;0E+000,-7.20179920601783E+002;-1.13686837721616E-013,OK,1.00000000000000E+000;0E+000,OK,1.00000000000000E+000;0E+000
chisquare,survival,c_tie_k36,transform_stress,s1.0,36,3.39519326559384E-313;0E+000,1.00000000000000E+000;0E+000,1.69759663277222E-313;0E+000,-7.20179920601769E+002;4.54747350886464E-013,OK,1.00000000000000E+000;0E+000,OK,1.00000000000000E+000;0E+000
chisquare,survival,c_landmark_k32,landmark,s1.0,32,2.12199579096527E-314;0E+000,1.00000000000000E+000;0E+000,1.06099789548264E-314;0E+000,-7.22952509324023E+002;1.13686837721616E-013,OK,1.00000000000000E+000;0E+000,OK,1.00000000000000E+000;0E+000
chisquare,survival,c_tie_k32,transform_stress,s1.0,32,2.12199579145934E-314;0E+000,1.00000000000000E+000;0E+000,1.06099789548264E-314;0E+000,-7.22952509323790E+002;-1.13686837721616E-013,OK,1.00000000000000E+000;0E+000,OK,1.00000000000000E+000;0E+000
chisquare,survival,c_landmark_k28,landmark,s1.0,28,1.32624736935330E-315;0E+000,1.00000000000000E+000;0E+000,6.63123684676648E-316;0E+000,-7.25725098046263E+002;3.41060513164848E-013,OK,1.00000000000000E+000;0E+000,OK,1.00000000000000E+000;0E+000
chisquare,survival,c_tie_k28,transform_stress,s1.0,28,1.32624737429395E-315;0E+000,1.00000000000000E+000;0E+000,6.63123684676648E-316;0E+000,-7.25725098042537E+002;-4.54747350886464E-013,OK,1.00000000000000E+000;0E+000,OK,1.00000000000000E+000;0E+000
chisquare,survival,c_landmark_k24,landmark,s1.0,24,8.28904605845809E-317;0E+000,1.00000000000000E+000;0E+000,4.14452302922905E-317;0E+000,-7.28497686768502E+002;-4.54747350886464E-013,OK,1.00000000000000E+000;0E+000,OK,1.00000000000000E+000;0E+000
chisquare,survival,c_tie_k24,transform_stress,s1.0,24,8.28904655252374E-317;0E+000,1.00000000000000E+000;0E+000,4.14452302922905E-317;0E+000,-7.28497686708898E+002;1.13686837721616E-013,OK,1.00000000000000E+000;0E+000,OK,1.00000000000000E+000;0E+000
chisquare,survival,c_landmark_k20,landmark,s1.0,20,5.18065378653631E-318;0E+000,1.00000000000000E+000;0E+000,2.59032689326815E-318;0E+000,-7.31270275490742E+002;-2.27373675443232E-013,OK,1.00000000000000E+000;0E+000,OK,1.00000000000000E+000;0E+000
chisquare,survival,c_tie_k20,transform_stress,s1.0,20,5.18065872719277E-318;0E+000,1.00000000000000E+000;0E+000,2.59032689326815E-318;0E+000,-7.31270274537068E+002;-4.54747350886464E-013,OK,1.00000000000000E+000;0E+000,OK,1.00000000000000E+000;0E+000
chisquare,survival,c_landmark_k16,landmark,s1.0,16,3.23790861658519E-319;0E+000,1.00000000000000E+000;0E+000,1.61895430829260E-319;0E+000,-7.34042864212982E+002;-1.13686837721616E-013,OK,1.00000000000000E+000;0E+000,OK,1.00000000000000E+000;0E+000
chisquare,survival,c_tie_k16,transform_stress,s1.0,16,3.23795802314978E-319;0E+000,1.00000000000000E+000;0E+000,1.61895430829260E-319;0E+000,-7.34042848954309E+002;-4.54747350886464E-013,OK,1.00000000000000E+000;0E+000,OK,1.00000000000000E+000;0E+000
chisquare,survival,c_landmark_k12,landmark,s1.0,12,2.02369288536575E-320;0E+000,1.00000000000000E+000;0E+000,1.01184644268287E-320;0E+000,-7.36815452935222E+002;1.13686837721616E-013,OK,1.00000000000000E+000;0E+000,OK,1.00000000000000E+000;0E+000
chisquare,survival,c_tie_k12,transform_stress,s1.0,12,2.02418695101159E-320;0E+000,1.00000000000000E+000;0E+000,1.01184644268287E-320;0E+000,-7.36815208824394E+002;-3.41060513164848E-013,OK,1.00000000000000E+000;0E+000,OK,1.00000000000000E+000;0E+000
chisquare,survival,c_landmark_k8,landmark,s1.0,8,1.26480805335359E-321;0E+000,1.00000000000000E+000;0E+000,6.32404026676796E-322;0E+000,-7.39588041657462E+002;3.41060513164848E-013,OK,1.00000000000000E+000;0E+000,OK,1.00000000000000E+000;0E+000
chisquare,survival,c_tie_k8,transform_stress,s1.0,8,1.26974870981200E-321;0E+000,1.00000000000000E+000;0E+000,6.32404026676796E-322;0E+000,-7.39584143017046E+002;1.13686837721616E-013,OK,1.00000000000000E+000;0E+000,OK,1.00000000000000E+000;0E+000
chisquare,survival,c_landmark_k4,landmark,s1.0,4,7.90505033345994E-323;0E+000,1.00000000000000E+000;0E+000,3.95252516672997E-323;0E+000,-7.42360630379701E+002;-3.41060513164848E-013,OK,1.00000000000000E+000;0E+000,OK,1.00000000000000E+000;0E+000
chisquare,survival,c_tie_k4,transform_stress,s1.0,4,8.39911597930119E-323;0E+000,1.00000000000000E+000;0E+000,3.95252516672997E-323;0E+000,-7.42300005757885E+002;0E+000,OK,1.00000000000000E+000;0E+000,OK,1.00000000000000E+000;0E+000
chisquare,survival,c_landmark_k2,landmark,s1.0,2,1.97626258336499E-323;0E+000,1.00000000000000E+000;0E+000,9.88131291682493E-324;0E+000,-7.43746924740821E+002;-2.27373675443232E-013,OK,1.00000000000000E+000;0E+000,OK,1.00000000000000E+000;0E+000
chisquare,survival,c_tie_k2,transform_stress,s1.0,2,2.47032822920623E-323;0E+000,1.00000000000000E+000;0E+000,9.88131291682493E-324;0E+000,-7.43523781189507E+002;-1.13686837721616E-013,OK,1.00000000000000E+000;0E+000,OK,1.00000000000000E+000;0E+000
chisquare,survival,c_landmark_k1,landmark,s1.0,1,9.88131291682493E-324;0E+000,1.00000000000000E+000;0E+000,4.94065645841247E-324;0E+000,-7.44440071921381E+002;-2.27373675443232E-013,OK,1.00000000000000E+000;0E+000,OK,1.00000000000000E+000;0E+000
chisquare,survival,c_tie_k1,transform_stress,s1.0,1,1.48219693752374E-323;0E+000,1.00000000000000E+000;0E+000,9.88131291682493E-324;0E+000,-7.44034606813273E+002;-1.13686837721616E-013,OK,1.00000000000000E+000;0E+000,OK,1.00000000000000E+000;0E+000
chisquare,survival,c_underflow_minsub,underflow,s1.0,0,4.94065645841247E-324;0E+000,1.00000000000000E+000;0E+000,0E+000;0E+000,-7.45133219101941E+002;-1.13686837721616E-013,OK,1.00000000000000E+000;0E+000,OK,1.00000000000000E+000;0E+000
chisquare,survival,twin_c_landmark_k8,decimal_twin,s1.0,8,1.26480805335359E-321;0E+000,1.00000000000000E+000;0E+000,6.32404026676796E-322;0E+000,-7.39588041657462E+002;3.41060513164848E-013,OK,1.00000000000000E+000;0E+000,OK,1.00000000000000E+000;0E+000
chisquare,survival,twin_c_landmark_k32,decimal_twin,s1.0,32,2.12199579096527E-314;0E+000,1.00000000000000E+000;0E+000,1.06099789548264E-314;0E+000,-7.22952509324023E+002;1.13686837721616E-013,OK,1.00000000000000E+000;0E+000,OK,1.00000000000000E+000;0E+000
