family,surface,point_id,construction,shape_id,bucket_bits,echo_x,echo_shape,echo_scale,stored_standardx,log_standardx,current_status,current_value,candidate_status,candidate_value
gamma,density,g_landmark_k52,landmark,s0.001,52,1.11253692925360E-308;4.94065645841247E-324,1.00000000000000E-003;0E+000,1.00000000000000E+000;0E+000,1.11253692925360E-308;4.94065645841247E-324,-7.09089565712824E+002;-1.13686837721616E-013,OK,4.42570236110367E+304;-2.92359420342000E+289,OK,4.42570236110417E+304;0E+000
gamma,density,g_s13_k52,transform_stress,s0.001,52,3.33761078776080E-308;2.47032822920623E-323,1.00000000000000E-003;0E+000,3.00000000000000E+000;0E+000,1.11253692925360E-308;4.94065645841247E-324,-7.09089565712824E+002;-1.13686837721616E-013,OK,1.47523412036798E+304;-3.65449275427500E+289,OK,1.47523412036798E+304;-3.65449275427500E+289
gamma,density,g_s12_k52,transform_stress,s0.001,52,2.22507385850720E-308;1.97626258336499E-323,1.00000000000000E-003;0E+000,2.00000000000000E+000;0E+000,1.11253692925360E-308;4.94065645841247E-324,-7.09089565712824E+002;0E+000,OK,2.21285118055170E+304;3.41085990399000E+289,OK,2.21285118055170E+304;3.41085990399000E+289
gamma,density,g_s23_k52,transform_stress,s0.001,52,3.33761078776080E-308;2.96439387504748E-323,1.00000000000000E-003;0E+000,3.00000000000000E+000;0E+000,1.11253692925360E-308;9.88131291682493E-324,-7.09089565712824E+002;-1.13686837721616E-013,OK,1.47523412036798E+304;-3.65449275427500E+289,OK,1.47523412036798E+304;-3.65449275427500E+289
gamma,density,g_landmark_k48,landmark,s0.001,48,6.95335580783500E-310;0E+000,1.00000000000000E-003;0E+000,1.00000000000000E+000;0E+000,6.95335580783500E-310;0E+000,-7.11862154435064E+002;1.13686837721616E-013,OK,7.06151792588052E+305;-1.55925024182400E+290,OK,7.06151792588052E+305;-1.55925024182400E+290
gamma,density,g_s13_k48,transform_stress,s0.001,48,2.08600674235051E-309;-4.94065645841247E-324,1.00000000000000E-003;0E+000,3.00000000000000E+000;0E+000,6.95335580783500E-310;0E+000,-7.11862154435064E+002;1.13686837721616E-013,OK,2.35383930862698E+305;-1.16943768136800E+290,OK,2.35383930862698E+305;-1.16943768136800E+290
gamma,density,g_s12_k48,transform_stress,s0.001,48,1.39067116156701E-309;-4.94065645841247E-324,1.00000000000000E-003;0E+000,2.00000000000000E+000;0E+000,6.95335580783500E-310;0E+000,-7.11862154435064E+002;2.27373675443232E-013,OK,3.53075896294005E+305;1.55925024182400E+290,OK,3.53075896294005E+305;1.55925024182400E+290
gamma,density,g_s23_k48,transform_stress,s0.001,48,2.08600674235051E-309;0E+000,1.00000000000000E-003;0E+000,3.00000000000000E+000;0E+000,6.95335580783505E-310;0E+000,-7.11862154435064E+002;1.13686837721616E-013,OK,2.35383930862698E+305;-1.16943768136800E+290,OK,2.35383930862698E+305;-1.16943768136800E+290
gamma,density,g_landmark_k44,landmark,s0.001,44,4.34584737989688E-311;0E+000,1.00000000000000E-003;0E+000,1.00000000000000E+000;0E+000,4.34584737989688E-311;0E+000,-7.14634743157304E+002;3.41060513164848E-013,OK,1.12671461722737E+307;1.24740019345920E+292,OK,1.12671461722737E+307;1.24740019345920E+292
gamma,density,g_s13_k44,transform_stress,s0.001,44,1.30375421396911E-310;0E+000,1.00000000000000E-003;0E+000,3.00000000000000E+000;0E+000,4.34584737989688E-311;0E+000,-7.14634743157304E+002;3.41060513164848E-013,OK,3.75571539075813E+306;-3.74220058037760E+291,OK,3.75571539075813E+306;-3.74220058037760E+291
gamma,density,g_s12_k44,transform_stress,s0.001,44,8.69169475979425E-311;0E+000,1.00000000000000E-003;0E+000,2.00000000000000E+000;0E+000,4.34584737989688E-311;0E+000,-7.14634743157304E+002;4.54747350886464E-013,OK,5.63357308613653E+306;-4.98960077383680E+291,OK,5.63357308613653E+306;-4.98960077383680E+291
gamma,density,g_s23_k44,transform_stress,s0.001,44,1.30375421396916E-310;0E+000,1.00000000000000E-003;0E+000,3.00000000000000E+000;0E+000,4.34584737989737E-311;0E+000,-7.14634743157304E+002;4.54747350886464E-013,OK,3.75571539075770E+306;-6.23700096729600E+290,OK,3.75571539075770E+306;-6.23700096729600E+290
gamma,density,g_landmark_k40,landmark,s0.001,40,2.71615461243555E-312;0E+000,1.00000000000000E-003;0E+000,1.00000000000000E+000;0E+000,2.71615461243555E-312;0E+000,-7.17407331879543E+002;-4.54747350886464E-013,CVERR,,ERROR,
gamma,density,g_s13_k40,transform_stress,s0.001,40,8.14846383731159E-312;0E+000,1.00000000000000E-003;0E+000,3.00000000000000E+000;0E+000,2.71615461243555E-312;0E+000,-7.17407331879543E+002;1.13686837721616E-013,OK,5.99250681415346E+307;1.99584030953472E+292,OK,5.99250681415346E+307;1.99584030953472E+292
gamma,density,g_s12_k40,transform_stress,s0.001,40,5.43230922487604E-312;0E+000,1.00000000000000E-003;0E+000,2.00000000000000E+000;0E+000,2.71615461243555E-312;0E+000,-7.17407331879542E+002;-4.54747350886464E-013,OK,8.98876022122607E+307;-1.99584030953472E+292,OK,8.98876022122607E+307;-1.99584030953472E+292
gamma,density,g_s23_k40,transform_stress,s0.001,40,8.14846383731653E-312;0E+000,1.00000000000000E-003;0E+000,3.00000000000000E+000;0E+000,2.71615461244049E-312;0E+000,-7.17407331879542E+002;-2.27373675443232E-013,OK,5.99250681414937E+307;3.99168061906944E+292,OK,5.99250681414937E+307;3.99168061906944E+292
gamma,density,g_landmark_k36,landmark,s0.001,36,1.69759663277222E-313;0E+000,1.00000000000000E-003;0E+000,1.00000000000000E+000;0E+000,1.69759663277222E-313;0E+000,-7.20179920601783E+002;-1.13686837721616E-013,CVERR,,ERROR,
gamma,density,g_s13_k36,transform_stress,s0.001,36,5.09278989836606E-313;0E+000,1.00000000000000E-003;0E+000,3.00000000000000E+000;0E+000,1.69759663277222E-313;0E+000,-7.20179920601774E+002;4.54747350886464E-013,CVERR,,ERROR,
gamma,density,g_s12_k36,transform_stress,s0.001,36,3.39519326559384E-313;0E+000,1.00000000000000E-003;0E+000,2.00000000000000E+000;0E+000,1.69759663277222E-313;0E+000,-7.20179920601769E+002;4.54747350886464E-013,CVERR,,ERROR,
gamma,density,g_s23_k36,transform_stress,s0.001,36,5.09278989841547E-313;0E+000,1.00000000000000E-003;0E+000,3.00000000000000E+000;0E+000,1.69759663282162E-313;0E+000,-7.20179920601764E+002;2.27373675443232E-013,CVERR,,ERROR,
gamma,density,g_landmark_k32,landmark,s0.001,32,1.06099789548264E-314;0E+000,1.00000000000000E-003;0E+000,1.00000000000000E+000;0E+000,1.06099789548264E-314;0E+000,-7.22952509324023E+002;1.13686837721616E-013,CVERR,,ERROR,
gamma,density,g_s13_k32,transform_stress,s0.001,32,3.18299368694197E-314;0E+000,1.00000000000000E-003;0E+000,3.00000000000000E+000;0E+000,1.06099789548264E-314;0E+000,-7.22952509323868E+002;1.13686837721616E-013,CVERR,,ERROR,
gamma,density,g_s12_k32,transform_stress,s0.001,32,2.12199579145934E-314;0E+000,1.00000000000000E-003;0E+000,2.00000000000000E+000;0E+000,1.06099789548264E-314;0E+000,-7.22952509323790E+002;-1.13686837721616E-013,CVERR,,ERROR,
gamma,density,g_s23_k32,transform_stress,s0.001,32,3.18299368743604E-314;0E+000,1.00000000000000E-003;0E+000,3.00000000000000E+000;0E+000,1.06099789597670E-314;0E+000,-7.22952509323713E+002;4.54747350886464E-013,CVERR,,ERROR,
gamma,density,g_landmark_k28,landmark,s0.001,28,6.63123684676648E-316;0E+000,1.00000000000000E-003;0E+000,1.00000000000000E+000;0E+000,6.63123684676648E-316;0E+000,-7.25725098046263E+002;3.41060513164848E-013,CVERR,,ERROR,
gamma,density,g_s13_k28,transform_stress,s0.001,28,1.98937105897060E-315;0E+000,1.00000000000000E-003;0E+000,3.00000000000000E+000;0E+000,6.63123684676648E-316;0E+000,-7.25725098043779E+002;-2.27373675443232E-013,CVERR,,ERROR,
gamma,density,g_s12_k28,transform_stress,s0.001,28,1.32624737429395E-315;0E+000,1.00000000000000E-003;0E+000,2.00000000000000E+000;0E+000,6.63123684676648E-316;0E+000,-7.25725098042537E+002;-4.54747350886464E-013,CVERR,,ERROR,
gamma,density,g_s23_k28,transform_stress,s0.001,28,1.98937106391126E-315;0E+000,1.00000000000000E-003;0E+000,3.00000000000000E+000;0E+000,6.63123689617304E-316;0E+000,-7.25725098041296E+002;2.27373675443232E-013,CVERR,,ERROR,
gamma,density,g_landmark_k24,landmark,s0.001,24,4.14452302922905E-317;0E+000,1.00000000000000E-003;0E+000,1.00000000000000E+000;0E+000,4.14452302922905E-317;0E+000,-7.28497686768502E+002;-4.54747350886464E-013,CVERR,,ERROR,
gamma,density,g_s13_k24,transform_stress,s0.001,24,1.24335695817528E-316;0E+000,1.00000000000000E-003;0E+000,3.00000000000000E+000;0E+000,4.14452302922905E-317;0E+000,-7.28497686728766E+002;-1.13686837721616E-013,CVERR,,ERROR,
gamma,density,g_s12_k24,transform_stress,s0.001,24,8.28904655252374E-317;0E+000,1.00000000000000E-003;0E+000,2.00000000000000E+000;0E+000,4.14452302922905E-317;0E+000,-7.28497686708898E+002;1.13686837721616E-013,CVERR,,ERROR,
gamma,density,g_s23_k24,transform_stress,s0.001,24,1.24335700758184E-316;0E+000,1.00000000000000E-003;0E+000,3.00000000000000E+000;0E+000,4.14452352329469E-317;0E+000,-7.28497686689030E+002;3.41060513164848E-013,CVERR,,ERROR,
gamma,density,g_landmark_k20,landmark,s0.001,20,2.59032689326815E-318;0E+000,1.00000000000000E-003;0E+000,1.00000000000000E+000;0E+000,2.59032689326815E-318;0E+000,-7.31270275490742E+002;-2.27373675443232E-013,CVERR,,ERROR,
gamma,density,g_s13_k20,transform_stress,s0.001,20,7.77098562046092E-318;0E+000,1.00000000000000E-003;0E+000,3.00000000000000E+000;0E+000,2.59032689326815E-318;0E+000,-7.31270274854960E+002;3.41060513164848E-013,CVERR,,ERROR,
gamma,density,g_s12_k20,transform_stress,s0.001,20,5.18065872719277E-318;0E+000,1.00000000000000E-003;0E+000,2.00000000000000E+000;0E+000,2.59032689326815E-318;0E+000,-7.31270274537068E+002;-4.54747350886464E-013,CVERR,,ERROR,
gamma,density,g_s23_k20,transform_stress,s0.001,20,7.77099056111738E-318;0E+000,1.00000000000000E-003;0E+000,3.00000000000000E+000;0E+000,2.59033183392461E-318;0E+000,-7.31270274219177E+002;-3.41060513164848E-013,CVERR,,ERROR,
gamma,density,g_landmark_k16,landmark,s0.001,16,1.61895430829260E-319;0E+000,1.00000000000000E-003;0E+000,1.00000000000000E+000;0E+000,1.61895430829260E-319;0E+000,-7.34042864212982E+002;-1.13686837721616E-013,CVERR,,ERROR,
gamma,density,g_s13_k16,transform_stress,s0.001,16,4.85691233144237E-319;0E+000,1.00000000000000E-003;0E+000,3.00000000000000E+000;0E+000,1.61895430829260E-319;0E+000,-7.34042854040508E+002;2.27373675443232E-013,CVERR,,ERROR,
gamma,density,g_s12_k16,transform_stress,s0.001,16,3.23795802314978E-319;0E+000,1.00000000000000E-003;0E+000,2.00000000000000E+000;0E+000,1.61895430829260E-319;0E+000,-7.34042848954309E+002;-4.54747350886464E-013,CVERR,,ERROR,
gamma,density,g_s23_k16,transform_stress,s0.001,16,4.85696173800696E-319;0E+000,1.00000000000000E-003;0E+000,3.00000000000000E+000;0E+000,1.61900371485718E-319;0E+000,-7.34042843868137E+002;0E+000,CVERR,,ERROR,
gamma,density,g_landmark_k12,landmark,s0.001,12,1.01184644268287E-320;0E+000,1.00000000000000E-003;0E+000,1.00000000000000E+000;0E+000,1.01184644268287E-320;0E+000,-7.36815452935222E+002;1.13686837721616E-013,CVERR,,ERROR,
gamma,density,g_s13_k12,transform_stress,s0.001,12,3.03603339369446E-320;0E+000,1.00000000000000E-003;0E+000,3.00000000000000E+000;0E+000,1.01184644268287E-320;0E+000,-7.36815290188049E+002;-3.41060513164848E-013,CVERR,,ERROR,
gamma,density,g_s12_k12,transform_stress,s0.001,12,2.02418695101159E-320;0E+000,1.00000000000000E-003;0E+000,2.00000000000000E+000;0E+000,1.01184644268287E-320;0E+000,-7.36815208824394E+002;-3.41060513164848E-013,CVERR,,ERROR,
gamma,density,g_s23_k12,transform_stress,s0.001,12,3.03652745934030E-320;0E+000,1.00000000000000E-003;0E+000,3.00000000000000E+000;0E+000,1.01234050832871E-320;0E+000,-7.36815127467359E+002;0E+000,CVERR,,ERROR,
gamma,density,g_landmark_k8,landmark,s0.001,8,6.32404026676796E-322;0E+000,1.00000000000000E-003;0E+000,1.00000000000000E+000;0E+000,6.32404026676796E-322;0E+000,-7.39588041657462E+002;3.41060513164848E-013,CVERR,,ERROR,
gamma,density,g_s13_k8,transform_stress,s0.001,8,1.90215273648880E-321;0E+000,1.00000000000000E-003;0E+000,3.00000000000000E+000;0E+000,6.32404026676796E-322;0E+000,-7.39585440875762E+002;3.41060513164848E-013,CVERR,,ERROR,
gamma,density,g_s12_k8,transform_stress,s0.001,8,1.26974870981200E-321;0E+000,1.00000000000000E-003;0E+000,2.00000000000000E+000;0E+000,6.32404026676796E-322;0E+000,-7.39584143017046E+002;1.13686837721616E-013,CVERR,,ERROR,
gamma,density,g_s23_k8,transform_stress,s0.001,8,1.90709339294721E-321;0E+000,1.00000000000000E-003;0E+000,3.00000000000000E+000;0E+000,6.37344683135208E-322;0E+000,-7.39582846840585E+002;4.54747350886464E-013,CVERR,,ERROR,
gamma,density,g_landmark_k4,landmark,s0.001,4,3.95252516672997E-323;0E+000,1.00000000000000E-003;0E+000,1.00000000000000E+000;0E+000,3.95252516672997E-323;0E+000,-7.42360630379701E+002;-4.54747350886464E-013,CVERR,,ERROR,
gamma,density,g_s13_k4,transform_stress,s0.001,4,1.23516411460312E-322;0E+000,1.00000000000000E-003;0E+000,3.00000000000000E+000;0E+000,3.95252516672997E-323;0E+000,-7.42319808385181E+002;-2.27373675443232E-013,CVERR,,ERROR,
gamma,density,g_s12_k4,transform_stress,s0.001,4,8.39911597930119E-323;0E+000,1.00000000000000E-003;0E+000,2.00000000000000E+000;0E+000,3.95252516672997E-323;0E+000,-7.42300005757885E+002;0E+000,CVERR,,ERROR,
gamma,density,g_s23_k4,transform_stress,s0.001,4,1.28457067918724E-322;0E+000,1.00000000000000E-003;0E+000,3.00000000000000E+000;0E+000,4.44659081257122E-323;0E+000,-7.42280587672028E+002;0E+000,CVERR,,ERROR,
gamma,density,g_landmark_k2,landmark,s0.001,2,9.88131291682493E-324;0E+000,1.00000000000000E-003;0E+000,1.00000000000000E+000;0E+000,9.88131291682493E-324;0E+000,-7.43746924740821E+002;-3.41060513164848E-013,CVERR,,ERROR,
gamma,density,g_s13_k2,transform_stress,s0.001,2,3.45845952088873E-323;0E+000,1.00000000000000E-003;0E+000,3.00000000000000E+000;0E+000,9.88131291682493E-324;0E+000,-7.43592774060994E+002;-1.13686837721616E-013,CVERR,,ERROR,
gamma,density,g_s12_k2,transform_stress,s0.001,2,2.47032822920623E-323;0E+000,1.00000000000000E-003;0E+000,2.00000000000000E+000;0E+000,9.88131291682493E-324;0E+000,-7.43523781189507E+002;-1.13686837721616E-013,CVERR,,ERROR,
gamma,density,g_s23_k2,transform_stress,s0.001,2,3.95252516672997E-323;0E+000,1.00000000000000E-003;0E+000,3.00000000000000E+000;0E+000,1.48219693752374E-323;0E+000,-7.43459242668370E+002;4.54747350886464E-013,CVERR,,ERROR,
gamma,density,g_landmark_k1,landmark,s0.001,1,4.94065645841247E-324;0E+000,1.00000000000000E-003;0E+000,1.00000000000000E+000;0E+000,4.94065645841247E-324;0E+000,-7.44440071921381E+002;-2.27373675443232E-013,CVERR,,ERROR,
gamma,density,g_s13_k1,transform_stress,s0.001,1,1.97626258336499E-323;0E+000,1.00000000000000E-003;0E+000,3.00000000000000E+000;0E+000,4.94065645841247E-324;0E+000,-7.44152389848929E+002;-4.54747350886464E-013,CVERR,,ERROR,
gamma,density,g_s12_k1,transform_stress,s0.001,1,1.48219693752374E-323;0E+000,1.00000000000000E-003;0E+000,2.00000000000000E+000;0E+000,9.88131291682493E-324;0E+000,-7.44034606813273E+002;-1.13686837721616E-013,CVERR,,ERROR,
gamma,density,g_s23_k1,transform_stress,s0.001,1,2.47032822920623E-323;0E+000,1.00000000000000E-003;0E+000,3.00000000000000E+000;0E+000,9.88131291682493E-324;0E+000,-7.43929246297615E+002;-3.41060513164848E-013,CVERR,,ERROR,
gamma,density,g_underflow_minsub,underflow,s0.001,0,4.94065645841247E-324;0E+000,1.00000000000000E-003;0E+000,4.00000000000000E+000;0E+000,0E+000;0E+000,-7.45826366282501E+002;-1.13686837721616E-013,CVERR,,ERROR,
gamma,density,g_underflow_wide,underflow,s0.001,0,1.00000000000000E-300;0E+000,1.00000000000000E-003;0E+000,1.00000000000000E+300;0E+000,0E+000;0E+000,-1.38155105579643E+003;2.72848410531878E-012,CVERR,,OK,2.51333468411004E+296;-1.45216494968534E+281
gamma,density,g_underflow_deep,underflow,s0.001,0,1.00000000000000E-200;0E+000,1.00000000000000E-003;0E+000,1.00000000000000E+200;0E+000,0E+000;0E+000,-9.21034037197618E+002;-3.41060513164848E-013,CVERR,,OK,3.98336703122235E+196;1.65980622755240E+181
gamma,density,twin_g_landmark_k8,decimal_twin,s0.001,8,6.32404026676796E-322;0E+000,1.00000000000000E-003;0E+000,1.00000000000000E+000;0E+000,6.32404026676796E-322;0E+000,-7.39588041657462E+002;3.41060513164848E-013,CVERR,,ERROR,
gamma,density,twin_g_landmark_k32,decimal_twin,s0.001,32,1.06099789548264E-314;0E+000,1.00000000000000E-003;0E+000,1.00000000000000E+000;0E+000,1.06099789548264E-314;0E+000,-7.22952509324023E+002;1.13686837721616E-013,CVERR,,ERROR,
gamma,density,g_landmark_k52,landmark,s0.01,52,1.11253692925360E-308;4.94065645841247E-324,1.00000000000000E-002;0E+000,1.00000000000000E+000;0E+000,1.11253692925360E-308;4.94065645841247E-324,-7.09089565712824E+002;-1.13686837721616E-013,OK,7.52696641008218E+302;-3.04541062856250E+287,OK,7.52696641008218E+302;-3.04541062856250E+287
gamma,density,g_s13_k52,transform_stress,s0.01,52,3.33761078776080E-308;2.47032822920623E-323,1.00000000000000E-002;0E+000,3.00000000000000E+000;0E+000,1.11253692925360E-308;4.94065645841247E-324,-7.09089565712824E+002;-1.13686837721616E-013,OK,2.50898880336059E+302;-1.14202898571094E+287,OK,2.50898880336059E+302;-1.14202898571094E+287
gamma,density,g_s12_k52,transform_stress,s0.01,52,2.22507385850720E-308;1.97626258336499E-323,1.00000000000000E-002;0E+000,2.00000000000000E+000;0E+000,1.11253692925360E-308;4.94065645841247E-324,-7.09089565712824E+002;0E+000,OK,3.76348320504044E+302;-7.61352657140625E+286,OK,3.76348320504044E+302;-7.61352657140625E+286
gamma,density,g_s23_k52,transform_stress,s0.01,52,3.33761078776080E-308;2.96439387504748E-323,1.00000000000000E-002;0E+000,3.00000000000000E+000;0E+000,1.11253692925360E-308;9.88131291682493E-324,-7.09089565712824E+002;-1.13686837721616E-013,OK,2.50898880336059E+302;-1.14202898571094E+287,OK,2.50898880336059E+302;-1.14202898571094E+287
gamma,density,g_landmark_k48,landmark,s0.01,48,6.95335580783500E-310;0E+000,1.00000000000000E-002;0E+000,1.00000000000000E+000;0E+000,6.95335580783500E-310;0E+000,-7.11862154435064E+002;1.13686837721616E-013,OK,1.17138257884354E+304;-2.43632850285000E+288,OK,1.17138257884354E+304;-2.43632850285000E+288
gamma,density,g_s13_k48,transform_stress,s0.01,48,2.08600674235051E-309;-4.94065645841247E-324,1.00000000000000E-002;0E+000,3.00000000000000E+000;0E+000,6.95335580783500E-310;0E+000,-7.11862154435064E+002;1.13686837721616E-013,OK,3.90460859614536E+303;3.65449275427500E+288,OK,3.90460859614536E+303;3.65449275427500E+288
gamma,density,g_s12_k48,transform_stress,s0.01,48,1.39067116156701E-309;-4.94065645841247E-324,1.00000000000000E-002;0E+000,2.00000000000000E+000;0E+000,6.95335580783500E-310;0E+000,-7.11862154435064E+002;2.27373675443232E-013,OK,5.85691289421736E+303;-4.87265700570000E+288,OK,5.85691289421736E+303;-4.87265700570000E+288
gamma,density,g_s23_k48,transform_stress,s0.01,48,2.08600674235051E-309;0E+000,1.00000000000000E-002;0E+000,3.00000000000000E+000;0E+000,6.95335580783505E-310;0E+000,-7.11862154435064E+002;1.13686837721616E-013,OK,3.90460859614536E+303;3.65449275427500E+288,OK,3.90460859614536E+303;3.65449275427500E+288
gamma,density,g_landmark_k44,landmark,s0.01,44,4.34584737989688E-311;0E+000,1.00000000000000E-002;0E+000,1.00000000000000E+000;0E+000,4.34584737989688E-311;0E+000,-7.14634743157304E+002;3.41060513164848E-013,OK,1.82296169699968E+305;-2.33887536273600E+290,OK,1.82296169699968E+305;-2.33887536273600E+290
gamma,density,g_s13_k44,transform_stress,s0.01,44,1.30375421396911E-310;0E+000,1.00000000000000E-002;0E+000,3.00000000000000E+000;0E+000,4.34584737989688E-311;0E+000,-7.14634743157304E+002;3.41060513164848E-013,OK,6.07653898999860E+304;-4.87265700570000E+289,OK,6.07653898999860E+304;-4.87265700570000E+289
gamma,density,g_s12_k44,transform_stress,s0.01,44,8.69169475979425E-311;0E+000,1.00000000000000E-002;0E+000,2.00000000000000E+000;0E+000,4.34584737989688E-311;0E+000,-7.14634743157304E+002;4.54747350886464E-013,OK,9.11480848499682E+304;-1.94906280228000E+289,OK,9.11480848499682E+304;-1.94906280228000E+289
gamma,density,g_s23_k44,transform_stress,s0.01,44,1.30375421396916E-310;0E+000,1.00000000000000E-002;0E+000,3.00000000000000E+000;0E+000,4.34584737989737E-311;0E+000,-7.14634743157304E+002;4.54747350886464E-013,OK,6.07653898999790E+304;3.89812560456000E+289,OK,6.07653898999790E+304;3.89812560456000E+289
gamma,density,g_landmark_k40,landmark,s0.01,40,2.71615461243555E-312;0E+000,1.00000000000000E-002;0E+000,1.00000000000000E+000;0E+000,2.71615461243555E-312;0E+000,-7.17407331879543E+002;-4.54747350886464E-013,OK,2.83698034164758E+306;-1.87110029018880E+291,OK,2.83698034164758E+306;-1.87110029018880E+291
gamma,density,g_s13_k40,transform_stress,s0.01,40,8.14846383731159E-312;0E+000,1.00000000000000E-002;0E+000,3.00000000000000E+000;0E+000,2.71615461243555E-312;0E+000,-7.17407331879543E+002;1.13686837721616E-013,OK,9.45660113882045E+305;-3.11850048364800E+290,OK,9.45660113882045E+305;-3.11850048364800E+290
gamma,density,g_s12_k40,transform_stress,s0.01,40,5.43230922487604E-312;0E+000,1.00000000000000E-002;0E+000,2.00000000000000E+000;0E+000,2.71615461243555E-312;0E+000,-7.17407331879542E+002;-4.54747350886464E-013,OK,1.41849017082242E+306;-4.05405062874240E+291,OK,1.41849017082242E+306;-4.05405062874240E+291
gamma,density,g_s23_k40,transform_stress,s0.01,40,8.14846383731653E-312;0E+000,1.00000000000000E-002;0E+000,3.00000000000000E+000;0E+000,2.71615461244049E-312;0E+000,-7.17407331879542E+002;-2.27373675443232E-013,OK,9.45660113881400E+305;-3.11850048364800E+290,OK,9.45660113881400E+305;-3.11850048364800E+290
gamma,density,g_landmark_k36,landmark,s0.01,36,1.69759663277222E-313;0E+000,1.00000000000000E-002;0E+000,1.00000000000000E+000;0E+000,1.69759663277222E-313;0E+000,-7.20179920601783E+002;-1.13686837721616E-013,OK,4.41504474402362E+307;2.99376046430208E+292,OK,4.41504474402362E+307;2.99376046430208E+292
gamma,density,g_s13_k36,transform_stress,s0.01,36,5.09278989836606E-313;0E+000,1.00000000000000E-002;0E+000,3.00000000000000E+000;0E+000,1.69759663277222E-313;0E+000,-7.20179920601774E+002;4.54747350886464E-013,OK,1.47168158132707E+307;3.49272054168576E+292,OK,1.47168158132724E+307;4.98960077383680E+291
gamma,density,g_s12_k36,transform_stress,s0.01,36,3.39519326559384E-313;0E+000,1.00000000000000E-002;0E+000,2.00000000000000E+000;0E+000,1.69759663277222E-313;0E+000,-7.20179920601769E+002;4.54747350886464E-013,OK,2.20752237197956E+307;-1.74636027084288E+292,OK,2.20752237198006E+307;0E+000
gamma,density,g_s23_k36,transform_stress,s0.01,36,5.09278989841547E-313;0E+000,1.00000000000000E-002;0E+000,3.00000000000000E+000;0E+000,1.69759663282162E-313;0E+000,-7.20179920601764E+002;2.27373675443232E-013,OK,1.47168158131319E+307;-3.24324050299392E+292,OK,1.47168158131302E+307;-7.48440116075520E+291
gamma,density,g_landmark_k32,landmark,s0.01,32,1.06099789548264E-314;0E+000,1.00000000000000E-002;0E+000,1.00000000000000E+000;0E+000,1.06099789548264E-314;0E+000,-7.22952509324023E+002;1.13686837721616E-013,CVERR,,ERROR,
gamma,density,g_s13_k32,transform_stress,s0.01,32,3.18299368694197E-314;0E+000,1.00000000000000E-002;0E+000,3.00000000000000E+000;0E+000,1.06099789548264E-314;0E+000,-7.22952509323868E+002;1.13686837721616E-013,CVERR,,ERROR,
gamma,density,g_s12_k32,transform_stress,s0.01,32,2.12199579145934E-314;0E+000,1.00000000000000E-002;0E+000,2.00000000000000E+000;0E+000,1.06099789548264E-314;0E+000,-7.22952509323790E+002;-1.13686837721616E-013,CVERR,,ERROR,
gamma,density,g_s23_k32,transform_stress,s0.01,32,3.18299368743604E-314;0E+000,1.00000000000000E-002;0E+000,3.00000000000000E+000;0E+000,1.06099789597670E-314;0E+000,-7.22952509323713E+002;4.54747350886464E-013,CVERR,,ERROR,
gamma,density,g_landmark_k28,landmark,s0.01,28,6.63123684676648E-316;0E+000,1.00000000000000E-002;0E+000,1.00000000000000E+000;0E+000,6.63123684676648E-316;0E+000,-7.25725098046263E+002;3.41060513164848E-013,CVERR,,ERROR,
gamma,density,g_s13_k28,transform_stress,s0.01,28,1.98937105897060E-315;0E+000,1.00000000000000E-002;0E+000,3.00000000000000E+000;0E+000,6.63123684676648E-316;0E+000,-7.25725098043779E+002;-2.27373675443232E-013,CVERR,,ERROR,
gamma,density,g_s12_k28,transform_stress,s0.01,28,1.32624737429395E-315;0E+000,1.00000000000000E-002;0E+000,2.00000000000000E+000;0E+000,6.63123684676648E-316;0E+000,-7.25725098042537E+002;-4.54747350886464E-013,CVERR,,ERROR,
gamma,density,g_s23_k28,transform_stress,s0.01,28,1.98937106391126E-315;0E+000,1.00000000000000E-002;0E+000,3.00000000000000E+000;0E+000,6.63123689617304E-316;0E+000,-7.25725098041296E+002;2.27373675443232E-013,CVERR,,ERROR,
gamma,density,g_landmark_k24,landmark,s0.01,24,4.14452302922905E-317;0E+000,1.00000000000000E-002;0E+000,1.00000000000000E+000;0E+000,4.14452302922905E-317;0E+000,-7.28497686768502E+002;-4.54747350886464E-013,CVERR,,ERROR,
gamma,density,g_s13_k24,transform_stress,s0.01,24,1.24335695817528E-316;0E+000,1.00000000000000E-002;0E+000,3.00000000000000E+000;0E+000,4.14452302922905E-317;0E+000,-7.28497686728766E+002;-1.13686837721616E-013,CVERR,,ERROR,
gamma,density,g_s12_k24,transform_stress,s0.01,24,8.28904655252374E-317;0E+000,1.00000000000000E-002;0E+000,2.00000000000000E+000;0E+000,4.14452302922905E-317;0E+000,-7.28497686708898E+002;1.13686837721616E-013,CVERR,,ERROR,
gamma,density,g_s23_k24,transform_stress,s0.01,24,1.24335700758184E-316;0E+000,1.00000000000000E-002;0E+000,3.00000000000000E+000;0E+000,4.14452352329469E-317;0E+000,-7.28497686689030E+002;3.41060513164848E-013,CVERR,,ERROR,
gamma,density,g_landmark_k20,landmark,s0.01,20,2.59032689326815E-318;0E+000,1.00000000000000E-002;0E+000,1.00000000000000E+000;0E+000,2.59032689326815E-318;0E+000,-7.31270275490742E+002;-2.27373675443232E-013,CVERR,,ERROR,
gamma,density,g_s13_k20,transform_stress,s0.01,20,7.77098562046092E-318;0E+000,1.00000000000000E-002;0E+000,3.00000000000000E+000;0E+000,2.59032689326815E-318;0E+000,-7.31270274854960E+002;3.41060513164848E-013,CVERR,,ERROR,
gamma,density,g_s12_k20,transform_stress,s0.01,20,5.18065872719277E-318;0E+000,1.00000000000000E-002;0E+000,2.00000000000000E+000;0E+000,2.59032689326815E-318;0E+000,-7.31270274537068E+002;-4.54747350886464E-013,CVERR,,ERROR,
gamma,density,g_s23_k20,transform_stress,s0.01,20,7.77099056111738E-318;0E+000,1.00000000000000E-002;0E+000,3.00000000000000E+000;0E+000,2.59033183392461E-318;0E+000,-7.31270274219177E+002;-3.41060513164848E-013,CVERR,,ERROR,
gamma,density,g_landmark_k16,landmark,s0.01,16,1.61895430829260E-319;0E+000,1.00000000000000E-002;0E+000,1.00000000000000E+000;0E+000,1.61895430829260E-319;0E+000,-7.34042864212982E+002;-1.13686837721616E-013,CVERR,,ERROR,
gamma,density,g_s13_k16,transform_stress,s0.01,16,4.85691233144237E-319;0E+000,1.00000000000000E-002;0E+000,3.00000000000000E+000;0E+000,1.61895430829260E-319;0E+000,-7.34042854040508E+002;2.27373675443232E-013,CVERR,,ERROR,
gamma,density,g_s12_k16,transform_stress,s0.01,16,3.23795802314978E-319;0E+000,1.00000000000000E-002;0E+000,2.00000000000000E+000;0E+000,1.61895430829260E-319;0E+000,-7.34042848954309E+002;-4.54747350886464E-013,CVERR,,ERROR,
gamma,density,g_s23_k16,transform_stress,s0.01,16,4.85696173800696E-319;0E+000,1.00000000000000E-002;0E+000,3.00000000000000E+000;0E+000,1.61900371485718E-319;0E+000,-7.34042843868137E+002;0E+000,CVERR,,ERROR,
gamma,density,g_landmark_k12,landmark,s0.01,12,1.01184644268287E-320;0E+000,1.00000000000000E-002;0E+000,1.00000000000000E+000;0E+000,1.01184644268287E-320;0E+000,-7.36815452935222E+002;1.13686837721616E-013,CVERR,,ERROR,
gamma,density,g_s13_k12,transform_stress,s0.01,12,3.03603339369446E-320;0E+000,1.00000000000000E-002;0E+000,3.00000000000000E+000;0E+000,1.01184644268287E-320;0E+000,-7.36815290188049E+002;-3.41060513164848E-013,CVERR,,ERROR,
gamma,density,g_s12_k12,transform_stress,s0.01,12,2.02418695101159E-320;0E+000,1.00000000000000E-002;0E+000,2.00000000000000E+000;0E+000,1.01184644268287E-320;0E+000,-7.36815208824394E+002;-3.41060513164848E-013,CVERR,,ERROR,
gamma,density,g_s23_k12,transform_stress,s0.01,12,3.03652745934030E-320;0E+000,1.00000000000000E-002;0E+000,3.00000000000000E+000;0E+000,1.01234050832871E-320;0E+000,-7.36815127467359E+002;0E+000,CVERR,,ERROR,
gamma,density,g_landmark_k8,landmark,s0.01,8,6.32404026676796E-322;0E+000,1.00000000000000E-002;0E+000,1.00000000000000E+000;0E+000,6.32404026676796E-322;0E+000,-7.39588041657462E+002;3.41060513164848E-013,CVERR,,ERROR,
gamma,density,g_s13_k8,transform_stress,s0.01,8,1.90215273648880E-321;0E+000,1.00000000000000E-002;0E+000,3.00000000000000E+000;0E+000,6.32404026676796E-322;0E+000,-7.39585440875762E+002;3.41060513164848E-013,CVERR,,ERROR,
gamma,density,g_s12_k8,transform_stress,s0.01,8,1.26974870981200E-321;0E+000,1.00000000000000E-002;0E+000,2.00000000000000E+000;0E+000,6.32404026676796E-322;0E+000,-7.39584143017046E+002;1.13686837721616E-013,CVERR,,ERROR,
gamma,density,g_s23_k8,transform_stress,s0.01,8,1.90709339294721E-321;0E+000,1.00000000000000E-002;0E+000,3.00000000000000E+000;0E+000,6.37344683135208E-322;0E+000,-7.39582846840585E+002;4.54747350886464E-013,CVERR,,ERROR,
gamma,density,g_landmark_k4,landmark,s0.01,4,3.95252516672997E-323;0E+000,1.00000000000000E-002;0E+000,1.00000000000000E+000;0E+000,3.95252516672997E-323;0E+000,-7.42360630379701E+002;-4.54747350886464E-013,CVERR,,ERROR,
gamma,density,g_s13_k4,transform_stress,s0.01,4,1.23516411460312E-322;0E+000,1.00000000000000E-002;0E+000,3.00000000000000E+000;0E+000,3.95252516672997E-323;0E+000,-7.42319808385181E+002;-2.27373675443232E-013,CVERR,,ERROR,
gamma,density,g_s12_k4,transform_stress,s0.01,4,8.39911597930119E-323;0E+000,1.00000000000000E-002;0E+000,2.00000000000000E+000;0E+000,3.95252516672997E-323;0E+000,-7.42300005757885E+002;0E+000,CVERR,,ERROR,
gamma,density,g_s23_k4,transform_stress,s0.01,4,1.28457067918724E-322;0E+000,1.00000000000000E-002;0E+000,3.00000000000000E+000;0E+000,4.44659081257122E-323;0E+000,-7.42280587672028E+002;0E+000,CVERR,,ERROR,
gamma,density,g_landmark_k2,landmark,s0.01,2,9.88131291682493E-324;0E+000,1.00000000000000E-002;0E+000,1.00000000000000E+000;0E+000,9.88131291682493E-324;0E+000,-7.43746924740821E+002;-3.41060513164848E-013,CVERR,,ERROR,
gamma,density,g_s13_k2,transform_stress,s0.01,2,3.45845952088873E-323;0E+000,1.00000000000000E-002;0E+000,3.00000000000000E+000;0E+000,9.88131291682493E-324;0E+000,-7.43592774060994E+002;-1.13686837721616E-013,CVERR,,ERROR,
gamma,density,g_s12_k2,transform_stress,s0.01,2,2.47032822920623E-323;0E+000,1.00000000000000E-002;0E+000,2.00000000000000E+000;0E+000,9.88131291682493E-324;0E+000,-7.43523781189507E+002;-1.13686837721616E-013,CVERR,,ERROR,
gamma,density,g_s23_k2,transform_stress,s0.01,2,3.95252516672997E-323;0E+000,1.00000000000000E-002;0E+000,3.00000000000000E+000;0E+000,1.48219693752374E-323;0E+000,-7.43459242668370E+002;4.54747350886464E-013,CVERR,,ERROR,
gamma,density,g_landmark_k1,landmark,s0.01,1,4.94065645841247E-324;0E+000,1.00000000000000E-002;0E+000,1.00000000000000E+000;0E+000,4.94065645841247E-324;0E+000,-7.44440071921381E+002;-2.27373675443232E-013,CVERR,,ERROR,
gamma,density,g_s13_k1,transform_stress,s0.01,1,1.97626258336499E-323;0E+000,1.00000000000000E-002;0E+000,3.00000000000000E+000;0E+000,4.94065645841247E-324;0E+000,-7.44152389848929E+002;-4.54747350886464E-013,CVERR,,ERROR,
gamma,density,g_s12_k1,transform_stress,s0.01,1,1.48219693752374E-323;0E+000,1.00000000000000E-002;0E+000,2.00000000000000E+000;0E+000,9.88131291682493E-324;0E+000,-7.44034606813273E+002;-1.13686837721616E-013,CVERR,,ERROR,
gamma,density,g_s23_k1,transform_stress,s0.01,1,2.47032822920623E-323;0E+000,1.00000000000000E-002;0E+000,3.00000000000000E+000;0E+000,9.88131291682493E-324;0E+000,-7.43929246297615E+002;-3.41060513164848E-013,CVERR,,ERROR,
gamma,density,g_underflow_minsub,underflow,s0.01,0,4.94065645841247E-324;0E+000,1.00000000000000E-002;0E+000,4.00000000000000E+000;0E+000,0E+000;0E+000,-7.45826366282501E+002;-1.13686837721616E-013,CVERR,,ERROR,
gamma,density,g_underflow_wide,underflow,s0.01,0,1.00000000000000E-300;0E+000,1.00000000000000E-002;0E+000,1.00000000000000E+300;0E+000,0E+000;0E+000,-1.38155105579643E+003;2.72848410531878E-012,CVERR,,OK,1.00570652850037E+292;-4.87482130326498E+277
gamma,density,g_underflow_deep,underflow,s0.01,0,1.00000000000000E-200;0E+000,1.00000000000000E-002;0E+000,1.00000000000000E+200;0E+000,0E+000;0E+000,-9.21034037197618E+002;-3.41060513164848E-013,CVERR,,OK,1.00570652850039E+194;2.10717587482238E+179
gamma,density,twin_g_landmark_k8,decimal_twin,s0.01,8,6.32404026676796E-322;0E+000,1.00000000000000E-002;0E+000,1.00000000000000E+000;0E+000,6.32404026676796E-322;0E+000,-7.39588041657462E+002;3.41060513164848E-013,CVERR,,ERROR,
gamma,density,twin_g_landmark_k32,decimal_twin,s0.01,32,1.06099789548264E-314;0E+000,1.00000000000000E-002;0E+000,1.00000000000000E+000;0E+000,1.06099789548264E-314;0E+000,-7.22952509324023E+002;1.13686837721616E-013,CVERR,,ERROR,
gamma,density,g_landmark_k52,landmark,s0.1,52,1.11253692925360E-308;4.94065645841247E-324,1.00000000000000E-001;0E+000,1.00000000000000E+000;0E+000,1.11253692925360E-308;4.94065645841247E-324,-7.09089565712824E+002;-1.13686837721616E-013,OK,1.51347877175436E+276;7.38018934338817E+260,OK,1.51347877175436E+276;7.38018934338817E+260
gamma,density,g_s13_k52,transform_stress,s0.1,52,3.33761078776080E-308;2.47032822920623E-323,1.00000000000000E-001;0E+000,3.00000000000000E+000;0E+000,1.11253692925360E-308;4.94065645841247E-324,-7.09089565712824E+002;-1.13686837721616E-013,OK,5.04492923918093E+275;-3.07507889307841E+260,OK,5.04492923918093E+275;-3.07507889307841E+260
gamma,density,g_s12_k52,transform_stress,s0.1,52,2.22507385850720E-308;1.97626258336499E-323,1.00000000000000E-001;0E+000,2.00000000000000E+000;0E+000,1.11253692925360E-308;4.94065645841247E-324,-7.09089565712824E+002;0E+000,OK,7.56739385877050E+275;-2.46006311446272E+260,OK,7.56739385877050E+275;-2.46006311446272E+260
gamma,density,g_s23_k52,transform_stress,s0.1,52,3.33761078776080E-308;2.96439387504748E-323,1.00000000000000E-001;0E+000,3.00000000000000E+000;0E+000,1.11253692925360E-308;9.88131291682493E-324,-7.09089565712824E+002;-1.13686837721616E-013,OK,5.04492923918093E+275;-3.07507889307841E+260,OK,5.04492923918093E+275;-3.07507889307841E+260
gamma,density,g_landmark_k48,landmark,s0.1,48,6.95335580783500E-310;0E+000,1.00000000000000E-001;0E+000,1.00000000000000E+000;0E+000,6.95335580783500E-310;0E+000,-7.11862154435064E+002;1.13686837721616E-013,OK,1.83520387792784E+277;3.93610098314036E+262,OK,1.83520387792784E+277;3.93610098314036E+262
gamma,density,g_s13_k48,transform_stress,s0.1,48,2.08600674235051E-309;-4.94065645841247E-324,1.00000000000000E-001;0E+000,3.00000000000000E+000;0E+000,6.95335580783500E-310;0E+000,-7.11862154435064E+002;1.13686837721616E-013,OK,6.11734625975984E+276;9.84025245785090E+260,OK,6.11734625975984E+276;9.84025245785090E+260
gamma,density,g_s12_k48,transform_stress,s0.1,48,1.39067116156701E-309;-4.94065645841247E-324,1.00000000000000E-001;0E+000,2.00000000000000E+000;0E+000,6.95335580783500E-310;0E+000,-7.11862154435064E+002;2.27373675443232E-013,OK,9.17601938963868E+276;0E+000,OK,9.17601938963868E+276;0E+000
gamma,density,g_s23_k48,transform_stress,s0.1,48,2.08600674235051E-309;0E+000,1.00000000000000E-001;0E+000,3.00000000000000E+000;0E+000,6.95335580783505E-310;0E+000,-7.11862154435064E+002;1.13686837721616E-013,OK,6.11734625975984E+276;9.84025245785090E+260,OK,6.11734625975984E+276;9.84025245785090E+260
gamma,density,g_landmark_k44,landmark,s0.1,44,4.34584737989688E-311;0E+000,1.00000000000000E-001;0E+000,1.00000000000000E+000;0E+000,4.34584737989688E-311;0E+000,-7.14634743157304E+002;3.41060513164848E-013,OK,2.22531913655940E+278;1.25955231460491E+263,OK,2.22531913655965E+278;4.09354502246597E+263
gamma,density,g_s13_k44,transform_stress,s0.1,44,1.30375421396911E-310;0E+000,1.00000000000000E-001;0E+000,3.00000000000000E+000;0E+000,4.34584737989688E-311;0E+000,-7.14634743157304E+002;3.41060513164848E-013,OK,7.41773045519844E+277;3.14888078651229E+262,OK,7.41773045519844E+277;3.14888078651229E+262
gamma,density,g_s12_k44,transform_stress,s0.1,44,8.69169475979425E-311;0E+000,1.00000000000000E-001;0E+000,2.00000000000000E+000;0E+000,4.34584737989688E-311;0E+000,-7.14634743157304E+002;4.54747350886464E-013,OK,1.11265956827964E+278;-4.72332117976843E+263,OK,1.11265956827964E+278;-4.72332117976843E+263
gamma,density,g_s23_k44,transform_stress,s0.1,44,1.30375421396916E-310;0E+000,1.00000000000000E-001;0E+000,3.00000000000000E+000;0E+000,4.34584737989737E-311;0E+000,-7.14634743157304E+002;4.54747350886464E-013,OK,7.41773045519760E+277;0E+000,OK,7.41773045519760E+277;0E+000
gamma,density,g_landmark_k40,landmark,s0.1,40,2.71615461243555E-312;0E+000,1.00000000000000E-001;0E+000,1.00000000000000E+000;0E+000,2.71615461243555E-312;0E+000,-7.17407331879543E+002;-4.54747350886464E-013,OK,2.69836246484476E+279;1.51146277752590E+264,OK,2.69836246484476E+279;1.51146277752590E+264
gamma,density,g_s13_k40,transform_stress,s0.1,40,8.14846383731159E-312;0E+000,1.00000000000000E-001;0E+000,3.00000000000000E+000;0E+000,2.71615461243555E-312;0E+000,-7.17407331879543E+002;1.13686837721616E-013,OK,8.99454154947694E+278;-5.03820925841966E+263,OK,8.99454154947796E+278;-2.51910462920983E+263
gamma,density,g_s12_k40,transform_stress,s0.1,40,5.43230922487604E-312;0E+000,1.00000000000000E-001;0E+000,2.00000000000000E+000;0E+000,2.71615461243555E-312;0E+000,-7.17407331879542E+002;-4.54747350886464E-013,OK,1.34918123242092E+279;1.00764185168393E+264,OK,1.34918123242107E+279;4.53438833257769E+264
gamma,density,g_s23_k40,transform_stress,s0.1,40,8.14846383731653E-312;0E+000,1.00000000000000E-001;0E+000,3.00000000000000E+000;0E+000,2.71615461244049E-312;0E+000,-7.17407331879542E+002;-2.27373675443232E-013,OK,8.99454154947285E+278;-5.03820925841966E+263,OK,8.99454154947285E+278;-5.03820925841966E+263
gamma,density,g_landmark_k36,landmark,s0.1,36,1.69759663277222E-313;0E+000,1.00000000000000E-001;0E+000,1.00000000000000E+000;0E+000,1.69759663277222E-313;0E+000,-7.20179920601783E+002;-1.13686837721616E-013,OK,3.27196215233153E+280;8.06113481347145E+264,OK,3.27196215233153E+280;8.06113481347145E+264
gamma,density,g_s13_k36,transform_stress,s0.1,36,5.09278989836606E-313;0E+000,1.00000000000000E-001;0E+000,3.00000000000000E+000;0E+000,1.69759663277222E-313;0E+000,-7.20179920601774E+002;4.54747350886464E-013,OK,1.09065405076683E+280;-4.03056740673573E+265,OK,1.09065405076782E+280;-2.01528370336786E+265
gamma,density,g_s12_k36,transform_stress,s0.1,36,3.39519326559384E-313;0E+000,1.00000000000000E-001;0E+000,2.00000000000000E+000;0E+000,1.69759663277222E-313;0E+000,-7.20179920601769E+002;4.54747350886464E-013,OK,1.63598107614205E+280;-1.41069859235750E+265,OK,1.63598107614447E+280;-3.62751066606215E+265
gamma,density,g_s23_k36,transform_stress,s0.1,36,5.09278989841547E-313;0E+000,1.00000000000000E-001;0E+000,3.00000000000000E+000;0E+000,1.69759663282162E-313;0E+000,-7.20179920601764E+002;2.27373675443232E-013,OK,1.09065405075926E+280;2.41834044404144E+265,OK,1.09065405075827E+280;4.03056740673573E+264
gamma,density,g_landmark_k32,landmark,s0.1,32,1.06099789548264E-314;0E+000,1.00000000000000E-001;0E+000,1.00000000000000E+000;0E+000,1.06099789548264E-314;0E+000,-7.22952509324023E+002;1.13686837721616E-013,OK,3.96749379142743E+281;3.22445392538858E+266,OK,3.96749379142743E+281;3.22445392538858E+266
gamma,density,g_s13_k32,transform_stress,s0.1,32,3.18299368694197E-314;0E+000,1.00000000000000E-001;0E+000,3.00000000000000E+000;0E+000,1.06099789548264E-314;0E+000,-7.22952509323868E+002;1.13686837721616E-013,OK,1.32249793027066E+281;6.44890785077716E+265,OK,1.32249793029126E+281;-1.28978157015543E+266
gamma,density,g_s12_k32,transform_stress,s0.1,32,2.12199579145934E-314;0E+000,1.00000000000000E-001;0E+000,2.00000000000000E+000;0E+000,1.06099789548264E-314;0E+000,-7.22952509323790E+002;-1.13686837721616E-013,OK,1.98374689525172E+281;2.90200853284972E+266,OK,1.98374689529796E+281;-4.19179010300516E+266
gamma,density,g_s23_k32,transform_stress,s0.1,32,3.18299368743604E-314;0E+000,1.00000000000000E-001;0E+000,3.00000000000000E+000;0E+000,1.06099789597670E-314;0E+000,-7.22952509323713E+002;4.54747350886464E-013,OK,1.32249793012693E+281;-4.51423549554401E+266,OK,1.32249793010633E+281;-2.57956314031087E+266
gamma,density,g_landmark_k28,landmark,s0.1,28,6.63123684676648E-316;0E+000,1.00000000000000E-001;0E+000,1.00000000000000E+000;0E+000,6.63123684676648E-316;0E+000,-7.25725098046263E+002;3.41060513164848E-013,OK,4.81087685375478E+282;2.06365051224869E+267,OK,4.81087685375478E+282;2.06365051224869E+267
gamma,density,g_s13_k28,transform_stress,s0.1,28,1.98937105897060E-315;0E+000,1.00000000000000E-001;0E+000,3.00000000000000E+000;0E+000,6.63123684676648E-316;0E+000,-7.25725098043779E+002;-2.27373675443232E-013,OK,1.60362561393577E+282;-1.03182525612435E+267,OK,1.60362561433394E+282;-3.61138839643521E+267
gamma,density,g_s12_k28,transform_stress,s0.1,28,1.32624737429395E-315;0E+000,1.00000000000000E-001;0E+000,2.00000000000000E+000;0E+000,6.63123684676648E-316;0E+000,-7.25725098042537E+002;-4.54747350886464E-013,OK,2.40543841791657E+282;-3.09547576837304E+267,OK,2.40543841881272E+282;-3.09547576837304E+267
gamma,density,g_s23_k28,transform_stress,s0.1,28,1.98937106391126E-315;0E+000,1.00000000000000E-001;0E+000,3.00000000000000E+000;0E+000,6.63123689617304E-316;0E+000,-7.25725098041296E+002;2.27373675443232E-013,OK,1.60362561114787E+282;-2.57956314031087E+267,OK,1.60362561074970E+282;-2.57956314031087E+266
gamma,density,g_landmark_k24,landmark,s0.1,24,4.14452302922905E-317;0E+000,1.00000000000000E-001;0E+000,1.00000000000000E+000;0E+000,4.14452302922905E-317;0E+000,-7.28497686768502E+002;-4.54747350886464E-013,OK,5.83354059734247E+283;2.47638061469843E+268,OK,5.83354059734247E+283;2.47638061469843E+268
gamma,density,g_s13_k24,transform_stress,s0.1,24,1.24335695817528E-316;0E+000,1.00000000000000E-001;0E+000,3.00000000000000E+000;0E+000,4.14452302922905E-317;0E+000,-7.28497686728766E+002;-1.13686837721616E-013,OK,1.94451345517943E+283;4.54003112694712E+268,OK,1.94451346290634E+283;-4.12730102449738E+267
gamma,density,g_s12_k24,transform_stress,s0.1,24,8.28904655252374E-317;0E+000,1.00000000000000E-001;0E+000,2.00000000000000E+000;0E+000,4.14452302922905E-317;0E+000,-7.28497686708898E+002;1.13686837721616E-013,OK,2.91677012481801E+283;2.47638061469843E+268,OK,2.91677014220338E+283;3.71457092204765E+268
gamma,density,g_s23_k24,transform_stress,s0.1,24,1.24335700758184E-316;0E+000,1.00000000000000E-001;0E+000,3.00000000000000E+000;0E+000,4.14452352329469E-317;0E+000,-7.28497686689030E+002;3.41060513164848E-013,OK,1.94451340109198E+283;1.65092040979895E+268,OK,1.94451339336508E+283;-3.71457092204765E+268
gamma,density,g_landmark_k20,landmark,s0.1,20,2.59032689326815E-318;0E+000,1.00000000000000E-001;0E+000,1.00000000000000E+000;0E+000,2.59032689326815E-318;0E+000,-7.31270275490742E+002;-2.27373675443232E-013,OK,7.07359529984208E+284;3.96220898351749E+269,OK,7.07359529984208E+284;3.96220898351749E+269
gamma,density,g_s13_k20,transform_stress,s0.1,20,7.77098562046092E-318;0E+000,1.00000000000000E-001;0E+000,3.00000000000000E+000;0E+000,2.59032689326815E-318;0E+000,-7.31270274854960E+002;3.41060513164848E-013,OK,2.35786360085808E+284;-3.30184081959791E+269,OK,2.35786375076714E+284;-2.64147265567833E+269
gamma,density,g_s12_k20,transform_stress,s0.1,20,5.18065872719277E-318;0E+000,1.00000000000000E-001;0E+000,2.00000000000000E+000;0E+000,2.59032689326815E-318;0E+000,-7.31270274537068E+002;-4.54747350886464E-013,OK,3.53679427697097E+284;0E+000,OK,3.53679461426605E+284;3.30184081959791E+269
gamma,density,g_s23_k20,transform_stress,s0.1,20,7.77099056111738E-318;0E+000,1.00000000000000E-001;0E+000,3.00000000000000E+000;0E+000,2.59033183392461E-318;0E+000,-7.31270274219177E+002;-3.41060513164848E-013,OK,2.35786255149680E+284;-2.31128857371854E+269,OK,2.35786240158835E+284;-3.30184081959791E+268
gamma,density,g_landmark_k16,landmark,s0.1,16,1.61895430829260E-319;0E+000,1.00000000000000E-001;0E+000,1.00000000000000E+000;0E+000,1.61895430829260E-319;0E+000,-7.34042864212982E+002;-1.13686837721616E-013,OK,8.57725246460825E+285;5.28294531135665E+270,OK,8.57725246460825E+285;5.28294531135665E+270
gamma,density,g_s13_k16,transform_stress,s0.1,16,4.85691233144237E-319;0E+000,1.00000000000000E-001;0E+000,3.00000000000000E+000;0E+000,1.61895430829260E-319;0E+000,-7.34042854040508E+002;2.27373675443232E-013,OK,2.85905507105750E+285;-3.69806171794966E+270,OK,2.85905797942539E+285;1.58488359340700E+270
gamma,density,g_s12_k16,transform_stress,s0.1,16,3.23795802314978E-319;0E+000,1.00000000000000E-001;0E+000,2.00000000000000E+000;0E+000,1.61895430829260E-319;0E+000,-7.34042848954309E+002;-4.54747350886464E-013,OK,4.28856079405983E+285;0E+000,OK,4.28856733783916E+285;-3.69806171794966E+270
gamma,density,g_s23_k16,transform_stress,s0.1,16,4.85696173800696E-319;0E+000,1.00000000000000E-001;0E+000,3.00000000000000E+000;0E+000,1.61900371485718E-319;0E+000,-7.34042843868137E+002;0E+000,OK,2.85903471277211E+285;1.58488359340700E+270,OK,2.85903180448704E+285;0E+000
gamma,density,g_landmark_k12,landmark,s0.1,12,1.01184644268287E-320;0E+000,1.00000000000000E-001;0E+000,1.00000000000000E+000;0E+000,1.01184644268287E-320;0E+000,-7.36815452935222E+002;1.13686837721616E-013,OK,1.04005469245999E+287;-2.19770524952437E+272,OK,1.04005469245999E+287;-2.19770524952437E+272
gamma,density,g_s13_k12,transform_stress,s0.1,12,3.03603339369446E-320;0E+000,1.00000000000000E-001;0E+000,3.00000000000000E+000;0E+000,1.01184644268287E-320;0E+000,-7.36815290188049E+002;-3.41060513164848E-013,OK,3.46628480090816E+286;5.07162749890239E+271,OK,3.46634121417232E+286;3.80372062417679E+271
gamma,density,g_s12_k12,transform_stress,s0.1,12,2.02418695101159E-320;0E+000,1.00000000000000E-001;0E+000,2.00000000000000E+000;0E+000,1.01184644268287E-320;0E+000,-7.36815208824394E+002;-3.41060513164848E-013,OK,5.19900417417097E+286;2.53581374945119E+271,OK,5.19913108904136E+286;-3.38108499926826E+271
gamma,density,g_s23_k12,transform_stress,s0.1,12,3.03652745934030E-320;0E+000,1.00000000000000E-001;0E+000,3.00000000000000E+000;0E+000,1.01234050832871E-320;0E+000,-7.36815127467359E+002;0E+000,OK,3.46588999801773E+286;2.53581374945119E+271,OK,3.46583361045076E+286;-1.26790687472560E+271
gamma,density,g_landmark_k8,landmark,s0.1,8,6.32404026676796E-322;0E+000,1.00000000000000E-001;0E+000,1.00000000000000E+000;0E+000,6.32404026676796E-322;0E+000,-7.39588041657462E+002;3.41060513164848E-013,OK,1.26114250195074E+288;-4.32778879906337E+273,OK,1.26114250195074E+288;-4.32778879906337E+273
gamma,density,g_s13_k8,transform_stress,s0.1,8,1.90215273648880E-321;0E+000,1.00000000000000E-001;0E+000,3.00000000000000E+000;0E+000,6.32404026676796E-322;0E+000,-7.39585440875762E+002;3.41060513164848E-013,OK,4.19288935713524E+287;-1.35243399970730E+272,OK,4.19397997794327E+287;-4.73351899897556E+272
gamma,density,g_s12_k8,transform_stress,s0.1,8,1.26974870981200E-321;0E+000,1.00000000000000E-001;0E+000,2.00000000000000E+000;0E+000,6.32404026676796E-322;0E+000,-7.39584143017046E+002;1.13686837721616E-013,OK,6.28117666341204E+287;4.05730199912191E+272,OK,6.28362594574391E+287;2.70486799941461E+272
gamma,density,g_s23_k8,transform_stress,s0.1,8,1.90709339294721E-321;0E+000,1.00000000000000E-001;0E+000,3.00000000000000E+000;0E+000,6.37344683135208E-322;0E+000,-7.39582846840585E+002;4.54747350886464E-013,OK,4.18528272826175E+287;-4.05730199912191E+272,OK,4.18420000027309E+287;-6.76216999853652E+271
gamma,density,g_landmark_k4,landmark,s0.1,4,3.95252516672997E-323;0E+000,1.00000000000000E-001;0E+000,1.00000000000000E+000;0E+000,3.95252516672997E-323;0E+000,-7.42360630379701E+002;-4.54747350886464E-013,OK,1.52922766634980E+289;-3.67862047920386E+274,OK,1.52922766634980E+289;-3.67862047920386E+274
gamma,density,g_s13_k4,transform_stress,s0.1,4,1.23516411460312E-322;0E+000,1.00000000000000E-001;0E+000,3.00000000000000E+000;0E+000,3.95252516672997E-323;0E+000,-7.42319808385181E+002;-2.27373675443232E-013,OK,4.89352853231921E+288;0E+000,OK,4.91354572109293E+288;-2.16389439953168E+273
gamma,density,g_s12_k4,transform_stress,s0.1,4,8.39911597930119E-323;0E+000,1.00000000000000E-001;0E+000,2.00000000000000E+000;0E+000,3.95252516672997E-323;0E+000,-7.42300005757885E+002;0E+000,OK,7.19636548870413E+288;-3.24584159929753E+273,OK,7.24012569559676E+288;-1.08194719976584E+273
gamma,density,g_s23_k4,transform_stress,s0.1,4,1.28457067918724E-322;0E+000,1.00000000000000E-001;0E+000,3.00000000000000E+000;0E+000,4.44659081257122E-323;0E+000,-7.42280587672028E+002;0E+000,OK,4.76106420120191E+288;5.40973599882921E+272,OK,4.74312965282634E+288;-4.32778879906337E+273
gamma,density,g_landmark_k2,landmark,s0.1,2,9.88131291682493E-324;0E+000,1.00000000000000E-001;0E+000,1.00000000000000E+000;0E+000,9.88131291682493E-324;0E+000,-7.43746924740821E+002;-3.41060513164848E-013,OK,5.32508002539492E+289;4.32778879906337E+274,OK,5.32508002539492E+289;4.32778879906337E+274
gamma,density,g_s13_k2,transform_stress,s0.1,2,3.45845952088873E-323;0E+000,1.00000000000000E-001;0E+000,3.00000000000000E+000;0E+000,9.88131291682493E-324;0E+000,-7.43592774060994E+002;-1.13686837721616E-013,OK,1.52145143582724E+289;2.16389439953168E+273,OK,1.54508641251057E+289;-2.59667327943802E+274
gamma,density,g_s12_k2,transform_stress,s0.1,2,2.47032822920623E-323;0E+000,1.00000000000000E-001;0E+000,2.00000000000000E+000;0E+000,9.88131291682493E-324;0E+000,-7.43523781189507E+002;-1.13686837721616E-013,OK,2.13003201015800E+289;-1.73111551962535E+274,OK,2.17809657133333E+289;-2.16389439953168E+274
gamma,density,g_s23_k2,transform_stress,s0.1,2,3.95252516672997E-323;0E+000,1.00000000000000E-001;0E+000,3.00000000000000E+000;0E+000,1.48219693752374E-323;0E+000,-7.43459242668370E+002;4.54747350886464E-013,OK,1.38635761839638E+289;4.11139935911020E+274,OK,1.37012446468873E+289;2.38028383948485E+274
gamma,density,g_landmark_k1,landmark,s0.1,1,4.94065645841247E-324;0E+000,1.00000000000000E-001;0E+000,1.00000000000000E+000;0E+000,4.94065645841247E-324;0E+000,-7.44440071921381E+002;-2.27373675443232E-013,OK,9.93695069253444E+289;-3.46223103925070E+274,OK,9.93695069253444E+289;-3.46223103925070E+274
gamma,density,g_s13_k1,transform_stress,s0.1,1,1.97626258336499E-323;0E+000,1.00000000000000E-001;0E+000,3.00000000000000E+000;0E+000,4.94065645841247E-324;0E+000,-7.44152389848929E+002;-4.54747350886464E-013,OK,2.48423767313360E+289;-4.32778879906337E+273,OK,2.55674265613235E+289;-3.02945215934436E+274
gamma,density,g_s12_k1,transform_stress,s0.1,1,1.48219693752374E-323;0E+000,1.00000000000000E-001;0E+000,2.00000000000000E+000;0E+000,9.88131291682493E-324;0E+000,-7.44034606813273E+002;-1.13686837721616E-013,OK,3.55005335026330E+289;-1.73111551962535E+274,OK,3.44937972275209E+289;-8.65557759812674E+273
gamma,density,g_s23_k1,transform_stress,s0.1,1,2.47032822920623E-323;0E+000,1.00000000000000E-001;0E+000,3.00000000000000E+000;0E+000,9.88131291682493E-324;0E+000,-7.43929246297615E+002;-3.41060513164848E-013,OK,2.13003201015824E+289;0E+000,OK,2.09154881674885E+289;4.76056767896971E+274
gamma,density,g_underflow_minsub,underflow,s0.1,0,4.94065645841247E-324;0E+000,1.00000000000000E-001;0E+000,4.00000000000000E+000;0E+000,0E+000;0E+000,-7.45826366282501E+002;-1.13686837721616E-013,CVERR,,OK,8.65061802283097E+289;1.73111551962535E+274
gamma,density,g_underflow_wide,underflow,s0.1,0,1.00000000000000E-300;0E+000,1.00000000000000E-001;0E+000,1.00000000000000E+300;0E+000,0E+000;0E+000,-1.38155105579643E+003;2.72848410531878E-012,CVERR,,OK,1.05113700611175E+239;-4.62686446994754E+223
gamma,density,g_underflow_deep,underflow,s0.1,0,1.00000000000000E-200;0E+000,1.00000000000000E-001;0E+000,1.00000000000000E+200;0E+000,0E+000;0E+000,-9.21034037197618E+002;-3.41060513164848E-013,CVERR,,OK,1.05113700611178E+159;-4.09729497228974E+144
gamma,density,twin_g_landmark_k8,decimal_twin,s0.1,8,6.32404026676796E-322;0E+000,1.00000000000000E-001;0E+000,1.00000000000000E+000;0E+000,6.32404026676796E-322;0E+000,-7.39588041657462E+002;3.41060513164848E-013,OK,1.26114250195074E+288;-4.32778879906337E+273,OK,1.26114250195074E+288;-4.32778879906337E+273
gamma,density,twin_g_landmark_k32,decimal_twin,s0.1,32,1.06099789548264E-314;0E+000,1.00000000000000E-001;0E+000,1.00000000000000E+000;0E+000,1.06099789548264E-314;0E+000,-7.22952509324023E+002;1.13686837721616E-013,OK,3.96749379142743E+281;3.22445392538858E+266,OK,3.96749379142743E+281;3.22445392538858E+266
gamma,density,g_landmark_k52,landmark,s0.25,52,1.11253692925360E-308;4.94065645841247E-324,2.50000000000000E-001;0E+000,1.00000000000000E+000;0E+000,1.11253692925360E-308;4.94065645841247E-324,-7.09089565712824E+002;-1.13686837721616E-013,OK,2.54614479807606E+230;-4.74001366360327E+215,OK,2.54614479807606E+230;-4.74001366360327E+215
gamma,density,g_s13_k52,transform_stress,s0.25,52,3.33761078776080E-308;2.47032822920623E-323,2.50000000000000E-001;0E+000,3.00000000000000E+000;0E+000,1.11253692925360E-308;4.94065645841247E-324,-7.09089565712824E+002;-1.13686837721616E-013,OK,8.48714932692069E+229;-3.23182749791132E+214,OK,8.48714932692069E+229;-3.23182749791132E+214
gamma,density,g_s12_k52,transform_stress,s0.25,52,2.22507385850720E-308;1.97626258336499E-323,2.50000000000000E-001;0E+000,2.00000000000000E+000;0E+000,1.11253692925360E-308;4.94065645841247E-324,-7.09089565712824E+002;0E+000,OK,1.27307239903795E+230;2.80091716485648E+215,OK,1.27307239903795E+230;2.80091716485648E+215
gamma,density,g_s23_k52,transform_stress,s0.25,52,3.33761078776080E-308;2.96439387504748E-323,2.50000000000000E-001;0E+000,3.00000000000000E+000;0E+000,1.11253692925360E-308;9.88131291682493E-324,-7.09089565712824E+002;-1.13686837721616E-013,OK,8.48714932692069E+229;-3.23182749791132E+214,OK,8.48714932692069E+229;-3.23182749791132E+214
gamma,density,g_landmark_k48,landmark,s0.25,48,6.95335580783500E-310;0E+000,2.50000000000000E-001;0E+000,1.00000000000000E+000;0E+000,6.95335580783500E-310;0E+000,-7.11862154435064E+002;1.13686837721616E-013,OK,2.03691583846097E+231;1.37891306577550E+216,OK,2.03691583846097E+231;1.37891306577550E+216
gamma,density,g_s13_k48,transform_stress,s0.25,48,2.08600674235051E-309;-4.94065645841247E-324,2.50000000000000E-001;0E+000,3.00000000000000E+000;0E+000,6.95335580783500E-310;0E+000,-7.11862154435064E+002;1.13686837721616E-013,OK,6.78971946153620E+230;8.61820666109686E+214,OK,6.78971946153620E+230;8.61820666109686E+214
gamma,density,g_s12_k48,transform_stress,s0.25,48,1.39067116156701E-309;-4.94065645841247E-324,2.50000000000000E-001;0E+000,2.00000000000000E+000;0E+000,6.95335580783500E-310;0E+000,-7.11862154435064E+002;2.27373675443232E-013,OK,1.01845791923031E+231;0E+000,OK,1.01845791923043E+231;-4.13673919732649E+216
gamma,density,g_s23_k48,transform_stress,s0.25,48,2.08600674235051E-309;0E+000,2.50000000000000E-001;0E+000,3.00000000000000E+000;0E+000,6.95335580783505E-310;0E+000,-7.11862154435064E+002;1.13686837721616E-013,OK,6.78971946153620E+230;8.61820666109686E+214,OK,6.78971946153620E+230;8.61820666109686E+214
gamma,density,g_landmark_k44,landmark,s0.25,44,4.34584737989688E-311;0E+000,2.50000000000000E-001;0E+000,1.00000000000000E+000;0E+000,4.34584737989688E-311;0E+000,-7.14634743157304E+002;3.41060513164848E-013,OK,1.62953267076869E+232;3.58517397101629E+217,OK,1.62953267076869E+232;3.58517397101629E+217
gamma,density,g_s13_k44,transform_stress,s0.25,44,1.30375421396911E-310;0E+000,2.50000000000000E-001;0E+000,3.00000000000000E+000;0E+000,4.34584737989688E-311;0E+000,-7.14634743157304E+002;3.41060513164848E-013,OK,5.43177556922930E+231;0E+000,OK,5.43177556922930E+231;0E+000
gamma,density,g_s12_k44,transform_stress,s0.25,44,8.69169475979425E-311;0E+000,2.50000000000000E-001;0E+000,2.00000000000000E+000;0E+000,4.34584737989688E-311;0E+000,-7.14634743157304E+002;4.54747350886464E-013,OK,8.14766335384299E+231;-1.37891306577550E+216,OK,8.14766335384299E+231;-1.37891306577550E+216
gamma,density,g_s23_k44,transform_stress,s0.25,44,1.30375421396916E-310;0E+000,2.50000000000000E-001;0E+000,3.00000000000000E+000;0E+000,4.34584737989737E-311;0E+000,-7.14634743157304E+002;4.54747350886464E-013,OK,5.43177556922868E+231;2.06836959866325E+216,OK,5.43177556922868E+231;2.06836959866325E+216
gamma,density,g_landmark_k40,landmark,s0.25,40,2.71615461243555E-312;0E+000,2.50000000000000E-001;0E+000,1.00000000000000E+000;0E+000,2.71615461243555E-312;0E+000,-7.17407331879543E+002;-4.54747350886464E-013,OK,1.30362613661504E+233;-3.75064353890935E+218,OK,1.30362613661504E+233;-3.75064353890935E+218
gamma,density,g_s13_k40,transform_stress,s0.25,40,8.14846383731159E-312;0E+000,2.50000000000000E-001;0E+000,3.00000000000000E+000;0E+000,2.71615461243555E-312;0E+000,-7.17407331879543E+002;1.13686837721616E-013,OK,4.34542045538075E+232;-2.75782613155099E+217,OK,4.34542045538124E+232;1.10313045262040E+217
gamma,density,g_s12_k40,transform_stress,s0.25,40,5.43230922487604E-312;0E+000,2.50000000000000E-001;0E+000,2.00000000000000E+000;0E+000,2.71615461243555E-312;0E+000,-7.17407331879542E+002;-4.54747350886464E-013,OK,6.51813068306813E+232;-1.10313045262040E+217,OK,6.51813068307035E+232;2.20626090524079E+217
gamma,density,g_s23_k40,transform_stress,s0.25,40,8.14846383731653E-312;0E+000,2.50000000000000E-001;0E+000,3.00000000000000E+000;0E+000,2.71615461244049E-312;0E+000,-7.17407331879542E+002;-2.27373675443232E-013,OK,4.34542045537976E+232;-1.10313045262040E+217,OK,4.34542045537927E+232;-4.96408703679179E+217
gamma,density,g_landmark_k36,landmark,s0.25,36,1.69759663277222E-313;0E+000,2.50000000000000E-001;0E+000,1.00000000000000E+000;0E+000,1.69759663277222E-313;0E+000,-7.20179920601783E+002;-1.13686837721616E-013,OK,1.04290090929186E+234;-3.17701570354674E+219,OK,1.04290090929198E+234;-4.41252181048159E+219
gamma,density,g_s13_k36,transform_stress,s0.25,36,5.09278989836606E-313;0E+000,2.50000000000000E-001;0E+000,3.00000000000000E+000;0E+000,1.69759663277222E-313;0E+000,-7.20179920601774E+002;4.54747350886464E-013,OK,3.47633636427320E+233;-2.64751308628895E+218,OK,3.47633636428150E+233;-3.08876526733711E+218
gamma,density,g_s12_k36,transform_stress,s0.25,36,3.39519326559384E-313;0E+000,2.50000000000000E-001;0E+000,2.00000000000000E+000;0E+000,1.69759663277222E-313;0E+000,-7.20179920601769E+002;4.54747350886464E-013,OK,5.21450454638369E+233;0E+000,OK,5.21450454640266E+233;0E+000
gamma,density,g_s23_k36,transform_stress,s0.25,36,5.09278989841547E-313;0E+000,2.50000000000000E-001;0E+000,3.00000000000000E+000;0E+000,1.69759663282162E-313;0E+000,-7.20179920601764E+002;2.27373675443232E-013,OK,3.47633636426450E+233;3.08876526733711E+218,OK,3.47633636425581E+233;-1.76500872419264E+218
gamma,density,g_landmark_k32,landmark,s0.25,32,1.06099789548264E-314;0E+000,2.50000000000000E-001;0E+000,1.00000000000000E+000;0E+000,1.06099789548264E-314;0E+000,-7.22952509324023E+002;1.13686837721616E-013,OK,8.34320727433538E+234;-4.23602093806233E+219,OK,8.34320727433538E+234;-4.23602093806233E+219
gamma,density,g_s13_k32,transform_stress,s0.25,32,3.18299368694197E-314;0E+000,2.50000000000000E-001;0E+000,3.00000000000000E+000;0E+000,1.06099789548264E-314;0E+000,-7.22952509323868E+002;1.13686837721616E-013,OK,2.78106909101372E+234;-3.17701570354674E+219,OK,2.78106909112153E+234;1.05900523451558E+219
gamma,density,g_s12_k32,transform_stress,s0.25,32,2.12199579145934E-314;0E+000,2.50000000000000E-001;0E+000,2.00000000000000E+000;0E+000,1.06099789548264E-314;0E+000,-7.22952509323790E+002;-1.13686837721616E-013,OK,4.17160363619617E+234;-4.23602093806233E+219,OK,4.17160363643946E+234;-7.06003489677054E+218
gamma,density,g_s23_k32,transform_stress,s0.25,32,3.18299368743604E-314;0E+000,2.50000000000000E-001;0E+000,3.00000000000000E+000;0E+000,1.06099789597670E-314;0E+000,-7.22952509323713E+002;4.54747350886464E-013,OK,2.78106909090559E+234;-3.53001744838527E+219,OK,2.78106909079777E+234;1.76500872419264E+219
gamma,density,g_landmark_k28,landmark,s0.25,28,6.63123684676648E-316;0E+000,2.50000000000000E-001;0E+000,1.00000000000000E+000;0E+000,6.63123684676648E-316;0E+000,-7.25725098046263E+002;3.41060513164848E-013,OK,6.67456581946796E+235;-1.12960558348329E+220,OK,6.67456581946872E+235;-2.25921116696657E+220
gamma,density,g_s13_k28,transform_stress,s0.25,28,1.98937105897060E-315;0E+000,2.50000000000000E-001;0E+000,3.00000000000000E+000;0E+000,6.63123684676648E-316;0E+000,-7.25725098043779E+002;-2.27373675443232E-013,OK,2.22485526763071E+235;4.51842233393315E+220,OK,2.22485526901200E+235;2.25921116696657E+220
gamma,density,g_s12_k28,transform_stress,s0.25,28,1.32624737429395E-315;0E+000,2.50000000000000E-001;0E+000,2.00000000000000E+000;0E+000,6.63123684676648E-316;0E+000,-7.25725098042537E+002;-4.54747350886464E-013,OK,3.33728289730182E+235;-4.51842233393315E+220,OK,3.33728290040990E+235;1.69440837522493E+220
gamma,density,g_s23_k28,transform_stress,s0.25,28,1.98937106391126E-315;0E+000,2.50000000000000E-001;0E+000,3.00000000000000E+000;0E+000,6.63123689617304E-316;0E+000,-7.25725098041296E+002;2.27373675443232E-013,OK,2.22485526624943E+235;-3.10641535457904E+220,OK,2.22485526486789E+235;-3.67121814632068E+220
gamma,density,g_landmark_k24,landmark,s0.25,24,4.14452302922905E-317;0E+000,2.50000000000000E-001;0E+000,1.00000000000000E+000;0E+000,4.14452302922905E-317;0E+000,-7.28497686768502E+002;-4.54747350886464E-013,OK,5.33965265557470E+236;0E+000,OK,5.33965265557470E+236;0E+000
gamma,density,g_s13_k24,transform_stress,s0.25,24,1.24335695817528E-316;0E+000,2.50000000000000E-001;0E+000,3.00000000000000E+000;0E+000,4.14452302922905E-317;0E+000,-7.28497686728766E+002;-1.13686837721616E-013,OK,1.77988414779863E+236;-2.48513228366323E+221,OK,1.77988416548032E+236;2.93697451705655E+221
gamma,density,g_s12_k24,transform_stress,s0.25,24,8.28904655252374E-317;0E+000,2.50000000000000E-001;0E+000,2.00000000000000E+000;0E+000,4.14452302922905E-317;0E+000,-7.28497686708898E+002;1.13686837721616E-013,OK,2.66982616865315E+236;-1.80736893357326E+221,OK,2.66982620843696E+236;2.25921116696657E+221
gamma,density,g_s23_k24,transform_stress,s0.25,24,1.24335700758184E-316;0E+000,2.50000000000000E-001;0E+000,3.00000000000000E+000;0E+000,4.14452352329469E-317;0E+000,-7.28497686689030E+002;3.41060513164848E-013,OK,1.77988413011713E+236;4.74434345062981E+221,OK,1.77988411243564E+236;2.03329005026992E+221
gamma,density,g_landmark_k20,landmark,s0.25,20,2.59032689326815E-318;0E+000,2.50000000000000E-001;0E+000,1.00000000000000E+000;0E+000,2.59032689326815E-318;0E+000,-7.31270275490742E+002;-2.27373675443232E-013,OK,4.27172212445954E+237;1.44589514685861E+222,OK,4.27172212446003E+237;-2.89179029371721E+222
gamma,density,g_s13_k20,transform_stress,s0.25,20,7.77098562046092E-318;0E+000,2.50000000000000E-001;0E+000,3.00000000000000E+000;0E+000,2.59032689326815E-318;0E+000,-7.31270274854960E+002;3.41060513164848E-013,OK,1.42390646952467E+237;-1.26515825350128E+222,OK,1.42390669584847E+237;1.08442136014396E+222
gamma,density,g_s12_k20,transform_stress,s0.25,20,5.18065872719277E-318;0E+000,2.50000000000000E-001;0E+000,2.00000000000000E+000;0E+000,2.59032689326815E-318;0E+000,-7.31270274537068E+002;-4.54747350886464E-013,OK,2.13585902531599E+237;2.16884272028791E+222,OK,2.13585953454428E+237;3.97621165386117E+222
gamma,density,g_s23_k20,transform_stress,s0.25,20,7.77099056111738E-318;0E+000,2.50000000000000E-001;0E+000,3.00000000000000E+000;0E+000,2.59033183392461E-318;0E+000,-7.31270274219177E+002;-3.41060513164848E-013,OK,1.42390624320106E+237;4.51842233393315E+222,OK,1.42390601687766E+237;-2.16884272028791E+222
gamma,density,g_landmark_k16,landmark,s0.25,16,1.61895430829260E-319;0E+000,2.50000000000000E-001;0E+000,1.00000000000000E+000;0E+000,1.61895430829260E-319;0E+000,-7.34042864212982E+002;-1.13686837721616E-013,OK,3.41737769956785E+238;-3.47014835246066E+223,OK,3.41737769956785E+238;-3.47014835246066E+223
gamma,density,g_s13_k16,transform_stress,s0.25,16,4.85691233144237E-319;0E+000,2.50000000000000E-001;0E+000,3.00000000000000E+000;0E+000,1.61895430829260E-319;0E+000,-7.34042854040508E+002;2.27373675443232E-013,OK,1.13911431218591E+238;8.67537088115164E+222,OK,1.13911720909242E+238;-1.30130563217275E+223
gamma,density,g_s12_k16,transform_stress,s0.25,16,3.23795802314978E-319;0E+000,2.50000000000000E-001;0E+000,2.00000000000000E+000;0E+000,1.61895430829260E-319;0E+000,-7.34042848954309E+002;-4.54747350886464E-013,OK,1.70866277765892E+238;1.73507417623033E+223,OK,1.70866929565305E+238;-4.62686446994754E+223
gamma,density,g_s23_k16,transform_stress,s0.25,16,4.85696173800696E-319;0E+000,2.50000000000000E-001;0E+000,3.00000000000000E+000;0E+000,1.61900371485718E-319;0E+000,-7.34042843868137E+002;0E+000,OK,1.13911141531630E+238;-3.61473786714652E+223,OK,1.13910851848358E+238;-4.48227495526168E+223
gamma,density,g_landmark_k12,landmark,s0.25,12,1.01184644268287E-320;0E+000,2.50000000000000E-001;0E+000,1.00000000000000E+000;0E+000,1.01184644268287E-320;0E+000,-7.36815452935222E+002;1.13686837721616E-013,OK,2.73390215965414E+239;-3.23880512896328E+224,OK,2.73390215965445E+239;-2.31343223497377E+224
gamma,density,g_s13_k12,transform_stress,s0.25,12,3.03603339369446E-320;0E+000,2.50000000000000E-001;0E+000,3.00000000000000E+000;0E+000,1.01184644268287E-320;0E+000,-7.36815290188049E+002;-3.41060513164848E-013,OK,9.11152420337240E+238;2.31343223497377E+223,OK,9.11189492961439E+238;2.31343223497377E+223
gamma,density,g_s12_k12,transform_stress,s0.25,12,2.02418695101159E-320;0E+000,2.50000000000000E-001;0E+000,2.00000000000000E+000;0E+000,1.01184644268287E-320;0E+000,-7.36815208824394E+002;-3.41060513164848E-013,OK,1.36661743299286E+239;3.93283479945541E+224,OK,1.36670083706599E+239;0E+000
gamma,density,g_s23_k12,transform_stress,s0.25,12,3.03652745934030E-320;0E+000,2.50000000000000E-001;0E+000,3.00000000000000E+000;0E+000,1.01234050832871E-320;0E+000,-7.36815127467359E+002;0E+000,OK,9.11115355255432E+238;2.31343223497377E+223,OK,9.11078297709314E+238;-1.15671611748689E+223
gamma,density,g_landmark_k8,landmark,s0.25,8,6.32404026676796E-322;0E+000,2.50000000000000E-001;0E+000,1.00000000000000E+000;0E+000,6.32404026676796E-322;0E+000,-7.39588041657462E+002;3.41060513164848E-013,OK,2.18712172772345E+240;-3.70149157595803E+225,OK,2.18712172772345E+240;-3.70149157595803E+225
gamma,density,g_s13_k8,transform_stress,s0.25,8,1.90215273648880E-321;0E+000,2.50000000000000E-001;0E+000,3.00000000000000E+000;0E+000,6.32404026676796E-322;0E+000,-7.39585440875762E+002;3.41060513164848E-013,OK,7.27146964022314E+239;1.85074578797902E+224,OK,7.27619905387126E+239;-3.70149157595803E+224
gamma,density,g_s12_k8,transform_stress,s0.25,8,1.26974870981200E-321;0E+000,2.50000000000000E-001;0E+000,2.00000000000000E+000;0E+000,6.32404026676796E-322;0E+000,-7.39584143017046E+002;1.13686837721616E-013,OK,1.08930576322397E+240;3.51641699716013E+225,OK,1.09036798366032E+240;-1.11044747278741E+225
gamma,density,g_s23_k8,transform_stress,s0.25,8,1.90709339294721E-321;0E+000,2.50000000000000E-001;0E+000,3.00000000000000E+000;0E+000,6.37344683135208E-322;0E+000,-7.39582846840585E+002;4.54747350886464E-013,OK,7.26675562036408E+239;-1.85074578797902E+224,OK,7.26205677819169E+239;-3.70149157595803E+224
gamma,density,g_landmark_k4,landmark,s0.25,4,3.95252516672997E-323;0E+000,2.50000000000000E-001;0E+000,1.00000000000000E+000;0E+000,3.95252516672997E-323;0E+000,-7.42360630379701E+002;-4.54747350886464E-013,OK,1.74969738217867E+241;-2.36895460861314E+226,OK,1.74969738217887E+241;-3.84955123899636E+226
gamma,density,g_s13_k4,transform_stress,s0.25,4,1.23516411460312E-322;0E+000,2.50000000000000E-001;0E+000,3.00000000000000E+000;0E+000,3.95252516672997E-323;0E+000,-7.42319808385181E+002;-2.27373675443232E-013,OK,5.59903162297221E+240;2.96119326076643E+225,OK,5.65646510269500E+240;7.40298315191607E+224
gamma,density,g_s12_k4,transform_stress,s0.25,4,8.39911597930119E-323;0E+000,2.50000000000000E-001;0E+000,2.00000000000000E+000;0E+000,3.95252516672997E-323;0E+000,-7.42300005757885E+002;0E+000,OK,8.23387003378199E+240;-1.48059663038321E+225,OK,8.35961434109685E+240;-2.96119326076643E+225
gamma,density,g_s23_k4,transform_stress,s0.25,4,1.28457067918724E-322;0E+000,2.50000000000000E-001;0E+000,3.00000000000000E+000;0E+000,4.44659081257122E-323;0E+000,-7.42280587672028E+002;0E+000,OK,5.54456796860386E+240;0E+000,OK,5.49250053171350E+240;-1.48059663038321E+225
gamma,density,g_landmark_k2,landmark,s0.25,2,9.88131291682493E-324;0E+000,2.50000000000000E-001;0E+000,1.00000000000000E+000;0E+000,9.88131291682493E-324;0E+000,-7.43746924740821E+002;-3.41060513164848E-013,OK,4.94889153585170E+241;-1.77671595645986E+226,OK,4.94889153585170E+241;-1.77671595645986E+226
gamma,density,g_s13_k2,transform_stress,s0.25,2,3.45845952088873E-323;0E+000,2.50000000000000E-001;0E+000,3.00000000000000E+000;0E+000,9.88131291682493E-324;0E+000,-7.43592774060994E+002;-1.13686837721616E-013,OK,1.41396901024345E+241;2.96119326076643E+226,OK,1.46952367962199E+241;3.84955123899636E+226
gamma,density,g_s12_k2,transform_stress,s0.25,2,2.47032822920623E-323;0E+000,2.50000000000000E-001;0E+000,2.00000000000000E+000;0E+000,9.88131291682493E-324;0E+000,-7.43523781189507E+002;-1.13686837721616E-013,OK,1.97955661434071E+241;-4.44178989114964E+226,OK,2.09312627835746E+241;2.96119326076643E+225
gamma,density,g_s23_k2,transform_stress,s0.25,2,3.95252516672997E-323;0E+000,2.50000000000000E-001;0E+000,3.00000000000000E+000;0E+000,1.48219693752374E-323;0E+000,-7.43459242668370E+002;4.54747350886464E-013,OK,1.36921219632129E+241;0E+000,OK,1.32948251007058E+241;1.62865629342154E+226
gamma,density,g_landmark_k1,landmark,s0.25,1,4.94065645841247E-324;0E+000,2.50000000000000E-001;0E+000,1.00000000000000E+000;0E+000,4.94065645841247E-324;0E+000,-7.44440071921381E+002;-2.27373675443232E-013,OK,8.32301030395442E+241;-4.73790921722628E+226,OK,8.32301030395442E+241;-4.73790921722628E+226
gamma,density,g_s13_k1,transform_stress,s0.25,1,1.97626258336499E-323;0E+000,2.50000000000000E-001;0E+000,3.00000000000000E+000;0E+000,4.94065645841247E-324;0E+000,-7.44152389848929E+002;-4.54747350886464E-013,OK,2.08075257598860E+241;-3.84955123899636E+226,OK,2.23591415372176E+241;2.96119326076643E+225
gamma,density,g_s12_k1,transform_stress,s0.25,1,1.48219693752374E-323;0E+000,2.50000000000000E-001;0E+000,2.00000000000000E+000;0E+000,9.88131291682493E-324;0E+000,-7.44034606813273E+002;-1.13686837721616E-013,OK,3.29926102390115E+241;-4.14567056507300E+226,OK,3.07030834028853E+241;-3.55343191291971E+226
gamma,density,g_s23_k1,transform_stress,s0.25,1,2.47032822920623E-323;0E+000,2.50000000000000E-001;0E+000,3.00000000000000E+000;0E+000,9.88131291682493E-324;0E+000,-7.43929246297615E+002;-3.41060513164848E-013,OK,1.97955661434093E+241;5.92238652153286E+225,OK,1.89135309893238E+241;2.07283528253650E+226
gamma,density,g_underflow_minsub,underflow,s0.25,0,4.94065645841247E-324;0E+000,2.50000000000000E-001;0E+000,4.00000000000000E+000;0E+000,0E+000;0E+000,-7.45826366282501E+002;-1.13686837721616E-013,CVERR,,OK,5.88525702581184E+241;-2.36895460861314E+226
gamma,density,g_underflow_wide,underflow,s0.25,0,1.00000000000000E-300;0E+000,2.50000000000000E-001;0E+000,1.00000000000000E+300;0E+000,0E+000;0E+000,-1.38155105579643E+003;2.72848410531878E-012,CVERR,,OK,2.75815662830206E+149;-2.72564521610853E+134
gamma,density,g_underflow_deep,underflow,s0.25,0,1.00000000000000E-200;0E+000,2.50000000000000E-001;0E+000,1.00000000000000E+200;0E+000,0E+000;0E+000,-9.21034037197618E+002;-3.41060513164848E-013,CVERR,,OK,2.75815662830212E+099;4.85667223056432E+083
gamma,density,twin_g_landmark_k8,decimal_twin,s0.25,8,6.32404026676796E-322;0E+000,2.50000000000000E-001;0E+000,1.00000000000000E+000;0E+000,6.32404026676796E-322;0E+000,-7.39588041657462E+002;3.41060513164848E-013,OK,2.18712172772345E+240;-3.70149157595803E+225,OK,2.18712172772345E+240;-3.70149157595803E+225
gamma,density,twin_g_landmark_k32,decimal_twin,s0.25,32,1.06099789548264E-314;0E+000,2.50000000000000E-001;0E+000,1.00000000000000E+000;0E+000,1.06099789548264E-314;0E+000,-7.22952509324023E+002;1.13686837721616E-013,OK,8.34320727433538E+234;-4.23602093806233E+219,OK,8.34320727433538E+234;-4.23602093806233E+219
gamma,density,g_landmark_k52,landmark,s0.5,52,1.11253692925360E-308;4.94065645841247E-324,5.00000000000000E-001;0E+000,1.00000000000000E+000;0E+000,1.11253692925360E-308;4.94065645841247E-324,-7.09089565712824E+002;-1.13686837721616E-013,OK,5.34894147075576E+153;-4.46569712207221E+138,OK,5.34894147075576E+153;-4.46569712207221E+138
gamma,density,g_s13_k52,transform_stress,s0.5,52,3.33761078776080E-308;2.47032822920623E-323,5.00000000000000E-001;0E+000,3.00000000000000E+000;0E+000,1.11253692925360E-308;4.94065645841247E-324,-7.09089565712824E+002;-1.13686837721616E-013,OK,1.78298049025192E+153;2.97713141471481E+138,OK,1.78298049025192E+153;2.97713141471481E+138
gamma,density,g_s12_k52,transform_stress,s0.5,52,2.22507385850720E-308;1.97626258336499E-323,5.00000000000000E-001;0E+000,2.00000000000000E+000;0E+000,1.11253692925360E-308;4.94065645841247E-324,-7.09089565712824E+002;0E+000,OK,2.67447073537757E+153;-1.11642428051805E+138,OK,2.67447073537772E+153;7.44282853678701E+137
gamma,density,g_s23_k52,transform_stress,s0.5,52,3.33761078776080E-308;2.96439387504748E-323,5.00000000000000E-001;0E+000,3.00000000000000E+000;0E+000,1.11253692925360E-308;9.88131291682493E-324,-7.09089565712824E+002;-1.13686837721616E-013,OK,1.78298049025192E+153;2.97713141471481E+138,OK,1.78298049025192E+153;2.97713141471481E+138
gamma,density,g_landmark_k48,landmark,s0.5,48,6.95335580783500E-310;0E+000,5.00000000000000E-001;0E+000,1.00000000000000E+000;0E+000,6.95335580783500E-310;0E+000,-7.11862154435064E+002;1.13686837721616E-013,OK,2.13957658830231E+154;2.97713141471481E+138,OK,2.13957658830231E+154;2.97713141471481E+138
gamma,density,g_s13_k48,transform_stress,s0.5,48,2.08600674235051E-309;-4.94065645841247E-324,5.00000000000000E-001;0E+000,3.00000000000000E+000;0E+000,6.95335580783500E-310;0E+000,-7.11862154435064E+002;1.13686837721616E-013,OK,7.13192196100772E+153;-1.48856570735740E+138,OK,7.13192196100772E+153;-1.48856570735740E+138
gamma,density,g_s12_k48,transform_stress,s0.5,48,1.39067116156701E-309;-4.94065645841247E-324,5.00000000000000E-001;0E+000,2.00000000000000E+000;0E+000,6.95335580783500E-310;0E+000,-7.11862154435064E+002;2.27373675443232E-013,OK,1.06978829415103E+154;1.63742227809314E+139,OK,1.06978829415109E+154;2.38170513177184E+139
gamma,density,g_s23_k48,transform_stress,s0.5,48,2.08600674235051E-309;0E+000,5.00000000000000E-001;0E+000,3.00000000000000E+000;0E+000,6.95335580783505E-310;0E+000,-7.11862154435064E+002;1.13686837721616E-013,OK,7.13192196100772E+153;-1.48856570735740E+138,OK,7.13192196100772E+153;-1.48856570735740E+138
gamma,density,g_landmark_k44,landmark,s0.5,44,4.34584737989688E-311;0E+000,5.00000000000000E-001;0E+000,1.00000000000000E+000;0E+000,4.34584737989688E-311;0E+000,-7.14634743157304E+002;3.41060513164848E-013,OK,8.55830635320927E+154;3.57255769765777E+139,OK,8.55830635320927E+154;3.57255769765777E+139
gamma,density,g_s13_k44,transform_stress,s0.5,44,1.30375421396911E-310;0E+000,5.00000000000000E-001;0E+000,3.00000000000000E+000;0E+000,4.34584737989688E-311;0E+000,-7.14634743157304E+002;3.41060513164848E-013,OK,2.85276878440310E+154;-1.78627884882888E+139,OK,2.85276878440310E+154;-1.78627884882888E+139
gamma,density,g_s12_k44,transform_stress,s0.5,44,8.69169475979425E-311;0E+000,5.00000000000000E-001;0E+000,2.00000000000000E+000;0E+000,4.34584737989688E-311;0E+000,-7.14634743157304E+002;4.54747350886464E-013,OK,4.27915317660414E+154;2.38170513177184E+139,OK,4.27915317660439E+154;-4.76341026354369E+139
gamma,density,g_s23_k44,transform_stress,s0.5,44,1.30375421396916E-310;0E+000,5.00000000000000E-001;0E+000,3.00000000000000E+000;0E+000,4.34584737989737E-311;0E+000,-7.14634743157304E+002;4.54747350886464E-013,OK,2.85276878440294E+154;-4.16798398060073E+139,OK,2.85276878440294E+154;-4.16798398060073E+139
gamma,density,g_landmark_k40,landmark,s0.5,40,2.71615461243555E-312;0E+000,5.00000000000000E-001;0E+000,1.00000000000000E+000;0E+000,2.71615461243555E-312;0E+000,-7.17407331879543E+002;-4.54747350886464E-013,OK,3.42332254128372E+155;2.38170513177184E+140,OK,3.42332254128372E+155;2.38170513177184E+140
gamma,density,g_s13_k40,transform_stress,s0.5,40,8.14846383731159E-312;0E+000,5.00000000000000E-001;0E+000,3.00000000000000E+000;0E+000,2.71615461243555E-312;0E+000,-7.17407331879543E+002;1.13686837721616E-013,OK,1.14110751376059E+155;4.76341026354369E+140,OK,1.14110751376092E+155;-9.52682052708738E+139
gamma,density,g_s12_k40,transform_stress,s0.5,40,5.43230922487604E-312;0E+000,5.00000000000000E-001;0E+000,2.00000000000000E+000;0E+000,2.71615461243555E-312;0E+000,-7.17407331879542E+002;-4.54747350886464E-013,OK,1.71166127064011E+155;-3.57255769765777E+140,OK,1.71166127064098E+155;2.38170513177184E+140
gamma,density,g_s23_k40,transform_stress,s0.5,40,8.14846383731653E-312;0E+000,5.00000000000000E-001;0E+000,3.00000000000000E+000;0E+000,2.71615461244049E-312;0E+000,-7.17407331879542E+002;-2.27373675443232E-013,OK,1.14110751376085E+155;4.04889872401214E+140,OK,1.14110751376053E+155;0E+000
gamma,density,g_landmark_k36,landmark,s0.5,36,1.69759663277222E-313;0E+000,5.00000000000000E-001;0E+000,1.00000000000000E+000;0E+000,1.69759663277222E-313;0E+000,-7.20179920601783E+002;-1.13686837721616E-013,OK,1.36932901651342E+156;-3.81072821083495E+141,OK,1.36932901651342E+156;-3.81072821083495E+141
gamma,density,g_s13_k36,transform_stress,s0.5,36,5.09278989836606E-313;0E+000,5.00000000000000E-001;0E+000,3.00000000000000E+000;0E+000,1.69759663277222E-313;0E+000,-7.20179920601774E+002;4.54747350886464E-013,OK,4.56443005500114E+155;1.90536410541748E+140,OK,4.56443005502294E+155;-3.81072821083495E+140
gamma,density,g_s12_k36,transform_stress,s0.5,36,3.39519326559384E-313;0E+000,5.00000000000000E-001;0E+000,2.00000000000000E+000;0E+000,1.69759663277222E-313;0E+000,-7.20179920601769E+002;4.54747350886464E-013,OK,6.84664508246744E+155;-3.81072821083495E+140,OK,6.84664508251725E+155;1.90536410541748E+140
gamma,density,g_s23_k36,transform_stress,s0.5,36,5.09278989841547E-313;0E+000,5.00000000000000E-001;0E+000,3.00000000000000E+000;0E+000,1.69759663282162E-313;0E+000,-7.20179920601764E+002;2.27373675443232E-013,OK,4.56443005502294E+155;-3.81072821083495E+140,OK,4.56443005500062E+155;2.85804615812621E+140
gamma,density,g_landmark_k32,landmark,s0.5,32,1.06099789548264E-314;0E+000,5.00000000000000E-001;0E+000,1.00000000000000E+000;0E+000,1.06099789548264E-314;0E+000,-7.22952509324023E+002;1.13686837721616E-013,OK,5.47731606605369E+156;-5.33501949516893E+141,OK,5.47731606605369E+156;-5.33501949516893E+141
gamma,density,g_s13_k32,transform_stress,s0.5,32,3.18299368694197E-314;0E+000,5.00000000000000E-001;0E+000,3.00000000000000E+000;0E+000,1.06099789548264E-314;0E+000,-7.22952509323868E+002;1.13686837721616E-013,OK,1.82577202173478E+156;-1.14321846325049E+141,OK,1.82577202187634E+156;-7.62145642166990E+140
gamma,density,g_s12_k32,transform_stress,s0.5,32,2.12199579145934E-314;0E+000,5.00000000000000E-001;0E+000,2.00000000000000E+000;0E+000,1.06099789548264E-314;0E+000,-7.22952509323790E+002;-1.13686837721616E-013,OK,2.73865803238919E+156;3.81072821083495E+141,OK,2.73865803270802E+156;-4.19180103191845E+141
gamma,density,g_s23_k32,transform_stress,s0.5,32,3.18299368743604E-314;0E+000,5.00000000000000E-001;0E+000,3.00000000000000E+000;0E+000,1.06099789597670E-314;0E+000,-7.22952509323713E+002;4.54747350886464E-013,OK,1.82577202187634E+156;-7.62145642166990E+140,OK,1.82577202173457E+156;1.14321846325049E+141
gamma,density,g_landmark_k28,landmark,s0.5,28,6.63123684676648E-316;0E+000,5.00000000000000E-001;0E+000,1.00000000000000E+000;0E+000,6.63123684676648E-316;0E+000,-7.25725098046263E+002;3.41060513164848E-013,OK,2.19092642642148E+157;2.13400779806757E+142,OK,2.19092642642148E+157;2.13400779806757E+142
gamma,density,g_s13_k28,transform_stress,s0.5,28,1.98937105897060E-315;0E+000,5.00000000000000E-001;0E+000,3.00000000000000E+000;0E+000,6.63123684676648E-316;0E+000,-7.25725098043779E+002;-2.27373675443232E-013,OK,7.30308806993449E+156;-4.57287385300194E+141,OK,7.30308807900305E+156;4.57287385300194E+141
gamma,density,g_s12_k28,transform_stress,s0.5,28,1.32624737429395E-315;0E+000,5.00000000000000E-001;0E+000,2.00000000000000E+000;0E+000,6.63123684676648E-316;0E+000,-7.25725098042537E+002;-4.54747350886464E-013,OK,1.09546320912982E+157;6.09716513733592E+141,OK,1.09546321117028E+157;-1.52429128433398E+141
gamma,density,g_s23_k28,transform_stress,s0.5,28,1.98937106391126E-315;0E+000,5.00000000000000E-001;0E+000,3.00000000000000E+000;0E+000,6.63123689617304E-316;0E+000,-7.25725098041296E+002;2.27373675443232E-013,OK,7.30308807900347E+156;0E+000,OK,7.30308806993449E+156;-4.57287385300194E+141
gamma,density,g_landmark_k24,landmark,s0.5,24,4.14452302922905E-317;0E+000,5.00000000000000E-001;0E+000,1.00000000000000E+000;0E+000,4.14452302922905E-317;0E+000,-7.28497686768502E+002;-4.54747350886464E-013,OK,8.76370570568596E+157;1.21943302746718E+142,OK,8.76370570568596E+157;1.21943302746718E+142
gamma,density,g_s13_k24,transform_stress,s0.5,24,1.24335695817528E-316;0E+000,5.00000000000000E-001;0E+000,3.00000000000000E+000;0E+000,4.14452302922905E-317;0E+000,-7.28497686728766E+002;-1.13686837721616E-013,OK,2.92123511914931E+157;4.87773210986874E+142,OK,2.92123517718899E+157;-3.04858256866796E+142
gamma,density,g_s12_k24,transform_stress,s0.5,24,8.28904655252374E-317;0E+000,5.00000000000000E-001;0E+000,2.00000000000000E+000;0E+000,4.14452302922905E-317;0E+000,-7.28497686708898E+002;1.13686837721616E-013,OK,4.38185259166420E+157;-2.43886605493437E+142,OK,4.38185272225358E+157;3.04858256866796E+142
gamma,density,g_s23_k24,transform_stress,s0.5,24,1.24335700758184E-316;0E+000,5.00000000000000E-001;0E+000,3.00000000000000E+000;0E+000,4.14452352329469E-317;0E+000,-7.28497686689030E+002;3.41060513164848E-013,OK,2.92123517718915E+157;3.04858256866796E+142,OK,2.92123511914931E+157;4.87773210986874E+142
gamma,density,g_landmark_k20,landmark,s0.5,20,2.59032689326815E-318;0E+000,5.00000000000000E-001;0E+000,1.00000000000000E+000;0E+000,2.59032689326815E-318;0E+000,-7.31270275490742E+002;-2.27373675443232E-013,OK,3.50548228227440E+158;-2.43886605493437E+143,OK,3.50548228227440E+158;-2.43886605493437E+143
gamma,density,g_s13_k20,transform_stress,s0.5,20,7.77098562046092E-318;0E+000,5.00000000000000E-001;0E+000,3.00000000000000E+000;0E+000,2.59032689326815E-318;0E+000,-7.31270274854960E+002;3.41060513164848E-013,OK,1.16849335118348E+158;-2.92663926592124E+143,OK,1.16849372263741E+158;3.90218568789499E+143
gamma,density,g_s12_k20,transform_stress,s0.5,20,5.18065872719277E-318;0E+000,5.00000000000000E-001;0E+000,2.00000000000000E+000;0E+000,2.59032689326815E-318;0E+000,-7.31270274537068E+002;-4.54747350886464E-013,OK,1.75273946959458E+158;0E+000,OK,1.75274030536569E+158;-1.70720623845406E+143
gamma,density,g_s23_k20,transform_stress,s0.5,20,7.77099056111738E-318;0E+000,5.00000000000000E-001;0E+000,3.00000000000000E+000;0E+000,2.59033183392461E-318;0E+000,-7.31270274219177E+002;-3.41060513164848E-013,OK,1.16849372263721E+158;4.63384550437530E+143,OK,1.16849335118368E+158;-3.65829908240155E+143
gamma,density,g_landmark_k16,landmark,s0.5,16,1.61895430829260E-319;0E+000,5.00000000000000E-001;0E+000,1.00000000000000E+000;0E+000,1.61895430829260E-319;0E+000,-7.34042864212982E+002;-1.13686837721616E-013,OK,1.40219291290976E+159;4.29240425668449E+144,OK,1.40219291290976E+159;4.29240425668449E+144
gamma,density,g_s13_k16,transform_stress,s0.5,16,4.85691233144237E-319;0E+000,5.00000000000000E-001;0E+000,3.00000000000000E+000;0E+000,1.61895430829260E-319;0E+000,-7.34042854040508E+002;2.27373675443232E-013,OK,4.67392883070326E+158;4.87773210986874E+143,OK,4.67395260347412E+158;9.75546421973748E+142
gamma,density,g_s12_k16,transform_stress,s0.5,16,3.23795802314978E-319;0E+000,5.00000000000000E-001;0E+000,2.00000000000000E+000;0E+000,1.61895430829260E-319;0E+000,-7.34042848954309E+002;-4.54747350886464E-013,OK,7.01085758735174E+158;3.90218568789499E+143,OK,7.01091107574623E+158;4.87773210986874E+143
gamma,density,g_s23_k16,transform_stress,s0.5,16,4.85696173800696E-319;0E+000,5.00000000000000E-001;0E+000,3.00000000000000E+000;0E+000,1.61900371485718E-319;0E+000,-7.34042843868137E+002;0E+000,OK,4.67395260323235E+158;-9.75546421973748E+142,OK,4.67392883094504E+158;-4.87773210986874E+143
gamma,density,g_landmark_k12,landmark,s0.5,12,1.01184644268287E-320;0E+000,5.00000000000000E-001;0E+000,1.00000000000000E+000;0E+000,1.01184644268287E-320;0E+000,-7.36815452935222E+002;1.13686837721616E-013,OK,5.60877165163908E+159;-2.34131141273699E+144,OK,5.60877165163908E+159;-2.34131141273699E+144
gamma,density,g_s13_k12,transform_stress,s0.5,12,3.03603339369446E-320;0E+000,5.00000000000000E-001;0E+000,3.00000000000000E+000;0E+000,1.01184644268287E-320;0E+000,-7.36815290188049E+002;-3.41060513164848E-013,OK,1.86928630472865E+159;-3.90218568789499E+143,OK,1.86943842144811E+159;3.12174855031599E+144
gamma,density,g_s12_k12,transform_stress,s0.5,12,2.02418695101159E-320;0E+000,5.00000000000000E-001;0E+000,2.00000000000000E+000;0E+000,1.01184644268287E-320;0E+000,-7.36815208824394E+002;-3.41060513164848E-013,OK,2.80370132842479E+159;0E+000,OK,2.80404355623551E+159;-1.56087427515800E+144
gamma,density,g_s23_k12,transform_stress,s0.5,12,3.03652745934030E-320;0E+000,5.00000000000000E-001;0E+000,3.00000000000000E+000;0E+000,1.01234050832871E-320;0E+000,-7.36815127467359E+002;0E+000,OK,1.86943839670276E+159;-2.73152998152649E+144,OK,1.86928632948017E+159;3.90218568789499E+144
gamma,density,g_landmark_k8,landmark,s0.5,8,6.32404026676796E-322;0E+000,5.00000000000000E-001;0E+000,1.00000000000000E+000;0E+000,6.32404026676796E-322;0E+000,-7.39588041657462E+002;3.41060513164848E-013,OK,2.24350866065564E+160;-3.12174855031599E+144,OK,2.24350866065564E+160;-3.12174855031599E+144
gamma,density,g_s13_k8,transform_stress,s0.5,8,1.90215273648880E-321;0E+000,5.00000000000000E-001;0E+000,3.00000000000000E+000;0E+000,6.32404026676796E-322;0E+000,-7.39585440875762E+002;3.41060513164848E-013,OK,7.45893788477735E+159;-4.68262282547399E+144,OK,7.46864372868115E+159;-3.12174855031599E+144
gamma,density,g_s12_k8,transform_stress,s0.5,8,1.26974870981200E-321;0E+000,5.00000000000000E-001;0E+000,2.00000000000000E+000;0E+000,6.32404026676796E-322;0E+000,-7.39584143017046E+002;1.13686837721616E-013,OK,1.11738952748598E+160;1.40478684764220E+145,OK,1.11956980180798E+160;-2.65348626776859E+145
gamma,density,g_s23_k8,transform_stress,s0.5,8,1.90709339294721E-321;0E+000,5.00000000000000E-001;0E+000,3.00000000000000E+000;0E+000,6.37344683135208E-322;0E+000,-7.39582846840585E+002;4.54747350886464E-013,OK,7.46861866540354E+159;4.68262282547399E+144,OK,7.45896304576783E+159;-1.56087427515800E+144
gamma,density,g_landmark_k4,landmark,s0.5,4,3.95252516672997E-323;0E+000,5.00000000000000E-001;0E+000,1.00000000000000E+000;0E+000,3.95252516672997E-323;0E+000,-7.42360630379701E+002;-4.54747350886464E-013,OK,8.97403464262259E+160;1.24869942012640E+145,OK,8.97403464262259E+160;1.24869942012640E+145
gamma,density,g_s13_k4,transform_stress,s0.5,4,1.23516411460312E-322;0E+000,5.00000000000000E-001;0E+000,3.00000000000000E+000;0E+000,3.95252516672997E-323;0E+000,-7.42319808385181E+002;-2.27373675443232E-013,OK,2.87169108563931E+160;1.24869942012640E+145,OK,2.93090744113137E+160;6.24349710063198E+144
gamma,density,g_s12_k4,transform_stress,s0.5,4,8.39911597930119E-323;0E+000,5.00000000000000E-001;0E+000,2.00000000000000E+000;0E+000,3.95252516672997E-323;0E+000,-7.42300005757885E+002;0E+000,OK,4.22307512593982E+160;-4.99479768050559E+145,OK,4.35304620229223E+160;-1.24869942012640E+145
gamma,density,g_s23_k4,transform_stress,s0.5,4,1.28457067918724E-322;0E+000,5.00000000000000E-001;0E+000,3.00000000000000E+000;0E+000,4.44659081257122E-323;0E+000,-7.42280587672028E+002;0E+000,OK,2.92873880787793E+160;3.74609826037919E+145,OK,2.87399119901224E+160;3.12174855031599E+145
gamma,density,g_landmark_k2,landmark,s0.5,2,9.88131291682493E-324;0E+000,5.00000000000000E-001;0E+000,1.00000000000000E+000;0E+000,9.88131291682493E-324;0E+000,-7.43746924740821E+002;-3.41060513164848E-013,OK,1.79480692852452E+161;1.74817918817696E+146,OK,1.79480692852452E+161;1.74817918817696E+146
gamma,density,g_s13_k2,transform_stress,s0.5,2,3.45845952088873E-323;0E+000,5.00000000000000E-001;0E+000,3.00000000000000E+000;0E+000,9.88131291682493E-324;0E+000,-7.43592774060994E+002;-1.13686837721616E-013,OK,5.12801979578446E+160;-3.74609826037919E+145,OK,5.53889443213020E+160;-3.74609826037919E+145
gamma,density,g_s12_k2,transform_stress,s0.5,2,2.47032822920623E-323;0E+000,5.00000000000000E-001;0E+000,2.00000000000000E+000;0E+000,9.88131291682493E-324;0E+000,-7.43523781189507E+002;-1.13686837721616E-013,OK,7.17922771409777E+160;3.74609826037919E+145,OK,8.02662059733669E+160;1.24869942012640E+145
gamma,density,g_s23_k2,transform_stress,s0.5,2,3.95252516672997E-323;0E+000,5.00000000000000E-001;0E+000,3.00000000000000E+000;0E+000,1.48219693752374E-323;0E+000,-7.43459242668370E+002;4.54747350886464E-013,OK,5.49545145212153E+160;-3.74609826037919E+145,OK,5.18116131663533E+160;3.12174855031599E+145
gamma,density,g_landmark_k1,landmark,s0.5,1,4.94065645841247E-324;0E+000,5.00000000000000E-001;0E+000,1.00000000000000E+000;0E+000,4.94065645841247E-324;0E+000,-7.44440071921381E+002;-2.27373675443232E-013,OK,2.53824030016051E+161;-2.99687860830335E+146,OK,2.53824030016051E+161;-2.99687860830335E+146
gamma,density,g_s13_k1,transform_stress,s0.5,1,1.97626258336499E-323;0E+000,5.00000000000000E-001;0E+000,3.00000000000000E+000;0E+000,4.94065645841247E-324;0E+000,-7.44152389848929E+002;-4.54747350886464E-013,OK,6.34560075040160E+160;4.99479768050559E+145,OK,7.32726860282833E+160;0E+000
gamma,density,g_s12_k1,transform_stress,s0.5,1,1.48219693752374E-323;0E+000,5.00000000000000E-001;0E+000,2.00000000000000E+000;0E+000,9.88131291682493E-324;0E+000,-7.44034606813273E+002;-1.13686837721616E-013,OK,1.19653795234962E+161;-1.99791907220224E+146,OK,1.03623226332701E+161;-2.49739884025279E+145
gamma,density,g_s23_k1,transform_stress,s0.5,1,2.47032822920623E-323;0E+000,5.00000000000000E-001;0E+000,3.00000000000000E+000;0E+000,9.88131291682493E-324;0E+000,-7.43929246297615E+002;-3.41060513164848E-013,OK,7.17922771409859E+160;0E+000,OK,6.55370827412986E+160;-2.49739884025279E+145
gamma,density,g_underflow_minsub,underflow,s0.5,0,4.94065645841247E-324;0E+000,5.00000000000000E-001;0E+000,4.00000000000000E+000;0E+000,0E+000;0E+000,-7.45826366282501E+002;-1.13686837721616E-013,CVERR,,OK,1.26912015008025E+161;9.98959536101118E+145
gamma,density,g_underflow_wide,underflow,s0.5,0,1.00000000000000E-300;0E+000,5.00000000000000E-001;0E+000,1.00000000000000E+300;0E+000,0E+000;0E+000,-1.38155105579643E+003;2.72848410531878E-012,CVERR,,OK,5.64189583547755E-001;4.44089209850063E-016
gamma,density,g_underflow_deep,underflow,s0.5,0,1.00000000000000E-200;0E+000,5.00000000000000E-001;0E+000,1.00000000000000E+200;0E+000,0E+000;0E+000,-9.21034037197618E+002;-3.41060513164848E-013,CVERR,,OK,5.64189583547755E-001;4.44089209850063E-016
gamma,density,twin_g_landmark_k8,decimal_twin,s0.5,8,6.32404026676796E-322;0E+000,5.00000000000000E-001;0E+000,1.00000000000000E+000;0E+000,6.32404026676796E-322;0E+000,-7.39588041657462E+002;3.41060513164848E-013,OK,2.24350866065564E+160;-3.12174855031599E+144,OK,2.24350866065564E+160;-3.12174855031599E+144
gamma,density,twin_g_landmark_k32,decimal_twin,s0.5,32,1.06099789548264E-314;0E+000,5.00000000000000E-001;0E+000,1.00000000000000E+000;0E+000,1.06099789548264E-314;0E+000,-7.22952509324023E+002;1.13686837721616E-013,OK,5.47731606605369E+156;-5.33501949516893E+141,OK,5.47731606605369E+156;-5.33501949516893E+141
gamma,density,g_landmark_k52,landmark,s0.75,52,1.11253692925360E-308;4.94065645841247E-324,7.50000000000000E-001;0E+000,1.00000000000000E+000;0E+000,1.11253692925360E-308;4.94065645841247E-324,-7.09089565712824E+002;-1.13686837721616E-013,OK,7.94579938061244E+076;2.57110087081438E+061,OK,7.94579938061222E+076;-2.57110087081438E+061
gamma,density,g_s13_k52,transform_stress,s0.75,52,3.33761078776080E-308;2.47032822920623E-323,7.50000000000000E-001;0E+000,3.00000000000000E+000;0E+000,1.11253692925360E-308;4.94065645841247E-324,-7.09089565712824E+002;-1.13686837721616E-013,OK,2.64859979353749E+076;-2.89248847966618E+061,OK,2.64859979353741E+076;1.92832565311079E+061
gamma,density,g_s12_k52,transform_stress,s0.75,52,2.22507385850720E-308;1.97626258336499E-323,7.50000000000000E-001;0E+000,2.00000000000000E+000;0E+000,1.11253692925360E-308;4.94065645841247E-324,-7.09089565712824E+002;0E+000,OK,3.97289969030576E+076;1.92832565311079E+061,OK,3.97289969030599E+076;-1.92832565311079E+061
gamma,density,g_s23_k52,transform_stress,s0.75,52,3.33761078776080E-308;2.96439387504748E-323,7.50000000000000E-001;0E+000,3.00000000000000E+000;0E+000,1.11253692925360E-308;9.88131291682493E-324,-7.09089565712824E+002;-1.13686837721616E-013,OK,2.64859979353749E+076;-2.89248847966618E+061,OK,2.64859979353741E+076;1.92832565311079E+061
gamma,density,g_landmark_k48,landmark,s0.75,48,6.95335580783500E-310;0E+000,7.50000000000000E-001;0E+000,1.00000000000000E+000;0E+000,6.95335580783500E-310;0E+000,-7.11862154435064E+002;1.13686837721616E-013,OK,1.58915987612240E+077;1.28555043540719E+062,OK,1.58915987612245E+077;-3.85665130622158E+062
gamma,density,g_s13_k48,transform_stress,s0.75,48,2.08600674235051E-309;-4.94065645841247E-324,7.50000000000000E-001;0E+000,3.00000000000000E+000;0E+000,6.95335580783500E-310;0E+000,-7.11862154435064E+002;1.13686837721616E-013,OK,5.29719958707468E+076;3.21387608851798E+061,OK,5.29719958707483E+076;3.21387608851798E+061
gamma,density,g_s12_k48,transform_stress,s0.75,48,1.39067116156701E-309;-4.94065645841247E-324,7.50000000000000E-001;0E+000,2.00000000000000E+000;0E+000,6.95335580783500E-310;0E+000,-7.11862154435064E+002;2.27373675443232E-013,OK,7.94579938061109E+076;-2.57110087081438E+061,OK,7.94579938061199E+076;1.28555043540719E+061
gamma,density,g_s23_k48,transform_stress,s0.75,48,2.08600674235051E-309;0E+000,7.50000000000000E-001;0E+000,3.00000000000000E+000;0E+000,6.95335580783505E-310;0E+000,-7.11862154435064E+002;1.13686837721616E-013,OK,5.29719958707468E+076;3.21387608851798E+061,OK,5.29719958707483E+076;3.21387608851798E+061
gamma,density,g_landmark_k44,landmark,s0.75,44,4.34584737989688E-311;0E+000,7.50000000000000E-001;0E+000,1.00000000000000E+000;0E+000,4.34584737989688E-311;0E+000,-7.14634743157304E+002;3.41060513164848E-013,OK,3.17831975224499E+077;-1.54266052248863E+062,OK,3.17831975224490E+077;-1.54266052248863E+062
gamma,density,g_s13_k44,transform_stress,s0.75,44,1.30375421396911E-310;0E+000,7.50000000000000E-001;0E+000,3.00000000000000E+000;0E+000,4.34584737989688E-311;0E+000,-7.14634743157304E+002;3.41060513164848E-013,OK,1.05943991741500E+077;-1.15699539186647E+062,OK,1.05943991741497E+077;-1.41410547894791E+062
gamma,density,g_s12_k44,transform_stress,s0.75,44,8.69169475979425E-311;0E+000,7.50000000000000E-001;0E+000,2.00000000000000E+000;0E+000,4.34584737989688E-311;0E+000,-7.14634743157304E+002;4.54747350886464E-013,OK,1.58915987612231E+077;7.71330261244315E+061,OK,1.58915987612240E+077;1.28555043540719E+062
gamma,density,g_s23_k44,transform_stress,s0.75,44,1.30375421396916E-310;0E+000,7.50000000000000E-001;0E+000,3.00000000000000E+000;0E+000,4.34584737989737E-311;0E+000,-7.14634743157304E+002;4.54747350886464E-013,OK,1.05943991741500E+077;-1.15699539186647E+062,OK,1.05943991741494E+077;-1.41410547894791E+062
gamma,density,g_landmark_k40,landmark,s0.75,40,2.71615461243555E-312;0E+000,7.50000000000000E-001;0E+000,1.00000000000000E+000;0E+000,2.71615461243555E-312;0E+000,-7.17407331879543E+002;-4.54747350886464E-013,OK,6.35663950448963E+077;-1.02844034832575E+062,OK,6.35663950448981E+077;-1.02844034832575E+062
gamma,density,g_s13_k40,transform_stress,s0.75,40,8.14846383731159E-312;0E+000,7.50000000000000E-001;0E+000,3.00000000000000E+000;0E+000,2.71615461243555E-312;0E+000,-7.17407331879543E+002;1.13686837721616E-013,OK,2.11887983482868E+077;-3.34243113205870E+062,OK,2.11887983482964E+077;2.57110087081438E+061
gamma,density,g_s12_k40,transform_stress,s0.75,40,5.43230922487604E-312;0E+000,7.50000000000000E-001;0E+000,2.00000000000000E+000;0E+000,2.71615461243555E-312;0E+000,-7.17407331879542E+002;-4.54747350886464E-013,OK,3.17831975224156E+077;-3.59954121914014E+062,OK,3.17831975224409E+077;-4.11376139330302E+062
gamma,density,g_s23_k40,transform_stress,s0.75,40,8.14846383731653E-312;0E+000,7.50000000000000E-001;0E+000,3.00000000000000E+000;0E+000,2.71615461244049E-312;0E+000,-7.17407331879542E+002;-2.27373675443232E-013,OK,2.11887983483012E+077;2.05688069665151E+062,OK,2.11887983482928E+077;-1.28555043540719E+062
gamma,density,g_landmark_k36,landmark,s0.75,36,1.69759663277222E-313;0E+000,7.50000000000000E-001;0E+000,1.00000000000000E+000;0E+000,1.69759663277222E-313;0E+000,-7.20179920601783E+002;-1.13686837721616E-013,OK,1.27132790089800E+078;4.11376139330302E+062,OK,1.27132790089793E+078;-2.05688069665151E+063
gamma,density,g_s13_k36,transform_stress,s0.75,36,5.09278989836606E-313;0E+000,7.50000000000000E-001;0E+000,3.00000000000000E+000;0E+000,1.69759663277222E-313;0E+000,-7.20179920601774E+002;4.54747350886464E-013,OK,4.23775966961954E+077;1.54266052248863E+062,OK,4.23775966964965E+077;3.08532104497726E+062
gamma,density,g_s12_k36,transform_stress,s0.75,36,3.39519326559384E-313;0E+000,7.50000000000000E-001;0E+000,2.00000000000000E+000;0E+000,1.69759663277222E-313;0E+000,-7.20179920601769E+002;4.54747350886464E-013,OK,6.35663950439749E+077;-1.02844034832575E+062,OK,6.35663950446650E+077;3.08532104497726E+062
gamma,density,g_s23_k36,transform_stress,s0.75,36,5.09278989841547E-313;0E+000,7.50000000000000E-001;0E+000,3.00000000000000E+000;0E+000,1.69759663282162E-313;0E+000,-7.20179920601764E+002;2.27373675443232E-013,OK,4.23775966967061E+077;0E+000,OK,4.23775966963929E+077;4.62798156746589E+062
gamma,density,g_landmark_k32,landmark,s0.75,32,1.06099789548264E-314;0E+000,7.50000000000000E-001;0E+000,1.00000000000000E+000;0E+000,1.06099789548264E-314;0E+000,-7.22952509324023E+002;1.13686837721616E-013,OK,2.54265580179586E+078;8.22752278660603E+062,OK,2.54265580179586E+078;8.22752278660603E+062
gamma,density,g_s13_k32,transform_stress,s0.75,32,3.18299368694197E-314;0E+000,7.50000000000000E-001;0E+000,3.00000000000000E+000;0E+000,1.06099789548264E-314;0E+000,-7.22952509323868E+002;1.13686837721616E-013,OK,8.47551933800527E+077;-2.05688069665151E+062,OK,8.47551933899098E+077;3.08532104497726E+062
gamma,density,g_s12_k32,transform_stress,s0.75,32,2.12199579145934E-314;0E+000,7.50000000000000E-001;0E+000,2.00000000000000E+000;0E+000,1.06099789548264E-314;0E+000,-7.22952509323790E+002;-1.13686837721616E-013,OK,1.27132790060192E+078;3.90807332363786E+063,OK,1.27132790082393E+078;-3.08532104497726E+063
gamma,density,g_s23_k32,transform_stress,s0.75,32,3.18299368743604E-314;0E+000,7.50000000000000E-001;0E+000,3.00000000000000E+000;0E+000,1.06099789597670E-314;0E+000,-7.22952509323713E+002;4.54747350886464E-013,OK,8.47551933964909E+077;2.05688069665151E+062,OK,8.47551933866193E+077;0E+000
gamma,density,g_landmark_k28,landmark,s0.75,28,6.63123684676648E-316;0E+000,7.50000000000000E-001;0E+000,1.00000000000000E+000;0E+000,6.63123684676648E-316;0E+000,-7.25725098046263E+002;3.41060513164848E-013,OK,5.08531160359202E+078;8.22752278660603E+062,OK,5.08531160359173E+078;8.22752278660603E+062
gamma,density,g_s13_k28,transform_stress,s0.75,28,1.98937105897060E-315;0E+000,7.50000000000000E-001;0E+000,3.00000000000000E+000;0E+000,6.63123684676648E-316;0E+000,-7.25725098043779E+002;-2.27373675443232E-013,OK,1.69510386365424E+078;-1.02844034832575E+063,OK,1.69510386681147E+078;1.43981648765606E+063
gamma,density,g_s12_k28,transform_stress,s0.75,28,1.32624737429395E-315;0E+000,7.50000000000000E-001;0E+000,2.00000000000000E+000;0E+000,6.63123684676648E-316;0E+000,-7.25725098042537E+002;-4.54747350886464E-013,OK,2.54265579232387E+078;4.11376139330302E+063,OK,2.54265579942783E+078;-2.05688069665151E+063
gamma,density,g_s23_k28,transform_stress,s0.75,28,1.98937106391126E-315;0E+000,7.50000000000000E-001;0E+000,3.00000000000000E+000;0E+000,6.63123689617304E-316;0E+000,-7.25725098041296E+002;2.27373675443232E-013,OK,1.69510386891660E+078;-1.85119262698636E+063,OK,1.69510386575903E+078;-1.64550455732121E+063
gamma,density,g_landmark_k24,landmark,s0.75,24,4.14452302922905E-317;0E+000,7.50000000000000E-001;0E+000,1.00000000000000E+000;0E+000,4.14452302922905E-317;0E+000,-7.28497686768502E+002;-4.54747350886464E-013,OK,1.01706232071835E+079;-1.81005501305333E+064,OK,1.01706232071835E+079;-1.81005501305333E+064
gamma,density,g_s13_k24,transform_stress,s0.75,24,1.24335695817528E-316;0E+000,7.50000000000000E-001;0E+000,3.00000000000000E+000;0E+000,4.14452302922905E-317;0E+000,-7.28497686728766E+002;-1.13686837721616E-013,OK,3.39020760101321E+078;4.11376139330302E+063,OK,3.39020770204918E+078;-8.22752278660603E+062
gamma,density,g_s12_k24,transform_stress,s0.75,24,8.28904655252374E-317;0E+000,7.50000000000000E-001;0E+000,2.00000000000000E+000;0E+000,4.14452302922905E-317;0E+000,-7.28497686708898E+002;1.13686837721616E-013,OK,5.08531130048355E+078;-1.64550455732121E+063,OK,5.08531152781468E+078;3.29100911464241E+063
gamma,density,g_s23_k24,transform_stress,s0.75,24,1.24335700758184E-316;0E+000,7.50000000000000E-001;0E+000,3.00000000000000E+000;0E+000,4.14452352329469E-317;0E+000,-7.28497686689030E+002;3.41060513164848E-013,OK,3.39020776940678E+078;0E+000,OK,3.39020766837052E+078;4.11376139330302E+063
gamma,density,g_landmark_k20,landmark,s0.75,20,2.59032689326815E-318;0E+000,7.50000000000000E-001;0E+000,1.00000000000000E+000;0E+000,2.59032689326815E-318;0E+000,-7.31270275490742E+002;-2.27373675443232E-013,OK,2.03412464143682E+079;-4.27831184903514E+064,OK,2.03412464143670E+079;0E+000
gamma,density,g_s13_k20,transform_stress,s0.75,20,7.77098562046092E-318;0E+000,7.50000000000000E-001;0E+000,3.00000000000000E+000;0E+000,2.59032689326815E-318;0E+000,-7.31270274854960E+002;3.41060513164848E-013,OK,6.78041116058718E+078;-2.46825683598181E+063,OK,6.78041439373820E+078;3.29100911464241E+063
gamma,density,g_s12_k20,transform_stress,s0.75,20,5.18065872719277E-318;0E+000,7.50000000000000E-001;0E+000,2.00000000000000E+000;0E+000,2.59032689326815E-318;0E+000,-7.31270274537068E+002;-4.54747350886464E-013,OK,1.01706135077312E+079;-2.46825683598181E+064,OK,1.01706207823194E+079;-8.22752278660603E+063
gamma,density,g_s23_k20,transform_stress,s0.75,20,7.77099056111738E-318;0E+000,7.50000000000000E-001;0E+000,3.00000000000000E+000;0E+000,2.59033183392461E-318;0E+000,-7.31270274219177E+002;-3.41060513164848E-013,OK,6.78041654917083E+078;-1.64550455732121E+063,OK,6.78041331602147E+078;3.29100911464241E+063
gamma,density,g_landmark_k16,landmark,s0.75,16,1.61895430829260E-319;0E+000,7.50000000000000E-001;0E+000,1.00000000000000E+000;0E+000,1.61895430829260E-319;0E+000,-7.34042864212982E+002;-1.13686837721616E-013,OK,4.06824928287341E+079;-1.97460546878545E+064,OK,4.06824928287341E+079;-1.97460546878545E+064
gamma,density,g_s13_k16,transform_stress,s0.75,16,4.85691233144237E-319;0E+000,7.50000000000000E-001;0E+000,3.00000000000000E+000;0E+000,1.61895430829260E-319;0E+000,-7.34042854040508E+002;2.27373675443232E-013,OK,1.35606929964091E+079;-1.15185319012484E+064,OK,1.35607964561543E+079;-3.94921093757089E+064
gamma,density,g_s12_k16,transform_stress,s0.75,16,3.23795802314978E-319;0E+000,7.50000000000000E-001;0E+000,2.00000000000000E+000;0E+000,1.61895430829260E-319;0E+000,-7.34042848954309E+002;-4.54747350886464E-013,OK,2.03409360363147E+079;1.31640364585696E+064,OK,2.03411688194099E+079;3.29100911464241E+064
gamma,density,g_s23_k16,transform_stress,s0.75,16,4.85696173800696E-319;0E+000,7.50000000000000E-001;0E+000,3.00000000000000E+000;0E+000,1.61900371485718E-319;0E+000,-7.34042843868137E+002;0E+000,OK,1.35608654280026E+079;-4.93651367196362E+064,OK,1.35607619698356E+079;-3.45555957037453E+064
gamma,density,g_landmark_k12,landmark,s0.75,12,1.01184644268287E-320;0E+000,7.50000000000000E-001;0E+000,1.00000000000000E+000;0E+000,1.01184644268287E-320;0E+000,-7.36815452935222E+002;1.13686837721616E-013,OK,8.13649856574729E+079;3.94921093757089E+064,OK,8.13649856574683E+079;0E+000
gamma,density,g_s13_k12,transform_stress,s0.75,12,3.03603339369446E-320;0E+000,7.50000000000000E-001;0E+000,3.00000000000000E+000;0E+000,1.01184644268287E-320;0E+000,-7.36815290188049E+002;-3.41060513164848E-013,OK,2.71172482711985E+079;3.29100911464241E+064,OK,2.71205584148245E+079;2.30370638024969E+064
gamma,density,g_s12_k12,transform_stress,s0.75,12,2.02418695101159E-320;0E+000,7.50000000000000E-001;0E+000,2.00000000000000E+000;0E+000,1.01184644268287E-320;0E+000,-7.36815208824394E+002;-3.41060513164848E-013,OK,4.06725630037827E+079;1.31640364585696E+064,OK,4.06800101452431E+079;1.97460546878545E+064
gamma,density,g_s23_k12,transform_stress,s0.75,12,3.03652745934030E-320;0E+000,7.50000000000000E-001;0E+000,3.00000000000000E+000;0E+000,1.01234050832871E-320;0E+000,-7.36815127467359E+002;0E+000,OK,2.71227645040537E+079;-1.64550455732121E+064,OK,2.71194551682686E+079;-3.94921093757089E+064
gamma,density,g_landmark_k8,landmark,s0.75,8,6.32404026676796E-322;0E+000,7.50000000000000E-001;0E+000,1.00000000000000E+000;0E+000,6.32404026676796E-322;0E+000,-7.39588041657462E+002;3.41060513164848E-013,OK,1.62729971314937E+080;-7.89842187514179E+064,OK,1.62729971314937E+080;-7.89842187514179E+064
gamma,density,g_s13_k8,transform_stress,s0.75,8,1.90215273648880E-321;0E+000,7.50000000000000E-001;0E+000,3.00000000000000E+000;0E+000,6.32404026676796E-322;0E+000,-7.39585440875762E+002;3.41060513164848E-013,OK,5.41024320215905E+079;3.29100911464241E+064,OK,5.42080664740010E+079;2.63280729171393E+064
gamma,density,g_s12_k8,transform_stress,s0.75,8,1.26974870981200E-321;0E+000,7.50000000000000E-001;0E+000,2.00000000000000E+000;0E+000,6.32404026676796E-322;0E+000,-7.39584143017046E+002;1.13686837721616E-013,OK,8.10483903825297E+079;1.31640364585696E+064,OK,8.12857210863731E+079;2.63280729171393E+064
gamma,density,g_s23_k8,transform_stress,s0.75,8,1.90709339294721E-321;0E+000,7.50000000000000E-001;0E+000,3.00000000000000E+000;0E+000,6.37344683135208E-322;0E+000,-7.39582846840585E+002;4.54747350886464E-013,OK,5.42781476841711E+079;-1.97460546878545E+064,OK,5.41729234626806E+079;6.58201822928482E+063
gamma,density,g_landmark_k4,landmark,s0.75,4,3.95252516672997E-323;0E+000,7.50000000000000E-001;0E+000,1.00000000000000E+000;0E+000,3.95252516672997E-323;0E+000,-7.42360630379701E+002;-4.54747350886464E-013,OK,3.25459942629893E+080;-5.26561458342786E+064,OK,3.25459942629874E+080;4.21249166674229E+065
gamma,density,g_s13_k4,transform_stress,s0.75,4,1.23516411460312E-322;0E+000,7.50000000000000E-001;0E+000,3.00000000000000E+000;0E+000,3.95252516672997E-323;0E+000,-7.42319808385181E+002;-2.27373675443232E-013,OK,1.04147181641569E+080;-3.02772838547102E+065,OK,1.07385117602110E+080;-4.73905312508507E+065
gamma,density,g_s12_k4,transform_stress,s0.75,4,8.39911597930119E-323;0E+000,7.50000000000000E-001;0E+000,2.00000000000000E+000;0E+000,3.95252516672997E-323;0E+000,-7.42300005757885E+002;0E+000,OK,1.53157620061118E+080;-1.84296510419975E+065,OK,1.60282206778517E+080;-3.94921093757089E+065
gamma,density,g_s23_k4,transform_stress,s0.75,4,1.28457067918724E-322;0E+000,7.50000000000000E-001;0E+000,3.00000000000000E+000;0E+000,4.44659081257122E-323;0E+000,-7.42280587672028E+002;0E+000,OK,1.09390239808042E+080;-3.02772838547102E+065,OK,1.06337332632352E+080;-1.44804401044266E+065
gamma,density,g_landmark_k2,landmark,s0.75,2,9.88131291682493E-324;0E+000,7.50000000000000E-001;0E+000,1.00000000000000E+000;0E+000,9.88131291682493E-324;0E+000,-7.43746924740821E+002;-3.41060513164848E-013,OK,4.60269864876351E+080;3.68593020839950E+065,OK,4.60269864876338E+080;3.15936875005672E+065
gamma,density,g_s13_k2,transform_stress,s0.75,2,3.45845952088873E-323;0E+000,7.50000000000000E-001;0E+000,3.00000000000000E+000;0E+000,9.88131291682493E-324;0E+000,-7.43592774060994E+002;-1.13686837721616E-013,OK,1.31505675678960E+080;3.15936875005672E+065,OK,1.47623191176131E+080;-1.05312291668557E+065
gamma,density,g_s12_k2,transform_stress,s0.75,2,2.47032822920623E-323;0E+000,7.50000000000000E-001;0E+000,2.00000000000000E+000;0E+000,9.88131291682493E-324;0E+000,-7.43523781189507E+002;-1.13686837721616E-013,OK,1.84107945950533E+080;-4.73905312508507E+065,OK,2.17648181291909E+080;-4.21249166674229E+065
gamma,density,g_s23_k2,transform_stress,s0.75,2,3.95252516672997E-323;0E+000,7.50000000000000E-001;0E+000,3.00000000000000E+000;0E+000,1.48219693752374E-323;0E+000,-7.43459242668370E+002;4.54747350886464E-013,OK,1.55962789538817E+080;2.10624583337114E+065,OK,1.42776457584065E+080;-4.47577239591368E+065
gamma,density,g_landmark_k1,landmark,s0.75,1,4.94065645841247E-324;0E+000,7.50000000000000E-001;0E+000,1.00000000000000E+000;0E+000,4.94065645841247E-324;0E+000,-7.44440071921381E+002;-2.27373675443232E-013,OK,5.47356198132259E+080;4.21249166674229E+065,OK,5.47356198132275E+080;0E+000
gamma,density,g_s13_k1,transform_stress,s0.75,1,1.97626258336499E-323;0E+000,7.50000000000000E-001;0E+000,3.00000000000000E+000;0E+000,4.94065645841247E-324;0E+000,-7.44152389848929E+002;-4.54747350886464E-013,OK,1.36839049533072E+080;1.31640364585696E+065,OK,1.69790779213851E+080;4.47577239591368E+065
gamma,density,g_s12_k1,transform_stress,s0.75,1,1.48219693752374E-323;0E+000,7.50000000000000E-001;0E+000,2.00000000000000E+000;0E+000,9.88131291682493E-324;0E+000,-7.44034606813273E+002;-1.13686837721616E-013,OK,3.06846576584218E+080;1.05312291668557E+065,OK,2.47296078660295E+080;2.10624583337114E+065
gamma,density,g_s23_k1,transform_stress,s0.75,1,2.47032822920623E-323;0E+000,7.50000000000000E-001;0E+000,3.00000000000000E+000;0E+000,9.88131291682493E-324;0E+000,-7.43929246297615E+002;-3.41060513164848E-013,OK,1.84107945950553E+080;4.47577239591368E+065,OK,1.60578204727614E+080;-2.63280729171393E+065
gamma,density,g_underflow_minsub,underflow,s0.75,0,4.94065645841247E-324;0E+000,7.50000000000000E-001;0E+000,4.00000000000000E+000;0E+000,0E+000;0E+000,-7.45826366282501E+002;-1.13686837721616E-013,CVERR,,OK,1.93519639711915E+080;-5.00233385425647E+065
gamma,density,g_underflow_wide,underflow,s0.75,0,1.00000000000000E-300;0E+000,7.50000000000000E-001;0E+000,1.00000000000000E+300;0E+000,0E+000;0E+000,-1.38155105579643E+003;2.72848410531878E-012,CVERR,,OK,8.16048939098284E-151;-1.35666427580876E-166
gamma,density,g_underflow_deep,underflow,s0.75,0,1.00000000000000E-200;0E+000,7.50000000000000E-001;0E+000,1.00000000000000E+200;0E+000,0E+000;0E+000,-9.21034037197618E+002;-3.41060513164848E-013,CVERR,,OK,8.16048939098242E-101;0E+000
gamma,density,twin_g_landmark_k8,decimal_twin,s0.75,8,6.32404026676796E-322;0E+000,7.50000000000000E-001;0E+000,1.00000000000000E+000;0E+000,6.32404026676796E-322;0E+000,-7.39588041657462E+002;3.41060513164848E-013,OK,1.62729971314937E+080;-7.89842187514179E+064,OK,1.62729971314937E+080;-7.89842187514179E+064
gamma,density,twin_g_landmark_k32,decimal_twin,s0.75,32,1.06099789548264E-314;0E+000,7.50000000000000E-001;0E+000,1.00000000000000E+000;0E+000,1.06099789548264E-314;0E+000,-7.22952509324023E+002;1.13686837721616E-013,OK,2.54265580179586E+078;8.22752278660603E+062,OK,2.54265580179586E+078;8.22752278660603E+062
gamma,density,g_landmark_k52,landmark,s1.0,52,1.11253692925360E-308;4.94065645841247E-324,1.00000000000000E+000;0E+000,1.00000000000000E+000;0E+000,1.11253692925360E-308;4.94065645841247E-324,-7.09089565712824E+002;-1.13686837721616E-013,OK,1.00000000000000E+000;0E+000,OK,9.99999999999996E-001;2.22044604925031E-016
gamma,density,g_s13_k52,transform_stress,s1.0,52,3.33761078776080E-308;2.47032822920623E-323,1.00000000000000E+000;0E+000,3.00000000000000E+000;0E+000,1.11253692925360E-308;4.94065645841247E-324,-7.09089565712824E+002;-1.13686837721616E-013,OK,3.33333333333333E-001;3.33066907387547E-016,OK,3.33333333333332E-001;5.55111512312578E-017
gamma,density,g_s12_k52,transform_stress,s1.0,52,2.22507385850720E-308;1.97626258336499E-323,1.00000000000000E+000;0E+000,2.00000000000000E+000;0E+000,1.11253692925360E-308;4.94065645841247E-324,-7.09089565712824E+002;0E+000,OK,4.99999999999943E-001;2.22044604925031E-016,OK,4.99999999999998E-001;1.11022302462516E-016
gamma,density,g_s23_k52,transform_stress,s1.0,52,3.33761078776080E-308;2.96439387504748E-323,1.00000000000000E+000;0E+000,3.00000000000000E+000;0E+000,1.11253692925360E-308;9.88131291682493E-324,-7.09089565712824E+002;-1.13686837721616E-013,OK,3.33333333333333E-001;3.33066907387547E-016,OK,3.33333333333332E-001;5.55111512312578E-017
gamma,density,g_landmark_k48,landmark,s1.0,48,6.95335580783500E-310;0E+000,1.00000000000000E+000;0E+000,1.00000000000000E+000;0E+000,6.95335580783500E-310;0E+000,-7.11862154435064E+002;1.13686837721616E-013,OK,1.00000000000000E+000;0E+000,OK,9.99999999999996E-001;2.22044604925031E-016
gamma,density,g_s13_k48,transform_stress,s1.0,48,2.08600674235051E-309;-4.94065645841247E-324,1.00000000000000E+000;0E+000,3.00000000000000E+000;0E+000,6.95335580783500E-310;0E+000,-7.11862154435064E+002;1.13686837721616E-013,OK,3.33333333333333E-001;3.33066907387547E-016,OK,3.33333333333332E-001;5.55111512312578E-017
gamma,density,g_s12_k48,transform_stress,s1.0,48,1.39067116156701E-309;-4.94065645841247E-324,1.00000000000000E+000;0E+000,2.00000000000000E+000;0E+000,6.95335580783500E-310;0E+000,-7.11862154435064E+002;2.27373675443232E-013,OK,4.99999999999943E-001;2.22044604925031E-016,OK,4.99999999999998E-001;1.11022302462516E-016
gamma,density,g_s23_k48,transform_stress,s1.0,48,2.08600674235051E-309;0E+000,1.00000000000000E+000;0E+000,3.00000000000000E+000;0E+000,6.95335580783505E-310;0E+000,-7.11862154435064E+002;1.13686837721616E-013,OK,3.33333333333333E-001;3.33066907387547E-016,OK,3.33333333333332E-001;5.55111512312578E-017
gamma,density,g_landmark_k44,landmark,s1.0,44,4.34584737989688E-311;0E+000,1.00000000000000E+000;0E+000,1.00000000000000E+000;0E+000,4.34584737989688E-311;0E+000,-7.14634743157304E+002;3.41060513164848E-013,OK,1.00000000000000E+000;0E+000,OK,9.99999999999996E-001;2.22044604925031E-016
gamma,density,g_s13_k44,transform_stress,s1.0,44,1.30375421396911E-310;0E+000,1.00000000000000E+000;0E+000,3.00000000000000E+000;0E+000,4.34584737989688E-311;0E+000,-7.14634743157304E+002;3.41060513164848E-013,OK,3.33333333333333E-001;3.33066907387547E-016,OK,3.33333333333332E-001;5.55111512312578E-017
gamma,density,g_s12_k44,transform_stress,s1.0,44,8.69169475979425E-311;0E+000,1.00000000000000E+000;0E+000,2.00000000000000E+000;0E+000,4.34584737989688E-311;0E+000,-7.14634743157304E+002;4.54747350886464E-013,OK,4.99999999999943E-001;2.22044604925031E-016,OK,4.99999999999998E-001;1.11022302462516E-016
gamma,density,g_s23_k44,transform_stress,s1.0,44,1.30375421396916E-310;0E+000,1.00000000000000E+000;0E+000,3.00000000000000E+000;0E+000,4.34584737989737E-311;0E+000,-7.14634743157304E+002;4.54747350886464E-013,OK,3.33333333333333E-001;3.33066907387547E-016,OK,3.33333333333332E-001;5.55111512312578E-017
gamma,density,g_landmark_k40,landmark,s1.0,40,2.71615461243555E-312;0E+000,1.00000000000000E+000;0E+000,1.00000000000000E+000;0E+000,2.71615461243555E-312;0E+000,-7.17407331879543E+002;-4.54747350886464E-013,OK,1.00000000000000E+000;0E+000,OK,9.99999999999996E-001;2.22044604925031E-016
gamma,density,g_s13_k40,transform_stress,s1.0,40,8.14846383731159E-312;0E+000,1.00000000000000E+000;0E+000,3.00000000000000E+000;0E+000,2.71615461243555E-312;0E+000,-7.17407331879543E+002;1.13686837721616E-013,OK,3.33333333333144E-001;-2.22044604925031E-016,OK,3.33333333333332E-001;5.55111512312578E-017
gamma,density,g_s12_k40,transform_stress,s1.0,40,5.43230922487604E-312;0E+000,1.00000000000000E+000;0E+000,2.00000000000000E+000;0E+000,2.71615461243555E-312;0E+000,-7.17407331879542E+002;-4.54747350886464E-013,OK,4.99999999999488E-001;4.44089209850063E-016,OK,4.99999999999998E-001;1.11022302462516E-016
gamma,density,g_s23_k40,transform_stress,s1.0,40,8.14846383731653E-312;0E+000,1.00000000000000E+000;0E+000,3.00000000000000E+000;0E+000,2.71615461244049E-312;0E+000,-7.17407331879542E+002;-2.27373675443232E-013,OK,3.33333333333523E-001;-2.22044604925031E-016,OK,3.33333333333332E-001;5.55111512312578E-017
gamma,density,g_landmark_k36,landmark,s1.0,36,1.69759663277222E-313;0E+000,1.00000000000000E+000;0E+000,1.00000000000000E+000;0E+000,1.69759663277222E-313;0E+000,-7.20179920601783E+002;-1.13686837721616E-013,OK,1.00000000000000E+000;0E+000,OK,9.99999999999996E-001;2.22044604925031E-016
gamma,density,g_s13_k36,transform_stress,s1.0,36,5.09278989836606E-313;0E+000,1.00000000000000E+000;0E+000,3.00000000000000E+000;0E+000,1.69759663277222E-313;0E+000,-7.20179920601774E+002;4.54747350886464E-013,OK,3.33333333330150E-001;1.11022302462516E-016,OK,3.33333333333332E-001;5.55111512312578E-017
gamma,density,g_s12_k36,transform_stress,s1.0,36,3.39519326559384E-313;0E+000,1.00000000000000E+000;0E+000,2.00000000000000E+000;0E+000,1.69759663277222E-313;0E+000,-7.20179920601769E+002;4.54747350886464E-013,OK,4.99999999992724E-001;1.11022302462516E-016,OK,4.99999999999998E-001;1.11022302462516E-016
gamma,density,g_s23_k36,transform_stress,s1.0,36,5.09278989841547E-313;0E+000,1.00000000000000E+000;0E+000,3.00000000000000E+000;0E+000,1.69759663282162E-313;0E+000,-7.20179920601764E+002;2.27373675443232E-013,OK,3.33333333336592E-001;3.33066907387547E-016,OK,3.33333333333332E-001;5.55111512312578E-017
gamma,density,g_landmark_k32,landmark,s1.0,32,1.06099789548264E-314;0E+000,1.00000000000000E+000;0E+000,1.00000000000000E+000;0E+000,1.06099789548264E-314;0E+000,-7.22952509324023E+002;1.13686837721616E-013,OK,1.00000000000000E+000;0E+000,OK,9.99999999999996E-001;2.22044604925031E-016
gamma,density,g_s13_k32,transform_stress,s1.0,32,3.18299368694197E-314;0E+000,1.00000000000000E+000;0E+000,3.00000000000000E+000;0E+000,1.06099789548264E-314;0E+000,-7.22952509323868E+002;1.13686837721616E-013,OK,3.33333333281644E-001;-3.33066907387547E-016,OK,3.33333333333332E-001;5.55111512312578E-017
gamma,density,g_s12_k32,transform_stress,s1.0,32,2.12199579145934E-314;0E+000,1.00000000000000E+000;0E+000,2.00000000000000E+000;0E+000,1.06099789548264E-314;0E+000,-7.22952509323790E+002;-1.13686837721616E-013,OK,4.99999999883585E-001;-2.77555756156289E-016,OK,4.99999999999998E-001;1.11022302462516E-016
gamma,density,g_s23_k32,transform_stress,s1.0,32,3.18299368743604E-314;0E+000,1.00000000000000E+000;0E+000,3.00000000000000E+000;0E+000,1.06099789597670E-314;0E+000,-7.22952509323713E+002;4.54747350886464E-013,OK,3.33333333385099E-001;-3.33066907387547E-016,OK,3.33333333333332E-001;5.55111512312578E-017
gamma,density,g_landmark_k28,landmark,s1.0,28,6.63123684676648E-316;0E+000,1.00000000000000E+000;0E+000,1.00000000000000E+000;0E+000,6.63123684676648E-316;0E+000,-7.25725098046263E+002;3.41060513164848E-013,OK,1.00000000000000E+000;0E+000,OK,9.99999999999996E-001;2.22044604925031E-016
gamma,density,g_s13_k28,transform_stress,s1.0,28,1.98937105897060E-315;0E+000,1.00000000000000E+000;0E+000,3.00000000000000E+000;0E+000,6.63123684676648E-316;0E+000,-7.25725098043779E+002;-2.27373675443232E-013,OK,3.33333332505504E-001;-3.88578058618805E-016,OK,3.33333333333332E-001;5.55111512312578E-017
gamma,density,g_s12_k28,transform_stress,s1.0,28,1.32624737429395E-315;0E+000,1.00000000000000E+000;0E+000,2.00000000000000E+000;0E+000,6.63123684676648E-316;0E+000,-7.25725098042537E+002;-4.54747350886464E-013,OK,4.99999998137355E-001;-1.11022302462516E-016,OK,4.99999999999998E-001;1.11022302462516E-016
gamma,density,g_s23_k28,transform_stress,s1.0,28,1.98937106391126E-315;0E+000,1.00000000000000E+000;0E+000,3.00000000000000E+000;0E+000,6.63123689617304E-316;0E+000,-7.25725098041296E+002;2.27373675443232E-013,OK,3.33333334161201E-001;-1.11022302462516E-016,OK,3.33333333333332E-001;5.55111512312578E-017
gamma,density,g_landmark_k24,landmark,s1.0,24,4.14452302922905E-317;0E+000,1.00000000000000E+000;0E+000,1.00000000000000E+000;0E+000,4.14452302922905E-317;0E+000,-7.28497686768502E+002;-4.54747350886464E-013,OK,1.00000000000000E+000;0E+000,OK,9.99999999999996E-001;2.22044604925031E-016
gamma,density,g_s13_k24,transform_stress,s1.0,24,1.24335695817528E-316;0E+000,1.00000000000000E+000;0E+000,3.00000000000000E+000;0E+000,4.14452302922905E-317;0E+000,-7.28497686728766E+002;-1.13686837721616E-013,OK,3.33333320087870E-001;-3.88578058618805E-016,OK,3.33333333333332E-001;5.55111512312578E-017
gamma,density,g_s12_k24,transform_stress,s1.0,24,8.28904655252374E-317;0E+000,1.00000000000000E+000;0E+000,2.00000000000000E+000;0E+000,4.14452302922905E-317;0E+000,-7.28497686708898E+002;1.13686837721616E-013,OK,4.99999970197679E-001;-4.44089209850063E-016,OK,4.99999999999998E-001;1.11022302462516E-016
gamma,density,g_s23_k24,transform_stress,s1.0,24,1.24335700758184E-316;0E+000,1.00000000000000E+000;0E+000,3.00000000000000E+000;0E+000,4.14452352329469E-317;0E+000,-7.28497686689030E+002;3.41060513164848E-013,OK,3.33333346578835E-001;4.44089209850063E-016,OK,3.33333333333332E-001;5.55111512312578E-017
gamma,density,g_landmark_k20,landmark,s1.0,20,2.59032689326815E-318;0E+000,1.00000000000000E+000;0E+000,1.00000000000000E+000;0E+000,2.59032689326815E-318;0E+000,-7.31270275490742E+002;-2.27373675443232E-013,OK,1.00000000000000E+000;0E+000,OK,9.99999999999996E-001;2.22044604925031E-016
gamma,density,g_s13_k20,transform_stress,s1.0,20,7.77098562046092E-318;0E+000,1.00000000000000E+000;0E+000,3.00000000000000E+000;0E+000,2.59032689326815E-318;0E+000,-7.31270274854960E+002;3.41060513164848E-013,OK,3.33333121405863E-001;2.22044604925031E-016,OK,3.33333333333332E-001;5.55111512312578E-017
gamma,density,g_s12_k20,transform_stress,s1.0,20,5.18065872719277E-318;0E+000,1.00000000000000E+000;0E+000,2.00000000000000E+000;0E+000,2.59032689326815E-318;0E+000,-7.31270274537068E+002;-4.54747350886464E-013,OK,4.99999523163297E-001;-3.88578058618805E-016,OK,4.99999999999998E-001;1.11022302462516E-016
gamma,density,g_s23_k20,transform_stress,s1.0,20,7.77099056111738E-318;0E+000,1.00000000000000E+000;0E+000,3.00000000000000E+000;0E+000,2.59033183392461E-318;0E+000,-7.31270274219177E+002;-3.41060513164848E-013,OK,3.33333545260711E-001;-2.77555756156289E-016,OK,3.33333333333332E-001;5.55111512312578E-017
gamma,density,g_landmark_k16,landmark,s1.0,16,1.61895430829260E-319;0E+000,1.00000000000000E+000;0E+000,1.00000000000000E+000;0E+000,1.61895430829260E-319;0E+000,-7.34042864212982E+002;-1.13686837721616E-013,OK,1.00000000000000E+000;0E+000,OK,9.99999999999996E-001;2.22044604925031E-016
gamma,density,g_s13_k16,transform_stress,s1.0,16,4.85691233144237E-319;0E+000,1.00000000000000E+000;0E+000,3.00000000000000E+000;0E+000,1.61895430829260E-319;0E+000,-7.34042854040508E+002;2.27373675443232E-013,OK,3.33329942525821E-001;5.55111512312578E-017,OK,3.33333333333332E-001;5.55111512312578E-017
gamma,density,g_s12_k16,transform_stress,s1.0,16,3.23795802314978E-319;0E+000,1.00000000000000E+000;0E+000,2.00000000000000E+000;0E+000,1.61895430829260E-319;0E+000,-7.34042848954309E+002;-4.54747350886464E-013,OK,4.99992370721883E-001;-5.55111512312578E-017,OK,4.99999999999998E-001;1.11022302462516E-016
gamma,density,g_s23_k16,transform_stress,s1.0,16,4.85696173800696E-319;0E+000,1.00000000000000E+000;0E+000,3.00000000000000E+000;0E+000,1.61900371485718E-319;0E+000,-7.34042843868137E+002;0E+000,OK,3.33336724106368E-001;-5.55111512312578E-017,OK,3.33333333333332E-001;5.55111512312578E-017
gamma,density,g_landmark_k12,landmark,s1.0,12,1.01184644268287E-320;0E+000,1.00000000000000E+000;0E+000,1.00000000000000E+000;0E+000,1.01184644268287E-320;0E+000,-7.36815452935222E+002;1.13686837721616E-013,OK,1.00000000000000E+000;0E+000,OK,9.99999999999996E-001;2.22044604925031E-016
gamma,density,g_s13_k12,transform_stress,s1.0,12,3.03603339369446E-320;0E+000,1.00000000000000E+000;0E+000,3.00000000000000E+000;0E+000,1.01184644268287E-320;0E+000,-7.36815290188049E+002;-3.41060513164848E-013,OK,3.33279088690012E-001;-1.11022302462516E-016,OK,3.33333333333332E-001;5.55111512312578E-017
gamma,density,g_s12_k12,transform_stress,s1.0,12,2.02418695101159E-320;0E+000,1.00000000000000E+000;0E+000,2.00000000000000E+000;0E+000,1.01184644268287E-320;0E+000,-7.36815208824394E+002;-3.41060513164848E-013,OK,4.99877959482529E-001;-1.11022302462516E-016,OK,4.99999999999998E-001;1.11022302462516E-016
gamma,density,g_s23_k12,transform_stress,s1.0,12,3.03652745934030E-320;0E+000,1.00000000000000E+000;0E+000,3.00000000000000E+000;0E+000,1.01234050832871E-320;0E+000,-7.36815127467359E+002;0E+000,OK,3.33387569150697E-001;5.55111512312578E-017,OK,3.33333333333332E-001;5.55111512312578E-017
gamma,density,g_landmark_k8,landmark,s1.0,8,6.32404026676796E-322;0E+000,1.00000000000000E+000;0E+000,1.00000000000000E+000;0E+000,6.32404026676796E-322;0E+000,-7.39588041657462E+002;3.41060513164848E-013,OK,1.00000000000000E+000;0E+000,OK,9.99999999999996E-001;2.22044604925031E-016
gamma,density,g_s13_k8,transform_stress,s1.0,8,1.90215273648880E-321;0E+000,1.00000000000000E+000;0E+000,3.00000000000000E+000;0E+000,6.32404026676796E-322;0E+000,-7.39585440875762E+002;3.41060513164848E-013,OK,3.32467532467539E-001;-4.99600361081320E-016,OK,3.33333333333332E-001;5.55111512312578E-017
gamma,density,g_s12_k8,transform_stress,s1.0,8,1.26974870981200E-321;0E+000,1.00000000000000E+000;0E+000,2.00000000000000E+000;0E+000,6.32404026676796E-322;0E+000,-7.39584143017046E+002;1.13686837721616E-013,OK,4.98054474708129E-001;4.44089209850063E-016,OK,4.99999999999998E-001;1.11022302462516E-016
gamma,density,g_s23_k8,transform_stress,s1.0,8,1.90709339294721E-321;0E+000,1.00000000000000E+000;0E+000,3.00000000000000E+000;0E+000,6.37344683135208E-322;0E+000,-7.39582846840585E+002;4.54747350886464E-013,OK,3.34196891191715E-001;1.66533453693773E-016,OK,3.33333333333332E-001;5.55111512312578E-017
gamma,density,g_landmark_k4,landmark,s1.0,4,3.95252516672997E-323;0E+000,1.00000000000000E+000;0E+000,1.00000000000000E+000;0E+000,3.95252516672997E-323;0E+000,-7.42360630379701E+002;-4.54747350886464E-013,OK,1.00000000000000E+000;0E+000,OK,9.99999999999996E-001;2.22044604925031E-016
gamma,density,g_s13_k4,transform_stress,s1.0,4,1.23516411460312E-322;0E+000,1.00000000000000E+000;0E+000,3.00000000000000E+000;0E+000,3.95252516672997E-323;0E+000,-7.42319808385181E+002;-2.27373675443232E-013,OK,3.20000000000008E-001;3.33066907387547E-016,OK,3.33333333333332E-001;5.55111512312578E-017
gamma,density,g_s12_k4,transform_stress,s1.0,4,8.39911597930119E-323;0E+000,1.00000000000000E+000;0E+000,2.00000000000000E+000;0E+000,3.95252516672997E-323;0E+000,-7.42300005757885E+002;0E+000,OK,4.70588235294093E-001;1.66533453693773E-016,OK,4.99999999999998E-001;1.11022302462516E-016
gamma,density,g_s23_k4,transform_stress,s1.0,4,1.28457067918724E-322;0E+000,1.00000000000000E+000;0E+000,3.00000000000000E+000;0E+000,4.44659081257122E-323;0E+000,-7.42280587672028E+002;0E+000,OK,3.46153846153895E-001;-1.66533453693773E-016,OK,3.33333333333332E-001;5.55111512312578E-017
gamma,density,g_landmark_k2,landmark,s1.0,2,9.88131291682493E-324;0E+000,1.00000000000000E+000;0E+000,1.00000000000000E+000;0E+000,9.88131291682493E-324;0E+000,-7.43746924740821E+002;-3.41060513164848E-013,OK,1.00000000000000E+000;0E+000,OK,9.99999999999996E-001;2.22044604925031E-016
gamma,density,g_s13_k2,transform_stress,s1.0,2,3.45845952088873E-323;0E+000,1.00000000000000E+000;0E+000,3.00000000000000E+000;0E+000,9.88131291682493E-324;0E+000,-7.43592774060994E+002;-1.13686837721616E-013,OK,2.85714285714291E-001;5.55111512312578E-017,OK,3.33333333333332E-001;5.55111512312578E-017
gamma,density,g_s12_k2,transform_stress,s1.0,2,2.47032822920623E-323;0E+000,1.00000000000000E+000;0E+000,2.00000000000000E+000;0E+000,9.88131291682493E-324;0E+000,-7.43523781189507E+002;-1.13686837721616E-013,OK,3.99999999999983E-001;3.88578058618805E-016,OK,4.99999999999998E-001;1.11022302462516E-016
gamma,density,g_s23_k2,transform_stress,s1.0,2,3.95252516672997E-323;0E+000,1.00000000000000E+000;0E+000,3.00000000000000E+000;0E+000,1.48219693752374E-323;0E+000,-7.43459242668370E+002;4.54747350886464E-013,OK,3.75000000000017E-001;4.99600361081320E-016,OK,3.33333333333332E-001;5.55111512312578E-017
gamma,density,g_landmark_k1,landmark,s1.0,1,4.94065645841247E-324;0E+000,1.00000000000000E+000;0E+000,1.00000000000000E+000;0E+000,4.94065645841247E-324;0E+000,-7.44440071921381E+002;-2.27373675443232E-013,OK,1.00000000000000E+000;0E+000,OK,9.99999999999996E-001;2.22044604925031E-016
gamma,density,g_s13_k1,transform_stress,s1.0,1,1.97626258336499E-323;0E+000,1.00000000000000E+000;0E+000,3.00000000000000E+000;0E+000,4.94065645841247E-324;0E+000,-7.44152389848929E+002;-4.54747350886464E-013,OK,2.50000000000013E-001;-3.33066907387547E-016,OK,3.33333333333332E-001;5.55111512312578E-017
gamma,density,g_s12_k1,transform_stress,s1.0,1,1.48219693752374E-323;0E+000,1.00000000000000E+000;0E+000,2.00000000000000E+000;0E+000,9.88131291682493E-324;0E+000,-7.44034606813273E+002;-1.13686837721616E-013,OK,6.66666666666633E-001;-1.11022302462516E-016,OK,4.99999999999998E-001;1.11022302462516E-016
gamma,density,g_s23_k1,transform_stress,s1.0,1,2.47032822920623E-323;0E+000,1.00000000000000E+000;0E+000,3.00000000000000E+000;0E+000,9.88131291682493E-324;0E+000,-7.43929246297615E+002;-3.41060513164848E-013,OK,4.00000000000027E-001;1.11022302462516E-016,OK,3.33333333333332E-001;5.55111512312578E-017
gamma,density,g_underflow_minsub,underflow,s1.0,0,4.94065645841247E-324;0E+000,1.00000000000000E+000;0E+000,4.00000000000000E+000;0E+000,0E+000;0E+000,-7.45826366282501E+002;-1.13686837721616E-013,CVERR,,OK,2.49999999999999E-001;5.55111512312578E-017
gamma,density,g_underflow_wide,underflow,s1.0,0,1.00000000000000E-300;0E+000,1.00000000000000E+000;0E+000,1.00000000000000E+300;0E+000,0E+000;0E+000,-1.38155105579643E+003;2.72848410531878E-012,CVERR,,OK,1.00000000000002E-300;3.81296118689072E-315
gamma,density,g_underflow_deep,underflow,s1.0,0,1.00000000000000E-200;0E+000,1.00000000000000E+000;0E+000,1.00000000000000E+200;0E+000,0E+000;0E+000,-9.21034037197618E+002;-3.41060513164848E-013,CVERR,,OK,9.99999999999978E-201;0E+000
gamma,density,twin_g_landmark_k8,decimal_twin,s1.0,8,6.32404026676796E-322;0E+000,1.00000000000000E+000;0E+000,1.00000000000000E+000;0E+000,6.32404026676796E-322;0E+000,-7.39588041657462E+002;3.41060513164848E-013,OK,1.00000000000000E+000;0E+000,OK,9.99999999999996E-001;2.22044604925031E-016
gamma,density,twin_g_landmark_k32,decimal_twin,s1.0,32,1.06099789548264E-314;0E+000,1.00000000000000E+000;0E+000,1.00000000000000E+000;0E+000,1.06099789548264E-314;0E+000,-7.22952509324023E+002;1.13686837721616E-013,OK,1.00000000000000E+000;0E+000,OK,9.99999999999996E-001;2.22044604925031E-016
gamma,cumulative,g_landmark_k52,landmark,s0.001,52,1.11253692925360E-308;4.94065645841247E-324,1.00000000000000E-003;0E+000,1.00000000000000E+000;0E+000,1.11253692925360E-308;4.94065645841247E-324,-7.09089565712824E+002;-1.13686837721616E-013,OK,4.92375731461253E-001;-5.55111512312578E-017,OK,4.92375731461285E-001;4.99600361081320E-016
gamma,cumulative,g_s13_k52,transform_stress,s0.001,52,3.33761078776080E-308;2.47032822920623E-323,1.00000000000000E-003;0E+000,3.00000000000000E+000;0E+000,1.11253692925360E-308;4.94065645841247E-324,-7.09089565712824E+002;-1.13686837721616E-013,OK,4.92375731461253E-001;-5.55111512312578E-017,OK,4.92375731461285E-001;4.99600361081320E-016
gamma,cumulative,g_s12_k52,transform_stress,s0.001,52,2.22507385850720E-308;1.97626258336499E-323,1.00000000000000E-003;0E+000,2.00000000000000E+000;0E+000,1.11253692925360E-308;4.94065645841247E-324,-7.09089565712824E+002;0E+000,OK,4.92375731461253E-001;-5.55111512312578E-017,OK,4.92375731461286E-001;-4.44089209850063E-016
gamma,cumulative,g_s23_k52,transform_stress,s0.001,52,3.33761078776080E-308;2.96439387504748E-323,1.00000000000000E-003;0E+000,3.00000000000000E+000;0E+000,1.11253692925360E-308;9.88131291682493E-324,-7.09089565712824E+002;-1.13686837721616E-013,OK,4.92375731461253E-001;-5.55111512312578E-017,OK,4.92375731461285E-001;4.99600361081320E-016
gamma,cumulative,g_landmark_k48,landmark,s0.001,48,6.95335580783500E-310;0E+000,1.00000000000000E-003;0E+000,1.00000000000000E+000;0E+000,6.95335580783500E-310;0E+000,-7.11862154435064E+002;1.13686837721616E-013,OK,4.91012466820504E-001;0E+000,OK,4.91012466820528E-001;2.22044604925031E-016
gamma,cumulative,g_s13_k48,transform_stress,s0.001,48,2.08600674235051E-309;-4.94065645841247E-324,1.00000000000000E-003;0E+000,3.00000000000000E+000;0E+000,6.95335580783500E-310;0E+000,-7.11862154435064E+002;1.13686837721616E-013,OK,4.91012466820504E-001;0E+000,OK,4.91012466820528E-001;2.22044604925031E-016
gamma,cumulative,g_s12_k48,transform_stress,s0.001,48,1.39067116156701E-309;-4.94065645841247E-324,1.00000000000000E-003;0E+000,2.00000000000000E+000;0E+000,6.95335580783500E-310;0E+000,-7.11862154435064E+002;2.27373675443232E-013,OK,4.91012466820504E-001;0E+000,OK,4.91012466820528E-001;2.77555756156289E-016
gamma,cumulative,g_s23_k48,transform_stress,s0.001,48,2.08600674235051E-309;0E+000,1.00000000000000E-003;0E+000,3.00000000000000E+000;0E+000,6.95335580783505E-310;0E+000,-7.11862154435064E+002;1.13686837721616E-013,OK,4.91012466820504E-001;0E+000,OK,4.91012466820528E-001;2.22044604925031E-016
gamma,cumulative,g_landmark_k44,landmark,s0.001,44,4.34584737989688E-311;0E+000,1.00000000000000E-003;0E+000,1.00000000000000E+000;0E+000,4.34584737989688E-311;0E+000,-7.14634743157304E+002;3.41060513164848E-013,OK,4.89652976716886E-001;-2.22044604925031E-016,OK,4.89652976716902E-001;-1.11022302462516E-016
gamma,cumulative,g_s13_k44,transform_stress,s0.001,44,1.30375421396911E-310;0E+000,1.00000000000000E-003;0E+000,3.00000000000000E+000;0E+000,4.34584737989688E-311;0E+000,-7.14634743157304E+002;3.41060513164848E-013,OK,4.89652976716886E-001;-2.22044604925031E-016,OK,4.89652976716902E-001;-1.11022302462516E-016
gamma,cumulative,g_s12_k44,transform_stress,s0.001,44,8.69169475979425E-311;0E+000,1.00000000000000E-003;0E+000,2.00000000000000E+000;0E+000,4.34584737989688E-311;0E+000,-7.14634743157304E+002;4.54747350886464E-013,OK,4.89652976716886E-001;-2.22044604925031E-016,OK,4.89652976716902E-001;-5.55111512312578E-017
gamma,cumulative,g_s23_k44,transform_stress,s0.001,44,1.30375421396916E-310;0E+000,1.00000000000000E-003;0E+000,3.00000000000000E+000;0E+000,4.34584737989737E-311;0E+000,-7.14634743157304E+002;4.54747350886464E-013,OK,4.89652976716886E-001;-2.22044604925031E-016,OK,4.89652976716902E-001;-5.55111512312578E-017
gamma,cumulative,g_landmark_k40,landmark,s0.001,40,2.71615461243555E-312;0E+000,1.00000000000000E-003;0E+000,1.00000000000000E+000;0E+000,2.71615461243555E-312;0E+000,-7.17407331879543E+002;-4.54747350886464E-013,OK,4.88297250699654E-001;-1.11022302462516E-016,OK,4.88297250699662E-001;-2.22044604925031E-016
gamma,cumulative,g_s13_k40,transform_stress,s0.001,40,8.14846383731159E-312;0E+000,1.00000000000000E-003;0E+000,3.00000000000000E+000;0E+000,2.71615461243555E-312;0E+000,-7.17407331879543E+002;1.13686837721616E-013,OK,4.88297250699654E-001;-1.11022302462516E-016,OK,4.88297250699662E-001;5.55111512312578E-017
gamma,cumulative,g_s12_k40,transform_stress,s0.001,40,5.43230922487604E-312;0E+000,1.00000000000000E-003;0E+000,2.00000000000000E+000;0E+000,2.71615461243555E-312;0E+000,-7.17407331879542E+002;-4.54747350886464E-013,OK,4.88297250699654E-001;-1.11022302462516E-016,OK,4.88297250699662E-001;2.77555756156289E-016
gamma,cumulative,g_s23_k40,transform_stress,s0.001,40,8.14846383731653E-312;0E+000,1.00000000000000E-003;0E+000,3.00000000000000E+000;0E+000,2.71615461244049E-312;0E+000,-7.17407331879542E+002;-2.27373675443232E-013,OK,4.88297250699654E-001;-1.11022302462516E-016,OK,4.88297250699662E-001;3.88578058618805E-016
gamma,cumulative,g_landmark_k36,landmark,s0.001,36,1.69759663277222E-313;0E+000,1.00000000000000E-003;0E+000,1.00000000000000E+000;0E+000,1.69759663277222E-313;0E+000,-7.20179920601783E+002;-1.13686837721616E-013,OK,4.86945278346999E-001;1.11022302462516E-016,OK,4.86945278346999E-001;0E+000
gamma,cumulative,g_s13_k36,transform_stress,s0.001,36,5.09278989836606E-313;0E+000,1.00000000000000E-003;0E+000,3.00000000000000E+000;0E+000,1.69759663277222E-313;0E+000,-7.20179920601774E+002;4.54747350886464E-013,OK,4.86945278346999E-001;1.11022302462516E-016,OK,4.86945278347004E-001;-3.33066907387547E-016
gamma,cumulative,g_s12_k36,transform_stress,s0.001,36,3.39519326559384E-313;0E+000,1.00000000000000E-003;0E+000,2.00000000000000E+000;0E+000,1.69759663277222E-313;0E+000,-7.20179920601769E+002;4.54747350886464E-013,OK,4.86945278346999E-001;1.11022302462516E-016,OK,4.86945278347006E-001;5.55111512312578E-017
gamma,cumulative,g_s23_k36,transform_stress,s0.001,36,5.09278989841547E-313;0E+000,1.00000000000000E-003;0E+000,3.00000000000000E+000;0E+000,1.69759663282162E-313;0E+000,-7.20179920601764E+002;2.27373675443232E-013,OK,4.86945278346999E-001;1.11022302462516E-016,OK,4.86945278347008E-001;3.88578058618805E-016
gamma,cumulative,g_landmark_k32,landmark,s0.001,32,1.06099789548264E-314;0E+000,1.00000000000000E-003;0E+000,1.00000000000000E+000;0E+000,1.06099789548264E-314;0E+000,-7.22952509324023E+002;1.13686837721616E-013,OK,4.85597049265968E-001;-2.22044604925031E-016,OK,4.85597049265960E-001;-3.88578058618805E-016
gamma,cumulative,g_s13_k32,transform_stress,s0.001,32,3.18299368694197E-314;0E+000,1.00000000000000E-003;0E+000,3.00000000000000E+000;0E+000,1.06099789548264E-314;0E+000,-7.22952509323868E+002;1.13686837721616E-013,OK,4.85597049265968E-001;-2.22044604925031E-016,OK,4.85597049266035E-001;-5.55111512312578E-017
gamma,cumulative,g_s12_k32,transform_stress,s0.001,32,2.12199579145934E-314;0E+000,1.00000000000000E-003;0E+000,2.00000000000000E+000;0E+000,1.06099789548264E-314;0E+000,-7.22952509323790E+002;-1.13686837721616E-013,OK,4.85597049265968E-001;-2.22044604925031E-016,OK,4.85597049266073E-001;-3.88578058618805E-016
gamma,cumulative,g_s23_k32,transform_stress,s0.001,32,3.18299368743604E-314;0E+000,1.00000000000000E-003;0E+000,3.00000000000000E+000;0E+000,1.06099789597670E-314;0E+000,-7.22952509323713E+002;4.54747350886464E-013,OK,4.85597049266189E-001;-3.88578058618805E-016,OK,4.85597049266110E-001;2.77555756156289E-016
gamma,cumulative,g_landmark_k28,landmark,s0.001,28,6.63123684676648E-316;0E+000,1.00000000000000E-003;0E+000,1.00000000000000E+000;0E+000,6.63123684676648E-316;0E+000,-7.25725098046263E+002;3.41060513164848E-013,OK,4.84252553092382E-001;-3.88578058618805E-016,OK,4.84252553092365E-001;4.44089209850063E-016
gamma,cumulative,g_s13_k28,transform_stress,s0.001,28,1.98937105897060E-315;0E+000,1.00000000000000E-003;0E+000,3.00000000000000E+000;0E+000,6.63123684676648E-316;0E+000,-7.25725098043779E+002;-2.27373675443232E-013,OK,4.84252553092382E-001;-3.88578058618805E-016,OK,4.84252553093568E-001;5.55111512312578E-017
gamma,cumulative,g_s12_k28,transform_stress,s0.001,28,1.32624737429395E-315;0E+000,1.00000000000000E-003;0E+000,2.00000000000000E+000;0E+000,6.63123684676648E-316;0E+000,-7.25725098042537E+002;-4.54747350886464E-013,OK,4.84252553092382E-001;-3.88578058618805E-016,OK,4.84252553094169E-001;3.88578058618805E-016
gamma,cumulative,g_s23_k28,transform_stress,s0.001,28,1.98937106391126E-315;0E+000,1.00000000000000E-003;0E+000,3.00000000000000E+000;0E+000,6.63123689617304E-316;0E+000,-7.25725098041296E+002;2.27373675443232E-013,OK,4.84252553095960E-001;1.11022302462516E-016,OK,4.84252553094771E-001;-3.33066907387547E-016
gamma,cumulative,g_landmark_k24,landmark,s0.001,24,4.14452302922905E-317;0E+000,1.00000000000000E-003;0E+000,1.00000000000000E+000;0E+000,4.14452302922905E-317;0E+000,-7.28497686768502E+002;-4.54747350886464E-013,OK,4.82911779490703E-001;2.77555756156289E-016,OK,4.82911779490734E-001;0E+000
gamma,cumulative,g_s13_k24,transform_stress,s0.001,24,1.24335695817528E-316;0E+000,1.00000000000000E-003;0E+000,3.00000000000000E+000;0E+000,4.14452302922905E-317;0E+000,-7.28497686728766E+002;-1.13686837721616E-013,OK,4.82911779490703E-001;2.77555756156289E-016,OK,4.82911779509923E-001;2.22044604925031E-016
gamma,cumulative,g_s12_k24,transform_stress,s0.001,24,8.28904655252374E-317;0E+000,1.00000000000000E-003;0E+000,2.00000000000000E+000;0E+000,4.14452302922905E-317;0E+000,-7.28497686708898E+002;1.13686837721616E-013,OK,4.82911779490703E-001;2.77555756156289E-016,OK,4.82911779519518E-001;-2.22044604925031E-016
gamma,cumulative,g_s23_k24,transform_stress,s0.001,24,1.24335700758184E-316;0E+000,1.00000000000000E-003;0E+000,3.00000000000000E+000;0E+000,4.14452352329469E-317;0E+000,-7.28497686689030E+002;3.41060513164848E-013,OK,4.82911779548294E-001;1.66533453693773E-016,OK,4.82911779529112E-001;3.33066907387547E-016
gamma,cumulative,g_landmark_k20,landmark,s0.001,20,2.59032689326815E-318;0E+000,1.00000000000000E-003;0E+000,1.00000000000000E+000;0E+000,2.59032689326815E-318;0E+000,-7.31270275490742E+002;-2.27373675443232E-013,OK,4.81574718154177E-001;-3.33066907387547E-016,OK,4.81574718154199E-001;3.33066907387547E-016
gamma,cumulative,g_s13_k20,transform_stress,s0.001,20,7.77098562046092E-318;0E+000,1.00000000000000E-003;0E+000,3.00000000000000E+000;0E+000,2.59032689326815E-318;0E+000,-7.31270274854960E+002;3.41060513164848E-013,OK,4.81574718154177E-001;-3.33066907387547E-016,OK,4.81574718460376E-001;1.66533453693773E-016
gamma,cumulative,g_s12_k20,transform_stress,s0.001,20,5.18065872719277E-318;0E+000,1.00000000000000E-003;0E+000,2.00000000000000E+000;0E+000,2.59032689326815E-318;0E+000,-7.31270274537068E+002;-4.54747350886464E-013,OK,4.81574718154177E-001;-3.33066907387547E-016,OK,4.81574718613465E-001;-4.44089209850063E-016
gamma,cumulative,g_s23_k20,transform_stress,s0.001,20,7.77099056111738E-318;0E+000,1.00000000000000E-003;0E+000,3.00000000000000E+000;0E+000,2.59033183392461E-318;0E+000,-7.31270274219177E+002;-3.41060513164848E-013,OK,4.81574719072750E-001;4.44089209850063E-016,OK,4.81574718766553E-001;-1.66533453693773E-016
gamma,cumulative,g_landmark_k16,landmark,s0.001,16,1.61895430829260E-319;0E+000,1.00000000000000E-003;0E+000,1.00000000000000E+000;0E+000,1.61895430829260E-319;0E+000,-7.34042864212982E+002;-1.13686837721616E-013,OK,4.80241358804418E-001;-2.22044604925031E-016,OK,4.80241358804432E-001;3.88578058618805E-016
gamma,cumulative,g_s13_k16,transform_stress,s0.001,16,4.85691233144237E-319;0E+000,1.00000000000000E-003;0E+000,3.00000000000000E+000;0E+000,1.61895430829260E-319;0E+000,-7.34042854040508E+002;2.27373675443232E-013,OK,4.80241358804418E-001;-2.22044604925031E-016,OK,4.80241363689675E-001;2.77555756156289E-016
gamma,cumulative,g_s12_k16,transform_stress,s0.001,16,3.23795802314978E-319;0E+000,1.00000000000000E-003;0E+000,2.00000000000000E+000;0E+000,1.61895430829260E-319;0E+000,-7.34042848954309E+002;-4.54747350886464E-013,OK,4.80241358804418E-001;-2.22044604925031E-016,OK,4.80241366132278E-001;1.11022302462516E-016
gamma,cumulative,g_s23_k16,transform_stress,s0.001,16,4.85696173800696E-319;0E+000,1.00000000000000E-003;0E+000,3.00000000000000E+000;0E+000,1.61900371485718E-319;0E+000,-7.34042843868137E+002;0E+000,OK,4.80241373460032E-001;4.99600361081320E-016,OK,4.80241368574869E-001;-4.44089209850063E-016
gamma,cumulative,g_landmark_k12,landmark,s0.001,12,1.01184644268287E-320;0E+000,1.00000000000000E-003;0E+000,1.00000000000000E+000;0E+000,1.01184644268287E-320;0E+000,-7.36815452935222E+002;1.13686837721616E-013,OK,4.78911691191556E-001;-3.88578058618805E-016,OK,4.78911691191562E-001;2.77555756156289E-016
gamma,cumulative,g_s13_k12,transform_stress,s0.001,12,3.03603339369446E-320;0E+000,1.00000000000000E-003;0E+000,3.00000000000000E+000;0E+000,1.01184644268287E-320;0E+000,-7.36815290188049E+002;-3.41060513164848E-013,OK,4.78911691191556E-001;-3.88578058618805E-016,OK,4.78911769133092E-001;2.22044604925031E-016
gamma,cumulative,g_s12_k12,transform_stress,s0.001,12,2.02418695101159E-320;0E+000,1.00000000000000E-003;0E+000,2.00000000000000E+000;0E+000,1.01184644268287E-320;0E+000,-7.36815208824394E+002;-3.41060513164848E-013,OK,4.78911691191556E-001;-3.88578058618805E-016,OK,4.78911808099106E-001;-1.66533453693773E-016
gamma,cumulative,g_s23_k12,transform_stress,s0.001,12,3.03652745934030E-320;0E+000,1.00000000000000E-003;0E+000,3.00000000000000E+000;0E+000,1.01234050832871E-320;0E+000,-7.36815127467359E+002;0E+000,OK,4.78911924978136E-001;4.44089209850063E-016,OK,4.78911847061952E-001;2.77555756156289E-016
gamma,cumulative,g_landmark_k8,landmark,s0.001,8,6.32404026676796E-322;0E+000,1.00000000000000E-003;0E+000,1.00000000000000E+000;0E+000,6.32404026676796E-322;0E+000,-7.39588041657462E+002;3.41060513164848E-013,OK,4.77585705094099E-001;-1.11022302462516E-016,OK,4.77585705094098E-001;-4.44089209850063E-016
gamma,cumulative,g_s13_k8,transform_stress,s0.001,8,1.90215273648880E-321;0E+000,1.00000000000000E-003;0E+000,3.00000000000000E+000;0E+000,6.32404026676796E-322;0E+000,-7.39585440875762E+002;3.41060513164848E-013,OK,4.77585705094099E-001;-1.11022302462516E-016,OK,4.77586947191875E-001;-2.77555756156289E-016
gamma,cumulative,g_s12_k8,transform_stress,s0.001,8,1.26974870981200E-321;0E+000,1.00000000000000E-003;0E+000,2.00000000000000E+000;0E+000,6.32404026676796E-322;0E+000,-7.39584143017046E+002;1.13686837721616E-013,OK,4.77585705094099E-001;-1.11022302462516E-016,OK,4.77587567032659E-001;-1.11022302462516E-016
gamma,cumulative,g_s23_k8,transform_stress,s0.001,8,1.90709339294721E-321;0E+000,1.00000000000000E-003;0E+000,3.00000000000000E+000;0E+000,6.37344683135208E-322;0E+000,-7.39582846840585E+002;4.54747350886464E-013,OK,4.77589421747578E-001;-2.77555756156289E-016,OK,4.77588186070823E-001;-2.77555756156289E-016
gamma,cumulative,g_landmark_k4,landmark,s0.001,4,3.95252516672997E-323;0E+000,1.00000000000000E-003;0E+000,1.00000000000000E+000;0E+000,3.95252516672997E-323;0E+000,-7.42360630379701E+002;-4.54747350886464E-013,OK,4.76263390318857E-001;-4.44089209850063E-016,OK,4.76263390318847E-001;2.77555756156289E-016
gamma,cumulative,g_s13_k4,transform_stress,s0.001,4,1.23516411460312E-322;0E+000,1.00000000000000E-003;0E+000,3.00000000000000E+000;0E+000,3.95252516672997E-323;0E+000,-7.42319808385181E+002;-2.27373675443232E-013,OK,4.76263390318857E-001;-4.44089209850063E-016,OK,4.76282832737194E-001;-4.99600361081320E-016
gamma,cumulative,g_s12_k4,transform_stress,s0.001,4,8.39911597930119E-323;0E+000,1.00000000000000E-003;0E+000,2.00000000000000E+000;0E+000,3.95252516672997E-323;0E+000,-7.42300005757885E+002;0E+000,OK,4.76263390318857E-001;-4.44089209850063E-016,OK,4.76292264482004E-001;1.66533453693773E-016
gamma,cumulative,g_s23_k4,transform_stress,s0.001,4,1.28457067918724E-322;0E+000,1.00000000000000E-003;0E+000,3.00000000000000E+000;0E+000,4.44659081257122E-323;0E+000,-7.42280587672028E+002;0E+000,OK,4.76319489370430E-001;-1.11022302462516E-016,OK,4.76301513255885E-001;3.33066907387547E-016
gamma,cumulative,g_landmark_k2,landmark,s0.001,2,9.88131291682493E-324;0E+000,1.00000000000000E-003;0E+000,1.00000000000000E+000;0E+000,9.88131291682493E-324;0E+000,-7.43746924740821E+002;-3.41060513164848E-013,OK,4.75603606499386E-001;-1.66533453693773E-016,OK,4.75603606499400E-001;-2.77555756156289E-016
gamma,cumulative,g_s13_k2,transform_stress,s0.001,2,3.45845952088873E-323;0E+000,1.00000000000000E-003;0E+000,3.00000000000000E+000;0E+000,9.88131291682493E-324;0E+000,-7.43592774060994E+002;-1.13686837721616E-013,OK,4.75603606499386E-001;-1.66533453693773E-016,OK,4.75676926769709E-001;4.44089209850063E-016
gamma,cumulative,g_s12_k2,transform_stress,s0.001,2,2.47032822920623E-323;0E+000,1.00000000000000E-003;0E+000,2.00000000000000E+000;0E+000,9.88131291682493E-324;0E+000,-7.43523781189507E+002;-1.13686837721616E-013,OK,4.75603606499386E-001;-1.66533453693773E-016,OK,4.75709746218928E-001;4.44089209850063E-016
gamma,cumulative,g_s23_k2,transform_stress,s0.001,2,3.95252516672997E-323;0E+000,1.00000000000000E-003;0E+000,3.00000000000000E+000;0E+000,1.48219693752374E-323;0E+000,-7.43459242668370E+002;4.54747350886464E-013,OK,4.75796486267468E-001;-3.88578058618805E-016,OK,4.75740448813179E-001;3.88578058618805E-016
gamma,cumulative,g_landmark_k1,landmark,s0.001,1,4.94065645841247E-324;0E+000,1.00000000000000E-003;0E+000,1.00000000000000E+000;0E+000,4.94065645841247E-324;0E+000,-7.44440071921381E+002;-2.27373675443232E-013,OK,4.75274057426692E-001;-1.11022302462516E-016,OK,4.75274057426690E-001;2.22044604925031E-016
gamma,cumulative,g_s13_k1,transform_stress,s0.001,1,1.97626258336499E-323;0E+000,1.00000000000000E-003;0E+000,3.00000000000000E+000;0E+000,4.94065645841247E-324;0E+000,-7.44152389848929E+002;-4.54747350886464E-013,OK,4.75274057426692E-001;-1.11022302462516E-016,OK,4.75410804921471E-001;4.99600361081320E-016
gamma,cumulative,g_s12_k1,transform_stress,s0.001,1,1.48219693752374E-323;0E+000,1.00000000000000E-003;0E+000,2.00000000000000E+000;0E+000,9.88131291682493E-324;0E+000,-7.44034606813273E+002;-1.13686837721616E-013,OK,4.75603606499386E-001;-1.66533453693773E-016,OK,4.75466803547038E-001;3.33066907387547E-016
gamma,cumulative,g_s23_k1,transform_stress,s0.001,1,2.47032822920623E-323;0E+000,1.00000000000000E-003;0E+000,3.00000000000000E+000;0E+000,9.88131291682493E-324;0E+000,-7.43929246297615E+002;-3.41060513164848E-013,OK,4.75603606499386E-001;-1.66533453693773E-016,OK,4.75516901613771E-001;-1.11022302462516E-016
gamma,cumulative,g_underflow_minsub,underflow,s0.001,0,4.94065645841247E-324;0E+000,1.00000000000000E-003;0E+000,4.00000000000000E+000;0E+000,0E+000;0E+000,-7.45826366282501E+002;-1.13686837721616E-013,OK,0E+000;0E+000,OK,4.74615644163635E-001;4.99600361081320E-016
gamma,cumulative,g_underflow_wide,underflow,s0.001,0,1.00000000000000E-300;0E+000,1.00000000000000E-003;0E+000,1.00000000000000E+300;0E+000,0E+000;0E+000,-1.38155105579643E+003;2.72848410531878E-012,OK,0E+000;0E+000,OK,2.51333468410999E-001;-4.99600361081320E-016
gamma,cumulative,g_underflow_deep,underflow,s0.001,0,1.00000000000000E-200;0E+000,1.00000000000000E-003;0E+000,1.00000000000000E+200;0E+000,0E+000;0E+000,-9.21034037197618E+002;-3.41060513164848E-013,OK,0E+000;0E+000,OK,3.98336703122232E-001;-2.77555756156289E-016
gamma,cumulative,twin_g_landmark_k8,decimal_twin,s0.001,8,6.32404026676796E-322;0E+000,1.00000000000000E-003;0E+000,1.00000000000000E+000;0E+000,6.32404026676796E-322;0E+000,-7.39588041657462E+002;3.41060513164848E-013,OK,4.77585705094099E-001;-1.11022302462516E-016,OK,4.77585705094098E-001;-4.44089209850063E-016
gamma,cumulative,twin_g_landmark_k32,decimal_twin,s0.001,32,1.06099789548264E-314;0E+000,1.00000000000000E-003;0E+000,1.00000000000000E+000;0E+000,1.06099789548264E-314;0E+000,-7.22952509324023E+002;1.13686837721616E-013,OK,4.85597049265968E-001;-2.22044604925031E-016,OK,4.85597049265960E-001;-3.88578058618805E-016
gamma,cumulative,g_landmark_k52,landmark,s0.01,52,1.11253692925360E-308;4.94065645841247E-324,1.00000000000000E-002;0E+000,1.00000000000000E+000;0E+000,1.11253692925360E-308;4.94065645841247E-324,-7.09089565712824E+002;-1.13686837721616E-013,OK,8.37402809646756E-004;2.16840434497101E-019,OK,8.37402809646731E-004;3.25260651745651E-019
gamma,cumulative,g_s13_k52,transform_stress,s0.01,52,3.33761078776080E-308;2.47032822920623E-323,1.00000000000000E-002;0E+000,3.00000000000000E+000;0E+000,1.11253692925360E-308;4.94065645841247E-324,-7.09089565712824E+002;-1.13686837721616E-013,OK,8.37402809646756E-004;2.16840434497101E-019,OK,8.37402809646731E-004;3.25260651745651E-019
gamma,cumulative,g_s12_k52,transform_stress,s0.01,52,2.22507385850720E-308;1.97626258336499E-323,1.00000000000000E-002;0E+000,2.00000000000000E+000;0E+000,1.11253692925360E-308;4.94065645841247E-324,-7.09089565712824E+002;0E+000,OK,8.37402809646756E-004;2.16840434497101E-019,OK,8.37402809646732E-004;0E+000
gamma,cumulative,g_s23_k52,transform_stress,s0.01,52,3.33761078776080E-308;2.96439387504748E-323,1.00000000000000E-002;0E+000,3.00000000000000E+000;0E+000,1.11253692925360E-308;9.88131291682493E-324,-7.09089565712824E+002;-1.13686837721616E-013,OK,8.37402809646756E-004;2.16840434497101E-019,OK,8.37402809646731E-004;3.25260651745651E-019
gamma,cumulative,g_landmark_k48,landmark,s0.01,48,6.95335580783500E-310;0E+000,1.00000000000000E-002;0E+000,1.00000000000000E+000;0E+000,6.95335580783500E-310;0E+000,-7.11862154435064E+002;1.13686837721616E-013,OK,8.14503985779816E-004;-3.25260651745651E-019,OK,8.14503985779841E-004;4.33680868994202E-019
gamma,cumulative,g_s13_k48,transform_stress,s0.01,48,2.08600674235051E-309;-4.94065645841247E-324,1.00000000000000E-002;0E+000,3.00000000000000E+000;0E+000,6.95335580783500E-310;0E+000,-7.11862154435064E+002;1.13686837721616E-013,OK,8.14503985779816E-004;-3.25260651745651E-019,OK,8.14503985779841E-004;4.33680868994202E-019
gamma,cumulative,g_s12_k48,transform_stress,s0.01,48,1.39067116156701E-309;-4.94065645841247E-324,1.00000000000000E-002;0E+000,2.00000000000000E+000;0E+000,6.95335580783500E-310;0E+000,-7.11862154435064E+002;2.27373675443232E-013,OK,8.14503985779816E-004;-3.25260651745651E-019,OK,8.14503985779842E-004;1.08420217248550E-019
gamma,cumulative,g_s23_k48,transform_stress,s0.01,48,2.08600674235051E-309;0E+000,1.00000000000000E-002;0E+000,3.00000000000000E+000;0E+000,6.95335580783505E-310;0E+000,-7.11862154435064E+002;1.13686837721616E-013,OK,8.14503985779816E-004;-3.25260651745651E-019,OK,8.14503985779841E-004;4.33680868994202E-019
gamma,cumulative,g_landmark_k44,landmark,s0.01,44,4.34584737989688E-311;0E+000,1.00000000000000E-002;0E+000,1.00000000000000E+000;0E+000,4.34584737989688E-311;0E+000,-7.14634743157304E+002;3.41060513164848E-013,OK,7.92231331455805E-004;1.08420217248550E-019,OK,7.92231331455789E-004;-5.42101086242752E-019
gamma,cumulative,g_s13_k44,transform_stress,s0.01,44,1.30375421396911E-310;0E+000,1.00000000000000E-002;0E+000,3.00000000000000E+000;0E+000,4.34584737989688E-311;0E+000,-7.14634743157304E+002;3.41060513164848E-013,OK,7.92231331455805E-004;1.08420217248550E-019,OK,7.92231331455789E-004;-5.42101086242752E-019
gamma,cumulative,g_s12_k44,transform_stress,s0.01,44,8.69169475979425E-311;0E+000,1.00000000000000E-002;0E+000,2.00000000000000E+000;0E+000,4.34584737989688E-311;0E+000,-7.14634743157304E+002;4.54747350886464E-013,OK,7.92231331455805E-004;1.08420217248550E-019,OK,7.92231331455790E-004;-1.08420217248550E-019
gamma,cumulative,g_s23_k44,transform_stress,s0.01,44,1.30375421396916E-310;0E+000,1.00000000000000E-002;0E+000,3.00000000000000E+000;0E+000,4.34584737989737E-311;0E+000,-7.14634743157304E+002;4.54747350886464E-013,OK,7.92231331455805E-004;1.08420217248550E-019,OK,7.92231331455790E-004;-1.08420217248550E-019
gamma,cumulative,g_landmark_k40,landmark,s0.01,40,2.71615461243555E-312;0E+000,1.00000000000000E-002;0E+000,1.00000000000000E+000;0E+000,2.71615461243555E-312;0E+000,-7.17407331879543E+002;-4.54747350886464E-013,OK,7.70567724035464E-004;-3.25260651745651E-019,OK,7.70567724035495E-004;-2.16840434497101E-019
gamma,cumulative,g_s13_k40,transform_stress,s0.01,40,8.14846383731159E-312;0E+000,1.00000000000000E-002;0E+000,3.00000000000000E+000;0E+000,2.71615461243555E-312;0E+000,-7.17407331879543E+002;1.13686837721616E-013,OK,7.70567724035464E-004;-3.25260651745651E-019,OK,7.70567724035500E-004;-4.33680868994202E-019
gamma,cumulative,g_s12_k40,transform_stress,s0.01,40,5.43230922487604E-312;0E+000,1.00000000000000E-002;0E+000,2.00000000000000E+000;0E+000,2.71615461243555E-312;0E+000,-7.17407331879542E+002;-4.54747350886464E-013,OK,7.70567724035464E-004;-3.25260651745651E-019,OK,7.70567724035503E-004;0E+000
gamma,cumulative,g_s23_k40,transform_stress,s0.01,40,8.14846383731653E-312;0E+000,1.00000000000000E-002;0E+000,3.00000000000000E+000;0E+000,2.71615461244049E-312;0E+000,-7.17407331879542E+002;-2.27373675443232E-013,OK,7.70567724035464E-004;-3.25260651745651E-019,OK,7.70567724035504E-004;3.25260651745651E-019
gamma,cumulative,g_landmark_k36,landmark,s0.01,36,1.69759663277222E-313;0E+000,1.00000000000000E-002;0E+000,1.00000000000000E+000;0E+000,1.69759663277222E-313;0E+000,-7.20179920601783E+002;-1.13686837721616E-013,OK,7.49496509099358E-004;-5.42101086242752E-019,OK,7.49496509099350E-004;-1.08420217248550E-019
gamma,cumulative,g_s13_k36,transform_stress,s0.01,36,5.09278989836606E-313;0E+000,1.00000000000000E-002;0E+000,3.00000000000000E+000;0E+000,1.69759663277222E-313;0E+000,-7.20179920601774E+002;4.54747350886464E-013,OK,7.49496509099358E-004;-5.42101086242752E-019,OK,7.49496509099421E-004;1.08420217248550E-019
gamma,cumulative,g_s12_k36,transform_stress,s0.01,36,3.39519326559384E-313;0E+000,1.00000000000000E-002;0E+000,2.00000000000000E+000;0E+000,1.69759663277222E-313;0E+000,-7.20179920601769E+002;4.54747350886464E-013,OK,7.49496509099358E-004;-5.42101086242752E-019,OK,7.49496509099459E-004;1.08420217248550E-019
gamma,cumulative,g_s23_k36,transform_stress,s0.01,36,5.09278989841547E-313;0E+000,1.00000000000000E-002;0E+000,3.00000000000000E+000;0E+000,1.69759663282162E-313;0E+000,-7.20179920601764E+002;2.27373675443232E-013,OK,7.49496509099528E-004;-1.08420217248550E-019,OK,7.49496509099494E-004;3.25260651745651E-019
gamma,cumulative,g_landmark_k32,landmark,s0.01,32,1.06099789548264E-314;0E+000,1.00000000000000E-002;0E+000,1.00000000000000E+000;0E+000,1.06099789548264E-314;0E+000,-7.22952509324023E+002;1.13686837721616E-013,OK,7.29001487643682E-004;4.33680868994202E-019,OK,7.29001487643720E-004;-3.25260651745651E-019
gamma,cumulative,g_s13_k32,transform_stress,s0.01,32,3.18299368694197E-314;0E+000,1.00000000000000E-002;0E+000,3.00000000000000E+000;0E+000,1.06099789548264E-314;0E+000,-7.22952509323868E+002;1.13686837721616E-013,OK,7.29001487643682E-004;4.33680868994202E-019,OK,7.29001487644850E-004;1.08420217248550E-019
gamma,cumulative,g_s12_k32,transform_stress,s0.01,32,2.12199579145934E-314;0E+000,1.00000000000000E-002;0E+000,2.00000000000000E+000;0E+000,1.06099789548264E-314;0E+000,-7.22952509323790E+002;-1.13686837721616E-013,OK,7.29001487643682E-004;4.33680868994202E-019,OK,7.29001487645417E-004;-3.25260651745651E-019
gamma,cumulative,g_s23_k32,transform_stress,s0.01,32,3.18299368743604E-314;0E+000,1.00000000000000E-002;0E+000,3.00000000000000E+000;0E+000,1.06099789597670E-314;0E+000,-7.22952509323713E+002;4.54747350886464E-013,OK,7.29001487647080E-004;3.25260651745651E-019,OK,7.29001487645982E-004;-1.08420217248550E-019
gamma,cumulative,g_landmark_k28,landmark,s0.01,28,6.63123684676648E-316;0E+000,1.00000000000000E-002;0E+000,1.00000000000000E+000;0E+000,6.63123684676648E-316;0E+000,-7.25725098046263E+002;3.41060513164848E-013,OK,7.09066903627581E-004;-2.16840434497101E-019,OK,7.09066903627580E-004;-2.16840434497101E-019
gamma,cumulative,g_s13_k28,transform_stress,s0.01,28,1.98937105897060E-315;0E+000,1.00000000000000E-002;0E+000,3.00000000000000E+000;0E+000,6.63123684676648E-316;0E+000,-7.25725098043779E+002;-2.27373675443232E-013,OK,7.09066903627581E-004;-2.16840434497101E-019,OK,7.09066903645190E-004;-2.16840434497101E-019
gamma,cumulative,g_s12_k28,transform_stress,s0.01,28,1.32624737429395E-315;0E+000,1.00000000000000E-002;0E+000,2.00000000000000E+000;0E+000,6.63123684676648E-316;0E+000,-7.25725098042537E+002;-4.54747350886464E-013,OK,7.09066903627581E-004;-2.16840434497101E-019,OK,7.09066903653995E-004;-3.25260651745651E-019
gamma,cumulative,g_s23_k28,transform_stress,s0.01,28,1.98937106391126E-315;0E+000,1.00000000000000E-002;0E+000,3.00000000000000E+000;0E+000,6.63123689617304E-316;0E+000,-7.25725098041296E+002;2.27373675443232E-013,OK,7.09066903680381E-004;3.25260651745651E-019,OK,7.09066903662799E-004;-1.08420217248550E-019
gamma,cumulative,g_landmark_k24,landmark,s0.01,24,4.14452302922905E-317;0E+000,1.00000000000000E-002;0E+000,1.00000000000000E+000;0E+000,4.14452302922905E-317;0E+000,-7.28497686768502E+002;-4.54747350886464E-013,OK,6.89677431859634E-004;3.25260651745651E-019,OK,6.89677431859676E-004;-3.25260651745651E-019
gamma,cumulative,g_s13_k24,transform_stress,s0.01,24,1.24335695817528E-316;0E+000,1.00000000000000E-002;0E+000,3.00000000000000E+000;0E+000,4.14452302922905E-317;0E+000,-7.28497686728766E+002;-1.13686837721616E-013,OK,6.89677431859634E-004;3.25260651745651E-019,OK,6.89677432133729E-004;-3.25260651745651E-019
gamma,cumulative,g_s12_k24,transform_stress,s0.01,24,8.28904655252374E-317;0E+000,1.00000000000000E-002;0E+000,2.00000000000000E+000;0E+000,4.14452302922905E-317;0E+000,-7.28497686708898E+002;1.13686837721616E-013,OK,6.89677431859634E-004;3.25260651745651E-019,OK,6.89677432270756E-004;-2.16840434497101E-019
gamma,cumulative,g_s23_k24,transform_stress,s0.01,24,1.24335700758184E-316;0E+000,1.00000000000000E-002;0E+000,3.00000000000000E+000;0E+000,4.14452352329469E-317;0E+000,-7.28497686689030E+002;3.41060513164848E-013,OK,6.89677432681813E-004;-3.25260651745651E-019,OK,6.89677432407782E-004;-4.33680868994202E-019
gamma,cumulative,g_landmark_k20,landmark,s0.01,20,2.59032689326815E-318;0E+000,1.00000000000000E-002;0E+000,1.00000000000000E+000;0E+000,2.59032689326815E-318;0E+000,-7.31270275490742E+002;-2.27373675443232E-013,OK,6.70818166216908E-004;-1.08420217248550E-019,OK,6.70818166216913E-004;-1.08420217248550E-019
gamma,cumulative,g_s13_k20,transform_stress,s0.01,20,7.77098562046092E-318;0E+000,1.00000000000000E-002;0E+000,3.00000000000000E+000;0E+000,2.59032689326815E-318;0E+000,-7.31270274854960E+002;3.41060513164848E-013,OK,6.70818166216908E-004;-1.08420217248550E-019,OK,6.70818170481858E-004;2.16840434497101E-019
gamma,cumulative,g_s12_k20,transform_stress,s0.01,20,5.18065872719277E-318;0E+000,1.00000000000000E-002;0E+000,2.00000000000000E+000;0E+000,2.59032689326815E-318;0E+000,-7.31270274537068E+002;-4.54747350886464E-013,OK,6.70818166216908E-004;-1.08420217248550E-019,OK,6.70818172614330E-004;4.33680868994202E-019
gamma,cumulative,g_s23_k20,transform_stress,s0.01,20,7.77099056111738E-318;0E+000,1.00000000000000E-002;0E+000,3.00000000000000E+000;0E+000,2.59033183392461E-318;0E+000,-7.31270274219177E+002;-3.41060513164848E-013,OK,6.70818179011737E-004;-1.08420217248550E-019,OK,6.70818174746801E-004;2.16840434497101E-019
gamma,cumulative,g_landmark_k16,landmark,s0.01,16,1.61895430829260E-319;0E+000,1.00000000000000E-002;0E+000,1.00000000000000E+000;0E+000,1.61895430829260E-319;0E+000,-7.34042864212982E+002;-1.13686837721616E-013,OK,6.52474608184946E-004;3.25260651745651E-019,OK,6.52474608184917E-004;0E+000
gamma,cumulative,g_s13_k16,transform_stress,s0.01,16,4.85691233144237E-319;0E+000,1.00000000000000E-002;0E+000,3.00000000000000E+000;0E+000,1.61895430829260E-319;0E+000,-7.34042854040508E+002;2.27373675443232E-013,OK,6.52474608184946E-004;3.25260651745651E-019,OK,6.52474674557732E-004;4.33680868994202E-019
gamma,cumulative,g_s12_k16,transform_stress,s0.01,16,3.23795802314978E-319;0E+000,1.00000000000000E-002;0E+000,2.00000000000000E+000;0E+000,1.61895430829260E-319;0E+000,-7.34042848954309E+002;-4.54747350886464E-013,OK,6.52474608184946E-004;3.25260651745651E-019,OK,6.52474707743890E-004;-2.16840434497101E-019
gamma,cumulative,g_s23_k16,transform_stress,s0.01,16,4.85696173800696E-319;0E+000,1.00000000000000E-002;0E+000,3.00000000000000E+000;0E+000,1.61900371485718E-319;0E+000,-7.34042843868137E+002;0E+000,OK,6.52474807301342E-004;2.16840434497101E-019,OK,6.52474740929879E-004;-1.08420217248550E-019
gamma,cumulative,g_landmark_k12,landmark,s0.01,12,1.01184644268287E-320;0E+000,1.00000000000000E-002;0E+000,1.00000000000000E+000;0E+000,1.01184644268287E-320;0E+000,-7.36815452935222E+002;1.13686837721616E-013,OK,6.34632655711942E-004;-4.33680868994202E-019,OK,6.34632655711953E-004;-4.33680868994202E-019
gamma,cumulative,g_s13_k12,transform_stress,s0.01,12,3.03603339369446E-320;0E+000,1.00000000000000E-002;0E+000,3.00000000000000E+000;0E+000,1.01184644268287E-320;0E+000,-7.36815290188049E+002;-3.41060513164848E-013,OK,6.34632655711942E-004;-4.33680868994202E-019,OK,6.34633688559496E-004;2.16840434497101E-019
gamma,cumulative,g_s12_k12,transform_stress,s0.01,12,2.02418695101159E-320;0E+000,1.00000000000000E-002;0E+000,2.00000000000000E+000;0E+000,1.01184644268287E-320;0E+000,-7.36815208824394E+002;-3.41060513164848E-013,OK,6.34632655711942E-004;-4.33680868994202E-019,OK,6.34634204920871E-004;2.16840434497101E-019
gamma,cumulative,g_s23_k12,transform_stress,s0.01,12,3.03652745934030E-320;0E+000,1.00000000000000E-002;0E+000,3.00000000000000E+000;0E+000,1.01234050832871E-320;0E+000,-7.36815127467359E+002;0E+000,OK,6.34635753755501E-004;-3.25260651745651E-019,OK,6.34634721240655E-004;0E+000
gamma,cumulative,g_landmark_k8,landmark,s0.01,8,6.32404026676796E-322;0E+000,1.00000000000000E-002;0E+000,1.00000000000000E+000;0E+000,6.32404026676796E-322;0E+000,-7.39588041657462E+002;3.41060513164848E-013,OK,6.17278592367650E-004;-2.16840434497101E-019,OK,6.17278592367628E-004;2.16840434497101E-019
gamma,cumulative,g_s13_k8,transform_stress,s0.01,8,1.90215273648880E-321;0E+000,1.00000000000000E-002;0E+000,3.00000000000000E+000;0E+000,6.32404026676796E-322;0E+000,-7.39585440875762E+002;3.41060513164848E-013,OK,6.17278592367650E-004;-2.16840434497101E-019,OK,6.17294646645064E-004;2.16840434497101E-019
gamma,cumulative,g_s12_k8,transform_stress,s0.01,8,1.26974870981200E-321;0E+000,1.00000000000000E-002;0E+000,2.00000000000000E+000;0E+000,6.32404026676796E-322;0E+000,-7.39584143017046E+002;1.13686837721616E-013,OK,6.17278592367650E-004;-2.16840434497101E-019,OK,6.17302658309427E-004;2.16840434497101E-019
gamma,cumulative,g_s23_k8,transform_stress,s0.01,8,1.90709339294721E-321;0E+000,1.00000000000000E-002;0E+000,3.00000000000000E+000;0E+000,6.37344683135208E-322;0E+000,-7.39582846840585E+002;4.54747350886464E-013,OK,6.17326631723819E-004;2.16840434497101E-019,OK,6.17310659693035E-004;-1.08420217248550E-019
gamma,cumulative,g_landmark_k4,landmark,s0.01,4,3.95252516672997E-323;0E+000,1.00000000000000E-002;0E+000,1.00000000000000E+000;0E+000,3.95252516672997E-323;0E+000,-7.42360630379701E+002;-4.54747350886464E-013,OK,6.00399076798049E-004;2.16840434497101E-019,OK,6.00399076798065E-004;-1.08420217248550E-019
gamma,cumulative,g_s13_k4,transform_stress,s0.01,4,1.23516411460312E-322;0E+000,1.00000000000000E-002;0E+000,3.00000000000000E+000;0E+000,3.95252516672997E-323;0E+000,-7.42319808385181E+002;-2.27373675443232E-013,OK,6.00399076798049E-004;2.16840434497101E-019,OK,6.00644221709411E-004;4.33680868994202E-019
gamma,cumulative,g_s12_k4,transform_stress,s0.01,4,8.39911597930119E-323;0E+000,1.00000000000000E-002;0E+000,2.00000000000000E+000;0E+000,3.95252516672997E-323;0E+000,-7.42300005757885E+002;0E+000,OK,6.00399076798049E-004;2.16840434497101E-019,OK,6.00763176823743E-004;4.33680868994202E-019
gamma,cumulative,g_s23_k4,transform_stress,s0.01,4,1.28457067918724E-322;0E+000,1.00000000000000E-002;0E+000,3.00000000000000E+000;0E+000,4.44659081257122E-323;0E+000,-7.42280587672028E+002;0E+000,OK,6.01106661682451E-004;-2.16840434497101E-019,OK,6.00879844860199E-004;1.08420217248550E-019
gamma,cumulative,g_landmark_k2,landmark,s0.01,2,9.88131291682493E-324;0E+000,1.00000000000000E-002;0E+000,1.00000000000000E+000;0E+000,9.88131291682493E-324;0E+000,-7.43746924740821E+002;-3.41060513164848E-013,OK,5.92133205285838E-004;-1.08420217248550E-019,OK,5.92133205285871E-004;3.25260651745651E-019
gamma,cumulative,g_s13_k2,transform_stress,s0.01,2,3.45845952088873E-323;0E+000,1.00000000000000E-002;0E+000,3.00000000000000E+000;0E+000,9.88131291682493E-324;0E+000,-7.43592774060994E+002;-1.13686837721616E-013,OK,5.92133205285838E-004;-1.08420217248550E-019,OK,5.93046686535192E-004;3.25260651745651E-019
gamma,cumulative,g_s12_k2,transform_stress,s0.01,2,2.47032822920623E-323;0E+000,1.00000000000000E-002;0E+000,2.00000000000000E+000;0E+000,9.88131291682493E-324;0E+000,-7.43523781189507E+002;-1.13686837721616E-013,OK,5.92133205285838E-004;-1.08420217248550E-019,OK,5.93455987651553E-004;-1.08420217248550E-019
gamma,cumulative,g_s23_k2,transform_stress,s0.01,2,3.95252516672997E-323;0E+000,1.00000000000000E-002;0E+000,3.00000000000000E+000;0E+000,1.48219693752374E-323;0E+000,-7.43459242668370E+002;4.54747350886464E-013,OK,5.94538972804805E-004;-2.16840434497101E-019,OK,5.93839118989936E-004;1.08420217248550E-019
gamma,cumulative,g_landmark_k1,landmark,s0.01,1,4.94065645841247E-324;0E+000,1.00000000000000E-002;0E+000,1.00000000000000E+000;0E+000,4.94065645841247E-324;0E+000,-7.44440071921381E+002;-2.27373675443232E-013,OK,5.88043042468501E-004;2.16840434497101E-019,OK,5.88043042468477E-004;0E+000
gamma,cumulative,g_s13_k1,transform_stress,s0.01,1,1.97626258336499E-323;0E+000,1.00000000000000E-002;0E+000,3.00000000000000E+000;0E+000,4.94065645841247E-324;0E+000,-7.44152389848929E+002;-4.54747350886464E-013,OK,5.88043042468501E-004;2.16840434497101E-019,OK,5.89737172565847E-004;-1.08420217248550E-019
gamma,cumulative,g_s12_k1,transform_stress,s0.01,1,1.48219693752374E-323;0E+000,1.00000000000000E-002;0E+000,2.00000000000000E+000;0E+000,9.88131291682493E-324;0E+000,-7.44034606813273E+002;-1.13686837721616E-013,OK,5.92133205285838E-004;-1.08420217248550E-019,OK,5.90432192137315E-004;0E+000
gamma,cumulative,g_s23_k1,transform_stress,s0.01,1,2.47032822920623E-323;0E+000,1.00000000000000E-002;0E+000,3.00000000000000E+000;0E+000,9.88131291682493E-324;0E+000,-7.43929246297615E+002;-3.41060513164848E-013,OK,5.92133205285838E-004;-1.08420217248550E-019,OK,5.91054602369298E-004;-4.33680868994202E-019
gamma,cumulative,g_underflow_minsub,underflow,s0.01,0,4.94065645841247E-324;0E+000,1.00000000000000E-002;0E+000,4.00000000000000E+000;0E+000,0E+000;0E+000,-7.45826366282501E+002;-1.13686837721616E-013,OK,0E+000;0E+000,OK,5.79947280132190E-004;-5.42101086242752E-019
gamma,cumulative,g_underflow_wide,underflow,s0.01,0,1.00000000000000E-300;0E+000,1.00000000000000E-002;0E+000,1.00000000000000E+300;0E+000,0E+000;0E+000,-1.38155105579643E+003;2.72848410531878E-012,OK,0E+000;0E+000,OK,1.00570652850039E-006;-4.02340649945793E-021
gamma,cumulative,g_underflow_deep,underflow,s0.01,0,1.00000000000000E-200;0E+000,1.00000000000000E-002;0E+000,1.00000000000000E+200;0E+000,0E+000;0E+000,-9.21034037197618E+002;-3.41060513164848E-013,OK,0E+000;0E+000,OK,1.00570652850038E-004;4.60785923306339E-019
gamma,cumulative,twin_g_landmark_k8,decimal_twin,s0.01,8,6.32404026676796E-322;0E+000,1.00000000000000E-002;0E+000,1.00000000000000E+000;0E+000,6.32404026676796E-322;0E+000,-7.39588041657462E+002;3.41060513164848E-013,OK,6.17278592367650E-004;-2.16840434497101E-019,OK,6.17278592367628E-004;2.16840434497101E-019
gamma,cumulative,twin_g_landmark_k32,decimal_twin,s0.01,32,1.06099789548264E-314;0E+000,1.00000000000000E-002;0E+000,1.00000000000000E+000;0E+000,1.06099789548264E-314;0E+000,-7.22952509324023E+002;1.13686837721616E-013,OK,7.29001487643682E-004;4.33680868994202E-019,OK,7.29001487643720E-004;-3.25260651745651E-019
gamma,cumulative,g_landmark_k52,landmark,s0.1,52,1.11253692925360E-308;4.94065645841247E-324,1.00000000000000E-001;0E+000,1.00000000000000E+000;0E+000,1.11253692925360E-308;4.94065645841247E-324,-7.09089565712824E+002;-1.13686837721616E-013,OK,1.68380102521805E-031;4.81696347111656E-046,OK,1.68380102521801E-031;4.81696347111656E-046
gamma,cumulative,g_s13_k52,transform_stress,s0.1,52,3.33761078776080E-308;2.47032822920623E-323,1.00000000000000E-001;0E+000,3.00000000000000E+000;0E+000,1.11253692925360E-308;4.94065645841247E-324,-7.09089565712824E+002;-1.13686837721616E-013,OK,1.68380102521805E-031;4.81696347111656E-046,OK,1.68380102521801E-031;4.81696347111656E-046
gamma,cumulative,g_s12_k52,transform_stress,s0.1,52,2.22507385850720E-308;1.97626258336499E-323,1.00000000000000E-001;0E+000,2.00000000000000E+000;0E+000,1.11253692925360E-308;4.94065645841247E-324,-7.09089565712824E+002;0E+000,OK,1.68380102521805E-031;4.81696347111656E-046,OK,1.68380102521801E-031;4.81696347111656E-046
gamma,cumulative,g_s23_k52,transform_stress,s0.1,52,3.33761078776080E-308;2.96439387504748E-323,1.00000000000000E-001;0E+000,3.00000000000000E+000;0E+000,1.11253692925360E-308;9.88131291682493E-324,-7.09089565712824E+002;-1.13686837721616E-013,OK,1.68380102521805E-031;4.81696347111656E-046,OK,1.68380102521801E-031;4.81696347111656E-046
gamma,cumulative,g_landmark_k48,landmark,s0.1,48,6.95335580783500E-310;0E+000,1.00000000000000E-001;0E+000,1.00000000000000E+000;0E+000,6.95335580783500E-310;0E+000,-7.11862154435064E+002;1.13686837721616E-013,OK,1.27608255431504E-031;2.18952885050753E-047,OK,1.27608255431506E-031;4.16010481596430E-046
gamma,cumulative,g_s13_k48,transform_stress,s0.1,48,2.08600674235051E-309;-4.94065645841247E-324,1.00000000000000E-001;0E+000,3.00000000000000E+000;0E+000,6.95335580783500E-310;0E+000,-7.11862154435064E+002;1.13686837721616E-013,OK,1.27608255431504E-031;2.18952885050753E-047,OK,1.27608255431506E-031;4.16010481596430E-046
gamma,cumulative,g_s12_k48,transform_stress,s0.1,48,1.39067116156701E-309;-4.94065645841247E-324,1.00000000000000E-001;0E+000,2.00000000000000E+000;0E+000,6.95335580783500E-310;0E+000,-7.11862154435064E+002;2.27373675443232E-013,OK,1.27608255431504E-031;2.18952885050753E-047,OK,1.27608255431508E-031;2.40848173555828E-046
gamma,cumulative,g_s23_k48,transform_stress,s0.1,48,2.08600674235051E-309;0E+000,1.00000000000000E-001;0E+000,3.00000000000000E+000;0E+000,6.95335580783505E-310;0E+000,-7.11862154435064E+002;1.13686837721616E-013,OK,1.27608255431504E-031;2.18952885050753E-047,OK,1.27608255431506E-031;4.16010481596430E-046
gamma,cumulative,g_landmark_k44,landmark,s0.1,44,4.34584737989688E-311;0E+000,1.00000000000000E-001;0E+000,1.00000000000000E+000;0E+000,4.34584737989688E-311;0E+000,-7.14634743157304E+002;3.41060513164848E-013,OK,9.67089733905061E-032;-1.09476442525376E-047,OK,9.67089733905120E-032;3.28429327576129E-047
gamma,cumulative,g_s13_k44,transform_stress,s0.1,44,1.30375421396911E-310;0E+000,1.00000000000000E-001;0E+000,3.00000000000000E+000;0E+000,4.34584737989688E-311;0E+000,-7.14634743157304E+002;3.41060513164848E-013,OK,9.67089733905061E-032;-1.09476442525376E-047,OK,9.67089733905120E-032;3.28429327576129E-047
gamma,cumulative,g_s12_k44,transform_stress,s0.1,44,8.69169475979425E-311;0E+000,1.00000000000000E-001;0E+000,2.00000000000000E+000;0E+000,4.34584737989688E-311;0E+000,-7.14634743157304E+002;4.54747350886464E-013,OK,9.67089733905061E-032;-1.09476442525376E-047,OK,9.67089733905134E-032;2.18952885050753E-047
gamma,cumulative,g_s23_k44,transform_stress,s0.1,44,1.30375421396916E-310;0E+000,1.00000000000000E-001;0E+000,3.00000000000000E+000;0E+000,4.34584737989737E-311;0E+000,-7.14634743157304E+002;4.54747350886464E-013,OK,9.67089733905171E-032;-1.09476442525376E-047,OK,9.67089733905134E-032;2.18952885050753E-047
gamma,cumulative,g_landmark_k40,landmark,s0.1,40,2.71615461243555E-312;0E+000,1.00000000000000E-001;0E+000,1.00000000000000E+000;0E+000,2.71615461243555E-312;0E+000,-7.17407331879543E+002;-4.54747350886464E-013,OK,7.32916965491066E-032;3.28429327576129E-047,OK,7.32916965491059E-032;1.09476442525376E-047
gamma,cumulative,g_s13_k40,transform_stress,s0.1,40,8.14846383731159E-312;0E+000,1.00000000000000E-001;0E+000,3.00000000000000E+000;0E+000,2.71615461243555E-312;0E+000,-7.17407331879543E+002;1.13686837721616E-013,OK,7.32916965491066E-032;3.28429327576129E-047,OK,7.32916965491101E-032;-1.09476442525376E-047
gamma,cumulative,g_s12_k40,transform_stress,s0.1,40,5.43230922487604E-312;0E+000,1.00000000000000E-001;0E+000,2.00000000000000E+000;0E+000,2.71615461243555E-312;0E+000,-7.17407331879542E+002;-4.54747350886464E-013,OK,7.32916965491066E-032;3.28429327576129E-047,OK,7.32916965491132E-032;1.09476442525376E-047
gamma,cumulative,g_s23_k40,transform_stress,s0.1,40,8.14846383731653E-312;0E+000,1.00000000000000E-001;0E+000,3.00000000000000E+000;0E+000,2.71615461244049E-312;0E+000,-7.17407331879542E+002;-2.27373675443232E-013,OK,7.32916965491149E-032;4.37905770101505E-047,OK,7.32916965491153E-032;-1.09476442525376E-047
gamma,cumulative,g_landmark_k36,landmark,s0.1,36,1.69759663277222E-313;0E+000,1.00000000000000E-001;0E+000,1.00000000000000E+000;0E+000,1.69759663277222E-313;0E+000,-7.20179920601783E+002;-1.13686837721616E-013,OK,5.55447193235644E-032;-3.28429327576129E-047,OK,5.55447193235670E-032;0E+000
gamma,cumulative,g_s13_k36,transform_stress,s0.1,36,5.09278989836606E-313;0E+000,1.00000000000000E-001;0E+000,3.00000000000000E+000;0E+000,1.69759663277222E-313;0E+000,-7.20179920601774E+002;4.54747350886464E-013,OK,5.55447193235644E-032;-3.28429327576129E-047,OK,5.55447193236199E-032;-1.09476442525376E-047
gamma,cumulative,g_s12_k36,transform_stress,s0.1,36,3.39519326559384E-313;0E+000,1.00000000000000E-001;0E+000,2.00000000000000E+000;0E+000,1.69759663277222E-313;0E+000,-7.20179920601769E+002;4.54747350886464E-013,OK,5.55447193235644E-032;-3.28429327576129E-047,OK,5.55447193236483E-032;0E+000
gamma,cumulative,g_s23_k36,transform_stress,s0.1,36,5.09278989841547E-313;0E+000,1.00000000000000E-001;0E+000,3.00000000000000E+000;0E+000,1.69759663282162E-313;0E+000,-7.20179920601764E+002;2.27373675443232E-013,OK,5.55447193237286E-032;-4.37905770101505E-047,OK,5.55447193236743E-032;4.37905770101505E-047
gamma,cumulative,g_landmark_k32,landmark,s0.1,32,1.06099789548264E-314;0E+000,1.00000000000000E-001;0E+000,1.00000000000000E+000;0E+000,1.06099789548264E-314;0E+000,-7.22952509324023E+002;1.13686837721616E-013,OK,4.20950256304512E-032;1.09476442525376E-047,OK,4.20950256304502E-032;1.64214663788065E-047
gamma,cumulative,g_s13_k32,transform_stress,s0.1,32,3.18299368694197E-314;0E+000,1.00000000000000E-001;0E+000,3.00000000000000E+000;0E+000,1.06099789548264E-314;0E+000,-7.22952509323868E+002;1.13686837721616E-013,OK,4.20950256304512E-032;1.09476442525376E-047,OK,4.20950256311035E-032;-4.37905770101505E-047
gamma,cumulative,g_s12_k32,transform_stress,s0.1,32,2.12199579145934E-314;0E+000,1.00000000000000E-001;0E+000,2.00000000000000E+000;0E+000,1.06099789548264E-314;0E+000,-7.22952509323790E+002;-1.13686837721616E-013,OK,4.20950256304512E-032;1.09476442525376E-047,OK,4.20950256314307E-032;-2.73691106313441E-047
gamma,cumulative,g_s23_k32,transform_stress,s0.1,32,3.18299368743604E-314;0E+000,1.00000000000000E-001;0E+000,3.00000000000000E+000;0E+000,1.06099789597670E-314;0E+000,-7.22952509323713E+002;4.54747350886464E-013,OK,4.20950256324086E-032;-4.92643991364194E-047,OK,4.20950256317567E-032;-5.47382212626882E-048
gamma,cumulative,g_landmark_k28,landmark,s0.1,28,6.63123684676648E-316;0E+000,1.00000000000000E-001;0E+000,1.00000000000000E+000;0E+000,6.63123684676648E-316;0E+000,-7.25725098046263E+002;3.41060513164848E-013,OK,3.19020638578759E-032;-1.09476442525376E-047,OK,3.19020638578769E-032;3.83167548838817E-047
gamma,cumulative,g_s13_k28,transform_stress,s0.1,28,1.98937105897060E-315;0E+000,1.00000000000000E-001;0E+000,3.00000000000000E+000;0E+000,6.63123684676648E-316;0E+000,-7.25725098043779E+002;-2.27373675443232E-013,OK,3.19020638578759E-032;-1.09476442525376E-047,OK,3.19020638657998E-032;-1.64214663788065E-047
gamma,cumulative,g_s12_k28,transform_stress,s0.1,28,1.32624737429395E-315;0E+000,1.00000000000000E-001;0E+000,2.00000000000000E+000;0E+000,6.63123684676648E-316;0E+000,-7.25725098042537E+002;-4.54747350886464E-013,OK,3.19020638578759E-032;-1.09476442525376E-047,OK,3.19020638697612E-032;5.47382212626882E-048
gamma,cumulative,g_s23_k28,transform_stress,s0.1,28,1.98937106391126E-315;0E+000,1.00000000000000E-001;0E+000,3.00000000000000E+000;0E+000,6.63123689617304E-316;0E+000,-7.25725098041296E+002;2.27373675443232E-013,OK,3.19020638816462E-032;2.73691106313441E-047,OK,3.19020638737226E-032;2.73691106313441E-047
gamma,cumulative,g_landmark_k24,landmark,s0.1,24,4.14452302922905E-317;0E+000,1.00000000000000E-001;0E+000,1.00000000000000E+000;0E+000,4.14452302922905E-317;0E+000,-7.28497686768502E+002;-4.54747350886464E-013,OK,2.41772433476292E-032;-1.91583774419409E-047,OK,2.41772433476283E-032;-3.55798438207473E-047
gamma,cumulative,g_s13_k24,transform_stress,s0.1,24,1.24335695817528E-316;0E+000,1.00000000000000E-001;0E+000,3.00000000000000E+000;0E+000,4.14452302922905E-317;0E+000,-7.28497686728766E+002;-1.13686837721616E-013,OK,2.41772433476292E-032;-1.91583774419409E-047,OK,2.41772434436999E-032;8.21073318940323E-048
gamma,cumulative,g_s12_k24,transform_stress,s0.1,24,8.28904655252374E-317;0E+000,1.00000000000000E-001;0E+000,2.00000000000000E+000;0E+000,4.14452302922905E-317;0E+000,-7.28497686708898E+002;1.13686837721616E-013,OK,2.41772433476292E-032;-1.91583774419409E-047,OK,2.41772434917357E-032;2.73691106313441E-047
gamma,cumulative,g_s23_k24,transform_stress,s0.1,24,1.24335700758184E-316;0E+000,1.00000000000000E-001;0E+000,3.00000000000000E+000;0E+000,4.14452352329469E-317;0E+000,-7.28497686689030E+002;3.41060513164848E-013,OK,2.41772436358427E-032;3.55798438207473E-047,OK,2.41772435397715E-032;4.65274880732849E-047
gamma,cumulative,g_landmark_k20,landmark,s0.1,20,2.59032689326815E-318;0E+000,1.00000000000000E-001;0E+000,1.00000000000000E+000;0E+000,2.59032689326815E-318;0E+000,-7.31270275490742E+002;-2.27373675443232E-013,OK,1.83229241372766E-032;-1.09476442525376E-047,OK,1.83229241372767E-032;-3.01060216944785E-047
gamma,cumulative,g_s13_k20,transform_stress,s0.1,20,7.77098562046092E-318;0E+000,1.00000000000000E-001;0E+000,3.00000000000000E+000;0E+000,2.59032689326815E-318;0E+000,-7.31270274854960E+002;3.41060513164848E-013,OK,1.83229241372766E-032;-1.09476442525376E-047,OK,1.83229253022163E-032;-3.83167548838817E-047
gamma,cumulative,g_s12_k20,transform_stress,s0.1,20,5.18065872719277E-318;0E+000,1.00000000000000E-001;0E+000,2.00000000000000E+000;0E+000,2.59032689326815E-318;0E+000,-7.31270274537068E+002;-4.54747350886464E-013,OK,1.83229241372766E-032;-1.09476442525376E-047,OK,1.83229258846861E-032;-1.64214663788065E-047
gamma,cumulative,g_s23_k20,transform_stress,s0.1,20,7.77099056111738E-318;0E+000,1.00000000000000E-001;0E+000,3.00000000000000E+000;0E+000,2.59033183392461E-318;0E+000,-7.31270274219177E+002;-3.41060513164848E-013,OK,1.83229276320940E-032;1.64214663788065E-047,OK,1.83229264671554E-032;5.47382212626882E-048
gamma,cumulative,g_landmark_k16,landmark,s0.1,16,1.61895430829260E-319;0E+000,1.00000000000000E-001;0E+000,1.00000000000000E+000;0E+000,1.61895430829260E-319;0E+000,-7.34042864212982E+002;-1.13686837721616E-013,OK,1.38861798308910E-032;4.10536659470161E-047,OK,1.38861798308917E-032;-2.73691106313441E-048
gamma,cumulative,g_s13_k16,transform_stress,s0.1,16,4.85691233144237E-319;0E+000,1.00000000000000E-001;0E+000,3.00000000000000E+000;0E+000,1.61895430829260E-319;0E+000,-7.34042854040508E+002;2.27373675443232E-013,OK,1.38861798308910E-032;4.10536659470161E-047,OK,1.38861939565796E-032;-5.47382212626882E-048
gamma,cumulative,g_s12_k16,transform_stress,s0.1,16,3.23795802314978E-319;0E+000,1.00000000000000E-001;0E+000,2.00000000000000E+000;0E+000,1.61895430829260E-319;0E+000,-7.34042848954309E+002;-4.54747350886464E-013,OK,1.38861798308910E-032;4.10536659470161E-047,OK,1.38862010193751E-032;-3.83167548838817E-047
gamma,cumulative,g_s23_k16,transform_stress,s0.1,16,4.85696173800696E-319;0E+000,1.00000000000000E-001;0E+000,3.00000000000000E+000;0E+000,1.61900371485718E-319;0E+000,-7.34042843868137E+002;0E+000,OK,1.38862222075669E-032;-3.83167548838817E-047,OK,1.38862080821382E-032;2.73691106313441E-048
gamma,cumulative,g_landmark_k12,landmark,s0.1,12,1.01184644268287E-320;0E+000,1.00000000000000E-001;0E+000,1.00000000000000E+000;0E+000,1.01184644268287E-320;0E+000,-7.36815452935222E+002;1.13686837721616E-013,OK,1.05237564076128E-032;-3.42113882891801E-047,OK,1.05237564076125E-032;1.36845553156720E-047
gamma,cumulative,g_s13_k12,transform_stress,s0.1,12,3.03603339369446E-320;0E+000,1.00000000000000E-001;0E+000,3.00000000000000E+000;0E+000,1.01184644268287E-320;0E+000,-7.36815290188049E+002;-3.41060513164848E-013,OK,1.05237564076128E-032;-3.42113882891801E-047,OK,1.05239276801663E-032;4.92643991364194E-047
gamma,cumulative,g_s12_k12,transform_stress,s0.1,12,2.02418695101159E-320;0E+000,1.00000000000000E-001;0E+000,2.00000000000000E+000;0E+000,1.01184644268287E-320;0E+000,-7.36815208824394E+002;-3.41060513164848E-013,OK,1.05237564076128E-032;-3.42113882891801E-047,OK,1.05240133070367E-032;3.42113882891801E-047
gamma,cumulative,g_s23_k12,transform_stress,s0.1,12,3.03652745934030E-320;0E+000,1.00000000000000E-001;0E+000,3.00000000000000E+000;0E+000,1.01234050832871E-320;0E+000,-7.36815127467359E+002;0E+000,OK,1.05242701500332E-032;6.84227765783602E-048,OK,1.05240989276372E-032;-2.32637440366425E-047
gamma,cumulative,g_landmark_k8,landmark,s0.1,8,6.32404026676796E-322;0E+000,1.00000000000000E-001;0E+000,1.00000000000000E+000;0E+000,6.32404026676796E-322;0E+000,-7.39588041657462E+002;3.41060513164848E-013,OK,7.97551596446894E-033;0E+000,OK,7.97551596446921E-033;-4.10536659470161E-048
gamma,cumulative,g_s13_k8,transform_stress,s0.1,8,1.90215273648880E-321;0E+000,1.00000000000000E-001;0E+000,3.00000000000000E+000;0E+000,6.32404026676796E-322;0E+000,-7.39585440875762E+002;3.41060513164848E-013,OK,7.97551596446894E-033;0E+000,OK,7.97759049182400E-033;4.10536659470161E-048
gamma,cumulative,g_s12_k8,transform_stress,s0.1,8,1.26974870981200E-321;0E+000,1.00000000000000E-001;0E+000,2.00000000000000E+000;0E+000,6.32404026676796E-322;0E+000,-7.39584143017046E+002;1.13686837721616E-013,OK,7.97551596446894E-033;0E+000,OK,7.97862593755063E-033;0E+000
gamma,cumulative,g_s23_k8,transform_stress,s0.1,8,1.90709339294721E-321;0E+000,1.00000000000000E-001;0E+000,3.00000000000000E+000;0E+000,6.37344683135208E-322;0E+000,-7.39582846840585E+002;4.54747350886464E-013,OK,7.98172503868328E-033;-4.10536659470161E-048,OK,7.97966017529035E-033;4.10536659470161E-048
gamma,cumulative,g_landmark_k4,landmark,s0.1,4,3.95252516672997E-323;0E+000,1.00000000000000E-001;0E+000,1.00000000000000E+000;0E+000,3.95252516672997E-323;0E+000,-7.42360630379701E+002;-4.54747350886464E-013,OK,6.04431083690727E-033;3.42113882891801E-048,OK,6.04431083690704E-033;3.42113882891801E-048
gamma,cumulative,g_s13_k4,transform_stress,s0.1,4,1.23516411460312E-322;0E+000,1.00000000000000E-001;0E+000,3.00000000000000E+000;0E+000,3.95252516672997E-323;0E+000,-7.42319808385181E+002;-2.27373675443232E-013,OK,6.04431083690727E-033;3.42113882891801E-048,OK,6.06903535015566E-033;3.42113882891801E-048
gamma,cumulative,g_s12_k4,transform_stress,s0.1,4,8.39911597930119E-323;0E+000,1.00000000000000E-001;0E+000,2.00000000000000E+000;0E+000,3.95252516672997E-323;0E+000,-7.42300005757885E+002;0E+000,OK,6.04431083690727E-033;3.42113882891801E-048,OK,6.08106554220356E-033;-2.73691106313441E-048
gamma,cumulative,g_s23_k4,transform_stress,s0.1,4,1.28457067918724E-322;0E+000,1.00000000000000E-001;0E+000,3.00000000000000E+000;0E+000,4.44659081257122E-323;0E+000,-7.42280587672028E+002;0E+000,OK,6.11592347459171E-033;1.36845553156720E-048,OK,6.09288527960341E-033;-4.10536659470161E-048
gamma,cumulative,g_landmark_k2,landmark,s0.1,2,9.88131291682493E-324;0E+000,1.00000000000000E-001;0E+000,1.00000000000000E+000;0E+000,9.88131291682493E-324;0E+000,-7.43746924740821E+002;-3.41060513164848E-013,OK,5.26187820380607E-033;2.73691106313441E-048,OK,5.26187820380625E-033;-2.73691106313441E-048
gamma,cumulative,g_s13_k2,transform_stress,s0.1,2,3.45845952088873E-323;0E+000,1.00000000000000E-001;0E+000,3.00000000000000E+000;0E+000,9.88131291682493E-324;0E+000,-7.43592774060994E+002;-1.13686837721616E-013,OK,5.26187820380607E-033;2.73691106313441E-048,OK,5.34361881394253E-033;-3.42113882891801E-048
gamma,cumulative,g_s12_k2,transform_stress,s0.1,2,2.47032822920623E-323;0E+000,1.00000000000000E-001;0E+000,2.00000000000000E+000;0E+000,9.88131291682493E-324;0E+000,-7.43523781189507E+002;-1.13686837721616E-013,OK,5.26187820380607E-033;2.73691106313441E-048,OK,5.38061344610246E-033;-1.36845553156720E-048
gamma,cumulative,g_s23_k2,transform_stress,s0.1,2,3.95252516672997E-323;0E+000,1.00000000000000E-001;0E+000,3.00000000000000E+000;0E+000,1.48219693752374E-323;0E+000,-7.43459242668370E+002;4.54747350886464E-013,OK,5.47961337679887E-033;4.10536659470161E-048,OK,5.41545142823402E-033;-2.05268329735081E-048
gamma,cumulative,g_landmark_k1,landmark,s0.1,1,4.94065645841247E-324;0E+000,1.00000000000000E-001;0E+000,1.00000000000000E+000;0E+000,4.94065645841247E-324;0E+000,-7.44440071921381E+002;-2.27373675443232E-013,OK,4.90950596159987E-033;-4.78959436048521E-048,OK,4.90950596159975E-033;-1.36845553156720E-048
gamma,cumulative,g_s13_k1,transform_stress,s0.1,1,1.97626258336499E-323;0E+000,1.00000000000000E-001;0E+000,3.00000000000000E+000;0E+000,4.94065645841247E-324;0E+000,-7.44152389848929E+002;-4.54747350886464E-013,OK,4.90950596159987E-033;-4.78959436048521E-048,OK,5.05279484660748E-033;-4.10536659470161E-048
gamma,cumulative,g_s12_k1,transform_stress,s0.1,1,1.48219693752374E-323;0E+000,1.00000000000000E-001;0E+000,2.00000000000000E+000;0E+000,9.88131291682493E-324;0E+000,-7.44034606813273E+002;-1.13686837721616E-013,OK,5.26187820380607E-033;2.73691106313441E-048,OK,5.11266006141994E-033;3.42113882891801E-048
gamma,cumulative,g_s23_k1,transform_stress,s0.1,1,2.47032822920623E-323;0E+000,1.00000000000000E-001;0E+000,3.00000000000000E+000;0E+000,9.88131291682493E-324;0E+000,-7.43929246297615E+002;-3.41060513164848E-013,OK,5.26187820380607E-033;2.73691106313441E-048,OK,5.16681208477742E-033;-3.42113882891801E-048
gamma,cumulative,g_underflow_minsub,underflow,s0.1,0,4.94065645841247E-324;0E+000,1.00000000000000E-001;0E+000,4.00000000000000E+000;0E+000,0E+000;0E+000,-7.45826366282501E+002;-1.13686837721616E-013,OK,0E+000;0E+000,OK,4.27397318037630E-033;2.73691106313441E-048
gamma,cumulative,g_underflow_wide,underflow,s0.1,0,1.00000000000000E-300;0E+000,1.00000000000000E-001;0E+000,1.00000000000000E+300;0E+000,0E+000;0E+000,-1.38155105579643E+003;2.72848410531878E-012,OK,0E+000;0E+000,OK,1.05113700611176E-060;4.42171830020836E-075
gamma,cumulative,g_underflow_deep,underflow,s0.1,0,1.00000000000000E-200;0E+000,1.00000000000000E-001;0E+000,1.00000000000000E+200;0E+000,0E+000;0E+000,-9.21034037197618E+002;-3.41060513164848E-013,OK,0E+000;0E+000,OK,1.05113700611177E-040;2.65090494012440E-055
gamma,cumulative,twin_g_landmark_k8,decimal_twin,s0.1,8,6.32404026676796E-322;0E+000,1.00000000000000E-001;0E+000,1.00000000000000E+000;0E+000,6.32404026676796E-322;0E+000,-7.39588041657462E+002;3.41060513164848E-013,OK,7.97551596446894E-033;0E+000,OK,7.97551596446921E-033;-4.10536659470161E-048
gamma,cumulative,twin_g_landmark_k32,decimal_twin,s0.1,32,1.06099789548264E-314;0E+000,1.00000000000000E-001;0E+000,1.00000000000000E+000;0E+000,1.06099789548264E-314;0E+000,-7.22952509324023E+002;1.13686837721616E-013,OK,4.20950256304512E-032;1.09476442525376E-047,OK,4.20950256304502E-032;1.64214663788065E-047
gamma,cumulative,g_landmark_k52,landmark,s0.25,52,1.11253692925360E-308;4.94065645841247E-324,2.50000000000000E-001;0E+000,1.00000000000000E+000;0E+000,1.11253692925360E-308;4.94065645841247E-324,-7.09089565712824E+002;-1.13686837721616E-013,OK,1.13307204603459E-077;0E+000,OK,1.13307204603463E-077;-3.64346780627566E-092
gamma,cumulative,g_s13_k52,transform_stress,s0.25,52,3.33761078776080E-308;2.47032822920623E-323,2.50000000000000E-001;0E+000,3.00000000000000E+000;0E+000,1.11253692925360E-308;4.94065645841247E-324,-7.09089565712824E+002;-1.13686837721616E-013,OK,1.13307204603459E-077;0E+000,OK,1.13307204603463E-077;-3.64346780627566E-092
gamma,cumulative,g_s12_k52,transform_stress,s0.25,52,2.22507385850720E-308;1.97626258336499E-323,2.50000000000000E-001;0E+000,2.00000000000000E+000;0E+000,1.11253692925360E-308;4.94065645841247E-324,-7.09089565712824E+002;0E+000,OK,1.13307204603459E-077;0E+000,OK,1.13307204603466E-077;-1.34233024441735E-092
gamma,cumulative,g_s23_k52,transform_stress,s0.25,52,3.33761078776080E-308;2.96439387504748E-323,2.50000000000000E-001;0E+000,3.00000000000000E+000;0E+000,1.11253692925360E-308;9.88131291682493E-324,-7.09089565712824E+002;-1.13686837721616E-013,OK,1.13307204603459E-077;0E+000,OK,1.13307204603463E-077;-3.64346780627566E-092
gamma,cumulative,g_landmark_k48,landmark,s0.25,48,6.95335580783500E-310;0E+000,2.50000000000000E-001;0E+000,1.00000000000000E+000;0E+000,6.95335580783500E-310;0E+000,-7.11862154435064E+002;1.13686837721616E-013,OK,5.66536023017326E-078;1.91761463488192E-093,OK,5.66536023017312E-078;1.91761463488192E-093
gamma,cumulative,g_s13_k48,transform_stress,s0.25,48,2.08600674235051E-309;-4.94065645841247E-324,2.50000000000000E-001;0E+000,3.00000000000000E+000;0E+000,6.95335580783500E-310;0E+000,-7.11862154435064E+002;1.13686837721616E-013,OK,5.66536023017326E-078;1.91761463488192E-093,OK,5.66536023017312E-078;1.91761463488192E-093
gamma,cumulative,g_s12_k48,transform_stress,s0.25,48,1.39067116156701E-309;-4.94065645841247E-324,2.50000000000000E-001;0E+000,2.00000000000000E+000;0E+000,6.95335580783500E-310;0E+000,-7.11862154435064E+002;2.27373675443232E-013,OK,5.66536023017326E-078;1.91761463488192E-093,OK,5.66536023017328E-078;2.87642195232289E-093
gamma,cumulative,g_s23_k48,transform_stress,s0.25,48,2.08600674235051E-309;0E+000,2.50000000000000E-001;0E+000,3.00000000000000E+000;0E+000,6.95335580783505E-310;0E+000,-7.11862154435064E+002;1.13686837721616E-013,OK,5.66536023017326E-078;1.91761463488192E-093,OK,5.66536023017312E-078;1.91761463488192E-093
gamma,cumulative,g_landmark_k44,landmark,s0.25,44,4.34584737989688E-311;0E+000,2.50000000000000E-001;0E+000,1.00000000000000E+000;0E+000,4.34584737989688E-311;0E+000,-7.14634743157304E+002;3.41060513164848E-013,OK,2.83268011508646E-078;4.31463292848433E-093,OK,2.83268011508656E-078;-4.31463292848433E-093
gamma,cumulative,g_s13_k44,transform_stress,s0.25,44,1.30375421396911E-310;0E+000,2.50000000000000E-001;0E+000,3.00000000000000E+000;0E+000,4.34584737989688E-311;0E+000,-7.14634743157304E+002;3.41060513164848E-013,OK,2.83268011508646E-078;4.31463292848433E-093,OK,2.83268011508656E-078;-4.31463292848433E-093
gamma,cumulative,g_s12_k44,transform_stress,s0.25,44,8.69169475979425E-311;0E+000,2.50000000000000E-001;0E+000,2.00000000000000E+000;0E+000,4.34584737989688E-311;0E+000,-7.14634743157304E+002;4.54747350886464E-013,OK,2.83268011508646E-078;4.31463292848433E-093,OK,2.83268011508664E-078;-3.83522926976385E-093
gamma,cumulative,g_s23_k44,transform_stress,s0.25,44,1.30375421396916E-310;0E+000,2.50000000000000E-001;0E+000,3.00000000000000E+000;0E+000,4.34584737989737E-311;0E+000,-7.14634743157304E+002;4.54747350886464E-013,OK,2.83268011508646E-078;4.31463292848433E-093,OK,2.83268011508664E-078;-3.83522926976385E-093
gamma,cumulative,g_landmark_k40,landmark,s0.25,40,2.71615461243555E-312;0E+000,2.50000000000000E-001;0E+000,1.00000000000000E+000;0E+000,2.71615461243555E-312;0E+000,-7.17407331879543E+002;-4.54747350886464E-013,OK,1.41634005754331E-078;0E+000,OK,1.41634005754328E-078;-4.79403658720481E-093
gamma,cumulative,g_s13_k40,transform_stress,s0.25,40,8.14846383731159E-312;0E+000,2.50000000000000E-001;0E+000,3.00000000000000E+000;0E+000,2.71615461243555E-312;0E+000,-7.17407331879543E+002;1.13686837721616E-013,OK,1.41634005754331E-078;0E+000,OK,1.41634005754348E-078;-3.59552744040361E-093
gamma,cumulative,g_s12_k40,transform_stress,s0.25,40,5.43230922487604E-312;0E+000,2.50000000000000E-001;0E+000,2.00000000000000E+000;0E+000,2.71615461243555E-312;0E+000,-7.17407331879542E+002;-4.54747350886464E-013,OK,1.41634005754331E-078;0E+000,OK,1.41634005754364E-078;-2.39701829360241E-093
gamma,cumulative,g_s23_k40,transform_stress,s0.25,40,8.14846383731653E-312;0E+000,2.50000000000000E-001;0E+000,3.00000000000000E+000;0E+000,2.71615461244049E-312;0E+000,-7.17407331879542E+002;-2.27373675443232E-013,OK,1.41634005754395E-078;4.07493109912409E-093,OK,1.41634005754372E-078;-2.15731646424216E-093
gamma,cumulative,g_landmark_k36,landmark,s0.25,36,1.69759663277222E-313;0E+000,2.50000000000000E-001;0E+000,1.00000000000000E+000;0E+000,1.69759663277222E-313;0E+000,-7.20179920601783E+002;-1.13686837721616E-013,OK,7.08170028771613E-079;4.79403658720481E-094,OK,7.08170028771656E-079;3.59552744040361E-094
gamma,cumulative,g_s13_k36,transform_stress,s0.25,36,5.09278989836606E-313;0E+000,2.50000000000000E-001;0E+000,3.00000000000000E+000;0E+000,1.69759663277222E-313;0E+000,-7.20179920601774E+002;4.54747350886464E-013,OK,7.08170028771613E-079;4.79403658720481E-094,OK,7.08170028773347E-079;1.19850914680120E-094
gamma,cumulative,g_s12_k36,transform_stress,s0.25,36,3.39519326559384E-313;0E+000,2.50000000000000E-001;0E+000,2.00000000000000E+000;0E+000,1.69759663277222E-313;0E+000,-7.20179920601769E+002;4.54747350886464E-013,OK,7.08170028771613E-079;4.79403658720481E-094,OK,7.08170028774233E-079;-3.59552744040361E-094
gamma,cumulative,g_s23_k36,transform_stress,s0.25,36,5.09278989841547E-313;0E+000,2.50000000000000E-001;0E+000,3.00000000000000E+000;0E+000,1.69759663282162E-313;0E+000,-7.20179920601764E+002;2.27373675443232E-013,OK,7.08170028776766E-079;1.19850914680120E-094,OK,7.08170028775078E-079;0E+000
gamma,cumulative,g_landmark_k32,landmark,s0.25,32,1.06099789548264E-314;0E+000,2.50000000000000E-001;0E+000,1.00000000000000E+000;0E+000,1.06099789548264E-314;0E+000,-7.22952509324023E+002;1.13686837721616E-013,OK,3.54085014385826E-079;1.79776372020180E-094,OK,3.54085014385828E-079;-4.79403658720481E-094
gamma,cumulative,g_s13_k32,transform_stress,s0.25,32,3.18299368694197E-314;0E+000,2.50000000000000E-001;0E+000,3.00000000000000E+000;0E+000,1.06099789548264E-314;0E+000,-7.22952509323868E+002;1.13686837721616E-013,OK,3.54085014385826E-079;1.79776372020180E-094,OK,3.54085014399554E-079;4.19478201380421E-094
gamma,cumulative,g_s12_k32,transform_stress,s0.25,32,2.12199579145934E-314;0E+000,2.50000000000000E-001;0E+000,2.00000000000000E+000;0E+000,1.06099789548264E-314;0E+000,-7.22952509323790E+002;-1.13686837721616E-013,OK,3.54085014385826E-079;1.79776372020180E-094,OK,3.54085014406438E-079;0E+000
gamma,cumulative,g_s23_k32,transform_stress,s0.25,32,3.18299368743604E-314;0E+000,2.50000000000000E-001;0E+000,3.00000000000000E+000;0E+000,1.06099789597670E-314;0E+000,-7.22952509323713E+002;4.54747350886464E-013,OK,3.54085014427047E-079;1.19850914680120E-094,OK,3.54085014413301E-079;4.19478201380421E-094
gamma,cumulative,g_landmark_k28,landmark,s0.25,28,6.63123684676648E-316;0E+000,2.50000000000000E-001;0E+000,1.00000000000000E+000;0E+000,6.63123684676648E-316;0E+000,-7.25725098046263E+002;3.41060513164848E-013,OK,1.77042507192903E-079;-2.99627286700301E-094,OK,1.77042507192913E-079;4.19478201380421E-094
gamma,cumulative,g_s13_k28,transform_stress,s0.25,28,1.98937105897060E-315;0E+000,2.50000000000000E-001;0E+000,3.00000000000000E+000;0E+000,6.63123684676648E-316;0E+000,-7.25725098043779E+002;-2.27373675443232E-013,OK,1.77042507192903E-079;-2.99627286700301E-094,OK,1.77042507302834E-079;2.09739100690210E-094
gamma,cumulative,g_s12_k28,transform_stress,s0.25,28,1.32624737429395E-315;0E+000,2.50000000000000E-001;0E+000,2.00000000000000E+000;0E+000,6.63123684676648E-316;0E+000,-7.25725098042537E+002;-4.54747350886464E-013,OK,1.77042507192903E-079;-2.99627286700301E-094,OK,1.77042507357797E-079;1.19850914680120E-094
gamma,cumulative,g_s23_k28,transform_stress,s0.25,28,1.98937106391126E-315;0E+000,2.50000000000000E-001;0E+000,3.00000000000000E+000;0E+000,6.63123689617304E-316;0E+000,-7.25725098041296E+002;2.27373675443232E-013,OK,1.77042507522670E-079;5.99254573400601E-095,OK,1.77042507412755E-079;-2.99627286700301E-095
gamma,cumulative,g_landmark_k24,landmark,s0.25,24,4.14452302922905E-317;0E+000,2.50000000000000E-001;0E+000,1.00000000000000E+000;0E+000,4.14452302922905E-317;0E+000,-7.28497686768502E+002;-4.54747350886464E-013,OK,8.85212535964562E-080;1.49813643350150E-095,OK,8.85212535964566E-080;-4.49440930050451E-095
gamma,cumulative,g_s13_k24,transform_stress,s0.25,24,1.24335695817528E-316;0E+000,2.50000000000000E-001;0E+000,3.00000000000000E+000;0E+000,4.14452302922905E-317;0E+000,-7.28497686728766E+002;-1.13686837721616E-013,OK,8.85212535964562E-080;1.49813643350150E-095,OK,8.85212544758354E-080;-4.49440930050451E-095
gamma,cumulative,g_s12_k24,transform_stress,s0.25,24,8.28904655252374E-317;0E+000,2.50000000000000E-001;0E+000,2.00000000000000E+000;0E+000,4.14452302922905E-317;0E+000,-7.28497686708898E+002;1.13686837721616E-013,OK,8.85212535964562E-080;1.49813643350150E-095,OK,8.85212549155260E-080;2.99627286700301E-095
gamma,cumulative,g_s23_k24,transform_stress,s0.25,24,1.24335700758184E-316;0E+000,2.50000000000000E-001;0E+000,3.00000000000000E+000;0E+000,4.14452352329469E-317;0E+000,-7.28497686689030E+002;3.41060513164848E-013,OK,8.85212562345952E-080;0E+000,OK,8.85212553552142E-080;-1.49813643350150E-095
gamma,cumulative,g_landmark_k20,landmark,s0.25,20,2.59032689326815E-318;0E+000,2.50000000000000E-001;0E+000,1.00000000000000E+000;0E+000,2.59032689326815E-318;0E+000,-7.31270275490742E+002;-2.27373675443232E-013,OK,4.42606267982255E-080;1.49813643350150E-095,OK,4.42606267982282E-080;-7.49068216750752E-096
gamma,cumulative,g_s13_k20,transform_stress,s0.25,20,7.77098562046092E-318;0E+000,2.50000000000000E-001;0E+000,3.00000000000000E+000;0E+000,2.59032689326815E-318;0E+000,-7.31270274854960E+002;3.41060513164848E-013,OK,4.42606267982255E-080;1.49813643350150E-095,OK,4.42606338332630E-080;-1.49813643350150E-095
gamma,cumulative,g_s12_k20,transform_stress,s0.25,20,5.18065872719277E-318;0E+000,2.50000000000000E-001;0E+000,2.00000000000000E+000;0E+000,2.59032689326815E-318;0E+000,-7.31270274537068E+002;-4.54747350886464E-013,OK,4.42606267982255E-080;1.49813643350150E-095,OK,4.42606373507802E-080;-2.99627286700301E-095
gamma,cumulative,g_s23_k20,transform_stress,s0.25,20,7.77099056111738E-318;0E+000,2.50000000000000E-001;0E+000,3.00000000000000E+000;0E+000,2.59033183392461E-318;0E+000,-7.31270274219177E+002;-3.41060513164848E-013,OK,4.42606479033219E-080;2.24720465025226E-095,OK,4.42606408682951E-080;1.49813643350150E-095
gamma,cumulative,g_landmark_k16,landmark,s0.25,16,1.61895430829260E-319;0E+000,2.50000000000000E-001;0E+000,1.00000000000000E+000;0E+000,1.61895430829260E-319;0E+000,-7.34042864212982E+002;-1.13686837721616E-013,OK,2.21303133991140E-080;-2.62173875862763E-095,OK,2.21303133991141E-080;-4.49440930050451E-095
gamma,cumulative,g_s13_k16,transform_stress,s0.25,16,4.85691233144237E-319;0E+000,2.50000000000000E-001;0E+000,3.00000000000000E+000;0E+000,1.61895430829260E-319;0E+000,-7.34042854040508E+002;2.27373675443232E-013,OK,2.21303133991140E-080;-2.62173875862763E-095,OK,2.21303696791966E-080;-3.74534108375376E-095
gamma,cumulative,g_s12_k16,transform_stress,s0.25,16,3.23795802314978E-319;0E+000,2.50000000000000E-001;0E+000,2.00000000000000E+000;0E+000,1.61895430829260E-319;0E+000,-7.34042848954309E+002;-4.54747350886464E-013,OK,2.21303133991140E-080;-2.62173875862763E-095,OK,2.21303978190770E-080;3.74534108375376E-096
gamma,cumulative,g_s23_k16,transform_stress,s0.25,16,4.85696173800696E-319;0E+000,2.50000000000000E-001;0E+000,3.00000000000000E+000;0E+000,1.61900371485718E-319;0E+000,-7.34042843868137E+002;0E+000,OK,2.21304822380737E-080;4.49440930050451E-095,OK,2.21304259588498E-080;2.24720465025226E-095
gamma,cumulative,g_landmark_k12,landmark,s0.25,12,1.01184644268287E-320;0E+000,2.50000000000000E-001;0E+000,1.00000000000000E+000;0E+000,1.01184644268287E-320;0E+000,-7.36815452935222E+002;1.13686837721616E-013,OK,1.10651566995563E-080;3.74534108375376E-095,OK,1.10651566995570E-080;7.49068216750752E-096
gamma,cumulative,g_s13_k12,transform_stress,s0.25,12,3.03603339369446E-320;0E+000,2.50000000000000E-001;0E+000,3.00000000000000E+000;0E+000,1.01184644268287E-320;0E+000,-7.36815290188049E+002;-3.41060513164848E-013,OK,1.10651566995563E-080;3.74534108375376E-095,OK,1.10656069144576E-080;-3.93260813794145E-095
gamma,cumulative,g_s12_k12,transform_stress,s0.25,12,2.02418695101159E-320;0E+000,2.50000000000000E-001;0E+000,2.00000000000000E+000;0E+000,1.01184644268287E-320;0E+000,-7.36815208824394E+002;-3.41060513164848E-013,OK,1.10651566995563E-080;3.74534108375376E-095,OK,1.10658320013026E-080;2.62173875862763E-095
gamma,cumulative,g_s23_k12,transform_stress,s0.25,12,3.03652745934030E-320;0E+000,2.50000000000000E-001;0E+000,3.00000000000000E+000;0E+000,1.01234050832871E-320;0E+000,-7.36815127467359E+002;0E+000,OK,1.10665071794383E-080;-1.12360232512613E-095,OK,1.10660570744126E-080;-4.49440930050451E-095
gamma,cumulative,g_landmark_k8,landmark,s0.25,8,6.32404026676796E-322;0E+000,2.50000000000000E-001;0E+000,1.00000000000000E+000;0E+000,6.32404026676796E-322;0E+000,-7.39588041657462E+002;3.41060513164848E-013,OK,5.53257834977847E-081;2.80900581281532E-096,OK,5.53257834977849E-081;3.74534108375376E-096
gamma,cumulative,g_s13_k8,transform_stress,s0.25,8,1.90215273648880E-321;0E+000,2.50000000000000E-001;0E+000,3.00000000000000E+000;0E+000,6.32404026676796E-322;0E+000,-7.39585440875762E+002;3.41060513164848E-013,OK,5.53257834977847E-081;2.80900581281532E-096,OK,5.53617677662359E-081;2.80900581281532E-096
gamma,cumulative,g_s12_k8,transform_stress,s0.25,8,1.26974870981200E-321;0E+000,2.50000000000000E-001;0E+000,2.00000000000000E+000;0E+000,6.32404026676796E-322;0E+000,-7.39584143017046E+002;1.13686837721616E-013,OK,5.53257834977847E-081;2.80900581281532E-096,OK,5.53797336189236E-081;3.74534108375376E-096
gamma,cumulative,g_s23_k8,transform_stress,s0.25,8,1.90709339294721E-321;0E+000,2.50000000000000E-001;0E+000,3.00000000000000E+000;0E+000,6.37344683135208E-322;0E+000,-7.39582846840585E+002;4.54747350886464E-013,OK,5.54335265270343E-081;-1.87267054187688E-096,OK,5.53976820035886E-081;9.36335270938440E-097
gamma,cumulative,g_landmark_k4,landmark,s0.25,4,3.95252516672997E-323;0E+000,2.50000000000000E-001;0E+000,1.00000000000000E+000;0E+000,3.95252516672997E-323;0E+000,-7.42360630379701E+002;-4.54747350886464E-013,OK,2.76628917488907E-081;3.74534108375376E-096,OK,2.76628917488924E-081;1.40450290640766E-096
gamma,cumulative,g_s13_k4,transform_stress,s0.25,4,1.23516411460312E-322;0E+000,2.50000000000000E-001;0E+000,3.00000000000000E+000;0E+000,3.95252516672997E-323;0E+000,-7.42319808385181E+002;-2.27373675443232E-013,OK,2.76628917488907E-081;3.74534108375376E-096,OK,2.79466508414139E-081;0E+000
gamma,cumulative,g_s12_k4,transform_stress,s0.25,4,8.39911597930119E-323;0E+000,2.50000000000000E-001;0E+000,2.00000000000000E+000;0E+000,3.95252516672997E-323;0E+000,-7.42300005757885E+002;0E+000,OK,2.76628917488907E-081;3.74534108375376E-096,OK,2.80853481572406E-081;0E+000
gamma,cumulative,g_s23_k4,transform_stress,s0.25,4,1.28457067918724E-322;0E+000,2.50000000000000E-001;0E+000,3.00000000000000E+000;0E+000,4.44659081257122E-323;0E+000,-7.42280587672028E+002;0E+000,OK,2.84895577649126E-081;-4.21350871922298E-096,OK,2.82220205538359E-081;4.68167635469220E-096
gamma,cumulative,g_landmark_k2,landmark,s0.25,2,9.88131291682493E-324;0E+000,2.50000000000000E-001;0E+000,1.00000000000000E+000;0E+000,9.88131291682493E-324;0E+000,-7.43746924740821E+002;-3.41060513164848E-013,OK,1.95606183428706E-081;-2.57492199508071E-096,OK,1.95606183428712E-081;0E+000
gamma,cumulative,g_s13_k2,transform_stress,s0.25,2,3.45845952088873E-323;0E+000,2.50000000000000E-001;0E+000,3.00000000000000E+000;0E+000,9.88131291682493E-324;0E+000,-7.43592774060994E+002;-1.13686837721616E-013,OK,1.95606183428706E-081;-2.57492199508071E-096,OK,2.03291526438399E-081;0E+000
gamma,cumulative,g_s12_k2,transform_stress,s0.25,2,2.47032822920623E-323;0E+000,2.50000000000000E-001;0E+000,2.00000000000000E+000;0E+000,9.88131291682493E-324;0E+000,-7.43523781189507E+002;-1.13686837721616E-013,OK,1.95606183428706E-081;-2.57492199508071E-096,OK,2.06828357308806E-081;9.36335270938440E-097
gamma,cumulative,g_s23_k2,transform_stress,s0.25,2,3.95252516672997E-323;0E+000,2.50000000000000E-001;0E+000,3.00000000000000E+000;0E+000,1.48219693752374E-323;0E+000,-7.43459242668370E+002;4.54747350886464E-013,OK,2.16473826582139E-081;1.87267054187688E-096,OK,2.10192523191252E-081;-3.51125726601915E-096
gamma,cumulative,g_landmark_k1,landmark,s0.25,1,4.94065645841247E-324;0E+000,2.50000000000000E-001;0E+000,1.00000000000000E+000;0E+000,4.94065645841247E-324;0E+000,-7.44440071921381E+002;-2.27373675443232E-013,OK,1.64484538446671E-081;-1.87267054187688E-096,OK,1.64484538446667E-081;-2.57492199508071E-096
gamma,cumulative,g_s13_k1,transform_stress,s0.25,1,1.97626258336499E-323;0E+000,2.50000000000000E-001;0E+000,3.00000000000000E+000;0E+000,4.94065645841247E-324;0E+000,-7.44152389848929E+002;-4.54747350886464E-013,OK,1.64484538446671E-081;-1.87267054187688E-096,OK,1.76750139264659E-081;1.87267054187688E-096
gamma,cumulative,g_s12_k1,transform_stress,s0.25,1,1.48219693752374E-323;0E+000,2.50000000000000E-001;0E+000,2.00000000000000E+000;0E+000,9.88131291682493E-324;0E+000,-7.44034606813273E+002;-1.13686837721616E-013,OK,1.95606183428706E-081;-2.57492199508071E-096,OK,1.82032064769178E-081;3.04308963054993E-096
gamma,cumulative,g_s23_k1,transform_stress,s0.25,1,2.47032822920623E-323;0E+000,2.50000000000000E-001;0E+000,3.00000000000000E+000;0E+000,9.88131291682493E-324;0E+000,-7.43929246297615E+002;-3.41060513164848E-013,OK,1.95606183428706E-081;-2.57492199508071E-096,OK,1.86890518067565E-081;-2.34083817734610E-097
gamma,cumulative,g_underflow_minsub,underflow,s0.25,0,4.94065645841247E-324;0E+000,2.50000000000000E-001;0E+000,4.00000000000000E+000;0E+000,0E+000;0E+000,-7.45826366282501E+002;-1.13686837721616E-013,OK,0E+000;0E+000,OK,1.16308132535977E-081;3.51125726601915E-096
gamma,cumulative,g_underflow_wide,underflow,s0.25,0,1.00000000000000E-300;0E+000,2.50000000000000E-001;0E+000,1.00000000000000E+300;0E+000,0E+000;0E+000,-1.38155105579643E+003;2.72848410531878E-012,OK,0E+000;0E+000,OK,1.10326265132085E-150;3.25599426194103E-165
gamma,cumulative,g_underflow_deep,underflow,s0.25,0,1.00000000000000E-200;0E+000,2.50000000000000E-001;0E+000,1.00000000000000E+200;0E+000,0E+000;0E+000,-9.21034037197618E+002;-3.41060513164848E-013,OK,0E+000;0E+000,OK,1.10326265132083E-100;-2.03035346985252E-115
gamma,cumulative,twin_g_landmark_k8,decimal_twin,s0.25,8,6.32404026676796E-322;0E+000,2.50000000000000E-001;0E+000,1.00000000000000E+000;0E+000,6.32404026676796E-322;0E+000,-7.39588041657462E+002;3.41060513164848E-013,OK,5.53257834977847E-081;2.80900581281532E-096,OK,5.53257834977849E-081;3.74534108375376E-096
gamma,cumulative,twin_g_landmark_k32,decimal_twin,s0.25,32,1.06099789548264E-314;0E+000,2.50000000000000E-001;0E+000,1.00000000000000E+000;0E+000,1.06099789548264E-314;0E+000,-7.22952509324023E+002;1.13686837721616E-013,OK,3.54085014385826E-079;1.79776372020180E-094,OK,3.54085014385828E-079;-4.79403658720481E-094
gamma,cumulative,g_landmark_k52,landmark,s0.5,52,1.11253692925360E-308;4.94065645841247E-324,5.00000000000000E-001;0E+000,1.00000000000000E+000;0E+000,1.11253692925360E-308;4.94065645841247E-324,-7.09089565712824E+002;-1.13686837721616E-013,OK,1.19017898372633E-154;2.31851804947787E-169,OK,1.19017898372633E-154;4.47142766685017E-169
gamma,cumulative,g_s13_k52,transform_stress,s0.5,52,3.33761078776080E-308;2.47032822920623E-323,5.00000000000000E-001;0E+000,3.00000000000000E+000;0E+000,1.11253692925360E-308;4.94065645841247E-324,-7.09089565712824E+002;-1.13686837721616E-013,OK,1.19017898372633E-154;2.31851804947787E-169,OK,1.19017898372633E-154;4.47142766685017E-169
gamma,cumulative,g_s12_k52,transform_stress,s0.5,52,2.22507385850720E-308;1.97626258336499E-323,5.00000000000000E-001;0E+000,2.00000000000000E+000;0E+000,1.11253692925360E-308;4.94065645841247E-324,-7.09089565712824E+002;0E+000,OK,1.19017898372633E-154;2.31851804947787E-169,OK,1.19017898372640E-154;2.15290961737230E-169
gamma,cumulative,g_s23_k52,transform_stress,s0.5,52,3.33761078776080E-308;2.96439387504748E-323,5.00000000000000E-001;0E+000,3.00000000000000E+000;0E+000,1.11253692925360E-308;9.88131291682493E-324,-7.09089565712824E+002;-1.13686837721616E-013,OK,1.19017898372633E-154;2.31851804947787E-169,OK,1.19017898372633E-154;4.47142766685017E-169
gamma,cumulative,g_landmark_k48,landmark,s0.5,48,6.95335580783500E-310;0E+000,5.00000000000000E-001;0E+000,1.00000000000000E+000;0E+000,6.95335580783500E-310;0E+000,-7.11862154435064E+002;1.13686837721616E-013,OK,2.97544745931582E-155;-4.14021080263905E-171,OK,2.97544745931583E-155;-4.55423188290295E-170
gamma,cumulative,g_s13_k48,transform_stress,s0.5,48,2.08600674235051E-309;-4.94065645841247E-324,5.00000000000000E-001;0E+000,3.00000000000000E+000;0E+000,6.95335580783500E-310;0E+000,-7.11862154435064E+002;1.13686837721616E-013,OK,2.97544745931582E-155;-4.14021080263905E-171,OK,2.97544745931583E-155;-4.55423188290295E-170
gamma,cumulative,g_s12_k48,transform_stress,s0.5,48,1.39067116156701E-309;-4.94065645841247E-324,5.00000000000000E-001;0E+000,2.00000000000000E+000;0E+000,6.95335580783500E-310;0E+000,-7.11862154435064E+002;2.27373675443232E-013,OK,2.97544745931582E-155;-4.14021080263905E-171,OK,2.97544745931599E-155;4.14021080263905E-170
gamma,cumulative,g_s23_k48,transform_stress,s0.5,48,2.08600674235051E-309;0E+000,5.00000000000000E-001;0E+000,3.00000000000000E+000;0E+000,6.95335580783505E-310;0E+000,-7.11862154435064E+002;1.13686837721616E-013,OK,2.97544745931582E-155;-4.14021080263905E-171,OK,2.97544745931583E-155;-4.55423188290295E-170
gamma,cumulative,g_landmark_k44,landmark,s0.5,44,4.34584737989688E-311;0E+000,5.00000000000000E-001;0E+000,1.00000000000000E+000;0E+000,4.34584737989688E-311;0E+000,-7.14634743157304E+002;3.41060513164848E-013,OK,7.43861864828952E-156;1.03505270065976E-171,OK,7.43861864828954E-156;-4.14021080263905E-171
gamma,cumulative,g_s13_k44,transform_stress,s0.5,44,1.30375421396911E-310;0E+000,5.00000000000000E-001;0E+000,3.00000000000000E+000;0E+000,4.34584737989688E-311;0E+000,-7.14634743157304E+002;3.41060513164848E-013,OK,7.43861864828952E-156;1.03505270065976E-171,OK,7.43861864828954E-156;-4.14021080263905E-171
gamma,cumulative,g_s12_k44,transform_stress,s0.5,44,8.69169475979425E-311;0E+000,5.00000000000000E-001;0E+000,2.00000000000000E+000;0E+000,4.34584737989688E-311;0E+000,-7.14634743157304E+002;4.54747350886464E-013,OK,7.43861864828952E-156;1.03505270065976E-171,OK,7.43861864828996E-156;-2.07010540131952E-171
gamma,cumulative,g_s23_k44,transform_stress,s0.5,44,1.30375421396916E-310;0E+000,5.00000000000000E-001;0E+000,3.00000000000000E+000;0E+000,4.34584737989737E-311;0E+000,-7.14634743157304E+002;4.54747350886464E-013,OK,7.43861864828994E-156;4.14021080263905E-171,OK,7.43861864828996E-156;-2.07010540131952E-171
gamma,cumulative,g_landmark_k40,landmark,s0.5,40,2.71615461243555E-312;0E+000,5.00000000000000E-001;0E+000,1.00000000000000E+000;0E+000,2.71615461243555E-312;0E+000,-7.17407331879543E+002;-4.54747350886464E-013,OK,1.85965466207237E-156;3.62268445230917E-171,OK,1.85965466207238E-156;-3.10515810197929E-171
gamma,cumulative,g_s13_k40,transform_stress,s0.5,40,8.14846383731159E-312;0E+000,5.00000000000000E-001;0E+000,3.00000000000000E+000;0E+000,2.71615461243555E-312;0E+000,-7.17407331879543E+002;1.13686837721616E-013,OK,1.85965466207237E-156;3.62268445230917E-171,OK,1.85965466207291E-156;-4.65773715296893E-171
gamma,cumulative,g_s12_k40,transform_stress,s0.5,40,5.43230922487604E-312;0E+000,5.00000000000000E-001;0E+000,2.00000000000000E+000;0E+000,2.71615461243555E-312;0E+000,-7.17407331879542E+002;-4.54747350886464E-013,OK,1.85965466207237E-156;3.62268445230917E-171,OK,1.85965466207333E-156;-1.55257905098964E-171
gamma,cumulative,g_s23_k40,transform_stress,s0.5,40,8.14846383731653E-312;0E+000,5.00000000000000E-001;0E+000,3.00000000000000E+000;0E+000,2.71615461244049E-312;0E+000,-7.17407331879542E+002;-2.27373675443232E-013,OK,1.85965466207406E-156;4.91650032813387E-171,OK,1.85965466207354E-156;-2.58763175164940E-172
gamma,cumulative,g_landmark_k36,landmark,s0.5,36,1.69759663277222E-313;0E+000,5.00000000000000E-001;0E+000,1.00000000000000E+000;0E+000,1.69759663277222E-313;0E+000,-7.20179920601783E+002;-1.13686837721616E-013,OK,4.64913665518118E-157;0E+000,OK,4.64913665518119E-157;-6.46907937912351E-173
gamma,cumulative,g_s13_k36,transform_stress,s0.5,36,5.09278989836606E-313;0E+000,5.00000000000000E-001;0E+000,3.00000000000000E+000;0E+000,1.69759663277222E-313;0E+000,-7.20179920601774E+002;4.54747350886464E-013,OK,4.64913665518118E-157;0E+000,OK,4.64913665520339E-157;-1.94072381373705E-172
gamma,cumulative,g_s12_k36,transform_stress,s0.5,36,3.39519326559384E-313;0E+000,5.00000000000000E-001;0E+000,2.00000000000000E+000;0E+000,1.69759663277222E-313;0E+000,-7.20179920601769E+002;4.54747350886464E-013,OK,4.64913665518118E-157;0E+000,OK,4.64913665521502E-157;-3.88144762747411E-172
gamma,cumulative,g_s23_k36,transform_stress,s0.5,36,5.09278989841547E-313;0E+000,5.00000000000000E-001;0E+000,3.00000000000000E+000;0E+000,1.69759663282162E-313;0E+000,-7.20179920601764E+002;2.27373675443232E-013,OK,4.64913665524883E-157;4.52835556538646E-172,OK,4.64913665522612E-157;-3.88144762747411E-172
gamma,cumulative,g_landmark_k32,landmark,s0.5,32,1.06099789548264E-314;0E+000,5.00000000000000E-001;0E+000,1.00000000000000E+000;0E+000,1.06099789548264E-314;0E+000,-7.22952509324023E+002;1.13686837721616E-013,OK,1.16228416379529E-157;6.46907937912351E-173,OK,1.16228416379529E-157;2.91108572060558E-172
gamma,cumulative,g_s13_k32,transform_stress,s0.5,32,3.18299368694197E-314;0E+000,5.00000000000000E-001;0E+000,3.00000000000000E+000;0E+000,1.06099789548264E-314;0E+000,-7.22952509323868E+002;1.13686837721616E-013,OK,1.16228416379529E-157;6.46907937912351E-173,OK,1.16228416388541E-157;0E+000
gamma,cumulative,g_s12_k32,transform_stress,s0.5,32,2.12199579145934E-314;0E+000,5.00000000000000E-001;0E+000,2.00000000000000E+000;0E+000,1.06099789548264E-314;0E+000,-7.22952509323790E+002;-1.13686837721616E-013,OK,1.16228416379529E-157;6.46907937912351E-173,OK,1.16228416393060E-157;4.85180953434263E-173
gamma,cumulative,g_s23_k32,transform_stress,s0.5,32,3.18299368743604E-314;0E+000,5.00000000000000E-001;0E+000,3.00000000000000E+000;0E+000,1.06099789597670E-314;0E+000,-7.22952509323713E+002;4.54747350886464E-013,OK,1.16228416406591E-157;-3.71972064299602E-172,OK,1.16228416397566E-157;-8.08634922390439E-173
gamma,cumulative,g_landmark_k28,landmark,s0.5,28,6.63123684676648E-316;0E+000,5.00000000000000E-001;0E+000,1.00000000000000E+000;0E+000,6.63123684676648E-316;0E+000,-7.25725098046263E+002;3.41060513164848E-013,OK,2.90571040948822E-158;-3.63885715075698E-173,OK,2.90571040948822E-158;1.61726984478088E-173
gamma,cumulative,g_s13_k28,transform_stress,s0.5,28,1.98937105897060E-315;0E+000,5.00000000000000E-001;0E+000,3.00000000000000E+000;0E+000,6.63123684676648E-316;0E+000,-7.25725098043779E+002;-2.27373675443232E-013,OK,2.90571040948822E-158;-3.63885715075698E-173,OK,2.90571041309637E-158;1.61726984478088E-173
gamma,cumulative,g_s12_k28,transform_stress,s0.5,28,1.32624737429395E-315;0E+000,5.00000000000000E-001;0E+000,2.00000000000000E+000;0E+000,6.63123684676648E-316;0E+000,-7.25725098042537E+002;-4.54747350886464E-013,OK,2.90571040948822E-158;-3.63885715075698E-173,OK,2.90571041490053E-158;-8.08634922390439E-174
gamma,cumulative,g_s23_k28,transform_stress,s0.5,28,1.98937106391126E-315;0E+000,5.00000000000000E-001;0E+000,3.00000000000000E+000;0E+000,6.63123689617304E-316;0E+000,-7.25725098041296E+002;2.27373675443232E-013,OK,2.90571042031283E-158;8.08634922390439E-174,OK,2.90571041670452E-158;1.21295238358566E-173
gamma,cumulative,g_landmark_k24,landmark,s0.5,24,4.14452302922905E-317;0E+000,5.00000000000000E-001;0E+000,1.00000000000000E+000;0E+000,4.14452302922905E-317;0E+000,-7.28497686768502E+002;-4.54747350886464E-013,OK,7.26427602372051E-159;3.03238095896415E-174,OK,7.26427602372053E-159;-3.03238095896415E-174
gamma,cumulative,g_s13_k24,transform_stress,s0.5,24,1.24335695817528E-316;0E+000,5.00000000000000E-001;0E+000,3.00000000000000E+000;0E+000,4.14452302922905E-317;0E+000,-7.28497686728766E+002;-1.13686837721616E-013,OK,7.26427602372051E-159;3.03238095896415E-174,OK,7.26427616804859E-159;-3.03238095896415E-174
gamma,cumulative,g_s12_k24,transform_stress,s0.5,24,8.28904655252374E-317;0E+000,5.00000000000000E-001;0E+000,2.00000000000000E+000;0E+000,4.14452302922905E-317;0E+000,-7.28497686708898E+002;1.13686837721616E-013,OK,7.26427602372051E-159;3.03238095896415E-174,OK,7.26427624021283E-159;-4.04317461195219E-174
gamma,cumulative,g_s23_k24,transform_stress,s0.5,24,1.24335700758184E-316;0E+000,5.00000000000000E-001;0E+000,3.00000000000000E+000;0E+000,4.14452352329469E-317;0E+000,-7.28497686689030E+002;3.41060513164848E-013,OK,7.26427645670512E-159;-2.02158730597610E-174,OK,7.26427631237665E-159;1.01079365298805E-174
gamma,cumulative,g_landmark_k20,landmark,s0.5,20,2.59032689326815E-318;0E+000,5.00000000000000E-001;0E+000,1.00000000000000E+000;0E+000,2.59032689326815E-318;0E+000,-7.31270275490742E+002;-2.27373675443232E-013,OK,1.81606900593012E-159;1.51619047948207E-174,OK,1.81606900593012E-159;4.80126985169323E-174
gamma,cumulative,g_s13_k20,transform_stress,s0.5,20,7.77098562046092E-318;0E+000,5.00000000000000E-001;0E+000,3.00000000000000E+000;0E+000,2.59032689326815E-318;0E+000,-7.31270274854960E+002;3.41060513164848E-013,OK,1.81606900593012E-159;1.51619047948207E-174,OK,1.81606958324276E-159;5.05396826494024E-174
gamma,cumulative,g_s12_k20,transform_stress,s0.5,20,5.18065872719277E-318;0E+000,5.00000000000000E-001;0E+000,2.00000000000000E+000;0E+000,2.59032689326815E-318;0E+000,-7.31270274537068E+002;-4.54747350886464E-013,OK,1.81606900593012E-159;1.51619047948207E-174,OK,1.81606987189910E-159;2.27428571922311E-174
gamma,cumulative,g_s23_k20,transform_stress,s0.5,20,7.77099056111738E-318;0E+000,5.00000000000000E-001;0E+000,3.00000000000000E+000;0E+000,2.59033183392461E-318;0E+000,-7.31270274219177E+002;-3.41060513164848E-013,OK,1.81607073786766E-159;3.28507937221116E-174,OK,1.81607016055528E-159;-1.01079365298805E-174
gamma,cumulative,g_landmark_k16,landmark,s0.5,16,1.61895430829260E-319;0E+000,5.00000000000000E-001;0E+000,1.00000000000000E+000;0E+000,1.61895430829260E-319;0E+000,-7.34042864212982E+002;-1.13686837721616E-013,OK,4.54017251482529E-160;-3.15873016558765E-175,OK,4.54017251482530E-160;-4.42222223182271E-175
gamma,cumulative,g_s13_k16,transform_stress,s0.5,16,4.85691233144237E-319;0E+000,5.00000000000000E-001;0E+000,3.00000000000000E+000;0E+000,1.61895430829260E-319;0E+000,-7.34042854040508E+002;2.27373675443232E-013,OK,4.54017251482529E-160;-3.15873016558765E-175,OK,4.54019560727808E-160;6.31746033117530E-176
gamma,cumulative,g_s12_k16,transform_stress,s0.5,16,3.23795802314978E-319;0E+000,5.00000000000000E-001;0E+000,2.00000000000000E+000;0E+000,1.61895430829260E-319;0E+000,-7.34042848954309E+002;-4.54747350886464E-013,OK,4.54017251482529E-160;-3.15873016558765E-175,OK,4.54020715346051E-160;2.52698413247012E-175
gamma,cumulative,g_s23_k16,transform_stress,s0.5,16,4.85696173800696E-319;0E+000,5.00000000000000E-001;0E+000,3.00000000000000E+000;0E+000,1.61900371485718E-319;0E+000,-7.34042843868137E+002;0E+000,OK,4.54024179183144E-160;-6.31746033117530E-176,OK,4.54021869961347E-160;-4.42222223182271E-175
gamma,cumulative,g_landmark_k12,landmark,s0.5,12,1.01184644268287E-320;0E+000,5.00000000000000E-001;0E+000,1.00000000000000E+000;0E+000,1.01184644268287E-320;0E+000,-7.36815452935222E+002;1.13686837721616E-013,OK,1.13504312870632E-160;-2.52698413247012E-175,OK,1.13504312870632E-160;-3.15873016558765E-176
gamma,cumulative,g_s13_k12,transform_stress,s0.5,12,3.03603339369446E-320;0E+000,5.00000000000000E-001;0E+000,3.00000000000000E+000;0E+000,1.01184644268287E-320;0E+000,-7.36815290188049E+002;-3.41060513164848E-013,OK,1.13504312870632E-160;-2.52698413247012E-175,OK,1.13513549499433E-160;-3.94841270698457E-175
gamma,cumulative,g_s12_k12,transform_stress,s0.5,12,2.02418695101159E-320;0E+000,5.00000000000000E-001;0E+000,2.00000000000000E+000;0E+000,1.01184644268287E-320;0E+000,-7.36815208824394E+002;-3.41060513164848E-013,OK,1.13504312870632E-160;-2.52698413247012E-175,OK,1.13518167532007E-160;-4.26428572354333E-175
gamma,cumulative,g_s23_k12,transform_stress,s0.5,12,3.03652745934030E-320;0E+000,5.00000000000000E-001;0E+000,3.00000000000000E+000;0E+000,1.01234050832871E-320;0E+000,-7.36815127467359E+002;0E+000,OK,1.13532020502648E-160;3.15873016558765E-175,OK,1.13522785376708E-160;-2.84285714902889E-175
gamma,cumulative,g_landmark_k8,landmark,s0.5,8,6.32404026676796E-322;0E+000,5.00000000000000E-001;0E+000,1.00000000000000E+000;0E+000,6.32404026676796E-322;0E+000,-7.39588041657462E+002;3.41060513164848E-013,OK,2.83760782176578E-161;3.15873016558765E-176,OK,2.83760782176579E-161;-1.57936508279383E-176
gamma,cumulative,g_s13_k8,transform_stress,s0.5,8,1.90215273648880E-321;0E+000,5.00000000000000E-001;0E+000,3.00000000000000E+000;0E+000,6.32404026676796E-322;0E+000,-7.39585440875762E+002;3.41060513164848E-013,OK,2.83760782176578E-161;3.15873016558765E-176,OK,2.84130022127410E-161;-1.57936508279383E-176
gamma,cumulative,g_s12_k8,transform_stress,s0.5,8,1.26974870981200E-321;0E+000,5.00000000000000E-001;0E+000,2.00000000000000E+000;0E+000,6.32404026676796E-322;0E+000,-7.39584143017046E+002;1.13686837721616E-013,OK,2.83760782176578E-161;3.15873016558765E-176,OK,2.84314462278057E-161;3.94841270698457E-177
gamma,cumulative,g_s23_k8,transform_stress,s0.5,8,1.90709339294721E-321;0E+000,5.00000000000000E-001;0E+000,3.00000000000000E+000;0E+000,6.37344683135208E-322;0E+000,-7.39582846840585E+002;4.54747350886464E-013,OK,2.84867066224655E-161;-2.36904762419074E-176,OK,2.84498782856414E-161;-3.55357143628611E-176
gamma,cumulative,g_landmark_k4,landmark,s0.5,4,3.95252516672997E-323;0E+000,5.00000000000000E-001;0E+000,1.00000000000000E+000;0E+000,3.95252516672997E-323;0E+000,-7.42360630379701E+002;-4.54747350886464E-013,OK,7.09401955441443E-162;1.97420635349228E-177,OK,7.09401955441444E-162;3.94841270698457E-177
gamma,cumulative,g_s13_k4,transform_stress,s0.5,4,1.23516411460312E-322;0E+000,5.00000000000000E-001;0E+000,3.00000000000000E+000;0E+000,3.95252516672997E-323;0E+000,-7.42319808385181E+002;-2.27373675443232E-013,OK,7.09401955441443E-162;1.97420635349228E-177,OK,7.24030338901719E-162;-3.94841270698457E-177
gamma,cumulative,g_s12_k4,transform_stress,s0.5,4,8.39911597930119E-323;0E+000,5.00000000000000E-001;0E+000,2.00000000000000E+000;0E+000,3.95252516672997E-323;0E+000,-7.42300005757885E+002;0E+000,OK,7.09401955441443E-162;1.97420635349228E-177,OK,7.31234798326216E-162;1.97420635349228E-177
gamma,cumulative,g_s23_k4,transform_stress,s0.5,4,1.28457067918724E-322;0E+000,5.00000000000000E-001;0E+000,3.00000000000000E+000;0E+000,4.44659081257122E-323;0E+000,-7.42280587672028E+002;0E+000,OK,7.52434399919480E-162;-1.97420635349228E-177,OK,7.38368965298587E-162;-9.87103176746141E-178
gamma,cumulative,g_landmark_k2,landmark,s0.5,2,9.88131291682493E-324;0E+000,5.00000000000000E-001;0E+000,1.00000000000000E+000;0E+000,9.88131291682493E-324;0E+000,-7.43746924740821E+002;-3.41060513164848E-013,OK,3.54700977720721E-162;-9.87103176746141E-178,OK,3.54700977720722E-162;-4.44196429535764E-177
gamma,cumulative,g_s13_k2,transform_stress,s0.5,2,3.45845952088873E-323;0E+000,5.00000000000000E-001;0E+000,3.00000000000000E+000;0E+000,9.88131291682493E-324;0E+000,-7.43592774060994E+002;-1.13686837721616E-013,OK,3.54700977720721E-162;-9.87103176746141E-178,OK,3.83120843679953E-162;4.93551588373071E-178
gamma,cumulative,g_s12_k2,transform_stress,s0.5,2,2.47032822920623E-323;0E+000,5.00000000000000E-001;0E+000,2.00000000000000E+000;0E+000,9.88131291682493E-324;0E+000,-7.43523781189507E+002;-1.13686837721616E-013,OK,3.54700977720721E-162;-9.87103176746141E-178,OK,3.96567748934594E-162;1.97420635349228E-177
gamma,cumulative,g_s23_k2,transform_stress,s0.5,2,3.95252516672997E-323;0E+000,5.00000000000000E-001;0E+000,3.00000000000000E+000;0E+000,1.48219693752374E-323;0E+000,-7.43459242668370E+002;4.54747350886464E-013,OK,4.34418203341034E-162;3.45486111861149E-177,OK,4.09573409937754E-162;-2.96130953023842E-177
gamma,cumulative,g_landmark_k1,landmark,s0.5,1,4.94065645841247E-324;0E+000,5.00000000000000E-001;0E+000,1.00000000000000E+000;0E+000,4.94065645841247E-324;0E+000,-7.44440071921381E+002;-2.27373675443232E-013,OK,2.50811466639827E-162;1.97420635349228E-177,OK,2.50811466639828E-162;-3.94841270698457E-177
gamma,cumulative,g_s13_k1,transform_stress,s0.5,1,1.97626258336499E-323;0E+000,5.00000000000000E-001;0E+000,3.00000000000000E+000;0E+000,4.94065645841247E-324;0E+000,-7.44152389848929E+002;-4.54747350886464E-013,OK,2.50811466639827E-162;1.97420635349228E-177,OK,2.89612135560691E-162;2.96130953023842E-177
gamma,cumulative,g_s12_k1,transform_stress,s0.5,1,1.48219693752374E-323;0E+000,5.00000000000000E-001;0E+000,2.00000000000000E+000;0E+000,9.88131291682493E-324;0E+000,-7.44034606813273E+002;-1.13686837721616E-013,OK,3.54700977720721E-162;-9.87103176746141E-178,OK,3.07180057453331E-162;-1.48065476511921E-177
gamma,cumulative,g_s23_k1,transform_stress,s0.5,1,2.47032822920623E-323;0E+000,5.00000000000000E-001;0E+000,3.00000000000000E+000;0E+000,9.88131291682493E-324;0E+000,-7.43929246297615E+002;-3.41060513164848E-013,OK,3.54700977720721E-162;-9.87103176746141E-178,OK,3.23796211111283E-162;3.45486111861149E-177
gamma,cumulative,g_underflow_minsub,underflow,s0.5,0,4.94065645841247E-324;0E+000,5.00000000000000E-001;0E+000,4.00000000000000E+000;0E+000,0E+000;0E+000,-7.45826366282501E+002;-1.13686837721616E-013,OK,0E+000;0E+000,OK,1.25405733319914E-162;-4.19518850117110E-177
gamma,cumulative,g_underflow_wide,underflow,s0.5,0,1.00000000000000E-300;0E+000,5.00000000000000E-001;0E+000,1.00000000000000E+300;0E+000,0E+000;0E+000,-1.38155105579643E+003;2.72848410531878E-012,OK,0E+000;0E+000,OK,1.12837916709553E-300;2.98405658104491E-315
gamma,cumulative,g_underflow_deep,underflow,s0.5,0,1.00000000000000E-200;0E+000,5.00000000000000E-001;0E+000,1.00000000000000E+200;0E+000,0E+000;0E+000,-9.21034037197618E+002;-3.41060513164848E-013,OK,0E+000;0E+000,OK,1.12837916709548E-200;1.30537598393680E-215
gamma,cumulative,twin_g_landmark_k8,decimal_twin,s0.5,8,6.32404026676796E-322;0E+000,5.00000000000000E-001;0E+000,1.00000000000000E+000;0E+000,6.32404026676796E-322;0E+000,-7.39588041657462E+002;3.41060513164848E-013,OK,2.83760782176578E-161;3.15873016558765E-176,OK,2.83760782176579E-161;-1.57936508279383E-176
gamma,cumulative,twin_g_landmark_k32,decimal_twin,s0.5,32,1.06099789548264E-314;0E+000,5.00000000000000E-001;0E+000,1.00000000000000E+000;0E+000,1.06099789548264E-314;0E+000,-7.22952509324023E+002;1.13686837721616E-013,OK,1.16228416379529E-157;6.46907937912351E-173,OK,1.16228416379529E-157;2.91108572060558E-172
gamma,cumulative,g_landmark_k52,landmark,s0.75,52,1.11253692925360E-308;4.94065645841247E-324,7.50000000000000E-001;0E+000,1.00000000000000E+000;0E+000,1.11253692925360E-308;4.94065645841247E-324,-7.09089565712824E+002;-1.13686837721616E-013,OK,1.17866603244956E-231;5.72088933523419E-247,OK,1.17866603244950E-231;7.15111166904273E-247
gamma,cumulative,g_s13_k52,transform_stress,s0.75,52,3.33761078776080E-308;2.47032822920623E-323,7.50000000000000E-001;0E+000,3.00000000000000E+000;0E+000,1.11253692925360E-308;4.94065645841247E-324,-7.09089565712824E+002;-1.13686837721616E-013,OK,1.17866603244956E-231;5.72088933523419E-247,OK,1.17866603244950E-231;7.15111166904273E-247
gamma,cumulative,g_s12_k52,transform_stress,s0.75,52,2.22507385850720E-308;1.97626258336499E-323,7.50000000000000E-001;0E+000,2.00000000000000E+000;0E+000,1.11253692925360E-308;4.94065645841247E-324,-7.09089565712824E+002;0E+000,OK,1.17866603244956E-231;5.72088933523419E-247,OK,1.17866603244963E-231;4.71973370156821E-246
gamma,cumulative,g_s23_k52,transform_stress,s0.75,52,3.33761078776080E-308;2.96439387504748E-323,7.50000000000000E-001;0E+000,3.00000000000000E+000;0E+000,1.11253692925360E-308;9.88131291682493E-324,-7.09089565712824E+002;-1.13686837721616E-013,OK,1.17866603244956E-231;5.72088933523419E-247,OK,1.17866603244950E-231;7.15111166904273E-247
gamma,cumulative,g_landmark_k48,landmark,s0.75,48,6.95335580783500E-310;0E+000,7.50000000000000E-001;0E+000,1.00000000000000E+000;0E+000,6.95335580783500E-310;0E+000,-7.11862154435064E+002;1.13686837721616E-013,OK,1.47333254056186E-232;-1.43022233380855E-247,OK,1.47333254056195E-232;1.43022233380855E-247
gamma,cumulative,g_s13_k48,transform_stress,s0.75,48,2.08600674235051E-309;-4.94065645841247E-324,7.50000000000000E-001;0E+000,3.00000000000000E+000;0E+000,6.95335580783500E-310;0E+000,-7.11862154435064E+002;1.13686837721616E-013,OK,1.47333254056186E-232;-1.43022233380855E-247,OK,1.47333254056195E-232;1.43022233380855E-247
gamma,cumulative,g_s12_k48,transform_stress,s0.75,48,1.39067116156701E-309;-4.94065645841247E-324,7.50000000000000E-001;0E+000,2.00000000000000E+000;0E+000,6.95335580783500E-310;0E+000,-7.11862154435064E+002;2.27373675443232E-013,OK,1.47333254056186E-232;-1.43022233380855E-247,OK,1.47333254056195E-232;1.43022233380855E-247
gamma,cumulative,g_s23_k48,transform_stress,s0.75,48,2.08600674235051E-309;0E+000,7.50000000000000E-001;0E+000,3.00000000000000E+000;0E+000,6.95335580783505E-310;0E+000,-7.11862154435064E+002;1.13686837721616E-013,OK,1.47333254056186E-232;-1.43022233380855E-247,OK,1.47333254056195E-232;1.43022233380855E-247
gamma,cumulative,g_landmark_k44,landmark,s0.75,44,4.34584737989688E-311;0E+000,7.50000000000000E-001;0E+000,1.00000000000000E+000;0E+000,4.34584737989688E-311;0E+000,-7.14634743157304E+002;3.41060513164848E-013,OK,1.84166567570242E-233;-2.23472239657585E-248,OK,1.84166567570232E-233;4.46944479315171E-248
gamma,cumulative,g_s13_k44,transform_stress,s0.75,44,1.30375421396911E-310;0E+000,7.50000000000000E-001;0E+000,3.00000000000000E+000;0E+000,4.34584737989688E-311;0E+000,-7.14634743157304E+002;3.41060513164848E-013,OK,1.84166567570242E-233;-2.23472239657585E-248,OK,1.84166567570232E-233;4.46944479315171E-248
gamma,cumulative,g_s12_k44,transform_stress,s0.75,44,8.69169475979425E-311;0E+000,7.50000000000000E-001;0E+000,2.00000000000000E+000;0E+000,4.34584737989688E-311;0E+000,-7.14634743157304E+002;4.54747350886464E-013,OK,1.84166567570242E-233;-2.23472239657585E-248,OK,1.84166567570253E-233;3.79902807417895E-248
gamma,cumulative,g_s23_k44,transform_stress,s0.75,44,1.30375421396916E-310;0E+000,7.50000000000000E-001;0E+000,3.00000000000000E+000;0E+000,4.34584737989737E-311;0E+000,-7.14634743157304E+002;4.54747350886464E-013,OK,1.84166567570263E-233;-2.90513911554861E-248,OK,1.84166567570253E-233;3.79902807417895E-248
gamma,cumulative,g_landmark_k40,landmark,s0.75,40,2.71615461243555E-312;0E+000,7.50000000000000E-001;0E+000,1.00000000000000E+000;0E+000,2.71615461243555E-312;0E+000,-7.17407331879543E+002;-4.54747350886464E-013,OK,2.30208209462788E-234;-1.67604179743189E-249,OK,2.30208209462802E-234;3.35208359486378E-249
gamma,cumulative,g_s13_k40,transform_stress,s0.75,40,8.14846383731159E-312;0E+000,7.50000000000000E-001;0E+000,3.00000000000000E+000;0E+000,2.71615461243555E-312;0E+000,-7.17407331879543E+002;1.13686837721616E-013,OK,2.30208209462788E-234;-1.67604179743189E-249,OK,2.30208209462881E-234;-1.39670149785991E-249
gamma,cumulative,g_s12_k40,transform_stress,s0.75,40,5.43230922487604E-312;0E+000,7.50000000000000E-001;0E+000,2.00000000000000E+000;0E+000,2.71615461243555E-312;0E+000,-7.17407331879542E+002;-4.54747350886464E-013,OK,2.30208209462788E-234;-1.67604179743189E-249,OK,2.30208209462959E-234;3.91076419400775E-249
gamma,cumulative,g_s23_k40,transform_stress,s0.75,40,8.14846383731653E-312;0E+000,7.50000000000000E-001;0E+000,3.00000000000000E+000;0E+000,2.71615461244049E-312;0E+000,-7.17407331879542E+002;-2.27373675443232E-013,OK,2.30208209463102E-234;-1.11736119828793E-249,OK,2.30208209463012E-234;-2.79340299571982E-249
gamma,cumulative,g_landmark_k36,landmark,s0.75,36,1.69759663277222E-313;0E+000,7.50000000000000E-001;0E+000,1.00000000000000E+000;0E+000,1.69759663277222E-313;0E+000,-7.20179920601783E+002;-1.13686837721616E-013,OK,2.87760261828532E-235;2.44422762125484E-250,OK,2.87760261828518E-235;-3.14257837018480E-250
gamma,cumulative,g_s13_k36,transform_stress,s0.75,36,5.09278989836606E-313;0E+000,7.50000000000000E-001;0E+000,3.00000000000000E+000;0E+000,1.69759663277222E-313;0E+000,-7.20179920601774E+002;4.54747350886464E-013,OK,2.87760261828532E-235;2.44422762125484E-250,OK,2.87760261830579E-235;-3.14257837018480E-250
gamma,cumulative,g_s12_k36,transform_stress,s0.75,36,3.39519326559384E-313;0E+000,7.50000000000000E-001;0E+000,2.00000000000000E+000;0E+000,1.69759663277222E-313;0E+000,-7.20179920601769E+002;4.54747350886464E-013,OK,2.87760261828532E-235;2.44422762125484E-250,OK,2.87760261831658E-235;2.79340299571982E-250
gamma,cumulative,g_s23_k36,transform_stress,s0.75,36,5.09278989841547E-313;0E+000,7.50000000000000E-001;0E+000,3.00000000000000E+000;0E+000,1.69759663282162E-313;0E+000,-7.20179920601764E+002;2.27373675443232E-013,OK,2.87760261834813E-235;4.53927986804470E-250,OK,2.87760261832672E-235;4.19010449357973E-250
gamma,cumulative,g_landmark_k32,landmark,s0.75,32,1.06099789548264E-314;0E+000,7.50000000000000E-001;0E+000,1.00000000000000E+000;0E+000,1.06099789548264E-314;0E+000,-7.22952509324023E+002;1.13686837721616E-013,OK,3.59700327285643E-236;-8.72938436162443E-252,OK,3.59700327285625E-236;-3.49175374464977E-251
gamma,cumulative,g_s13_k32,transform_stress,s0.75,32,3.18299368694197E-314;0E+000,7.50000000000000E-001;0E+000,3.00000000000000E+000;0E+000,1.06099789548264E-314;0E+000,-7.22952509323868E+002;1.13686837721616E-013,OK,3.59700327285643E-236;-8.72938436162443E-252,OK,3.59700327327458E-236;3.92822296273099E-251
gamma,cumulative,g_s12_k32,transform_stress,s0.75,32,2.12199579145934E-314;0E+000,7.50000000000000E-001;0E+000,2.00000000000000E+000;0E+000,1.06099789548264E-314;0E+000,-7.22952509323790E+002;-1.13686837721616E-013,OK,3.59700327285643E-236;-8.72938436162443E-252,OK,3.59700327348437E-236;-4.36469218081222E-251
gamma,cumulative,g_s23_k32,transform_stress,s0.75,32,3.18299368743604E-314;0E+000,7.50000000000000E-001;0E+000,3.00000000000000E+000;0E+000,1.06099789597670E-314;0E+000,-7.22952509323713E+002;4.54747350886464E-013,OK,3.59700327411267E-236;-2.18234609040611E-251,OK,3.59700327369374E-236;-8.72938436162443E-252
gamma,cumulative,g_landmark_k28,landmark,s0.75,28,6.63123684676648E-316;0E+000,7.50000000000000E-001;0E+000,1.00000000000000E+000;0E+000,6.63123684676648E-316;0E+000,-7.25725098046263E+002;3.41060513164848E-013,OK,4.49625409107077E-237;-3.81910565821069E-252,OK,4.49625409107054E-237;-1.63675956780458E-252
gamma,cumulative,g_s13_k28,transform_stress,s0.75,28,1.98937105897060E-315;0E+000,7.50000000000000E-001;0E+000,3.00000000000000E+000;0E+000,6.63123684676648E-316;0E+000,-7.25725098043779E+002;-2.27373675443232E-013,OK,4.49625409107077E-237;-3.81910565821069E-252,OK,4.49625409944546E-237;4.36469218081222E-252
gamma,cumulative,g_s12_k28,transform_stress,s0.75,28,1.32624737429395E-315;0E+000,7.50000000000000E-001;0E+000,2.00000000000000E+000;0E+000,6.63123684676648E-316;0E+000,-7.25725098042537E+002;-4.54747350886464E-013,OK,4.49625409107077E-237;-3.81910565821069E-252,OK,4.49625410363293E-237;-3.27351913560916E-252
gamma,cumulative,g_s23_k28,transform_stress,s0.75,28,1.98937106391126E-315;0E+000,7.50000000000000E-001;0E+000,3.00000000000000E+000;0E+000,6.63123689617304E-316;0E+000,-7.25725098041296E+002;2.27373675443232E-013,OK,4.49625411619554E-237;4.36469218081222E-252,OK,4.49625410781988E-237;-1.09117304520305E-252
gamma,cumulative,g_landmark_k24,landmark,s0.75,24,4.14452302922905E-317;0E+000,7.50000000000000E-001;0E+000,1.00000000000000E+000;0E+000,4.14452302922905E-317;0E+000,-7.28497686768502E+002;-4.54747350886464E-013,OK,5.62031761383811E-238;-3.40991576625954E-253,OK,5.62031761383782E-238;2.04594945975573E-253
gamma,cumulative,g_s13_k24,transform_stress,s0.75,24,1.24335695817528E-316;0E+000,7.50000000000000E-001;0E+000,3.00000000000000E+000;0E+000,4.14452302922905E-317;0E+000,-7.28497686728766E+002;-1.13686837721616E-013,OK,5.62031761383811E-238;-3.40991576625954E-253,OK,5.62031778133634E-238;2.04594945975573E-253
gamma,cumulative,g_s12_k24,transform_stress,s0.75,24,8.28904655252374E-317;0E+000,7.50000000000000E-001;0E+000,2.00000000000000E+000;0E+000,4.14452302922905E-317;0E+000,-7.28497686708898E+002;1.13686837721616E-013,OK,5.62031761383811E-238;-3.40991576625954E-253,OK,5.62031786508560E-238;3.40991576625954E-253
gamma,cumulative,g_s23_k24,transform_stress,s0.75,24,1.24335700758184E-316;0E+000,7.50000000000000E-001;0E+000,3.00000000000000E+000;0E+000,4.14452352329469E-317;0E+000,-7.28497686689030E+002;3.41060513164848E-013,OK,5.62031811633368E-238;2.04594945975573E-253,OK,5.62031794883487E-238;-2.72793261300764E-253
gamma,cumulative,g_landmark_k20,landmark,s0.75,20,2.59032689326815E-318;0E+000,7.50000000000000E-001;0E+000,1.00000000000000E+000;0E+000,2.59032689326815E-318;0E+000,-7.31270275490742E+002;-2.27373675443232E-013,OK,7.02539701729799E-239;3.40991576625954E-254,OK,7.02539701729764E-239;-2.55743682469466E-254
gamma,cumulative,g_s13_k20,transform_stress,s0.75,20,7.77098562046092E-318;0E+000,7.50000000000000E-001;0E+000,3.00000000000000E+000;0E+000,2.59032689326815E-318;0E+000,-7.31270274854960E+002;3.41060513164848E-013,OK,7.02539701729799E-239;3.40991576625954E-254,OK,7.02540036726719E-239;-2.55743682469466E-254
gamma,cumulative,g_s12_k20,transform_stress,s0.75,20,5.18065872719277E-318;0E+000,7.50000000000000E-001;0E+000,2.00000000000000E+000;0E+000,2.59032689326815E-318;0E+000,-7.31270274537068E+002;-4.54747350886464E-013,OK,7.02539701729799E-239;3.40991576625954E-254,OK,7.02540204225256E-239;2.55743682469466E-254
gamma,cumulative,g_s23_k20,transform_stress,s0.75,20,7.77099056111738E-318;0E+000,7.50000000000000E-001;0E+000,3.00000000000000E+000;0E+000,2.59033183392461E-318;0E+000,-7.31270274219177E+002;-3.41060513164848E-013,OK,7.02540706720665E-239;-5.11487364938932E-254,OK,7.02540371723674E-239;-1.70495788312977E-254
gamma,cumulative,g_landmark_k16,landmark,s0.75,16,1.61895430829260E-319;0E+000,7.50000000000000E-001;0E+000,1.00000000000000E+000;0E+000,1.61895430829260E-319;0E+000,-7.34042864212982E+002;-1.13686837721616E-013,OK,8.78174627162194E-240;3.19679603086832E-255,OK,8.78174627162150E-240;-1.06559867695611E-255
gamma,cumulative,g_s13_k16,transform_stress,s0.75,16,4.85691233144237E-319;0E+000,7.50000000000000E-001;0E+000,3.00000000000000E+000;0E+000,1.61895430829260E-319;0E+000,-7.34042854040508E+002;2.27373675443232E-013,OK,8.78174627162194E-240;3.19679603086832E-255,OK,8.78181327094361E-240;5.32799338478054E-255
gamma,cumulative,g_s12_k16,transform_stress,s0.75,16,3.23795802314978E-319;0E+000,7.50000000000000E-001;0E+000,2.00000000000000E+000;0E+000,1.61895430829260E-319;0E+000,-7.34042848954309E+002;-4.54747350886464E-013,OK,8.78174627162194E-240;3.19679603086832E-255,OK,8.78184677054027E-240;4.26239470782443E-255
gamma,cumulative,g_s23_k16,transform_stress,s0.75,16,4.85696173800696E-319;0E+000,7.50000000000000E-001;0E+000,3.00000000000000E+000;0E+000,1.61900371485718E-319;0E+000,-7.34042843868137E+002;0E+000,OK,8.78194726907608E-240;2.13119735391221E-255,OK,8.78188027009500E-240;-1.06559867695611E-255
gamma,cumulative,g_landmark_k12,landmark,s0.75,12,1.01184644268287E-320;0E+000,7.50000000000000E-001;0E+000,1.00000000000000E+000;0E+000,1.01184644268287E-320;0E+000,-7.36815452935222E+002;1.13686837721616E-013,OK,1.09771828395280E-240;-7.99199007717081E-256,OK,1.09771828395274E-240;3.59639553472686E-255
gamma,cumulative,g_s13_k12,transform_stress,s0.75,12,3.03603339369446E-320;0E+000,7.50000000000000E-001;0E+000,3.00000000000000E+000;0E+000,1.01184644268287E-320;0E+000,-7.36815290188049E+002;-3.41060513164848E-013,OK,1.09771828395280E-240;-7.99199007717081E-256,OK,1.09785228004066E-240;-3.59639553472686E-255
gamma,cumulative,g_s12_k12,transform_stress,s0.75,12,2.02418695101159E-320;0E+000,7.50000000000000E-001;0E+000,2.00000000000000E+000;0E+000,1.01184644268287E-320;0E+000,-7.36815208824394E+002;-3.41060513164848E-013,OK,1.09771828395280E-240;-7.99199007717081E-256,OK,1.09791927604033E-240;-2.13119735391221E-255
gamma,cumulative,g_s23_k12,transform_stress,s0.75,12,3.03652745934030E-320;0E+000,7.50000000000000E-001;0E+000,3.00000000000000E+000;0E+000,1.01234050832871E-320;0E+000,-7.36815127467359E+002;0E+000,OK,1.09812025586364E-240;-1.73159785005367E-255,OK,1.09798627067723E-240;-3.32999586548784E-255
gamma,cumulative,g_landmark_k8,landmark,s0.75,8,6.32404026676796E-322;0E+000,7.50000000000000E-001;0E+000,1.00000000000000E+000;0E+000,6.32404026676796E-322;0E+000,-7.39588041657462E+002;3.41060513164848E-013,OK,1.37214785494091E-241;3.32999586548784E-256,OK,1.37214785494084E-241;3.82949524531101E-256
gamma,cumulative,g_s13_k8,transform_stress,s0.75,8,1.90215273648880E-321;0E+000,7.50000000000000E-001;0E+000,3.00000000000000E+000;0E+000,6.32404026676796E-322;0E+000,-7.39585440875762E+002;3.41060513164848E-013,OK,1.37214785494091E-241;3.32999586548784E-256,OK,1.37482695977711E-241;1.99799751929270E-256
gamma,cumulative,g_s12_k8,transform_stress,s0.75,8,1.26974870981200E-321;0E+000,7.50000000000000E-001;0E+000,2.00000000000000E+000;0E+000,6.32404026676796E-322;0E+000,-7.39584143017046E+002;1.13686837721616E-013,OK,1.37214785494091E-241;3.32999586548784E-256,OK,1.37616585967427E-241;-1.16549855292074E-256
gamma,cumulative,g_s23_k8,transform_stress,s0.75,8,1.90709339294721E-321;0E+000,7.50000000000000E-001;0E+000,3.00000000000000E+000;0E+000,6.37344683135208E-322;0E+000,-7.39582846840585E+002;4.54747350886464E-013,OK,1.38017995773192E-241;4.82849400495736E-256,OK,1.37750432549742E-241;1.66499793274392E-256
gamma,cumulative,g_landmark_k4,landmark,s0.75,4,3.95252516672997E-323;0E+000,7.50000000000000E-001;0E+000,1.00000000000000E+000;0E+000,3.95252516672997E-323;0E+000,-7.42360630379701E+002;-4.54747350886464E-013,OK,1.71518481867623E-242;-2.08124741592990E-258,OK,1.71518481867614E-242;2.70562164070887E-257
gamma,cumulative,g_s13_k4,transform_stress,s0.75,4,1.23516411460312E-322;0E+000,7.50000000000000E-001;0E+000,3.00000000000000E+000;0E+000,3.95252516672997E-323;0E+000,-7.42319808385181E+002;-2.27373675443232E-013,OK,1.71518481867623E-242;-2.08124741592990E-258,OK,1.76850991606081E-242;3.53812060708083E-257
gamma,cumulative,g_s12_k4,transform_stress,s0.75,4,8.39911597930119E-323;0E+000,7.50000000000000E-001;0E+000,2.00000000000000E+000;0E+000,3.95252516672997E-323;0E+000,-7.42300005757885E+002;0E+000,OK,1.71518481867623E-242;-2.08124741592990E-258,OK,1.79497179220151E-242;-3.95437009026680E-257
gamma,cumulative,g_s23_k4,transform_stress,s0.75,4,1.28457067918724E-322;0E+000,7.50000000000000E-001;0E+000,3.00000000000000E+000;0E+000,4.44659081257122E-323;0E+000,-7.42280587672028E+002;0E+000,OK,1.87359326195548E-242;-3.74624534867382E-257,OK,1.82130426136659E-242;-2.08124741592990E-258
gamma,cumulative,g_landmark_k2,landmark,s0.75,2,9.88131291682493E-324;0E+000,7.50000000000000E-001;0E+000,1.00000000000000E+000;0E+000,9.88131291682493E-324;0E+000,-7.43746924740821E+002;-3.41060513164848E-013,OK,6.06409408137072E-243;-4.16249483185979E-258,OK,6.06409408137041E-243;-3.12187112389485E-258
gamma,cumulative,g_s13_k2,transform_stress,s0.75,2,3.45845952088873E-323;0E+000,7.50000000000000E-001;0E+000,3.00000000000000E+000;0E+000,9.88131291682493E-324;0E+000,-7.43592774060994E+002;-1.13686837721616E-013,OK,6.06409408137072E-243;-4.16249483185979E-258,OK,6.80731774702757E-243;-1.04062370796495E-258
gamma,cumulative,g_s12_k2,transform_stress,s0.75,2,2.47032822920623E-323;0E+000,7.50000000000000E-001;0E+000,2.00000000000000E+000;0E+000,9.88131291682493E-324;0E+000,-7.43523781189507E+002;-1.13686837721616E-013,OK,6.06409408137072E-243;-4.16249483185979E-258,OK,7.16883261707799E-243;-3.12187112389485E-258
gamma,cumulative,g_s23_k2,transform_stress,s0.75,2,3.95252516672997E-323;0E+000,7.50000000000000E-001;0E+000,3.00000000000000E+000;0E+000,1.48219693752374E-323;0E+000,-7.43459242668370E+002;4.54747350886464E-013,OK,8.21929134300751E-243;0E+000,OK,7.52436722423361E-243;2.08124741592990E-258
gamma,cumulative,g_landmark_k1,landmark,s0.75,1,4.94065645841247E-324;0E+000,7.50000000000000E-001;0E+000,1.00000000000000E+000;0E+000,4.94065645841247E-324;0E+000,-7.44440071921381E+002;-2.27373675443232E-013,OK,3.60573191380592E-243;-4.16249483185979E-258,OK,3.60573191380614E-243;3.12187112389485E-258
gamma,cumulative,g_s13_k1,transform_stress,s0.75,1,1.97626258336499E-323;0E+000,7.50000000000000E-001;0E+000,3.00000000000000E+000;0E+000,4.94065645841247E-324;0E+000,-7.44152389848929E+002;-4.54747350886464E-013,OK,3.60573191380592E-243;-4.16249483185979E-258,OK,4.47401551947638E-243;2.08124741592990E-258
gamma,cumulative,g_s12_k1,transform_stress,s0.75,1,1.48219693752374E-323;0E+000,7.50000000000000E-001;0E+000,2.00000000000000E+000;0E+000,9.88131291682493E-324;0E+000,-7.44034606813273E+002;-1.13686837721616E-013,OK,6.06409408137072E-243;-4.16249483185979E-258,OK,4.88721987269263E-243;2.08124741592990E-258
gamma,cumulative,g_s23_k1,transform_stress,s0.75,1,2.47032822920623E-323;0E+000,7.50000000000000E-001;0E+000,3.00000000000000E+000;0E+000,9.88131291682493E-324;0E+000,-7.43929246297615E+002;-3.41060513164848E-013,OK,6.06409408137072E-243;-4.16249483185979E-258,OK,5.28907829511833E-243;1.04062370796495E-258
gamma,cumulative,g_underflow_minsub,underflow,s0.75,0,4.94065645841247E-324;0E+000,7.50000000000000E-001;0E+000,4.00000000000000E+000;0E+000,0E+000;0E+000,-7.45826366282501E+002;-1.13686837721616E-013,OK,0E+000;0E+000,OK,1.27481874369650E-243;-3.90233890486856E-258
gamma,cumulative,g_underflow_wide,underflow,s0.75,0,1.00000000000000E-300;0E+000,7.50000000000000E-001;0E+000,1.00000000000000E+300;0E+000,0E+000;0E+000,-1.38155105579643E+003;2.72848410531878E-012,OK,0E+000;0E+000,OK,0E+000;0E+000
gamma,cumulative,g_underflow_deep,underflow,s0.75,0,1.00000000000000E-200;0E+000,7.50000000000000E-001;0E+000,1.00000000000000E+200;0E+000,0E+000;0E+000,-9.21034037197618E+002;-3.41060513164848E-013,OK,0E+000;0E+000,OK,1.08806525213094E-300;8.28904605845809E-316
gamma,cumulative,twin_g_landmark_k8,decimal_twin,s0.75,8,6.32404026676796E-322;0E+000,7.50000000000000E-001;0E+000,1.00000000000000E+000;0E+000,6.32404026676796E-322;0E+000,-7.39588041657462E+002;3.41060513164848E-013,OK,1.37214785494091E-241;3.32999586548784E-256,OK,1.37214785494084E-241;3.82949524531101E-256
gamma,cumulative,twin_g_landmark_k32,decimal_twin,s0.75,32,1.06099789548264E-314;0E+000,7.50000000000000E-001;0E+000,1.00000000000000E+000;0E+000,1.06099789548264E-314;0E+000,-7.22952509324023E+002;1.13686837721616E-013,OK,3.59700327285643E-236;-8.72938436162443E-252,OK,3.59700327285625E-236;-3.49175374464977E-251
gamma,cumulative,g_landmark_k52,landmark,s1.0,52,1.11253692925360E-308;4.94065645841247E-324,1.00000000000000E+000;0E+000,1.00000000000000E+000;0E+000,1.11253692925360E-308;4.94065645841247E-324,-7.09089565712824E+002;-1.13686837721616E-013,OK,1.11253692925357E-308;-3.95252516672997E-323,OK,1.11253692925357E-308;-3.95252516672997E-323
gamma,cumulative,g_s13_k52,transform_stress,s1.0,52,3.33761078776080E-308;2.47032822920623E-323,1.00000000000000E+000;0E+000,3.00000000000000E+000;0E+000,1.11253692925360E-308;4.94065645841247E-324,-7.09089565712824E+002;-1.13686837721616E-013,OK,1.11253692925357E-308;-3.95252516672997E-323,OK,1.11253692925357E-308;-3.95252516672997E-323
gamma,cumulative,g_s12_k52,transform_stress,s1.0,52,2.22507385850720E-308;1.97626258336499E-323,1.00000000000000E+000;0E+000,2.00000000000000E+000;0E+000,1.11253692925360E-308;4.94065645841247E-324,-7.09089565712824E+002;0E+000,OK,1.11253692925357E-308;-3.95252516672997E-323,OK,1.11253692925369E-308;2.47032822920623E-323
gamma,cumulative,g_s23_k52,transform_stress,s1.0,52,3.33761078776080E-308;2.96439387504748E-323,1.00000000000000E+000;0E+000,3.00000000000000E+000;0E+000,1.11253692925360E-308;9.88131291682493E-324,-7.09089565712824E+002;-1.13686837721616E-013,OK,1.11253692925357E-308;-3.95252516672997E-323,OK,1.11253692925357E-308;-3.95252516672997E-323
gamma,cumulative,g_landmark_k48,landmark,s1.0,48,6.95335580783500E-310;0E+000,1.00000000000000E+000;0E+000,1.00000000000000E+000;0E+000,6.95335580783500E-310;0E+000,-7.11862154435064E+002;1.13686837721616E-013,OK,6.95335580783476E-310;0E+000,OK,6.95335580783476E-310;0E+000
gamma,cumulative,g_s13_k48,transform_stress,s1.0,48,2.08600674235051E-309;-4.94065645841247E-324,1.00000000000000E+000;0E+000,3.00000000000000E+000;0E+000,6.95335580783500E-310;0E+000,-7.11862154435064E+002;1.13686837721616E-013,OK,6.95335580783476E-310;0E+000,OK,6.95335580783476E-310;0E+000
gamma,cumulative,g_s12_k48,transform_stress,s1.0,48,1.39067116156701E-309;-4.94065645841247E-324,1.00000000000000E+000;0E+000,2.00000000000000E+000;0E+000,6.95335580783500E-310;0E+000,-7.11862154435064E+002;2.27373675443232E-013,OK,6.95335580783476E-310;0E+000,OK,6.95335580783555E-310;0E+000
gamma,cumulative,g_s23_k48,transform_stress,s1.0,48,2.08600674235051E-309;0E+000,1.00000000000000E+000;0E+000,3.00000000000000E+000;0E+000,6.95335580783505E-310;0E+000,-7.11862154435064E+002;1.13686837721616E-013,OK,6.95335580783476E-310;0E+000,OK,6.95335580783476E-310;0E+000
gamma,cumulative,g_landmark_k44,landmark,s1.0,44,4.34584737989688E-311;0E+000,1.00000000000000E+000;0E+000,1.00000000000000E+000;0E+000,4.34584737989688E-311;0E+000,-7.14634743157304E+002;3.41060513164848E-013,OK,4.34584737989688E-311;0E+000,OK,4.34584737989688E-311;0E+000
gamma,cumulative,g_s13_k44,transform_stress,s1.0,44,1.30375421396911E-310;0E+000,1.00000000000000E+000;0E+000,3.00000000000000E+000;0E+000,4.34584737989688E-311;0E+000,-7.14634743157304E+002;3.41060513164848E-013,OK,4.34584737989688E-311;0E+000,OK,4.34584737989688E-311;0E+000
gamma,cumulative,g_s12_k44,transform_stress,s1.0,44,8.69169475979425E-311;0E+000,1.00000000000000E+000;0E+000,2.00000000000000E+000;0E+000,4.34584737989688E-311;0E+000,-7.14634743157304E+002;4.54747350886464E-013,OK,4.34584737989688E-311;0E+000,OK,4.34584737989737E-311;0E+000
gamma,cumulative,g_s23_k44,transform_stress,s1.0,44,1.30375421396916E-310;0E+000,1.00000000000000E+000;0E+000,3.00000000000000E+000;0E+000,4.34584737989737E-311;0E+000,-7.14634743157304E+002;4.54747350886464E-013,OK,4.34584737989737E-311;0E+000,OK,4.34584737989737E-311;0E+000
gamma,cumulative,g_landmark_k40,landmark,s1.0,40,2.71615461243555E-312;0E+000,1.00000000000000E+000;0E+000,1.00000000000000E+000;0E+000,2.71615461243555E-312;0E+000,-7.17407331879543E+002;-4.54747350886464E-013,OK,2.71615461243555E-312;0E+000,OK,2.71615461243555E-312;0E+000
gamma,cumulative,g_s13_k40,transform_stress,s1.0,40,8.14846383731159E-312;0E+000,1.00000000000000E+000;0E+000,3.00000000000000E+000;0E+000,2.71615461243555E-312;0E+000,-7.17407331879543E+002;1.13686837721616E-013,OK,2.71615461243555E-312;0E+000,OK,2.71615461243555E-312;0E+000
gamma,cumulative,g_s12_k40,transform_stress,s1.0,40,5.43230922487604E-312;0E+000,1.00000000000000E+000;0E+000,2.00000000000000E+000;0E+000,2.71615461243555E-312;0E+000,-7.17407331879542E+002;-4.54747350886464E-013,OK,2.71615461243555E-312;0E+000,OK,2.71615461244049E-312;0E+000
gamma,cumulative,g_s23_k40,transform_stress,s1.0,40,8.14846383731653E-312;0E+000,1.00000000000000E+000;0E+000,3.00000000000000E+000;0E+000,2.71615461244049E-312;0E+000,-7.17407331879542E+002;-2.27373675443232E-013,OK,2.71615461244049E-312;0E+000,OK,2.71615461244049E-312;0E+000
gamma,cumulative,g_landmark_k36,landmark,s1.0,36,1.69759663277222E-313;0E+000,1.00000000000000E+000;0E+000,1.00000000000000E+000;0E+000,1.69759663277222E-313;0E+000,-7.20179920601783E+002;-1.13686837721616E-013,OK,1.69759663277222E-313;0E+000,OK,1.69759663277222E-313;0E+000
gamma,cumulative,g_s13_k36,transform_stress,s1.0,36,5.09278989836606E-313;0E+000,1.00000000000000E+000;0E+000,3.00000000000000E+000;0E+000,1.69759663277222E-313;0E+000,-7.20179920601774E+002;4.54747350886464E-013,OK,1.69759663277222E-313;0E+000,OK,1.69759663277222E-313;0E+000
gamma,cumulative,g_s12_k36,transform_stress,s1.0,36,3.39519326559384E-313;0E+000,1.00000000000000E+000;0E+000,2.00000000000000E+000;0E+000,1.69759663277222E-313;0E+000,-7.20179920601769E+002;4.54747350886464E-013,OK,1.69759663277222E-313;0E+000,OK,1.69759663282162E-313;0E+000
gamma,cumulative,g_s23_k36,transform_stress,s1.0,36,5.09278989841547E-313;0E+000,1.00000000000000E+000;0E+000,3.00000000000000E+000;0E+000,1.69759663282162E-313;0E+000,-7.20179920601764E+002;2.27373675443232E-013,OK,1.69759663282162E-313;0E+000,OK,1.69759663282162E-313;0E+000
gamma,cumulative,g_landmark_k32,landmark,s1.0,32,1.06099789548264E-314;0E+000,1.00000000000000E+000;0E+000,1.00000000000000E+000;0E+000,1.06099789548264E-314;0E+000,-7.22952509324023E+002;1.13686837721616E-013,OK,1.06099789548264E-314;0E+000,OK,1.06099789548264E-314;0E+000
gamma,cumulative,g_s13_k32,transform_stress,s1.0,32,3.18299368694197E-314;0E+000,1.00000000000000E+000;0E+000,3.00000000000000E+000;0E+000,1.06099789548264E-314;0E+000,-7.22952509323868E+002;1.13686837721616E-013,OK,1.06099789548264E-314;0E+000,OK,1.06099789548264E-314;0E+000
gamma,cumulative,g_s12_k32,transform_stress,s1.0,32,2.12199579145934E-314;0E+000,1.00000000000000E+000;0E+000,2.00000000000000E+000;0E+000,1.06099789548264E-314;0E+000,-7.22952509323790E+002;-1.13686837721616E-013,OK,1.06099789548264E-314;0E+000,OK,1.06099789597670E-314;0E+000
gamma,cumulative,g_s23_k32,transform_stress,s1.0,32,3.18299368743604E-314;0E+000,1.00000000000000E+000;0E+000,3.00000000000000E+000;0E+000,1.06099789597670E-314;0E+000,-7.22952509323713E+002;4.54747350886464E-013,OK,1.06099789597670E-314;0E+000,OK,1.06099789597670E-314;0E+000
gamma,cumulative,g_landmark_k28,landmark,s1.0,28,6.63123684676648E-316;0E+000,1.00000000000000E+000;0E+000,1.00000000000000E+000;0E+000,6.63123684676648E-316;0E+000,-7.25725098046263E+002;3.41060513164848E-013,OK,6.63123684676648E-316;0E+000,OK,6.63123684676648E-316;0E+000
gamma,cumulative,g_s13_k28,transform_stress,s1.0,28,1.98937105897060E-315;0E+000,1.00000000000000E+000;0E+000,3.00000000000000E+000;0E+000,6.63123684676648E-316;0E+000,-7.25725098043779E+002;-2.27373675443232E-013,OK,6.63123684676648E-316;0E+000,OK,6.63123684676648E-316;0E+000
gamma,cumulative,g_s12_k28,transform_stress,s1.0,28,1.32624737429395E-315;0E+000,1.00000000000000E+000;0E+000,2.00000000000000E+000;0E+000,6.63123684676648E-316;0E+000,-7.25725098042537E+002;-4.54747350886464E-013,OK,6.63123684676648E-316;0E+000,OK,6.63123689617304E-316;0E+000
gamma,cumulative,g_s23_k28,transform_stress,s1.0,28,1.98937106391126E-315;0E+000,1.00000000000000E+000;0E+000,3.00000000000000E+000;0E+000,6.63123689617304E-316;0E+000,-7.25725098041296E+002;2.27373675443232E-013,OK,6.63123689617304E-316;0E+000,OK,6.63123689617304E-316;0E+000
gamma,cumulative,g_landmark_k24,landmark,s1.0,24,4.14452302922905E-317;0E+000,1.00000000000000E+000;0E+000,1.00000000000000E+000;0E+000,4.14452302922905E-317;0E+000,-7.28497686768502E+002;-4.54747350886464E-013,OK,4.14452302922905E-317;0E+000,OK,4.14452302922905E-317;0E+000
gamma,cumulative,g_s13_k24,transform_stress,s1.0,24,1.24335695817528E-316;0E+000,1.00000000000000E+000;0E+000,3.00000000000000E+000;0E+000,4.14452302922905E-317;0E+000,-7.28497686728766E+002;-1.13686837721616E-013,OK,4.14452302922905E-317;0E+000,OK,4.14452302922905E-317;0E+000
gamma,cumulative,g_s12_k24,transform_stress,s1.0,24,8.28904655252374E-317;0E+000,1.00000000000000E+000;0E+000,2.00000000000000E+000;0E+000,4.14452302922905E-317;0E+000,-7.28497686708898E+002;1.13686837721616E-013,OK,4.14452302922905E-317;0E+000,OK,4.14452352329469E-317;0E+000
gamma,cumulative,g_s23_k24,transform_stress,s1.0,24,1.24335700758184E-316;0E+000,1.00000000000000E+000;0E+000,3.00000000000000E+000;0E+000,4.14452352329469E-317;0E+000,-7.28497686689030E+002;3.41060513164848E-013,OK,4.14452352329469E-317;0E+000,OK,4.14452352329469E-317;0E+000
gamma,cumulative,g_landmark_k20,landmark,s1.0,20,2.59032689326815E-318;0E+000,1.00000000000000E+000;0E+000,1.00000000000000E+000;0E+000,2.59032689326815E-318;0E+000,-7.31270275490742E+002;-2.27373675443232E-013,OK,2.59032689326815E-318;0E+000,OK,2.59032689326815E-318;0E+000
gamma,cumulative,g_s13_k20,transform_stress,s1.0,20,7.77098562046092E-318;0E+000,1.00000000000000E+000;0E+000,3.00000000000000E+000;0E+000,2.59032689326815E-318;0E+000,-7.31270274854960E+002;3.41060513164848E-013,OK,2.59032689326815E-318;0E+000,OK,2.59032689326815E-318;0E+000
gamma,cumulative,g_s12_k20,transform_stress,s1.0,20,5.18065872719277E-318;0E+000,1.00000000000000E+000;0E+000,2.00000000000000E+000;0E+000,2.59032689326815E-318;0E+000,-7.31270274537068E+002;-4.54747350886464E-013,OK,2.59032689326815E-318;0E+000,OK,2.59033183392461E-318;0E+000
gamma,cumulative,g_s23_k20,transform_stress,s1.0,20,7.77099056111738E-318;0E+000,1.00000000000000E+000;0E+000,3.00000000000000E+000;0E+000,2.59033183392461E-318;0E+000,-7.31270274219177E+002;-3.41060513164848E-013,OK,2.59033183392461E-318;0E+000,OK,2.59033183392461E-318;0E+000
gamma,cumulative,g_landmark_k16,landmark,s1.0,16,1.61895430829260E-319;0E+000,1.00000000000000E+000;0E+000,1.00000000000000E+000;0E+000,1.61895430829260E-319;0E+000,-7.34042864212982E+002;-1.13686837721616E-013,OK,1.61895430829260E-319;0E+000,OK,1.61895430829260E-319;0E+000
gamma,cumulative,g_s13_k16,transform_stress,s1.0,16,4.85691233144237E-319;0E+000,1.00000000000000E+000;0E+000,3.00000000000000E+000;0E+000,1.61895430829260E-319;0E+000,-7.34042854040508E+002;2.27373675443232E-013,OK,1.61895430829260E-319;0E+000,OK,1.61895430829260E-319;0E+000
gamma,cumulative,g_s12_k16,transform_stress,s1.0,16,3.23795802314978E-319;0E+000,1.00000000000000E+000;0E+000,2.00000000000000E+000;0E+000,1.61895430829260E-319;0E+000,-7.34042848954309E+002;-4.54747350886464E-013,OK,1.61895430829260E-319;0E+000,OK,1.61900371485718E-319;0E+000
gamma,cumulative,g_s23_k16,transform_stress,s1.0,16,4.85696173800696E-319;0E+000,1.00000000000000E+000;0E+000,3.00000000000000E+000;0E+000,1.61900371485718E-319;0E+000,-7.34042843868137E+002;0E+000,OK,1.61900371485718E-319;0E+000,OK,1.61900371485718E-319;0E+000
gamma,cumulative,g_landmark_k12,landmark,s1.0,12,1.01184644268287E-320;0E+000,1.00000000000000E+000;0E+000,1.00000000000000E+000;0E+000,1.01184644268287E-320;0E+000,-7.36815452935222E+002;1.13686837721616E-013,OK,1.01184644268287E-320;0E+000,OK,1.01184644268287E-320;0E+000
gamma,cumulative,g_s13_k12,transform_stress,s1.0,12,3.03603339369446E-320;0E+000,1.00000000000000E+000;0E+000,3.00000000000000E+000;0E+000,1.01184644268287E-320;0E+000,-7.36815290188049E+002;-3.41060513164848E-013,OK,1.01184644268287E-320;0E+000,OK,1.01184644268287E-320;0E+000
gamma,cumulative,g_s12_k12,transform_stress,s1.0,12,2.02418695101159E-320;0E+000,1.00000000000000E+000;0E+000,2.00000000000000E+000;0E+000,1.01184644268287E-320;0E+000,-7.36815208824394E+002;-3.41060513164848E-013,OK,1.01184644268287E-320;0E+000,OK,1.01234050832871E-320;0E+000
gamma,cumulative,g_s23_k12,transform_stress,s1.0,12,3.03652745934030E-320;0E+000,1.00000000000000E+000;0E+000,3.00000000000000E+000;0E+000,1.01234050832871E-320;0E+000,-7.36815127467359E+002;0E+000,OK,1.01234050832871E-320;0E+000,OK,1.01234050832871E-320;0E+000
gamma,cumulative,g_landmark_k8,landmark,s1.0,8,6.32404026676796E-322;0E+000,1.00000000000000E+000;0E+000,1.00000000000000E+000;0E+000,6.32404026676796E-322;0E+000,-7.39588041657462E+002;3.41060513164848E-013,OK,6.32404026676796E-322;0E+000,OK,6.32404026676796E-322;0E+000
gamma,cumulative,g_s13_k8,transform_stress,s1.0,8,1.90215273648880E-321;0E+000,1.00000000000000E+000;0E+000,3.00000000000000E+000;0E+000,6.32404026676796E-322;0E+000,-7.39585440875762E+002;3.41060513164848E-013,OK,6.32404026676796E-322;0E+000,OK,6.32404026676796E-322;0E+000
gamma,cumulative,g_s12_k8,transform_stress,s1.0,8,1.26974870981200E-321;0E+000,1.00000000000000E+000;0E+000,2.00000000000000E+000;0E+000,6.32404026676796E-322;0E+000,-7.39584143017046E+002;1.13686837721616E-013,OK,6.32404026676796E-322;0E+000,OK,6.37344683135208E-322;0E+000
gamma,cumulative,g_s23_k8,transform_stress,s1.0,8,1.90709339294721E-321;0E+000,1.00000000000000E+000;0E+000,3.00000000000000E+000;0E+000,6.37344683135208E-322;0E+000,-7.39582846840585E+002;4.54747350886464E-013,OK,6.37344683135208E-322;0E+000,OK,6.37344683135208E-322;0E+000
gamma,cumulative,g_landmark_k4,landmark,s1.0,4,3.95252516672997E-323;0E+000,1.00000000000000E+000;0E+000,1.00000000000000E+000;0E+000,3.95252516672997E-323;0E+000,-7.42360630379701E+002;-4.54747350886464E-013,OK,3.95252516672997E-323;0E+000,OK,3.95252516672997E-323;0E+000
gamma,cumulative,g_s13_k4,transform_stress,s1.0,4,1.23516411460312E-322;0E+000,1.00000000000000E+000;0E+000,3.00000000000000E+000;0E+000,3.95252516672997E-323;0E+000,-7.42319808385181E+002;-2.27373675443232E-013,OK,3.95252516672997E-323;0E+000,OK,3.95252516672997E-323;0E+000
gamma,cumulative,g_s12_k4,transform_stress,s1.0,4,8.39911597930119E-323;0E+000,1.00000000000000E+000;0E+000,2.00000000000000E+000;0E+000,3.95252516672997E-323;0E+000,-7.42300005757885E+002;0E+000,OK,3.95252516672997E-323;0E+000,OK,4.44659081257122E-323;0E+000
gamma,cumulative,g_s23_k4,transform_stress,s1.0,4,1.28457067918724E-322;0E+000,1.00000000000000E+000;0E+000,3.00000000000000E+000;0E+000,4.44659081257122E-323;0E+000,-7.42280587672028E+002;0E+000,OK,4.44659081257122E-323;0E+000,OK,4.44659081257122E-323;0E+000
gamma,cumulative,g_landmark_k2,landmark,s1.0,2,9.88131291682493E-324;0E+000,1.00000000000000E+000;0E+000,1.00000000000000E+000;0E+000,9.88131291682493E-324;0E+000,-7.43746924740821E+002;-3.41060513164848E-013,OK,9.88131291682493E-324;0E+000,OK,9.88131291682493E-324;0E+000
gamma,cumulative,g_s13_k2,transform_stress,s1.0,2,3.45845952088873E-323;0E+000,1.00000000000000E+000;0E+000,3.00000000000000E+000;0E+000,9.88131291682493E-324;0E+000,-7.43592774060994E+002;-1.13686837721616E-013,OK,9.88131291682493E-324;0E+000,OK,9.88131291682493E-324;0E+000
gamma,cumulative,g_s12_k2,transform_stress,s1.0,2,2.47032822920623E-323;0E+000,1.00000000000000E+000;0E+000,2.00000000000000E+000;0E+000,9.88131291682493E-324;0E+000,-7.43523781189507E+002;-1.13686837721616E-013,OK,9.88131291682493E-324;0E+000,OK,1.48219693752374E-323;0E+000
gamma,cumulative,g_s23_k2,transform_stress,s1.0,2,3.95252516672997E-323;0E+000,1.00000000000000E+000;0E+000,3.00000000000000E+000;0E+000,1.48219693752374E-323;0E+000,-7.43459242668370E+002;4.54747350886464E-013,OK,1.48219693752374E-323;0E+000,OK,1.48219693752374E-323;0E+000
gamma,cumulative,g_landmark_k1,landmark,s1.0,1,4.94065645841247E-324;0E+000,1.00000000000000E+000;0E+000,1.00000000000000E+000;0E+000,4.94065645841247E-324;0E+000,-7.44440071921381E+002;-2.27373675443232E-013,OK,4.94065645841247E-324;0E+000,OK,4.94065645841247E-324;0E+000
gamma,cumulative,g_s13_k1,transform_stress,s1.0,1,1.97626258336499E-323;0E+000,1.00000000000000E+000;0E+000,3.00000000000000E+000;0E+000,4.94065645841247E-324;0E+000,-7.44152389848929E+002;-4.54747350886464E-013,OK,4.94065645841247E-324;0E+000,OK,4.94065645841247E-324;0E+000
gamma,cumulative,g_s12_k1,transform_stress,s1.0,1,1.48219693752374E-323;0E+000,1.00000000000000E+000;0E+000,2.00000000000000E+000;0E+000,9.88131291682493E-324;0E+000,-7.44034606813273E+002;-1.13686837721616E-013,OK,9.88131291682493E-324;0E+000,OK,9.88131291682493E-324;0E+000
gamma,cumulative,g_s23_k1,transform_stress,s1.0,1,2.47032822920623E-323;0E+000,1.00000000000000E+000;0E+000,3.00000000000000E+000;0E+000,9.88131291682493E-324;0E+000,-7.43929246297615E+002;-3.41060513164848E-013,OK,9.88131291682493E-324;0E+000,OK,9.88131291682493E-324;0E+000
gamma,cumulative,g_underflow_minsub,underflow,s1.0,0,4.94065645841247E-324;0E+000,1.00000000000000E+000;0E+000,4.00000000000000E+000;0E+000,0E+000;0E+000,-7.45826366282501E+002;-1.13686837721616E-013,OK,0E+000;0E+000,OK,0E+000;0E+000
gamma,cumulative,g_underflow_wide,underflow,s1.0,0,1.00000000000000E-300;0E+000,1.00000000000000E+000;0E+000,1.00000000000000E+300;0E+000,0E+000;0E+000,-1.38155105579643E+003;2.72848410531878E-012,OK,0E+000;0E+000,OK,0E+000;0E+000
gamma,cumulative,g_underflow_deep,underflow,s1.0,0,1.00000000000000E-200;0E+000,1.00000000000000E+000;0E+000,1.00000000000000E+200;0E+000,0E+000;0E+000,-9.21034037197618E+002;-3.41060513164848E-013,OK,0E+000;0E+000,OK,0E+000;0E+000
gamma,cumulative,twin_g_landmark_k8,decimal_twin,s1.0,8,6.32404026676796E-322;0E+000,1.00000000000000E+000;0E+000,1.00000000000000E+000;0E+000,6.32404026676796E-322;0E+000,-7.39588041657462E+002;3.41060513164848E-013,OK,6.32404026676796E-322;0E+000,OK,6.32404026676796E-322;0E+000
gamma,cumulative,twin_g_landmark_k32,decimal_twin,s1.0,32,1.06099789548264E-314;0E+000,1.00000000000000E+000;0E+000,1.00000000000000E+000;0E+000,1.06099789548264E-314;0E+000,-7.22952509324023E+002;1.13686837721616E-013,OK,1.06099789548264E-314;0E+000,OK,1.06099789548264E-314;0E+000
gamma,survival,g_landmark_k52,landmark,s0.0001,52,1.11253692925360E-308;4.94065645841247E-324,1.00000000000000E-004;0E+000,1.00000000000000E+000;0E+000,1.11253692925360E-308;4.94065645841247E-324,-7.09089565712824E+002;-1.13686837721616E-013,OK,6.83995363025826E-002;-4.16333634234434E-017,OK,6.83995363026090E-002;2.77555756156289E-017
gamma,survival,g_s13_k52,transform_stress,s0.0001,52,3.33761078776080E-308;2.47032822920623E-323,1.00000000000000E-004;0E+000,3.00000000000000E+000;0E+000,1.11253692925360E-308;4.94065645841247E-324,-7.09089565712824E+002;-1.13686837721616E-013,OK,6.83995363025826E-002;-4.16333634234434E-017,OK,6.83995363026090E-002;2.77555756156289E-017
gamma,survival,g_s12_k52,transform_stress,s0.0001,52,2.22507385850720E-308;1.97626258336499E-323,1.00000000000000E-004;0E+000,2.00000000000000E+000;0E+000,1.11253692925360E-308;4.94065645841247E-324,-7.09089565712824E+002;0E+000,OK,6.83995363025826E-002;-4.16333634234434E-017,OK,6.83995363026090E-002;1.38777878078145E-017
gamma,survival,g_s23_k52,transform_stress,s0.0001,52,3.33761078776080E-308;2.96439387504748E-323,1.00000000000000E-004;0E+000,3.00000000000000E+000;0E+000,1.11253692925360E-308;9.88131291682493E-324,-7.09089565712824E+002;-1.13686837721616E-013,OK,6.83995363025826E-002;-4.16333634234434E-017,OK,6.83995363026090E-002;2.77555756156289E-017
gamma,survival,g_landmark_k48,landmark,s0.0001,48,6.95335580783500E-310;0E+000,1.00000000000000E-004;0E+000,1.00000000000000E+000;0E+000,6.95335580783500E-310;0E+000,-7.11862154435064E+002;1.13686837721616E-013,OK,6.86577949926722E-002;1.38777878078145E-017,OK,6.86577949926261E-002;1.38777878078145E-017
gamma,survival,g_s13_k48,transform_stress,s0.0001,48,2.08600674235051E-309;-4.94065645841247E-324,1.00000000000000E-004;0E+000,3.00000000000000E+000;0E+000,6.95335580783500E-310;0E+000,-7.11862154435064E+002;1.13686837721616E-013,OK,6.86577949926722E-002;1.38777878078145E-017,OK,6.86577949926261E-002;1.38777878078145E-017
gamma,survival,g_s12_k48,transform_stress,s0.0001,48,1.39067116156701E-309;-4.94065645841247E-324,1.00000000000000E-004;0E+000,2.00000000000000E+000;0E+000,6.95335580783500E-310;0E+000,-7.11862154435064E+002;2.27373675443232E-013,OK,6.86577949926722E-002;1.38777878078145E-017,OK,6.86577949926261E-002;1.38777878078145E-017
gamma,survival,g_s23_k48,transform_stress,s0.0001,48,2.08600674235051E-309;0E+000,1.00000000000000E-004;0E+000,3.00000000000000E+000;0E+000,6.95335580783505E-310;0E+000,-7.11862154435064E+002;1.13686837721616E-013,OK,6.86577949926722E-002;1.38777878078145E-017,OK,6.86577949926261E-002;1.38777878078145E-017
gamma,survival,g_landmark_k44,landmark,s0.0001,44,4.34584737989688E-311;0E+000,1.00000000000000E-004;0E+000,1.00000000000000E+000;0E+000,4.34584737989688E-311;0E+000,-7.14634743157304E+002;3.41060513164848E-013,OK,6.89159820880685E-002;-1.38777878078145E-017,OK,6.89159820880557E-002;-4.16333634234434E-017
gamma,survival,g_s13_k44,transform_stress,s0.0001,44,1.30375421396911E-310;0E+000,1.00000000000000E-004;0E+000,3.00000000000000E+000;0E+000,4.34584737989688E-311;0E+000,-7.14634743157304E+002;3.41060513164848E-013,OK,6.89159820880685E-002;-1.38777878078145E-017,OK,6.89159820880557E-002;-4.16333634234434E-017
gamma,survival,g_s12_k44,transform_stress,s0.0001,44,8.69169475979425E-311;0E+000,1.00000000000000E-004;0E+000,2.00000000000000E+000;0E+000,4.34584737989688E-311;0E+000,-7.14634743157304E+002;4.54747350886464E-013,OK,6.89159820880685E-002;-1.38777878078145E-017,OK,6.89159820880556E-002;4.16333634234434E-017
gamma,survival,g_s23_k44,transform_stress,s0.0001,44,1.30375421396916E-310;0E+000,1.00000000000000E-004;0E+000,3.00000000000000E+000;0E+000,4.34584737989737E-311;0E+000,-7.14634743157304E+002;4.54747350886464E-013,OK,6.89159820880685E-002;-1.38777878078145E-017,OK,6.89159820880556E-002;4.16333634234434E-017
gamma,survival,g_landmark_k40,landmark,s0.0001,40,2.71615461243555E-312;0E+000,1.00000000000000E-004;0E+000,1.00000000000000E+000;0E+000,2.71615461243555E-312;0E+000,-7.17407331879543E+002;-4.54747350886464E-013,OK,6.91740976087246E-002;1.38777878078145E-017,OK,6.91740976087451E-002;0E+000
gamma,survival,g_s13_k40,transform_stress,s0.0001,40,8.14846383731159E-312;0E+000,1.00000000000000E-004;0E+000,3.00000000000000E+000;0E+000,2.71615461243555E-312;0E+000,-7.17407331879543E+002;1.13686837721616E-013,OK,6.91740976087246E-002;1.38777878078145E-017,OK,6.91740976087451E-002;-4.16333634234434E-017
gamma,survival,g_s12_k40,transform_stress,s0.0001,40,5.43230922487604E-312;0E+000,1.00000000000000E-004;0E+000,2.00000000000000E+000;0E+000,2.71615461243555E-312;0E+000,-7.17407331879542E+002;-4.54747350886464E-013,OK,6.91740976087246E-002;1.38777878078145E-017,OK,6.91740976087450E-002;1.38777878078145E-017
gamma,survival,g_s23_k40,transform_stress,s0.0001,40,8.14846383731653E-312;0E+000,1.00000000000000E-004;0E+000,3.00000000000000E+000;0E+000,2.71615461244049E-312;0E+000,-7.17407331879542E+002;-2.27373675443232E-013,OK,6.91740976087246E-002;1.38777878078145E-017,OK,6.91740976087450E-002;-1.38777878078145E-017
gamma,survival,g_landmark_k36,landmark,s0.0001,36,1.69759663277222E-313;0E+000,1.00000000000000E-004;0E+000,1.00000000000000E+000;0E+000,1.69759663277222E-313;0E+000,-7.20179920601783E+002;-1.13686837721616E-013,OK,6.94321415745885E-002;4.16333634234434E-017,OK,6.94321415745364E-002;5.55111512312578E-017
gamma,survival,g_s13_k36,transform_stress,s0.0001,36,5.09278989836606E-313;0E+000,1.00000000000000E-004;0E+000,3.00000000000000E+000;0E+000,1.69759663277222E-313;0E+000,-7.20179920601774E+002;4.54747350886464E-013,OK,6.94321415745885E-002;4.16333634234434E-017,OK,6.94321415745356E-002;-4.16333634234434E-017
gamma,survival,g_s12_k36,transform_stress,s0.0001,36,3.39519326559384E-313;0E+000,1.00000000000000E-004;0E+000,2.00000000000000E+000;0E+000,1.69759663277222E-313;0E+000,-7.20179920601769E+002;4.54747350886464E-013,OK,6.94321415745885E-002;4.16333634234434E-017,OK,6.94321415745351E-002;-1.38777878078145E-017
gamma,survival,g_s23_k36,transform_stress,s0.0001,36,5.09278989841547E-313;0E+000,1.00000000000000E-004;0E+000,3.00000000000000E+000;0E+000,1.69759663282162E-313;0E+000,-7.20179920601764E+002;2.27373675443232E-013,OK,6.94321415745885E-002;4.16333634234434E-017,OK,6.94321415745346E-002;4.16333634234434E-017
gamma,survival,g_landmark_k32,landmark,s0.0001,32,1.06099789548264E-314;0E+000,1.00000000000000E-004;0E+000,1.00000000000000E+000;0E+000,1.06099789548264E-314;0E+000,-7.22952509324023E+002;1.13686837721616E-013,OK,6.96901140052850E-002;1.38777878078145E-017,OK,6.96901140052662E-002;-1.38777878078145E-017
gamma,survival,g_s13_k32,transform_stress,s0.0001,32,3.18299368694197E-314;0E+000,1.00000000000000E-004;0E+000,3.00000000000000E+000;0E+000,1.06099789548264E-314;0E+000,-7.22952509323868E+002;1.13686837721616E-013,OK,6.96901140052850E-002;1.38777878078145E-017,OK,6.96901140052518E-002;-2.77555756156289E-017
gamma,survival,g_s12_k32,transform_stress,s0.0001,32,2.12199579145934E-314;0E+000,1.00000000000000E-004;0E+000,2.00000000000000E+000;0E+000,1.06099789548264E-314;0E+000,-7.22952509323790E+002;-1.13686837721616E-013,OK,6.96901140052850E-002;1.38777878078145E-017,OK,6.96901140052445E-002;4.16333634234434E-017
gamma,survival,g_s23_k32,transform_stress,s0.0001,32,3.18299368743604E-314;0E+000,1.00000000000000E-004;0E+000,3.00000000000000E+000;0E+000,1.06099789597670E-314;0E+000,-7.22952509323713E+002;4.54747350886464E-013,OK,6.96901140051791E-002;0E+000,OK,6.96901140052373E-002;2.77555756156289E-017
gamma,survival,g_landmark_k28,landmark,s0.0001,28,6.63123684676648E-316;0E+000,1.00000000000000E-004;0E+000,1.00000000000000E+000;0E+000,6.63123684676648E-316;0E+000,-7.25725098046263E+002;3.41060513164848E-013,OK,6.99480149207508E-002;-4.16333634234434E-017,OK,6.99480149207653E-002;0E+000
gamma,survival,g_s13_k28,transform_stress,s0.0001,28,1.98937105897060E-315;0E+000,1.00000000000000E-004;0E+000,3.00000000000000E+000;0E+000,6.63123684676648E-316;0E+000,-7.25725098043779E+002;-2.27373675443232E-013,OK,6.99480149207508E-002;-4.16333634234434E-017,OK,6.99480149205343E-002;1.38777878078145E-017
gamma,survival,g_s12_k28,transform_stress,s0.0001,28,1.32624737429395E-315;0E+000,1.00000000000000E-004;0E+000,2.00000000000000E+000;0E+000,6.63123684676648E-316;0E+000,-7.25725098042537E+002;-4.54747350886464E-013,OK,6.99480149207508E-002;-4.16333634234434E-017,OK,6.99480149204188E-002;2.77555756156289E-017
gamma,survival,g_s23_k28,transform_stress,s0.0001,28,1.98937106391126E-315;0E+000,1.00000000000000E-004;0E+000,3.00000000000000E+000;0E+000,6.63123689617304E-316;0E+000,-7.25725098041296E+002;2.27373675443232E-013,OK,6.99480149201164E-002;-2.77555756156289E-017,OK,6.99480149203034E-002;-5.55111512312578E-017
gamma,survival,g_landmark_k24,landmark,s0.0001,24,4.14452302922905E-317;0E+000,1.00000000000000E-004;0E+000,1.00000000000000E+000;0E+000,4.14452302922905E-317;0E+000,-7.28497686768502E+002;-4.54747350886464E-013,OK,7.02058443409171E-002;4.16333634234434E-017,OK,7.02058443408592E-002;4.16333634234434E-017
gamma,survival,g_s13_k24,transform_stress,s0.0001,24,1.24335695817528E-316;0E+000,1.00000000000000E-004;0E+000,3.00000000000000E+000;0E+000,4.14452302922905E-317;0E+000,-7.28497686728766E+002;-1.13686837721616E-013,OK,7.02058443409171E-002;4.16333634234434E-017,OK,7.02058443371646E-002;-1.38777878078145E-017
gamma,survival,g_s12_k24,transform_stress,s0.0001,24,8.28904655252374E-317;0E+000,1.00000000000000E-004;0E+000,2.00000000000000E+000;0E+000,4.14452302922905E-317;0E+000,-7.28497686708898E+002;1.13686837721616E-013,OK,7.02058443409171E-002;4.16333634234434E-017,OK,7.02058443353172E-002;5.55111512312578E-017
gamma,survival,g_s23_k24,transform_stress,s0.0001,24,1.24335700758184E-316;0E+000,1.00000000000000E-004;0E+000,3.00000000000000E+000;0E+000,4.14452352329469E-317;0E+000,-7.28497686689030E+002;3.41060513164848E-013,OK,7.02058443298182E-002;4.16333634234434E-017,OK,7.02058443334699E-002;2.77555756156289E-017
gamma,survival,g_landmark_k20,landmark,s0.0001,20,2.59032689326815E-318;0E+000,1.00000000000000E-004;0E+000,1.00000000000000E+000;0E+000,2.59032689326815E-318;0E+000,-7.31270275490742E+002;-2.27373675443232E-013,OK,7.04636022853928E-002;2.77555756156289E-017,OK,7.04636022853680E-002;5.55111512312578E-017
gamma,survival,g_s13_k20,transform_stress,s0.0001,20,7.77098562046092E-318;0E+000,1.00000000000000E-004;0E+000,3.00000000000000E+000;0E+000,2.59032689326815E-318;0E+000,-7.31270274854960E+002;3.41060513164848E-013,OK,7.04636022853928E-002;2.77555756156289E-017,OK,7.04636022262697E-002;4.16333634234434E-017
gamma,survival,g_s12_k20,transform_stress,s0.0001,20,5.18065872719277E-318;0E+000,1.00000000000000E-004;0E+000,2.00000000000000E+000;0E+000,2.59032689326815E-318;0E+000,-7.31270274537068E+002;-4.54747350886464E-013,OK,7.04636022853928E-002;2.77555756156289E-017,OK,7.04636021967206E-002;0E+000
gamma,survival,g_s23_k20,transform_stress,s0.0001,20,7.77099056111738E-318;0E+000,1.00000000000000E-004;0E+000,3.00000000000000E+000;0E+000,2.59033183392461E-318;0E+000,-7.31270274219177E+002;-3.41060513164848E-013,OK,7.04636021080683E-002;4.16333634234434E-017,OK,7.04636021671715E-002;-4.16333634234434E-017
gamma,survival,g_landmark_k16,landmark,s0.0001,16,1.61895430829260E-319;0E+000,1.00000000000000E-004;0E+000,1.00000000000000E+000;0E+000,1.61895430829260E-319;0E+000,-7.34042864212982E+002;-1.13686837721616E-013,OK,7.07212887740976E-002;-4.16333634234434E-017,OK,7.07212887741062E-002;-4.16333634234434E-017
gamma,survival,g_s13_k16,transform_stress,s0.0001,16,4.85691233144237E-319;0E+000,1.00000000000000E-004;0E+000,3.00000000000000E+000;0E+000,1.61895430829260E-319;0E+000,-7.34042854040508E+002;2.27373675443232E-013,OK,7.07212887740976E-002;-4.16333634234434E-017,OK,7.07212878287998E-002;-1.38777878078145E-017
gamma,survival,g_s12_k16,transform_stress,s0.0001,16,3.23795802314978E-319;0E+000,1.00000000000000E-004;0E+000,2.00000000000000E+000;0E+000,1.61895430829260E-319;0E+000,-7.34042848954309E+002;-4.54747350886464E-013,OK,7.07212887740976E-002;-4.16333634234434E-017,OK,7.07212873561502E-002;0E+000
gamma,survival,g_s23_k16,transform_stress,s0.0001,16,4.85696173800696E-319;0E+000,1.00000000000000E-004;0E+000,3.00000000000000E+000;0E+000,1.61900371485718E-319;0E+000,-7.34042843868137E+002;0E+000,OK,7.07212859382217E-002;-1.38777878078145E-017,OK,7.07212868835030E-002;1.38777878078145E-017
gamma,survival,g_landmark_k12,landmark,s0.0001,12,1.01184644268287E-320;0E+000,1.00000000000000E-004;0E+000,1.00000000000000E+000;0E+000,1.01184644268287E-320;0E+000,-7.36815452935222E+002;1.13686837721616E-013,OK,7.09789038268408E-002;0E+000,OK,7.09789038268826E-002;1.38777878078145E-017
gamma,survival,g_s13_k12,transform_stress,s0.0001,12,3.03603339369446E-320;0E+000,1.00000000000000E-004;0E+000,3.00000000000000E+000;0E+000,1.01184644268287E-320;0E+000,-7.36815290188049E+002;-3.41060513164848E-013,OK,7.09789038268408E-002;0E+000,OK,7.09788887073268E-002;2.77555756156289E-017
gamma,survival,g_s12_k12,transform_stress,s0.0001,12,2.02418695101159E-320;0E+000,1.00000000000000E-004;0E+000,2.00000000000000E+000;0E+000,1.01184644268287E-320;0E+000,-7.36815208824394E+002;-3.41060513164848E-013,OK,7.09789038268408E-002;0E+000,OK,7.09788811484715E-002;-2.77555756156289E-017
gamma,survival,g_s23_k12,transform_stress,s0.0001,12,3.03652745934030E-320;0E+000,1.00000000000000E-004;0E+000,3.00000000000000E+000;0E+000,1.01234050832871E-320;0E+000,-7.36815127467359E+002;0E+000,OK,7.09788584756484E-002;4.16333634234434E-017,OK,7.09788735902311E-002;-4.16333634234434E-017
gamma,survival,g_landmark_k8,landmark,s0.0001,8,6.32404026676796E-322;0E+000,1.00000000000000E-004;0E+000,1.00000000000000E+000;0E+000,6.32404026676796E-322;0E+000,-7.39588041657462E+002;3.41060513164848E-013,OK,7.12364474635315E-002;2.77555756156289E-017,OK,7.12364474635009E-002;1.38777878078145E-017
gamma,survival,g_s13_k8,transform_stress,s0.0001,8,1.90215273648880E-321;0E+000,1.00000000000000E-004;0E+000,3.00000000000000E+000;0E+000,6.32404026676796E-322;0E+000,-7.39585440875762E+002;3.41060513164848E-013,OK,7.12364474635315E-002;2.77555756156289E-017,OK,7.12362059123444E-002;-2.77555756156289E-017
gamma,survival,g_s12_k8,transform_stress,s0.0001,8,1.26974870981200E-321;0E+000,1.00000000000000E-004;0E+000,2.00000000000000E+000;0E+000,6.32404026676796E-322;0E+000,-7.39584143017046E+002;1.13686837721616E-013,OK,7.12364474635315E-002;2.77555756156289E-017,OK,7.12360853719181E-002;-2.77555756156289E-017
gamma,survival,g_s23_k8,transform_stress,s0.0001,8,1.90709339294721E-321;0E+000,1.00000000000000E-004;0E+000,3.00000000000000E+000;0E+000,6.37344683135208E-322;0E+000,-7.39582846840585E+002;4.54747350886464E-013,OK,7.12357246864230E-002;2.77555756156289E-017,OK,7.12359649877178E-002;4.16333634234434E-017
gamma,survival,g_landmark_k4,landmark,s0.0001,4,3.95252516672997E-323;0E+000,1.00000000000000E-004;0E+000,1.00000000000000E+000;0E+000,3.95252516672997E-323;0E+000,-7.42360630379701E+002;-4.54747350886464E-013,OK,7.14939197037565E-002;1.38777878078145E-017,OK,7.14939197037591E-002;-4.16333634234434E-017
gamma,survival,g_s13_k4,transform_stress,s0.0001,4,1.23516411460312E-322;0E+000,1.00000000000000E-004;0E+000,3.00000000000000E+000;0E+000,3.95252516672997E-323;0E+000,-7.42319808385181E+002;-2.27373675443232E-013,OK,7.14939197037565E-002;1.38777878078145E-017,OK,7.14901293490104E-002;-1.38777878078145E-017
gamma,survival,g_s12_k4,transform_stress,s0.0001,4,8.39911597930119E-323;0E+000,1.00000000000000E-004;0E+000,2.00000000000000E+000;0E+000,3.95252516672997E-323;0E+000,-7.42300005757885E+002;0E+000,OK,7.14939197037565E-002;1.38777878078145E-017,OK,7.14882906536989E-002;0E+000
gamma,survival,g_s23_k4,transform_stress,s0.0001,4,1.28457067918724E-322;0E+000,1.00000000000000E-004;0E+000,3.00000000000000E+000;0E+000,4.44659081257122E-323;0E+000,-7.42280587672028E+002;0E+000,OK,7.14829834128545E-002;2.77555756156289E-017,OK,7.14864876599392E-002;2.77555756156289E-017
gamma,survival,g_landmark_k2,landmark,s0.0001,2,9.88131291682493E-324;0E+000,1.00000000000000E-004;0E+000,1.00000000000000E+000;0E+000,9.88131291682493E-324;0E+000,-7.43746924740821E+002;-3.41060513164848E-013,OK,7.16226290564720E-002;-1.38777878078145E-017,OK,7.16226290564384E-002;4.16333634234434E-017
gamma,survival,g_s13_k2,transform_stress,s0.0001,2,3.45845952088873E-323;0E+000,1.00000000000000E-004;0E+000,3.00000000000000E+000;0E+000,9.88131291682493E-324;0E+000,-7.43592774060994E+002;-1.13686837721616E-013,OK,7.16226290564720E-002;-1.38777878078145E-017,OK,7.16083179458486E-002;4.16333634234434E-017
gamma,survival,g_s12_k2,transform_stress,s0.0001,2,2.47032822920623E-323;0E+000,1.00000000000000E-004;0E+000,2.00000000000000E+000;0E+000,9.88131291682493E-324;0E+000,-7.43523781189507E+002;-1.13686837721616E-013,OK,7.16226290564720E-002;-1.38777878078145E-017,OK,7.16019126829519E-002;-4.16333634234434E-017
gamma,survival,g_s23_k2,transform_stress,s0.0001,2,3.95252516672997E-323;0E+000,1.00000000000000E-004;0E+000,3.00000000000000E+000;0E+000,1.48219693752374E-323;0E+000,-7.43459242668370E+002;4.54747350886464E-013,OK,7.15849858301997E-002;-2.77555756156289E-017,OK,7.15959209196587E-002;-4.16333634234434E-017
gamma,survival,g_landmark_k1,landmark,s0.0001,1,4.94065645841247E-324;0E+000,1.00000000000000E-004;0E+000,1.00000000000000E+000;0E+000,4.94065645841247E-324;0E+000,-7.44440071921381E+002;-2.27373675443232E-013,OK,7.16869770420496E-002;2.77555756156289E-017,OK,7.16869770419980E-002;-4.16333634234434E-017
gamma,survival,g_s13_k1,transform_stress,s0.0001,1,1.97626258336499E-323;0E+000,1.00000000000000E-004;0E+000,3.00000000000000E+000;0E+000,4.94065645841247E-324;0E+000,-7.44152389848929E+002;-4.54747350886464E-013,OK,7.16869770420496E-002;2.77555756156289E-017,OK,7.16602707564210E-002;-1.38777878078145E-017
gamma,survival,g_s12_k1,transform_stress,s0.0001,1,1.48219693752374E-323;0E+000,1.00000000000000E-004;0E+000,2.00000000000000E+000;0E+000,9.88131291682493E-324;0E+000,-7.44034606813273E+002;-1.13686837721616E-013,OK,7.16226290564720E-002;-1.38777878078145E-017,OK,7.16493364248841E-002;-1.38777878078145E-017
gamma,survival,g_s23_k1,transform_stress,s0.0001,1,2.47032822920623E-323;0E+000,1.00000000000000E-004;0E+000,3.00000000000000E+000;0E+000,9.88131291682493E-324;0E+000,-7.43929246297615E+002;-3.41060513164848E-013,OK,7.16226290564720E-002;-1.38777878078145E-017,OK,7.16395552228940E-002;1.38777878078145E-017
gamma,survival,g_underflow_minsub,underflow,s0.0001,0,4.94065645841247E-324;0E+000,1.00000000000000E-004;0E+000,4.00000000000000E+000;0E+000,0E+000;0E+000,-7.45826366282501E+002;-1.13686837721616E-013,OK,1.00000000000000E+000;0E+000,OK,7.18156596331024E-002;5.55111512312578E-017
gamma,survival,g_underflow_wide,underflow,s0.0001,0,1.00000000000000E-300;0E+000,1.00000000000000E-004;0E+000,1.00000000000000E+300;0E+000,0E+000;0E+000,-1.38155105579643E+003;2.72848410531878E-012,OK,1.00000000000000E+000;0E+000,OK,1.28986142373647E-001;-2.77555756156289E-017
gamma,survival,g_underflow_deep,underflow,s0.0001,0,1.00000000000000E-200;0E+000,1.00000000000000E-004;0E+000,1.00000000000000E+200;0E+000,0E+000;0E+000,-9.21034037197618E+002;-3.41060513164848E-013,OK,1.00000000000000E+000;0E+000,OK,8.79365239315040E-002;2.77555756156289E-017
gamma,survival,twin_g_landmark_k8,decimal_twin,s0.0001,8,6.32404026676796E-322;0E+000,1.00000000000000E-004;0E+000,1.00000000000000E+000;0E+000,6.32404026676796E-322;0E+000,-7.39588041657462E+002;3.41060513164848E-013,OK,7.12364474635315E-002;2.77555756156289E-017,OK,7.12364474635009E-002;1.38777878078145E-017
gamma,survival,twin_g_landmark_k32,decimal_twin,s0.0001,32,1.06099789548264E-314;0E+000,1.00000000000000E-004;0E+000,1.00000000000000E+000;0E+000,1.06099789548264E-314;0E+000,-7.22952509324023E+002;1.13686837721616E-013,OK,6.96901140052850E-002;1.38777878078145E-017,OK,6.96901140052662E-002;-1.38777878078145E-017
gamma,survival,g_landmark_k52,landmark,s0.0005,52,1.11253692925360E-308;4.94065645841247E-324,5.00000000000000E-004;0E+000,1.00000000000000E+000;0E+000,1.11253692925360E-308;4.94065645841247E-324,-7.09089565712824E+002;-1.13686837721616E-013,OK,2.98304956697811E-001;-2.22044604925031E-016,OK,2.98304956697796E-001;4.99600361081320E-016
gamma,survival,g_s13_k52,transform_stress,s0.0005,52,3.33761078776080E-308;2.47032822920623E-323,5.00000000000000E-004;0E+000,3.00000000000000E+000;0E+000,1.11253692925360E-308;4.94065645841247E-324,-7.09089565712824E+002;-1.13686837721616E-013,OK,2.98304956697811E-001;-2.22044604925031E-016,OK,2.98304956697796E-001;4.99600361081320E-016
gamma,survival,g_s12_k52,transform_stress,s0.0005,52,2.22507385850720E-308;1.97626258336499E-323,5.00000000000000E-004;0E+000,2.00000000000000E+000;0E+000,1.11253692925360E-308;4.94065645841247E-324,-7.09089565712824E+002;0E+000,OK,2.98304956697811E-001;-2.22044604925031E-016,OK,2.98304956697796E-001;4.99600361081320E-016
gamma,survival,g_s23_k52,transform_stress,s0.0005,52,3.33761078776080E-308;2.96439387504748E-323,5.00000000000000E-004;0E+000,3.00000000000000E+000;0E+000,1.11253692925360E-308;9.88131291682493E-324,-7.09089565712824E+002;-1.13686837721616E-013,OK,2.98304956697811E-001;-2.22044604925031E-016,OK,2.98304956697796E-001;4.99600361081320E-016
gamma,survival,g_landmark_k48,landmark,s0.0005,48,6.95335580783500E-310;0E+000,5.00000000000000E-004;0E+000,1.00000000000000E+000;0E+000,6.95335580783500E-310;0E+000,-7.11862154435064E+002;1.13686837721616E-013,OK,2.99277038627992E-001;-2.77555756156289E-016,OK,2.99277038628023E-001;0E+000
gamma,survival,g_s13_k48,transform_stress,s0.0005,48,2.08600674235051E-309;-4.94065645841247E-324,5.00000000000000E-004;0E+000,3.00000000000000E+000;0E+000,6.95335580783500E-310;0E+000,-7.11862154435064E+002;1.13686837721616E-013,OK,2.99277038627992E-001;-2.77555756156289E-016,OK,2.99277038628023E-001;0E+000
gamma,survival,g_s12_k48,transform_stress,s0.0005,48,1.39067116156701E-309;-4.94065645841247E-324,5.00000000000000E-004;0E+000,2.00000000000000E+000;0E+000,6.95335580783500E-310;0E+000,-7.11862154435064E+002;2.27373675443232E-013,OK,2.99277038627992E-001;-2.77555756156289E-016,OK,2.99277038628023E-001;-5.55111512312578E-017
gamma,survival,g_s23_k48,transform_stress,s0.0005,48,2.08600674235051E-309;0E+000,5.00000000000000E-004;0E+000,3.00000000000000E+000;0E+000,6.95335580783505E-310;0E+000,-7.11862154435064E+002;1.13686837721616E-013,OK,2.99277038627992E-001;-2.77555756156289E-016,OK,2.99277038628023E-001;0E+000
gamma,survival,g_landmark_k44,landmark,s0.0005,44,4.34584737989688E-311;0E+000,5.00000000000000E-004;0E+000,1.00000000000000E+000;0E+000,4.34584737989688E-311;0E+000,-7.14634743157304E+002;3.41060513164848E-013,OK,3.00247773900202E-001;-3.88578058618805E-016,OK,3.00247773900199E-001;0E+000
gamma,survival,g_s13_k44,transform_stress,s0.0005,44,1.30375421396911E-310;0E+000,5.00000000000000E-004;0E+000,3.00000000000000E+000;0E+000,4.34584737989688E-311;0E+000,-7.14634743157304E+002;3.41060513164848E-013,OK,3.00247773900202E-001;-3.88578058618805E-016,OK,3.00247773900199E-001;0E+000
gamma,survival,g_s12_k44,transform_stress,s0.0005,44,8.69169475979425E-311;0E+000,5.00000000000000E-004;0E+000,2.00000000000000E+000;0E+000,4.34584737989688E-311;0E+000,-7.14634743157304E+002;4.54747350886464E-013,OK,3.00247773900202E-001;-3.88578058618805E-016,OK,3.00247773900199E-001;0E+000
gamma,survival,g_s23_k44,transform_stress,s0.0005,44,1.30375421396916E-310;0E+000,5.00000000000000E-004;0E+000,3.00000000000000E+000;0E+000,4.34584737989737E-311;0E+000,-7.14634743157304E+002;4.54747350886464E-013,OK,3.00247773900202E-001;-3.88578058618805E-016,OK,3.00247773900199E-001;0E+000
gamma,survival,g_landmark_k40,landmark,s0.0005,40,2.71615461243555E-312;0E+000,5.00000000000000E-004;0E+000,1.00000000000000E+000;0E+000,2.71615461243555E-312;0E+000,-7.17407331879543E+002;-4.54747350886464E-013,OK,3.01217164379932E-001;5.55111512312578E-017,OK,3.01217164379896E-001;-4.44089209850063E-016
gamma,survival,g_s13_k40,transform_stress,s0.0005,40,8.14846383731159E-312;0E+000,5.00000000000000E-004;0E+000,3.00000000000000E+000;0E+000,2.71615461243555E-312;0E+000,-7.17407331879543E+002;1.13686837721616E-013,OK,3.01217164379932E-001;5.55111512312578E-017,OK,3.01217164379895E-001;3.88578058618805E-016
gamma,survival,g_s12_k40,transform_stress,s0.0005,40,5.43230922487604E-312;0E+000,5.00000000000000E-004;0E+000,2.00000000000000E+000;0E+000,2.71615461243555E-312;0E+000,-7.17407331879542E+002;-4.54747350886464E-013,OK,3.01217164379932E-001;5.55111512312578E-017,OK,3.01217164379895E-001;2.22044604925031E-016
gamma,survival,g_s23_k40,transform_stress,s0.0005,40,8.14846383731653E-312;0E+000,5.00000000000000E-004;0E+000,3.00000000000000E+000;0E+000,2.71615461244049E-312;0E+000,-7.17407331879542E+002;-2.27373675443232E-013,OK,3.01217164379932E-001;5.55111512312578E-017,OK,3.01217164379895E-001;1.66533453693773E-016
gamma,survival,g_landmark_k36,landmark,s0.0005,36,1.69759663277222E-313;0E+000,5.00000000000000E-004;0E+000,1.00000000000000E+000;0E+000,1.69759663277222E-313;0E+000,-7.20179920601783E+002;-1.13686837721616E-013,OK,3.02185211930090E-001;2.77555756156289E-016,OK,3.02185211930099E-001;2.22044604925031E-016
gamma,survival,g_s13_k36,transform_stress,s0.0005,36,5.09278989836606E-313;0E+000,5.00000000000000E-004;0E+000,3.00000000000000E+000;0E+000,1.69759663277222E-313;0E+000,-7.20179920601774E+002;4.54747350886464E-013,OK,3.02185211930090E-001;2.77555756156289E-016,OK,3.02185211930096E-001;-1.11022302462516E-016
gamma,survival,g_s12_k36,transform_stress,s0.0005,36,3.39519326559384E-313;0E+000,5.00000000000000E-004;0E+000,2.00000000000000E+000;0E+000,1.69759663277222E-313;0E+000,-7.20179920601769E+002;4.54747350886464E-013,OK,3.02185211930090E-001;2.77555756156289E-016,OK,3.02185211930094E-001;1.11022302462516E-016
gamma,survival,g_s23_k36,transform_stress,s0.0005,36,5.09278989841547E-313;0E+000,5.00000000000000E-004;0E+000,3.00000000000000E+000;0E+000,1.69759663282162E-313;0E+000,-7.20179920601764E+002;2.27373675443232E-013,OK,3.02185211930090E-001;2.77555756156289E-016,OK,3.02185211930092E-001;4.44089209850063E-016
gamma,survival,g_landmark_k32,landmark,s0.0005,32,1.06099789548264E-314;0E+000,5.00000000000000E-004;0E+000,1.00000000000000E+000;0E+000,1.06099789548264E-314;0E+000,-7.22952509324023E+002;1.13686837721616E-013,OK,3.03151918411241E-001;-3.33066907387547E-016,OK,3.03151918411216E-001;-2.77555756156289E-016
gamma,survival,g_s13_k32,transform_stress,s0.0005,32,3.18299368694197E-314;0E+000,5.00000000000000E-004;0E+000,3.00000000000000E+000;0E+000,1.06099789548264E-314;0E+000,-7.22952509323868E+002;1.13686837721616E-013,OK,3.03151918411241E-001;-3.33066907387547E-016,OK,3.03151918411162E-001;-2.77555756156289E-016
gamma,survival,g_s12_k32,transform_stress,s0.0005,32,2.12199579145934E-314;0E+000,5.00000000000000E-004;0E+000,2.00000000000000E+000;0E+000,1.06099789548264E-314;0E+000,-7.22952509323790E+002;-1.13686837721616E-013,OK,3.03151918411241E-001;-3.33066907387547E-016,OK,3.03151918411135E-001;-3.88578058618805E-016
gamma,survival,g_s23_k32,transform_stress,s0.0005,32,3.18299368743604E-314;0E+000,5.00000000000000E-004;0E+000,3.00000000000000E+000;0E+000,1.06099789597670E-314;0E+000,-7.22952509323713E+002;4.54747350886464E-013,OK,3.03151918411082E-001;1.11022302462516E-016,OK,3.03151918411108E-001;-3.88578058618805E-016
gamma,survival,g_landmark_k28,landmark,s0.0005,28,6.63123684676648E-316;0E+000,5.00000000000000E-004;0E+000,1.00000000000000E+000;0E+000,6.63123684676648E-316;0E+000,-7.25725098046263E+002;3.41060513164848E-013,OK,3.04117285681053E-001;2.22044604925031E-016,OK,3.04117285681074E-001;-3.33066907387547E-016
gamma,survival,g_s13_k28,transform_stress,s0.0005,28,1.98937105897060E-315;0E+000,5.00000000000000E-004;0E+000,3.00000000000000E+000;0E+000,6.63123684676648E-316;0E+000,-7.25725098043779E+002;-2.27373675443232E-013,OK,3.04117285681053E-001;2.22044604925031E-016,OK,3.04117285680210E-001;-4.44089209850063E-016
gamma,survival,g_s12_k28,transform_stress,s0.0005,28,1.32624737429395E-315;0E+000,5.00000000000000E-004;0E+000,2.00000000000000E+000;0E+000,6.63123684676648E-316;0E+000,-7.25725098042537E+002;-4.54747350886464E-013,OK,3.04117285681053E-001;2.22044604925031E-016,OK,3.04117285679777E-001;4.44089209850063E-016
gamma,survival,g_s23_k28,transform_stress,s0.0005,28,1.98937106391126E-315;0E+000,5.00000000000000E-004;0E+000,3.00000000000000E+000;0E+000,6.63123689617304E-316;0E+000,-7.25725098041296E+002;2.27373675443232E-013,OK,3.04117285678522E-001;-3.88578058618805E-016,OK,3.04117285679345E-001;4.44089209850063E-016
gamma,survival,g_landmark_k24,landmark,s0.0005,24,4.14452302922905E-317;0E+000,5.00000000000000E-004;0E+000,1.00000000000000E+000;0E+000,4.14452302922905E-317;0E+000,-7.28497686768502E+002;-4.54747350886464E-013,OK,3.05081315594941E-001;0E+000,OK,3.05081315594928E-001;-3.88578058618805E-016
gamma,survival,g_s13_k24,transform_stress,s0.0005,24,1.24335695817528E-316;0E+000,5.00000000000000E-004;0E+000,3.00000000000000E+000;0E+000,4.14452302922905E-317;0E+000,-7.28497686728766E+002;-1.13686837721616E-013,OK,3.05081315594941E-001;0E+000,OK,3.05081315581121E-001;-1.11022302462516E-016
gamma,survival,g_s12_k24,transform_stress,s0.0005,24,8.28904655252374E-317;0E+000,5.00000000000000E-004;0E+000,2.00000000000000E+000;0E+000,4.14452302922905E-317;0E+000,-7.28497686708898E+002;1.13686837721616E-013,OK,3.05081315594941E-001;0E+000,OK,3.05081315574218E-001;-4.99600361081320E-016
gamma,survival,g_s23_k24,transform_stress,s0.0005,24,1.24335700758184E-316;0E+000,5.00000000000000E-004;0E+000,3.00000000000000E+000;0E+000,4.14452352329469E-317;0E+000,-7.28497686689030E+002;3.41060513164848E-013,OK,3.05081315553543E-001;3.33066907387547E-016,OK,3.05081315567314E-001;1.11022302462516E-016
gamma,survival,g_landmark_k20,landmark,s0.0005,20,2.59032689326815E-318;0E+000,5.00000000000000E-004;0E+000,1.00000000000000E+000;0E+000,2.59032689326815E-318;0E+000,-7.31270275490742E+002;-2.27373675443232E-013,OK,3.06044010005430E-001;4.44089209850063E-016,OK,3.06044010005462E-001;3.88578058618805E-016
gamma,survival,g_s13_k20,transform_stress,s0.0005,20,7.77098562046092E-318;0E+000,5.00000000000000E-004;0E+000,3.00000000000000E+000;0E+000,2.59032689326815E-318;0E+000,-7.31270274854960E+002;3.41060513164848E-013,OK,3.06044010005430E-001;4.44089209850063E-016,OK,3.06044009784860E-001;-1.66533453693773E-016
gamma,survival,g_s12_k20,transform_stress,s0.0005,20,5.18065872719277E-318;0E+000,5.00000000000000E-004;0E+000,2.00000000000000E+000;0E+000,2.59032689326815E-318;0E+000,-7.31270274537068E+002;-4.54747350886464E-013,OK,3.06044010005430E-001;4.44089209850063E-016,OK,3.06044009674559E-001;-4.99600361081320E-016
gamma,survival,g_s23_k20,transform_stress,s0.0005,20,7.77099056111738E-318;0E+000,5.00000000000000E-004;0E+000,3.00000000000000E+000;0E+000,2.59033183392461E-318;0E+000,-7.31270274219177E+002;-3.41060513164848E-013,OK,3.06044009343670E-001;4.99600361081320E-016,OK,3.06044009564257E-001;3.88578058618805E-016
gamma,survival,g_landmark_k16,landmark,s0.0005,16,1.61895430829260E-319;0E+000,5.00000000000000E-004;0E+000,1.00000000000000E+000;0E+000,1.61895430829260E-319;0E+000,-7.34042864212982E+002;-1.13686837721616E-013,OK,3.07005370762798E-001;-3.33066907387547E-016,OK,3.07005370762796E-001;-1.66533453693773E-016
gamma,survival,g_s13_k16,transform_stress,s0.0005,16,4.85691233144237E-319;0E+000,5.00000000000000E-004;0E+000,3.00000000000000E+000;0E+000,1.61895430829260E-319;0E+000,-7.34042854040508E+002;2.27373675443232E-013,OK,3.07005370762798E-001;-3.33066907387547E-016,OK,3.07005367238061E-001;-1.11022302462516E-016
gamma,survival,g_s12_k16,transform_stress,s0.0005,16,3.23795802314978E-319;0E+000,5.00000000000000E-004;0E+000,2.00000000000000E+000;0E+000,1.61895430829260E-319;0E+000,-7.34042848954309E+002;-4.54747350886464E-013,OK,3.07005370762798E-001;-3.33066907387547E-016,OK,3.07005365475707E-001;-2.22044604925031E-016
gamma,survival,g_s23_k16,transform_stress,s0.0005,16,4.85696173800696E-319;0E+000,5.00000000000000E-004;0E+000,3.00000000000000E+000;0E+000,1.61900371485718E-319;0E+000,-7.34042843868137E+002;0E+000,OK,3.07005360188675E-001;-1.66533453693773E-016,OK,3.07005363713362E-001;-3.33066907387547E-016
gamma,survival,g_landmark_k12,landmark,s0.0005,12,1.01184644268287E-320;0E+000,5.00000000000000E-004;0E+000,1.00000000000000E+000;0E+000,1.01184644268287E-320;0E+000,-7.36815452935222E+002;1.13686837721616E-013,OK,3.07965399714518E-001;4.44089209850063E-016,OK,3.07965399714483E-001;5.55111512312578E-017
gamma,survival,g_s13_k12,transform_stress,s0.0005,12,3.03603339369446E-320;0E+000,5.00000000000000E-004;0E+000,3.00000000000000E+000;0E+000,1.01184644268287E-320;0E+000,-7.36815290188049E+002;-3.41060513164848E-013,OK,3.07965399714518E-001;4.44089209850063E-016,OK,3.07965343401144E-001;-4.99600361081320E-016
gamma,survival,g_s12_k12,transform_stress,s0.0005,12,2.02418695101159E-320;0E+000,5.00000000000000E-004;0E+000,2.00000000000000E+000;0E+000,1.01184644268287E-320;0E+000,-7.36815208824394E+002;-3.41060513164848E-013,OK,3.07965399714518E-001;4.44089209850063E-016,OK,3.07965315247908E-001;4.44089209850063E-016
gamma,survival,g_s23_k12,transform_stress,s0.0005,12,3.03652745934030E-320;0E+000,5.00000000000000E-004;0E+000,3.00000000000000E+000;0E+000,1.01234050832871E-320;0E+000,-7.36815127467359E+002;0E+000,OK,3.07965230801936E-001;1.66533453693773E-016,OK,3.07965287096963E-001;-2.77555756156289E-016
gamma,survival,g_landmark_k8,landmark,s0.0005,8,6.32404026676796E-322;0E+000,5.00000000000000E-004;0E+000,1.00000000000000E+000;0E+000,6.32404026676796E-322;0E+000,-7.39588041657462E+002;3.41060513164848E-013,OK,3.08924098705510E-001;-1.66533453693773E-016,OK,3.08924098705519E-001;4.44089209850063E-016
gamma,survival,g_s13_k8,transform_stress,s0.0005,8,1.90215273648880E-321;0E+000,5.00000000000000E-004;0E+000,3.00000000000000E+000;0E+000,6.32404026676796E-322;0E+000,-7.39585440875762E+002;3.41060513164848E-013,OK,3.08924098705510E-001;-1.66533453693773E-016,OK,3.08923200036156E-001;4.99600361081320E-016
gamma,survival,g_s12_k8,transform_stress,s0.0005,8,1.26974870981200E-321;0E+000,5.00000000000000E-004;0E+000,2.00000000000000E+000;0E+000,6.32404026676796E-322;0E+000,-7.39584143017046E+002;1.13686837721616E-013,OK,3.08924098705510E-001;-1.66533453693773E-016,OK,3.08922751575987E-001;-5.55111512312578E-017
gamma,survival,g_s23_k8,transform_stress,s0.0005,8,1.90709339294721E-321;0E+000,5.00000000000000E-004;0E+000,3.00000000000000E+000;0E+000,6.37344683135208E-322;0E+000,-7.39582846840585E+002;4.54747350886464E-013,OK,3.08921409675467E-001;-1.11022302462516E-016,OK,3.08922303696811E-001;-3.88578058618805E-016
gamma,survival,g_landmark_k4,landmark,s0.0005,4,3.95252516672997E-323;0E+000,5.00000000000000E-004;0E+000,1.00000000000000E+000;0E+000,3.95252516672997E-323;0E+000,-7.42360630379701E+002;-4.54747350886464E-013,OK,3.09881469578368E-001;4.99600361081320E-016,OK,3.09881469578345E-001;-2.77555756156289E-016
gamma,survival,g_s13_k4,transform_stress,s0.0005,4,1.23516411460312E-322;0E+000,5.00000000000000E-004;0E+000,3.00000000000000E+000;0E+000,3.95252516672997E-323;0E+000,-7.42319808385181E+002;-2.27373675443232E-013,OK,3.09881469578368E-001;4.99600361081320E-016,OK,3.09867383427155E-001;4.44089209850063E-016
gamma,survival,g_s12_k4,transform_stress,s0.0005,4,8.39911597930119E-323;0E+000,5.00000000000000E-004;0E+000,2.00000000000000E+000;0E+000,3.95252516672997E-323;0E+000,-7.42300005757885E+002;0E+000,OK,3.09881469578368E-001;4.99600361081320E-016,OK,3.09860550173831E-001;-1.11022302462516E-016
gamma,survival,g_s23_k4,transform_stress,s0.0005,4,1.28457067918724E-322;0E+000,5.00000000000000E-004;0E+000,3.00000000000000E+000;0E+000,4.44659081257122E-323;0E+000,-7.42280587672028E+002;0E+000,OK,3.09840826253872E-001;-3.33066907387547E-016,OK,3.09853849547758E-001;-3.88578058618805E-016
gamma,survival,g_landmark_k2,landmark,s0.0005,2,9.88131291682493E-324;0E+000,5.00000000000000E-004;0E+000,1.00000000000000E+000;0E+000,9.88131291682493E-324;0E+000,-7.43746924740821E+002;-3.41060513164848E-013,OK,3.10359657545494E-001;-2.22044604925031E-016,OK,3.10359657545492E-001;4.99600361081320E-016
gamma,survival,g_s13_k2,transform_stress,s0.0005,2,3.45845952088873E-323;0E+000,5.00000000000000E-004;0E+000,3.00000000000000E+000;0E+000,9.88131291682493E-324;0E+000,-7.43592774060994E+002;-1.13686837721616E-013,OK,3.10359657545494E-001;-2.22044604925031E-016,OK,3.10306501233186E-001;-4.44089209850063E-016
gamma,survival,g_s12_k2,transform_stress,s0.0005,2,2.47032822920623E-323;0E+000,5.00000000000000E-004;0E+000,2.00000000000000E+000;0E+000,9.88131291682493E-324;0E+000,-7.43523781189507E+002;-1.13686837721616E-013,OK,3.10359657545494E-001;-2.22044604925031E-016,OK,3.10282708855349E-001;-1.11022302462516E-016
gamma,survival,g_s23_k2,transform_stress,s0.0005,2,3.95252516672997E-323;0E+000,5.00000000000000E-004;0E+000,3.00000000000000E+000;0E+000,1.48219693752374E-323;0E+000,-7.43459242668370E+002;4.54747350886464E-013,OK,3.10219830824261E-001;5.55111512312578E-017,OK,3.10260451829255E-001;2.22044604925031E-016
gamma,survival,g_landmark_k1,landmark,s0.0005,1,4.94065645841247E-324;0E+000,5.00000000000000E-004;0E+000,1.00000000000000E+000;0E+000,4.94065645841247E-324;0E+000,-7.44440071921381E+002;-2.27373675443232E-013,OK,3.10598627262281E-001;-3.88578058618805E-016,OK,3.10598627262291E-001;-4.44089209850063E-016
gamma,survival,g_s13_k1,transform_stress,s0.0005,1,1.97626258336499E-323;0E+000,5.00000000000000E-004;0E+000,3.00000000000000E+000;0E+000,4.94065645841247E-324;0E+000,-7.44152389848929E+002;-4.54747350886464E-013,OK,3.10598627262281E-001;-3.88578058618805E-016,OK,3.10499455922177E-001;2.77555756156289E-016
gamma,survival,g_s12_k1,transform_stress,s0.0005,1,1.48219693752374E-323;0E+000,5.00000000000000E-004;0E+000,2.00000000000000E+000;0E+000,9.88131291682493E-324;0E+000,-7.44034606813273E+002;-1.13686837721616E-013,OK,3.10359657545494E-001;-2.22044604925031E-016,OK,3.10458848992903E-001;0E+000
gamma,survival,g_s23_k1,transform_stress,s0.0005,1,2.47032822920623E-323;0E+000,5.00000000000000E-004;0E+000,3.00000000000000E+000;0E+000,9.88131291682493E-324;0E+000,-7.43929246297615E+002;-3.41060513164848E-013,OK,3.10359657545494E-001;-2.22044604925031E-016,OK,3.10422522830457E-001;-5.55111512312578E-017
gamma,survival,g_underflow_minsub,underflow,s0.0005,0,4.94065645841247E-324;0E+000,5.00000000000000E-004;0E+000,4.00000000000000E+000;0E+000,0E+000;0E+000,-7.45826366282501E+002;-1.13686837721616E-013,OK,1.00000000000000E+000;0E+000,OK,3.11076318305852E-001;1.66533453693773E-016
gamma,survival,g_underflow_wide,underflow,s0.0005,0,1.00000000000000E-300;0E+000,5.00000000000000E-004;0E+000,1.00000000000000E+300;0E+000,0E+000;0E+000,-1.38155105579643E+003;2.72848410531878E-012,OK,1.00000000000000E+000;0E+000,OK,4.98668201993634E-001;-1.66533453693773E-016
gamma,survival,g_underflow_deep,underflow,s0.0005,0,1.00000000000000E-200;0E+000,5.00000000000000E-004;0E+000,1.00000000000000E+200;0E+000,0E+000;0E+000,-9.21034037197618E+002;-3.41060513164848E-013,OK,1.00000000000000E+000;0E+000,OK,3.68860659749325E-001;1.11022302462516E-016
gamma,survival,twin_g_landmark_k8,decimal_twin,s0.0005,8,6.32404026676796E-322;0E+000,5.00000000000000E-004;0E+000,1.00000000000000E+000;0E+000,6.32404026676796E-322;0E+000,-7.39588041657462E+002;3.41060513164848E-013,OK,3.08924098705510E-001;-1.66533453693773E-016,OK,3.08924098705519E-001;4.44089209850063E-016
gamma,survival,twin_g_landmark_k32,decimal_twin,s0.0005,32,1.06099789548264E-314;0E+000,5.00000000000000E-004;0E+000,1.00000000000000E+000;0E+000,1.06099789548264E-314;0E+000,-7.22952509324023E+002;1.13686837721616E-013,OK,3.03151918411241E-001;-3.33066907387547E-016,OK,3.03151918411216E-001;-2.77555756156289E-016
gamma,survival,g_landmark_k52,landmark,s0.001,52,1.11253692925360E-308;4.94065645841247E-324,1.00000000000000E-003;0E+000,1.00000000000000E+000;0E+000,1.11253692925360E-308;4.94065645841247E-324,-7.09089565712824E+002;-1.13686837721616E-013,OK,5.07624268538747E-001;1.11022302462516E-016,OK,5.07624268538714E-001;4.44089209850063E-016
gamma,survival,g_s13_k52,transform_stress,s0.001,52,3.33761078776080E-308;2.47032822920623E-323,1.00000000000000E-003;0E+000,3.00000000000000E+000;0E+000,1.11253692925360E-308;4.94065645841247E-324,-7.09089565712824E+002;-1.13686837721616E-013,OK,5.07624268538747E-001;1.11022302462516E-016,OK,5.07624268538714E-001;4.44089209850063E-016
gamma,survival,g_s12_k52,transform_stress,s0.001,52,2.22507385850720E-308;1.97626258336499E-323,1.00000000000000E-003;0E+000,2.00000000000000E+000;0E+000,1.11253692925360E-308;4.94065645841247E-324,-7.09089565712824E+002;0E+000,OK,5.07624268538747E-001;1.11022302462516E-016,OK,5.07624268538714E-001;4.44089209850063E-016
gamma,survival,g_s23_k52,transform_stress,s0.001,52,3.33761078776080E-308;2.96439387504748E-323,1.00000000000000E-003;0E+000,3.00000000000000E+000;0E+000,1.11253692925360E-308;9.88131291682493E-324,-7.09089565712824E+002;-1.13686837721616E-013,OK,5.07624268538747E-001;1.11022302462516E-016,OK,5.07624268538714E-001;4.44089209850063E-016
gamma,survival,g_landmark_k48,landmark,s0.001,48,6.95335580783500E-310;0E+000,1.00000000000000E-003;0E+000,1.00000000000000E+000;0E+000,6.95335580783500E-310;0E+000,-7.11862154435064E+002;1.13686837721616E-013,OK,5.08987533179496E-001;0E+000,OK,5.08987533179472E-001;-2.22044604925031E-016
gamma,survival,g_s13_k48,transform_stress,s0.001,48,2.08600674235051E-309;-4.94065645841247E-324,1.00000000000000E-003;0E+000,3.00000000000000E+000;0E+000,6.95335580783500E-310;0E+000,-7.11862154435064E+002;1.13686837721616E-013,OK,5.08987533179496E-001;0E+000,OK,5.08987533179472E-001;-2.22044604925031E-016
gamma,survival,g_s12_k48,transform_stress,s0.001,48,1.39067116156701E-309;-4.94065645841247E-324,1.00000000000000E-003;0E+000,2.00000000000000E+000;0E+000,6.95335580783500E-310;0E+000,-7.11862154435064E+002;2.27373675443232E-013,OK,5.08987533179496E-001;0E+000,OK,5.08987533179472E-001;-2.22044604925031E-016
gamma,survival,g_s23_k48,transform_stress,s0.001,48,2.08600674235051E-309;0E+000,1.00000000000000E-003;0E+000,3.00000000000000E+000;0E+000,6.95335580783505E-310;0E+000,-7.11862154435064E+002;1.13686837721616E-013,OK,5.08987533179496E-001;0E+000,OK,5.08987533179472E-001;-2.22044604925031E-016
gamma,survival,g_landmark_k44,landmark,s0.001,44,4.34584737989688E-311;0E+000,1.00000000000000E-003;0E+000,1.00000000000000E+000;0E+000,4.34584737989688E-311;0E+000,-7.14634743157304E+002;3.41060513164848E-013,OK,5.10347023283114E-001;2.22044604925031E-016,OK,5.10347023283098E-001;1.11022302462516E-016
gamma,survival,g_s13_k44,transform_stress,s0.001,44,1.30375421396911E-310;0E+000,1.00000000000000E-003;0E+000,3.00000000000000E+000;0E+000,4.34584737989688E-311;0E+000,-7.14634743157304E+002;3.41060513164848E-013,OK,5.10347023283114E-001;2.22044604925031E-016,OK,5.10347023283098E-001;1.11022302462516E-016
gamma,survival,g_s12_k44,transform_stress,s0.001,44,8.69169475979425E-311;0E+000,1.00000000000000E-003;0E+000,2.00000000000000E+000;0E+000,4.34584737989688E-311;0E+000,-7.14634743157304E+002;4.54747350886464E-013,OK,5.10347023283114E-001;2.22044604925031E-016,OK,5.10347023283098E-001;0E+000
gamma,survival,g_s23_k44,transform_stress,s0.001,44,1.30375421396916E-310;0E+000,1.00000000000000E-003;0E+000,3.00000000000000E+000;0E+000,4.34584737989737E-311;0E+000,-7.14634743157304E+002;4.54747350886464E-013,OK,5.10347023283114E-001;2.22044604925031E-016,OK,5.10347023283098E-001;0E+000
gamma,survival,g_landmark_k40,landmark,s0.001,40,2.71615461243555E-312;0E+000,1.00000000000000E-003;0E+000,1.00000000000000E+000;0E+000,2.71615461243555E-312;0E+000,-7.17407331879543E+002;-4.54747350886464E-013,OK,5.11702749300346E-001;1.11022302462516E-016,OK,5.11702749300338E-001;2.22044604925031E-016
gamma,survival,g_s13_k40,transform_stress,s0.001,40,8.14846383731159E-312;0E+000,1.00000000000000E-003;0E+000,3.00000000000000E+000;0E+000,2.71615461243555E-312;0E+000,-7.17407331879543E+002;1.13686837721616E-013,OK,5.11702749300346E-001;1.11022302462516E-016,OK,5.11702749300338E-001;-1.11022302462516E-016
gamma,survival,g_s12_k40,transform_stress,s0.001,40,5.43230922487604E-312;0E+000,1.00000000000000E-003;0E+000,2.00000000000000E+000;0E+000,2.71615461243555E-312;0E+000,-7.17407331879542E+002;-4.54747350886464E-013,OK,5.11702749300346E-001;1.11022302462516E-016,OK,5.11702749300338E-001;-3.33066907387547E-016
gamma,survival,g_s23_k40,transform_stress,s0.001,40,8.14846383731653E-312;0E+000,1.00000000000000E-003;0E+000,3.00000000000000E+000;0E+000,2.71615461244049E-312;0E+000,-7.17407331879542E+002;-2.27373675443232E-013,OK,5.11702749300346E-001;1.11022302462516E-016,OK,5.11702749300338E-001;-3.33066907387547E-016
gamma,survival,g_landmark_k36,landmark,s0.001,36,1.69759663277222E-313;0E+000,1.00000000000000E-003;0E+000,1.00000000000000E+000;0E+000,1.69759663277222E-313;0E+000,-7.20179920601783E+002;-1.13686837721616E-013,OK,5.13054721653001E-001;-2.22044604925031E-016,OK,5.13054721653001E-001;0E+000
gamma,survival,g_s13_k36,transform_stress,s0.001,36,5.09278989836606E-313;0E+000,1.00000000000000E-003;0E+000,3.00000000000000E+000;0E+000,1.69759663277222E-313;0E+000,-7.20179920601774E+002;4.54747350886464E-013,OK,5.13054721653001E-001;-2.22044604925031E-016,OK,5.13054721652996E-001;3.33066907387547E-016
gamma,survival,g_s12_k36,transform_stress,s0.001,36,3.39519326559384E-313;0E+000,1.00000000000000E-003;0E+000,2.00000000000000E+000;0E+000,1.69759663277222E-313;0E+000,-7.20179920601769E+002;4.54747350886464E-013,OK,5.13054721653001E-001;-2.22044604925031E-016,OK,5.13054721652994E-001;-1.11022302462516E-016
gamma,survival,g_s23_k36,transform_stress,s0.001,36,5.09278989841547E-313;0E+000,1.00000000000000E-003;0E+000,3.00000000000000E+000;0E+000,1.69759663282162E-313;0E+000,-7.20179920601764E+002;2.27373675443232E-013,OK,5.13054721653001E-001;-2.22044604925031E-016,OK,5.13054721652992E-001;-4.44089209850063E-016
gamma,survival,g_landmark_k32,landmark,s0.001,32,1.06099789548264E-314;0E+000,1.00000000000000E-003;0E+000,1.00000000000000E+000;0E+000,1.06099789548264E-314;0E+000,-7.22952509324023E+002;1.13686837721616E-013,OK,5.14402950734032E-001;2.22044604925031E-016,OK,5.14402950734040E-001;4.44089209850063E-016
gamma,survival,g_s13_k32,transform_stress,s0.001,32,3.18299368694197E-314;0E+000,1.00000000000000E-003;0E+000,3.00000000000000E+000;0E+000,1.06099789548264E-314;0E+000,-7.22952509323868E+002;1.13686837721616E-013,OK,5.14402950734032E-001;2.22044604925031E-016,OK,5.14402950733965E-001;1.11022302462516E-016
gamma,survival,g_s12_k32,transform_stress,s0.001,32,2.12199579145934E-314;0E+000,1.00000000000000E-003;0E+000,2.00000000000000E+000;0E+000,1.06099789548264E-314;0E+000,-7.22952509323790E+002;-1.13686837721616E-013,OK,5.14402950734032E-001;2.22044604925031E-016,OK,5.14402950733927E-001;4.44089209850063E-016
gamma,survival,g_s23_k32,transform_stress,s0.001,32,3.18299368743604E-314;0E+000,1.00000000000000E-003;0E+000,3.00000000000000E+000;0E+000,1.06099789597670E-314;0E+000,-7.22952509323713E+002;4.54747350886464E-013,OK,5.14402950733811E-001;3.33066907387547E-016,OK,5.14402950733890E-001;-3.33066907387547E-016
gamma,survival,g_landmark_k28,landmark,s0.001,28,6.63123684676648E-316;0E+000,1.00000000000000E-003;0E+000,1.00000000000000E+000;0E+000,6.63123684676648E-316;0E+000,-7.25725098046263E+002;3.41060513164848E-013,OK,5.15747446907618E-001;4.44089209850063E-016,OK,5.15747446907635E-001;-3.33066907387547E-016
gamma,survival,g_s13_k28,transform_stress,s0.001,28,1.98937105897060E-315;0E+000,1.00000000000000E-003;0E+000,3.00000000000000E+000;0E+000,6.63123684676648E-316;0E+000,-7.25725098043779E+002;-2.27373675443232E-013,OK,5.15747446907618E-001;4.44089209850063E-016,OK,5.15747446906432E-001;-1.11022302462516E-016
gamma,survival,g_s12_k28,transform_stress,s0.001,28,1.32624737429395E-315;0E+000,1.00000000000000E-003;0E+000,2.00000000000000E+000;0E+000,6.63123684676648E-316;0E+000,-7.25725098042537E+002;-4.54747350886464E-013,OK,5.15747446907618E-001;4.44089209850063E-016,OK,5.15747446905831E-001;-3.33066907387547E-016
gamma,survival,g_s23_k28,transform_stress,s0.001,28,1.98937106391126E-315;0E+000,1.00000000000000E-003;0E+000,3.00000000000000E+000;0E+000,6.63123689617304E-316;0E+000,-7.25725098041296E+002;2.27373675443232E-013,OK,5.15747446904040E-001;0E+000,OK,5.15747446905229E-001;3.33066907387547E-016
gamma,survival,g_landmark_k24,landmark,s0.001,24,4.14452302922905E-317;0E+000,1.00000000000000E-003;0E+000,1.00000000000000E+000;0E+000,4.14452302922905E-317;0E+000,-7.28497686768502E+002;-4.54747350886464E-013,OK,5.17088220509297E-001;-3.33066907387547E-016,OK,5.17088220509266E-001;0E+000
gamma,survival,g_s13_k24,transform_stress,s0.001,24,1.24335695817528E-316;0E+000,1.00000000000000E-003;0E+000,3.00000000000000E+000;0E+000,4.14452302922905E-317;0E+000,-7.28497686728766E+002;-1.13686837721616E-013,OK,5.17088220509297E-001;-3.33066907387547E-016,OK,5.17088220490077E-001;-1.11022302462516E-016
gamma,survival,g_s12_k24,transform_stress,s0.001,24,8.28904655252374E-317;0E+000,1.00000000000000E-003;0E+000,2.00000000000000E+000;0E+000,4.14452302922905E-317;0E+000,-7.28497686708898E+002;1.13686837721616E-013,OK,5.17088220509297E-001;-3.33066907387547E-016,OK,5.17088220480482E-001;2.22044604925031E-016
gamma,survival,g_s23_k24,transform_stress,s0.001,24,1.24335700758184E-316;0E+000,1.00000000000000E-003;0E+000,3.00000000000000E+000;0E+000,4.14452352329469E-317;0E+000,-7.28497686689030E+002;3.41060513164848E-013,OK,5.17088220451706E-001;-2.22044604925031E-016,OK,5.17088220470888E-001;-3.33066907387547E-016
gamma,survival,g_landmark_k20,landmark,s0.001,20,2.59032689326815E-318;0E+000,1.00000000000000E-003;0E+000,1.00000000000000E+000;0E+000,2.59032689326815E-318;0E+000,-7.31270275490742E+002;-2.27373675443232E-013,OK,5.18425281845823E-001;2.22044604925031E-016,OK,5.18425281845801E-001;-3.33066907387547E-016
gamma,survival,g_s13_k20,transform_stress,s0.001,20,7.77098562046092E-318;0E+000,1.00000000000000E-003;0E+000,3.00000000000000E+000;0E+000,2.59032689326815E-318;0E+000,-7.31270274854960E+002;3.41060513164848E-013,OK,5.18425281845823E-001;2.22044604925031E-016,OK,5.18425281539624E-001;-1.11022302462516E-016
gamma,survival,g_s12_k20,transform_stress,s0.001,20,5.18065872719277E-318;0E+000,1.00000000000000E-003;0E+000,2.00000000000000E+000;0E+000,2.59032689326815E-318;0E+000,-7.31270274537068E+002;-4.54747350886464E-013,OK,5.18425281845823E-001;2.22044604925031E-016,OK,5.18425281386535E-001;4.44089209850063E-016
gamma,survival,g_s23_k20,transform_stress,s0.001,20,7.77099056111738E-318;0E+000,1.00000000000000E-003;0E+000,3.00000000000000E+000;0E+000,2.59033183392461E-318;0E+000,-7.31270274219177E+002;-3.41060513164848E-013,OK,5.18425280927250E-001;-4.44089209850063E-016,OK,5.18425281233447E-001;1.11022302462516E-016
gamma,survival,g_landmark_k16,landmark,s0.001,16,1.61895430829260E-319;0E+000,1.00000000000000E-003;0E+000,1.00000000000000E+000;0E+000,1.61895430829260E-319;0E+000,-7.34042864212982E+002;-1.13686837721616E-013,OK,5.19758641195582E-001;2.22044604925031E-016,OK,5.19758641195568E-001;-3.33066907387547E-016
gamma,survival,g_s13_k16,transform_stress,s0.001,16,4.85691233144237E-319;0E+000,1.00000000000000E-003;0E+000,3.00000000000000E+000;0E+000,1.61895430829260E-319;0E+000,-7.34042854040508E+002;2.27373675443232E-013,OK,5.19758641195582E-001;2.22044604925031E-016,OK,5.19758636310325E-001;-3.33066907387547E-016
gamma,survival,g_s12_k16,transform_stress,s0.001,16,3.23795802314978E-319;0E+000,1.00000000000000E-003;0E+000,2.00000000000000E+000;0E+000,1.61895430829260E-319;0E+000,-7.34042848954309E+002;-4.54747350886464E-013,OK,5.19758641195582E-001;2.22044604925031E-016,OK,5.19758633867722E-001;-2.22044604925031E-016
gamma,survival,g_s23_k16,transform_stress,s0.001,16,4.85696173800696E-319;0E+000,1.00000000000000E-003;0E+000,3.00000000000000E+000;0E+000,1.61900371485718E-319;0E+000,-7.34042843868137E+002;0E+000,OK,5.19758626539968E-001;-4.44089209850063E-016,OK,5.19758631425131E-001;4.44089209850063E-016
gamma,survival,g_landmark_k12,landmark,s0.001,12,1.01184644268287E-320;0E+000,1.00000000000000E-003;0E+000,1.00000000000000E+000;0E+000,1.01184644268287E-320;0E+000,-7.36815452935222E+002;1.13686837721616E-013,OK,5.21088308808444E-001;3.33066907387547E-016,OK,5.21088308808438E-001;-3.33066907387547E-016
gamma,survival,g_s13_k12,transform_stress,s0.001,12,3.03603339369446E-320;0E+000,1.00000000000000E-003;0E+000,3.00000000000000E+000;0E+000,1.01184644268287E-320;0E+000,-7.36815290188049E+002;-3.41060513164848E-013,OK,5.21088308808444E-001;3.33066907387547E-016,OK,5.21088230866908E-001;-2.22044604925031E-016
gamma,survival,g_s12_k12,transform_stress,s0.001,12,2.02418695101159E-320;0E+000,1.00000000000000E-003;0E+000,2.00000000000000E+000;0E+000,1.01184644268287E-320;0E+000,-7.36815208824394E+002;-3.41060513164848E-013,OK,5.21088308808444E-001;3.33066907387547E-016,OK,5.21088191900894E-001;2.22044604925031E-016
gamma,survival,g_s23_k12,transform_stress,s0.001,12,3.03652745934030E-320;0E+000,1.00000000000000E-003;0E+000,3.00000000000000E+000;0E+000,1.01234050832871E-320;0E+000,-7.36815127467359E+002;0E+000,OK,5.21088075021864E-001;-4.44089209850063E-016,OK,5.21088152938048E-001;-2.22044604925031E-016
gamma,survival,g_landmark_k8,landmark,s0.001,8,6.32404026676796E-322;0E+000,1.00000000000000E-003;0E+000,1.00000000000000E+000;0E+000,6.32404026676796E-322;0E+000,-7.39588041657462E+002;3.41060513164848E-013,OK,5.22414294905901E-001;2.22044604925031E-016,OK,5.22414294905903E-001;-4.44089209850063E-016
gamma,survival,g_s13_k8,transform_stress,s0.001,8,1.90215273648880E-321;0E+000,1.00000000000000E-003;0E+000,3.00000000000000E+000;0E+000,6.32404026676796E-322;0E+000,-7.39585440875762E+002;3.41060513164848E-013,OK,5.22414294905901E-001;2.22044604925031E-016,OK,5.22413052808125E-001;2.22044604925031E-016
gamma,survival,g_s12_k8,transform_stress,s0.001,8,1.26974870981200E-321;0E+000,1.00000000000000E-003;0E+000,2.00000000000000E+000;0E+000,6.32404026676796E-322;0E+000,-7.39584143017046E+002;1.13686837721616E-013,OK,5.22414294905901E-001;2.22044604925031E-016,OK,5.22412432967341E-001;2.22044604925031E-016
gamma,survival,g_s23_k8,transform_stress,s0.001,8,1.90709339294721E-321;0E+000,1.00000000000000E-003;0E+000,3.00000000000000E+000;0E+000,6.37344683135208E-322;0E+000,-7.39582846840585E+002;4.54747350886464E-013,OK,5.22410578252422E-001;2.22044604925031E-016,OK,5.22411813929177E-001;3.33066907387547E-016
gamma,survival,g_landmark_k4,landmark,s0.001,4,3.95252516672997E-323;0E+000,1.00000000000000E-003;0E+000,1.00000000000000E+000;0E+000,3.95252516672997E-323;0E+000,-7.42360630379701E+002;-4.54747350886464E-013,OK,5.23736609681143E-001;4.44089209850063E-016,OK,5.23736609681153E-001;-4.44089209850063E-016
gamma,survival,g_s13_k4,transform_stress,s0.001,4,1.23516411460312E-322;0E+000,1.00000000000000E-003;0E+000,3.00000000000000E+000;0E+000,3.95252516672997E-323;0E+000,-7.42319808385181E+002;-2.27373675443232E-013,OK,5.23736609681143E-001;4.44089209850063E-016,OK,5.23717167262806E-001;4.44089209850063E-016
gamma,survival,g_s12_k4,transform_stress,s0.001,4,8.39911597930119E-323;0E+000,1.00000000000000E-003;0E+000,2.00000000000000E+000;0E+000,3.95252516672997E-323;0E+000,-7.42300005757885E+002;0E+000,OK,5.23736609681143E-001;4.44089209850063E-016,OK,5.23707735517996E-001;-2.22044604925031E-016
gamma,survival,g_s23_k4,transform_stress,s0.001,4,1.28457067918724E-322;0E+000,1.00000000000000E-003;0E+000,3.00000000000000E+000;0E+000,4.44659081257122E-323;0E+000,-7.42280587672028E+002;0E+000,OK,5.23680510629570E-001;1.11022302462516E-016,OK,5.23698486744115E-001;-3.33066907387547E-016
gamma,survival,g_landmark_k2,landmark,s0.001,2,9.88131291682493E-324;0E+000,1.00000000000000E-003;0E+000,1.00000000000000E+000;0E+000,9.88131291682493E-324;0E+000,-7.43746924740821E+002;-3.41060513164848E-013,OK,5.24396393500614E-001;2.22044604925031E-016,OK,5.24396393500600E-001;3.33066907387547E-016
gamma,survival,g_s13_k2,transform_stress,s0.001,2,3.45845952088873E-323;0E+000,1.00000000000000E-003;0E+000,3.00000000000000E+000;0E+000,9.88131291682493E-324;0E+000,-7.43592774060994E+002;-1.13686837721616E-013,OK,5.24396393500614E-001;2.22044604925031E-016,OK,5.24323073230291E-001;-4.44089209850063E-016
gamma,survival,g_s12_k2,transform_stress,s0.001,2,2.47032822920623E-323;0E+000,1.00000000000000E-003;0E+000,2.00000000000000E+000;0E+000,9.88131291682493E-324;0E+000,-7.43523781189507E+002;-1.13686837721616E-013,OK,5.24396393500614E-001;2.22044604925031E-016,OK,5.24290253781072E-001;-3.33066907387547E-016
gamma,survival,g_s23_k2,transform_stress,s0.001,2,3.95252516672997E-323;0E+000,1.00000000000000E-003;0E+000,3.00000000000000E+000;0E+000,1.48219693752374E-323;0E+000,-7.43459242668370E+002;4.54747350886464E-013,OK,5.24203513732532E-001;3.33066907387547E-016,OK,5.24259551186821E-001;-3.33066907387547E-016
gamma,survival,g_landmark_k1,landmark,s0.001,1,4.94065645841247E-324;0E+000,1.00000000000000E-003;0E+000,1.00000000000000E+000;0E+000,4.94065645841247E-324;0E+000,-7.44440071921381E+002;-2.27373675443232E-013,OK,5.24725942573308E-001;2.22044604925031E-016,OK,5.24725942573310E-001;-2.22044604925031E-016
gamma,survival,g_s13_k1,transform_stress,s0.001,1,1.97626258336499E-323;0E+000,1.00000000000000E-003;0E+000,3.00000000000000E+000;0E+000,4.94065645841247E-324;0E+000,-7.44152389848929E+002;-4.54747350886464E-013,OK,5.24725942573308E-001;2.22044604925031E-016,OK,5.24589195078529E-001;-4.44089209850063E-016
gamma,survival,g_s12_k1,transform_stress,s0.001,1,1.48219693752374E-323;0E+000,1.00000000000000E-003;0E+000,2.00000000000000E+000;0E+000,9.88131291682493E-324;0E+000,-7.44034606813273E+002;-1.13686837721616E-013,OK,5.24396393500614E-001;2.22044604925031E-016,OK,5.24533196452962E-001;-4.44089209850063E-016
gamma,survival,g_s23_k1,transform_stress,s0.001,1,2.47032822920623E-323;0E+000,1.00000000000000E-003;0E+000,3.00000000000000E+000;0E+000,9.88131291682493E-324;0E+000,-7.43929246297615E+002;-3.41060513164848E-013,OK,5.24396393500614E-001;2.22044604925031E-016,OK,5.24483098386229E-001;1.11022302462516E-016
gamma,survival,g_underflow_minsub,underflow,s0.001,0,4.94065645841247E-324;0E+000,1.00000000000000E-003;0E+000,4.00000000000000E+000;0E+000,0E+000;0E+000,-7.45826366282501E+002;-1.13686837721616E-013,OK,1.00000000000000E+000;0E+000,OK,5.25384355836364E-001;4.44089209850063E-016
gamma,survival,g_underflow_wide,underflow,s0.001,0,1.00000000000000E-300;0E+000,1.00000000000000E-003;0E+000,1.00000000000000E+300;0E+000,0E+000;0E+000,-1.38155105579643E+003;2.72848410531878E-012,OK,1.00000000000000E+000;0E+000,OK,7.48666531589002E-001;-4.44089209850063E-016
gamma,survival,g_underflow_deep,underflow,s0.001,0,1.00000000000000E-200;0E+000,1.00000000000000E-003;0E+000,1.00000000000000E+200;0E+000,0E+000;0E+000,-9.21034037197618E+002;-3.41060513164848E-013,OK,1.00000000000000E+000;0E+000,OK,6.01663296877768E-001;1.11022302462516E-016
gamma,survival,twin_g_landmark_k8,decimal_twin,s0.001,8,6.32404026676796E-322;0E+000,1.00000000000000E-003;0E+000,1.00000000000000E+000;0E+000,6.32404026676796E-322;0E+000,-7.39588041657462E+002;3.41060513164848E-013,OK,5.22414294905901E-001;2.22044604925031E-016,OK,5.22414294905903E-001;-4.44089209850063E-016
gamma,survival,twin_g_landmark_k32,decimal_twin,s0.001,32,1.06099789548264E-314;0E+000,1.00000000000000E-003;0E+000,1.00000000000000E+000;0E+000,1.06099789548264E-314;0E+000,-7.22952509324023E+002;1.13686837721616E-013,OK,5.14402950734032E-001;2.22044604925031E-016,OK,5.14402950734040E-001;4.44089209850063E-016
gamma,survival,g_landmark_k52,landmark,s0.002,52,1.11253692925360E-308;4.94065645841247E-324,2.00000000000000E-003;0E+000,1.00000000000000E+000;0E+000,1.11253692925360E-308;4.94065645841247E-324,-7.09089565712824E+002;-1.13686837721616E-013,OK,7.57566537273442E-001;3.33066907387547E-016,OK,7.57566537273432E-001;1.11022302462516E-016
gamma,survival,g_s13_k52,transform_stress,s0.002,52,3.33761078776080E-308;2.47032822920623E-323,2.00000000000000E-003;0E+000,3.00000000000000E+000;0E+000,1.11253692925360E-308;4.94065645841247E-324,-7.09089565712824E+002;-1.13686837721616E-013,OK,7.57566537273442E-001;3.33066907387547E-016,OK,7.57566537273432E-001;1.11022302462516E-016
gamma,survival,g_s12_k52,transform_stress,s0.002,52,2.22507385850720E-308;1.97626258336499E-323,2.00000000000000E-003;0E+000,2.00000000000000E+000;0E+000,1.11253692925360E-308;4.94065645841247E-324,-7.09089565712824E+002;0E+000,OK,7.57566537273442E-001;3.33066907387547E-016,OK,7.57566537273432E-001;0E+000
gamma,survival,g_s23_k52,transform_stress,s0.002,52,3.33761078776080E-308;2.96439387504748E-323,2.00000000000000E-003;0E+000,3.00000000000000E+000;0E+000,1.11253692925360E-308;9.88131291682493E-324,-7.09089565712824E+002;-1.13686837721616E-013,OK,7.57566537273442E-001;3.33066907387547E-016,OK,7.57566537273432E-001;1.11022302462516E-016
gamma,survival,g_landmark_k48,landmark,s0.002,48,6.95335580783500E-310;0E+000,2.00000000000000E-003;0E+000,1.00000000000000E+000;0E+000,6.95335580783500E-310;0E+000,-7.11862154435064E+002;1.13686837721616E-013,OK,7.58907153430281E-001;-2.22044604925031E-016,OK,7.58907153430279E-001;-4.44089209850063E-016
gamma,survival,g_s13_k48,transform_stress,s0.002,48,2.08600674235051E-309;-4.94065645841247E-324,2.00000000000000E-003;0E+000,3.00000000000000E+000;0E+000,6.95335580783500E-310;0E+000,-7.11862154435064E+002;1.13686837721616E-013,OK,7.58907153430281E-001;-2.22044604925031E-016,OK,7.58907153430279E-001;-4.44089209850063E-016
gamma,survival,g_s12_k48,transform_stress,s0.002,48,1.39067116156701E-309;-4.94065645841247E-324,2.00000000000000E-003;0E+000,2.00000000000000E+000;0E+000,6.95335580783500E-310;0E+000,-7.11862154435064E+002;2.27373675443232E-013,OK,7.58907153430281E-001;-2.22044604925031E-016,OK,7.58907153430279E-001;-4.44089209850063E-016
gamma,survival,g_s23_k48,transform_stress,s0.002,48,2.08600674235051E-309;0E+000,2.00000000000000E-003;0E+000,3.00000000000000E+000;0E+000,6.95335580783505E-310;0E+000,-7.11862154435064E+002;1.13686837721616E-013,OK,7.58907153430281E-001;-2.22044604925031E-016,OK,7.58907153430279E-001;-4.44089209850063E-016
gamma,survival,g_landmark_k44,landmark,s0.002,44,4.34584737989688E-311;0E+000,2.00000000000000E-003;0E+000,1.00000000000000E+000;0E+000,4.34584737989688E-311;0E+000,-7.14634743157304E+002;3.41060513164848E-013,OK,7.60240356205898E-001;-1.11022302462516E-016,OK,7.60240356205904E-001;-2.22044604925031E-016
gamma,survival,g_s13_k44,transform_stress,s0.002,44,1.30375421396911E-310;0E+000,2.00000000000000E-003;0E+000,3.00000000000000E+000;0E+000,4.34584737989688E-311;0E+000,-7.14634743157304E+002;3.41060513164848E-013,OK,7.60240356205898E-001;-1.11022302462516E-016,OK,7.60240356205904E-001;-2.22044604925031E-016
gamma,survival,g_s12_k44,transform_stress,s0.002,44,8.69169475979425E-311;0E+000,2.00000000000000E-003;0E+000,2.00000000000000E+000;0E+000,4.34584737989688E-311;0E+000,-7.14634743157304E+002;4.54747350886464E-013,OK,7.60240356205898E-001;-1.11022302462516E-016,OK,7.60240356205904E-001;-3.33066907387547E-016
gamma,survival,g_s23_k44,transform_stress,s0.002,44,1.30375421396916E-310;0E+000,2.00000000000000E-003;0E+000,3.00000000000000E+000;0E+000,4.34584737989737E-311;0E+000,-7.14634743157304E+002;4.54747350886464E-013,OK,7.60240356205898E-001;-1.11022302462516E-016,OK,7.60240356205904E-001;-3.33066907387547E-016
gamma,survival,g_landmark_k40,landmark,s0.002,40,2.71615461243555E-312;0E+000,2.00000000000000E-003;0E+000,1.00000000000000E+000;0E+000,2.71615461243555E-312;0E+000,-7.17407331879543E+002;-4.54747350886464E-013,OK,7.61566186595069E-001;-2.22044604925031E-016,OK,7.61566186595055E-001;3.33066907387547E-016
gamma,survival,g_s13_k40,transform_stress,s0.002,40,8.14846383731159E-312;0E+000,2.00000000000000E-003;0E+000,3.00000000000000E+000;0E+000,2.71615461243555E-312;0E+000,-7.17407331879543E+002;1.13686837721616E-013,OK,7.61566186595069E-001;-2.22044604925031E-016,OK,7.61566186595055E-001;1.11022302462516E-016
gamma,survival,g_s12_k40,transform_stress,s0.002,40,5.43230922487604E-312;0E+000,2.00000000000000E-003;0E+000,2.00000000000000E+000;0E+000,2.71615461243555E-312;0E+000,-7.17407331879542E+002;-4.54747350886464E-013,OK,7.61566186595069E-001;-2.22044604925031E-016,OK,7.61566186595055E-001;-2.22044604925031E-016
gamma,survival,g_s23_k40,transform_stress,s0.002,40,8.14846383731653E-312;0E+000,2.00000000000000E-003;0E+000,3.00000000000000E+000;0E+000,2.71615461244049E-312;0E+000,-7.17407331879542E+002;-2.27373675443232E-013,OK,7.61566186595069E-001;-2.22044604925031E-016,OK,7.61566186595055E-001;-3.33066907387547E-016
gamma,survival,g_landmark_k36,landmark,s0.002,36,1.69759663277222E-313;0E+000,2.00000000000000E-003;0E+000,1.00000000000000E+000;0E+000,1.69759663277222E-313;0E+000,-7.20179920601783E+002;-1.13686837721616E-013,OK,7.62884685365792E-001;4.44089209850063E-016,OK,7.62884685365787E-001;-1.11022302462516E-016
gamma,survival,g_s13_k36,transform_stress,s0.002,36,5.09278989836606E-313;0E+000,2.00000000000000E-003;0E+000,3.00000000000000E+000;0E+000,1.69759663277222E-313;0E+000,-7.20179920601774E+002;4.54747350886464E-013,OK,7.62884685365792E-001;4.44089209850063E-016,OK,7.62884685365782E-001;3.33066907387547E-016
gamma,survival,g_s12_k36,transform_stress,s0.002,36,3.39519326559384E-313;0E+000,2.00000000000000E-003;0E+000,2.00000000000000E+000;0E+000,1.69759663277222E-313;0E+000,-7.20179920601769E+002;4.54747350886464E-013,OK,7.62884685365792E-001;4.44089209850063E-016,OK,7.62884685365780E-001;0E+000
gamma,survival,g_s23_k36,transform_stress,s0.002,36,5.09278989841547E-313;0E+000,2.00000000000000E-003;0E+000,3.00000000000000E+000;0E+000,1.69759663282162E-313;0E+000,-7.20179920601764E+002;2.27373675443232E-013,OK,7.62884685365765E-001;4.44089209850063E-016,OK,7.62884685365778E-001;-3.33066907387547E-016
gamma,survival,g_landmark_k32,landmark,s0.002,32,1.06099789548264E-314;0E+000,2.00000000000000E-003;0E+000,1.00000000000000E+000;0E+000,1.06099789548264E-314;0E+000,-7.22952509324023E+002;1.13686837721616E-013,OK,7.64195893060709E-001;4.44089209850063E-016,OK,7.64195893060712E-001;-2.22044604925031E-016
gamma,survival,g_s13_k32,transform_stress,s0.002,32,3.18299368694197E-314;0E+000,2.00000000000000E-003;0E+000,3.00000000000000E+000;0E+000,1.06099789548264E-314;0E+000,-7.22952509323868E+002;1.13686837721616E-013,OK,7.64195893060709E-001;4.44089209850063E-016,OK,7.64195893060639E-001;-2.22044604925031E-016
gamma,survival,g_s12_k32,transform_stress,s0.002,32,2.12199579145934E-314;0E+000,2.00000000000000E-003;0E+000,2.00000000000000E+000;0E+000,1.06099789548264E-314;0E+000,-7.22952509323790E+002;-1.13686837721616E-013,OK,7.64195893060709E-001;4.44089209850063E-016,OK,7.64195893060602E-001;0E+000
gamma,survival,g_s23_k32,transform_stress,s0.002,32,3.18299368743604E-314;0E+000,2.00000000000000E-003;0E+000,3.00000000000000E+000;0E+000,1.06099789597670E-314;0E+000,-7.22952509323713E+002;4.54747350886464E-013,OK,7.64195893060495E-001;1.11022302462516E-016,OK,7.64195893060565E-001;4.44089209850063E-016
gamma,survival,g_landmark_k28,landmark,s0.002,28,6.63123684676648E-316;0E+000,2.00000000000000E-003;0E+000,1.00000000000000E+000;0E+000,6.63123684676648E-316;0E+000,-7.25725098046263E+002;3.41060513164848E-013,OK,7.65499849998239E-001;3.33066907387547E-016,OK,7.65499849998249E-001;3.33066907387547E-016
gamma,survival,g_s13_k28,transform_stress,s0.002,28,1.98937105897060E-315;0E+000,2.00000000000000E-003;0E+000,3.00000000000000E+000;0E+000,6.63123684676648E-316;0E+000,-7.25725098043779E+002;-2.27373675443232E-013,OK,7.65499849998239E-001;3.33066907387547E-016,OK,7.65499849997085E-001;-3.33066907387547E-016
gamma,survival,g_s12_k28,transform_stress,s0.002,28,1.32624737429395E-315;0E+000,2.00000000000000E-003;0E+000,2.00000000000000E+000;0E+000,6.63123684676648E-316;0E+000,-7.25725098042537E+002;-4.54747350886464E-013,OK,7.65499849998239E-001;3.33066907387547E-016,OK,7.65499849996502E-001;2.22044604925031E-016
gamma,survival,g_s23_k28,transform_stress,s0.002,28,1.98937106391126E-315;0E+000,2.00000000000000E-003;0E+000,3.00000000000000E+000;0E+000,6.63123689617304E-316;0E+000,-7.25725098041296E+002;2.27373675443232E-013,OK,7.65499849994747E-001;0E+000,OK,7.65499849995920E-001;-1.11022302462516E-016
gamma,survival,g_landmark_k24,landmark,s0.002,24,4.14452302922905E-317;0E+000,2.00000000000000E-003;0E+000,1.00000000000000E+000;0E+000,4.14452302922905E-317;0E+000,-7.28497686768502E+002;-4.54747350886464E-013,OK,7.66796596273874E-001;-2.22044604925031E-016,OK,7.66796596273865E-001;0E+000
gamma,survival,g_s13_k24,transform_stress,s0.002,24,1.24335695817528E-316;0E+000,2.00000000000000E-003;0E+000,3.00000000000000E+000;0E+000,4.14452302922905E-317;0E+000,-7.28497686728766E+002;-1.13686837721616E-013,OK,7.66796596273874E-001;-2.22044604925031E-016,OK,7.66796596255332E-001;-3.33066907387547E-016
gamma,survival,g_s12_k24,transform_stress,s0.002,24,8.28904655252374E-317;0E+000,2.00000000000000E-003;0E+000,2.00000000000000E+000;0E+000,4.14452302922905E-317;0E+000,-7.28497686708898E+002;1.13686837721616E-013,OK,7.66796596273874E-001;-2.22044604925031E-016,OK,7.66796596246065E-001;0E+000
gamma,survival,g_s23_k24,transform_stress,s0.002,24,1.24335700758184E-316;0E+000,2.00000000000000E-003;0E+000,3.00000000000000E+000;0E+000,4.14452352329469E-317;0E+000,-7.28497686689030E+002;3.41060513164848E-013,OK,7.66796596218278E-001;-2.22044604925031E-016,OK,7.66796596236798E-001;3.33066907387547E-016
gamma,survival,g_landmark_k20,landmark,s0.002,20,2.59032689326815E-318;0E+000,2.00000000000000E-003;0E+000,1.00000000000000E+000;0E+000,2.59032689326815E-318;0E+000,-7.31270275490742E+002;-2.27373675443232E-013,OK,7.68086171761304E-001;-2.22044604925031E-016,OK,7.68086171761303E-001;-2.22044604925031E-016
gamma,survival,g_s13_k20,transform_stress,s0.002,20,7.77098562046092E-318;0E+000,2.00000000000000E-003;0E+000,3.00000000000000E+000;0E+000,2.59032689326815E-318;0E+000,-7.31270274854960E+002;3.41060513164848E-013,OK,7.68086171761304E-001;-2.22044604925031E-016,OK,7.68086171466409E-001;2.22044604925031E-016
gamma,survival,g_s12_k20,transform_stress,s0.002,20,5.18065872719277E-318;0E+000,2.00000000000000E-003;0E+000,2.00000000000000E+000;0E+000,2.59032689326815E-318;0E+000,-7.31270274537068E+002;-4.54747350886464E-013,OK,7.68086171761304E-001;-2.22044604925031E-016,OK,7.68086171318963E-001;-4.44089209850063E-016
gamma,survival,g_s23_k20,transform_stress,s0.002,20,7.77099056111738E-318;0E+000,2.00000000000000E-003;0E+000,3.00000000000000E+000;0E+000,2.59033183392461E-318;0E+000,-7.31270274219177E+002;-3.41060513164848E-013,OK,7.68086170876634E-001;2.22044604925031E-016,OK,7.68086171171516E-001;-1.11022302462516E-016
gamma,survival,g_landmark_k16,landmark,s0.002,16,1.61895430829260E-319;0E+000,2.00000000000000E-003;0E+000,1.00000000000000E+000;0E+000,1.61895430829260E-319;0E+000,-7.34042864212982E+002;-1.13686837721616E-013,OK,7.69368616113805E-001;2.22044604925031E-016,OK,7.69368616113812E-001;0E+000
gamma,survival,g_s13_k16,transform_stress,s0.002,16,4.85691233144237E-319;0E+000,2.00000000000000E-003;0E+000,3.00000000000000E+000;0E+000,1.61895430829260E-319;0E+000,-7.34042854040508E+002;2.27373675443232E-013,OK,7.69368616113805E-001;2.22044604925031E-016,OK,7.69368611421628E-001;2.22044604925031E-016
gamma,survival,g_s12_k16,transform_stress,s0.002,16,3.23795802314978E-319;0E+000,2.00000000000000E-003;0E+000,2.00000000000000E+000;0E+000,1.61895430829260E-319;0E+000,-7.34042848954309E+002;-4.54747350886464E-013,OK,7.69368616113805E-001;2.22044604925031E-016,OK,7.69368609075554E-001;2.22044604925031E-016
gamma,survival,g_s23_k16,transform_stress,s0.002,16,4.85696173800696E-319;0E+000,2.00000000000000E-003;0E+000,3.00000000000000E+000;0E+000,1.61900371485718E-319;0E+000,-7.34042843868137E+002;0E+000,OK,7.69368602037416E-001;0E+000,OK,7.69368606729492E-001;1.11022302462516E-016
gamma,survival,g_landmark_k12,landmark,s0.002,12,1.01184644268287E-320;0E+000,2.00000000000000E-003;0E+000,1.00000000000000E+000;0E+000,1.01184644268287E-320;0E+000,-7.36815452935222E+002;1.13686837721616E-013,OK,7.70643968765378E-001;-4.44089209850063E-016,OK,7.70643968765366E-001;-3.33066907387547E-016
gamma,survival,g_s13_k12,transform_stress,s0.002,12,3.03603339369446E-320;0E+000,2.00000000000000E-003;0E+000,3.00000000000000E+000;0E+000,1.01184644268287E-320;0E+000,-7.36815290188049E+002;-3.41060513164848E-013,OK,7.70643968765378E-001;-4.44089209850063E-016,OK,7.70643894111262E-001;3.33066907387547E-016
gamma,survival,g_s12_k12,transform_stress,s0.002,12,2.02418695101159E-320;0E+000,2.00000000000000E-003;0E+000,2.00000000000000E+000;0E+000,1.01184644268287E-320;0E+000,-7.36815208824394E+002;-3.41060513164848E-013,OK,7.70643968765378E-001;-4.44089209850063E-016,OK,7.70643856788757E-001;2.22044604925031E-016
gamma,survival,g_s23_k12,transform_stress,s0.002,12,3.03652745934030E-320;0E+000,2.00000000000000E-003;0E+000,3.00000000000000E+000;0E+000,1.01234050832871E-320;0E+000,-7.36815127467359E+002;0E+000,OK,7.70643744839437E-001;1.11022302462516E-016,OK,7.70643819469283E-001;-4.44089209850063E-016
gamma,survival,g_landmark_k8,landmark,s0.002,8,6.32404026676796E-322;0E+000,2.00000000000000E-003;0E+000,1.00000000000000E+000;0E+000,6.32404026676796E-322;0E+000,-7.39588041657462E+002;3.41060513164848E-013,OK,7.71912268931878E-001;3.33066907387547E-016,OK,7.71912268931874E-001;2.22044604925031E-016
gamma,survival,g_s13_k8,transform_stress,s0.002,8,1.90215273648880E-321;0E+000,2.00000000000000E-003;0E+000,3.00000000000000E+000;0E+000,6.32404026676796E-322;0E+000,-7.39585440875762E+002;3.41060513164848E-013,OK,7.71912268931878E-001;3.33066907387547E-016,OK,7.71911082515995E-001;-3.33066907387547E-016
gamma,survival,g_s12_k8,transform_stress,s0.002,8,1.26974870981200E-321;0E+000,2.00000000000000E-003;0E+000,2.00000000000000E+000;0E+000,6.32404026676796E-322;0E+000,-7.39584143017046E+002;1.13686837721616E-013,OK,7.71912268931878E-001;3.33066907387547E-016,OK,7.71910490460847E-001;2.22044604925031E-016
gamma,survival,g_s23_k8,transform_stress,s0.002,8,1.90709339294721E-321;0E+000,2.00000000000000E-003;0E+000,3.00000000000000E+000;0E+000,6.37344683135208E-322;0E+000,-7.39582846840585E+002;4.54747350886464E-013,OK,7.71908718882725E-001;4.44089209850063E-016,OK,7.71909899171574E-001;1.11022302462516E-016
gamma,survival,g_landmark_k4,landmark,s0.002,4,3.95252516672997E-323;0E+000,2.00000000000000E-003;0E+000,1.00000000000000E+000;0E+000,3.95252516672997E-323;0E+000,-7.42360630379701E+002;-4.54747350886464E-013,OK,7.73173555612387E-001;-1.11022302462516E-016,OK,7.73173555612390E-001;2.22044604925031E-016
gamma,survival,g_s13_k4,transform_stress,s0.002,4,1.23516411460312E-322;0E+000,2.00000000000000E-003;0E+000,3.00000000000000E+000;0E+000,3.95252516672997E-323;0E+000,-7.42319808385181E+002;-2.27373675443232E-013,OK,7.73173555612387E-001;-1.11022302462516E-016,OK,7.73155035840647E-001;-2.22044604925031E-016
gamma,survival,g_s12_k4,transform_stress,s0.002,4,8.39911597930119E-323;0E+000,2.00000000000000E-003;0E+000,2.00000000000000E+000;0E+000,3.95252516672997E-323;0E+000,-7.42300005757885E+002;0E+000,OK,7.73173555612387E-001;-1.11022302462516E-016,OK,7.73146051410174E-001;1.11022302462516E-016
gamma,survival,g_s23_k4,transform_stress,s0.002,4,1.28457067918724E-322;0E+000,2.00000000000000E-003;0E+000,3.00000000000000E+000;0E+000,4.44659081257122E-323;0E+000,-7.42280587672028E+002;0E+000,OK,7.73120116704067E-001;-4.44089209850063E-016,OK,7.73137241100194E-001;4.44089209850063E-016
gamma,survival,g_landmark_k2,landmark,s0.002,2,9.88131291682493E-324;0E+000,2.00000000000000E-003;0E+000,1.00000000000000E+000;0E+000,9.88131291682493E-324;0E+000,-7.43746924740821E+002;-3.41060513164848E-013,OK,7.73801581023596E-001;2.22044604925031E-016,OK,7.73801581023603E-001;3.33066907387547E-016
gamma,survival,g_s13_k2,transform_stress,s0.002,2,3.45845952088873E-323;0E+000,2.00000000000000E-003;0E+000,3.00000000000000E+000;0E+000,9.88131291682493E-324;0E+000,-7.43592774060994E+002;-1.13686837721616E-013,OK,7.73801581023596E-001;2.22044604925031E-016,OK,7.73731832992327E-001;2.22044604925031E-016
gamma,survival,g_s12_k2,transform_stress,s0.002,2,2.47032822920623E-323;0E+000,2.00000000000000E-003;0E+000,2.00000000000000E+000;0E+000,9.88131291682493E-324;0E+000,-7.43523781189507E+002;-1.13686837721616E-013,OK,7.73801581023596E-001;2.22044604925031E-016,OK,7.73700609057012E-001;-2.22044604925031E-016
gamma,survival,g_s23_k2,transform_stress,s0.002,2,3.95252516672997E-323;0E+000,2.00000000000000E-003;0E+000,3.00000000000000E+000;0E+000,1.48219693752374E-323;0E+000,-7.43459242668370E+002;4.54747350886464E-013,OK,7.73618075495765E-001;-3.33066907387547E-016,OK,7.73671397115705E-001;3.33066907387547E-016
gamma,survival,g_landmark_k1,landmark,s0.002,1,4.94065645841247E-324;0E+000,2.00000000000000E-003;0E+000,1.00000000000000E+000;0E+000,4.94065645841247E-324;0E+000,-7.44440071921381E+002;-2.27373675443232E-013,OK,7.74114941361309E-001;-2.22044604925031E-016,OK,7.74114941361305E-001;-1.11022302462516E-016
gamma,survival,g_s13_k1,transform_stress,s0.002,1,1.97626258336499E-323;0E+000,2.00000000000000E-003;0E+000,3.00000000000000E+000;0E+000,4.94065645841247E-324;0E+000,-7.44152389848929E+002;-4.54747350886464E-013,OK,7.74114941361309E-001;-2.22044604925031E-016,OK,7.73984937801588E-001;-2.22044604925031E-016
gamma,survival,g_s12_k1,transform_stress,s0.002,1,1.48219693752374E-323;0E+000,2.00000000000000E-003;0E+000,2.00000000000000E+000;0E+000,9.88131291682493E-324;0E+000,-7.44034606813273E+002;-1.13686837721616E-013,OK,7.73801581023596E-001;2.22044604925031E-016,OK,7.73931690049892E-001;4.44089209850063E-016
gamma,survival,g_s23_k1,transform_stress,s0.002,1,2.47032822920623E-323;0E+000,2.00000000000000E-003;0E+000,3.00000000000000E+000;0E+000,9.88131291682493E-324;0E+000,-7.43929246297615E+002;-3.41060513164848E-013,OK,7.73801581023596E-001;2.22044604925031E-016,OK,7.73884047683024E-001;0E+000
gamma,survival,g_underflow_minsub,underflow,s0.002,0,4.94065645841247E-324;0E+000,2.00000000000000E-003;0E+000,4.00000000000000E+000;0E+000,0E+000;0E+000,-7.45826366282501E+002;-1.13686837721616E-013,OK,1.00000000000000E+000;0E+000,OK,7.74740360311999E-001;-4.44089209850063E-016
gamma,survival,g_underflow_wide,underflow,s0.002,0,1.00000000000000E-300;0E+000,2.00000000000000E-003;0E+000,1.00000000000000E+300;0E+000,0E+000;0E+000,-1.38155105579643E+003;2.72848410531878E-012,OK,1.00000000000000E+000;0E+000,OK,9.36831591412825E-001;-1.11022302462516E-016
gamma,survival,g_underflow_deep,underflow,s0.002,0,1.00000000000000E-200;0E+000,2.00000000000000E-003;0E+000,1.00000000000000E+200;0E+000,0E+000;0E+000,-9.21034037197618E+002;-3.41060513164848E-013,OK,1.00000000000000E+000;0E+000,OK,8.41328131569822E-001;-3.33066907387547E-016
gamma,survival,twin_g_landmark_k8,decimal_twin,s0.002,8,6.32404026676796E-322;0E+000,2.00000000000000E-003;0E+000,1.00000000000000E+000;0E+000,6.32404026676796E-322;0E+000,-7.39588041657462E+002;3.41060513164848E-013,OK,7.71912268931878E-001;3.33066907387547E-016,OK,7.71912268931874E-001;2.22044604925031E-016
gamma,survival,twin_g_landmark_k32,decimal_twin,s0.002,32,1.06099789548264E-314;0E+000,2.00000000000000E-003;0E+000,1.00000000000000E+000;0E+000,1.06099789548264E-314;0E+000,-7.22952509324023E+002;1.13686837721616E-013,OK,7.64195893060709E-001;4.44089209850063E-016,OK,7.64195893060712E-001;-2.22044604925031E-016
gamma,survival,g_landmark_k52,landmark,s0.5,52,1.11253692925360E-308;4.94065645841247E-324,5.00000000000000E-001;0E+000,1.00000000000000E+000;0E+000,1.11253692925360E-308;4.94065645841247E-324,-7.09089565712824E+002;-1.13686837721616E-013,OK,1.00000000000000E+000;0E+000,OK,1.00000000000000E+000;0E+000
gamma,survival,g_s13_k52,transform_stress,s0.5,52,3.33761078776080E-308;2.47032822920623E-323,5.00000000000000E-001;0E+000,3.00000000000000E+000;0E+000,1.11253692925360E-308;4.94065645841247E-324,-7.09089565712824E+002;-1.13686837721616E-013,OK,1.00000000000000E+000;0E+000,OK,1.00000000000000E+000;0E+000
gamma,survival,g_s12_k52,transform_stress,s0.5,52,2.22507385850720E-308;1.97626258336499E-323,5.00000000000000E-001;0E+000,2.00000000000000E+000;0E+000,1.11253692925360E-308;4.94065645841247E-324,-7.09089565712824E+002;0E+000,OK,1.00000000000000E+000;0E+000,OK,1.00000000000000E+000;0E+000
gamma,survival,g_s23_k52,transform_stress,s0.5,52,3.33761078776080E-308;2.96439387504748E-323,5.00000000000000E-001;0E+000,3.00000000000000E+000;0E+000,1.11253692925360E-308;9.88131291682493E-324,-7.09089565712824E+002;-1.13686837721616E-013,OK,1.00000000000000E+000;0E+000,OK,1.00000000000000E+000;0E+000
gamma,survival,g_landmark_k48,landmark,s0.5,48,6.95335580783500E-310;0E+000,5.00000000000000E-001;0E+000,1.00000000000000E+000;0E+000,6.95335580783500E-310;0E+000,-7.11862154435064E+002;1.13686837721616E-013,OK,1.00000000000000E+000;0E+000,OK,1.00000000000000E+000;0E+000
gamma,survival,g_s13_k48,transform_stress,s0.5,48,2.08600674235051E-309;-4.94065645841247E-324,5.00000000000000E-001;0E+000,3.00000000000000E+000;0E+000,6.95335580783500E-310;0E+000,-7.11862154435064E+002;1.13686837721616E-013,OK,1.00000000000000E+000;0E+000,OK,1.00000000000000E+000;0E+000
gamma,survival,g_s12_k48,transform_stress,s0.5,48,1.39067116156701E-309;-4.94065645841247E-324,5.00000000000000E-001;0E+000,2.00000000000000E+000;0E+000,6.95335580783500E-310;0E+000,-7.11862154435064E+002;2.27373675443232E-013,OK,1.00000000000000E+000;0E+000,OK,1.00000000000000E+000;0E+000
gamma,survival,g_s23_k48,transform_stress,s0.5,48,2.08600674235051E-309;0E+000,5.00000000000000E-001;0E+000,3.00000000000000E+000;0E+000,6.95335580783505E-310;0E+000,-7.11862154435064E+002;1.13686837721616E-013,OK,1.00000000000000E+000;0E+000,OK,1.00000000000000E+000;0E+000
gamma,survival,g_landmark_k44,landmark,s0.5,44,4.34584737989688E-311;0E+000,5.00000000000000E-001;0E+000,1.00000000000000E+000;0E+000,4.34584737989688E-311;0E+000,-7.14634743157304E+002;3.41060513164848E-013,OK,1.00000000000000E+000;0E+000,OK,1.00000000000000E+000;0E+000
gamma,survival,g_s13_k44,transform_stress,s0.5,44,1.30375421396911E-310;0E+000,5.00000000000000E-001;0E+000,3.00000000000000E+000;0E+000,4.34584737989688E-311;0E+000,-7.14634743157304E+002;3.41060513164848E-013,OK,1.00000000000000E+000;0E+000,OK,1.00000000000000E+000;0E+000
gamma,survival,g_s12_k44,transform_stress,s0.5,44,8.69169475979425E-311;0E+000,5.00000000000000E-001;0E+000,2.00000000000000E+000;0E+000,4.34584737989688E-311;0E+000,-7.14634743157304E+002;4.54747350886464E-013,OK,1.00000000000000E+000;0E+000,OK,1.00000000000000E+000;0E+000
gamma,survival,g_s23_k44,transform_stress,s0.5,44,1.30375421396916E-310;0E+000,5.00000000000000E-001;0E+000,3.00000000000000E+000;0E+000,4.34584737989737E-311;0E+000,-7.14634743157304E+002;4.54747350886464E-013,OK,1.00000000000000E+000;0E+000,OK,1.00000000000000E+000;0E+000
gamma,survival,g_landmark_k40,landmark,s0.5,40,2.71615461243555E-312;0E+000,5.00000000000000E-001;0E+000,1.00000000000000E+000;0E+000,2.71615461243555E-312;0E+000,-7.17407331879543E+002;-4.54747350886464E-013,OK,1.00000000000000E+000;0E+000,OK,1.00000000000000E+000;0E+000
gamma,survival,g_s13_k40,transform_stress,s0.5,40,8.14846383731159E-312;0E+000,5.00000000000000E-001;0E+000,3.00000000000000E+000;0E+000,2.71615461243555E-312;0E+000,-7.17407331879543E+002;1.13686837721616E-013,OK,1.00000000000000E+000;0E+000,OK,1.00000000000000E+000;0E+000
gamma,survival,g_s12_k40,transform_stress,s0.5,40,5.43230922487604E-312;0E+000,5.00000000000000E-001;0E+000,2.00000000000000E+000;0E+000,2.71615461243555E-312;0E+000,-7.17407331879542E+002;-4.54747350886464E-013,OK,1.00000000000000E+000;0E+000,OK,1.00000000000000E+000;0E+000
gamma,survival,g_s23_k40,transform_stress,s0.5,40,8.14846383731653E-312;0E+000,5.00000000000000E-001;0E+000,3.00000000000000E+000;0E+000,2.71615461244049E-312;0E+000,-7.17407331879542E+002;-2.27373675443232E-013,OK,1.00000000000000E+000;0E+000,OK,1.00000000000000E+000;0E+000
gamma,survival,g_landmark_k36,landmark,s0.5,36,1.69759663277222E-313;0E+000,5.00000000000000E-001;0E+000,1.00000000000000E+000;0E+000,1.69759663277222E-313;0E+000,-7.20179920601783E+002;-1.13686837721616E-013,OK,1.00000000000000E+000;0E+000,OK,1.00000000000000E+000;0E+000
gamma,survival,g_s13_k36,transform_stress,s0.5,36,5.09278989836606E-313;0E+000,5.00000000000000E-001;0E+000,3.00000000000000E+000;0E+000,1.69759663277222E-313;0E+000,-7.20179920601774E+002;4.54747350886464E-013,OK,1.00000000000000E+000;0E+000,OK,1.00000000000000E+000;0E+000
gamma,survival,g_s12_k36,transform_stress,s0.5,36,3.39519326559384E-313;0E+000,5.00000000000000E-001;0E+000,2.00000000000000E+000;0E+000,1.69759663277222E-313;0E+000,-7.20179920601769E+002;4.54747350886464E-013,OK,1.00000000000000E+000;0E+000,OK,1.00000000000000E+000;0E+000
gamma,survival,g_s23_k36,transform_stress,s0.5,36,5.09278989841547E-313;0E+000,5.00000000000000E-001;0E+000,3.00000000000000E+000;0E+000,1.69759663282162E-313;0E+000,-7.20179920601764E+002;2.27373675443232E-013,OK,1.00000000000000E+000;0E+000,OK,1.00000000000000E+000;0E+000
gamma,survival,g_landmark_k32,landmark,s0.5,32,1.06099789548264E-314;0E+000,5.00000000000000E-001;0E+000,1.00000000000000E+000;0E+000,1.06099789548264E-314;0E+000,-7.22952509324023E+002;1.13686837721616E-013,OK,1.00000000000000E+000;0E+000,OK,1.00000000000000E+000;0E+000
gamma,survival,g_s13_k32,transform_stress,s0.5,32,3.18299368694197E-314;0E+000,5.00000000000000E-001;0E+000,3.00000000000000E+000;0E+000,1.06099789548264E-314;0E+000,-7.22952509323868E+002;1.13686837721616E-013,OK,1.00000000000000E+000;0E+000,OK,1.00000000000000E+000;0E+000
gamma,survival,g_s12_k32,transform_stress,s0.5,32,2.12199579145934E-314;0E+000,5.00000000000000E-001;0E+000,2.00000000000000E+000;0E+000,1.06099789548264E-314;0E+000,-7.22952509323790E+002;-1.13686837721616E-013,OK,1.00000000000000E+000;0E+000,OK,1.00000000000000E+000;0E+000
gamma,survival,g_s23_k32,transform_stress,s0.5,32,3.18299368743604E-314;0E+000,5.00000000000000E-001;0E+000,3.00000000000000E+000;0E+000,1.06099789597670E-314;0E+000,-7.22952509323713E+002;4.54747350886464E-013,OK,1.00000000000000E+000;0E+000,OK,1.00000000000000E+000;0E+000
gamma,survival,g_landmark_k28,landmark,s0.5,28,6.63123684676648E-316;0E+000,5.00000000000000E-001;0E+000,1.00000000000000E+000;0E+000,6.63123684676648E-316;0E+000,-7.25725098046263E+002;3.41060513164848E-013,OK,1.00000000000000E+000;0E+000,OK,1.00000000000000E+000;0E+000
gamma,survival,g_s13_k28,transform_stress,s0.5,28,1.98937105897060E-315;0E+000,5.00000000000000E-001;0E+000,3.00000000000000E+000;0E+000,6.63123684676648E-316;0E+000,-7.25725098043779E+002;-2.27373675443232E-013,OK,1.00000000000000E+000;0E+000,OK,1.00000000000000E+000;0E+000
gamma,survival,g_s12_k28,transform_stress,s0.5,28,1.32624737429395E-315;0E+000,5.00000000000000E-001;0E+000,2.00000000000000E+000;0E+000,6.63123684676648E-316;0E+000,-7.25725098042537E+002;-4.54747350886464E-013,OK,1.00000000000000E+000;0E+000,OK,1.00000000000000E+000;0E+000
gamma,survival,g_s23_k28,transform_stress,s0.5,28,1.98937106391126E-315;0E+000,5.00000000000000E-001;0E+000,3.00000000000000E+000;0E+000,6.63123689617304E-316;0E+000,-7.25725098041296E+002;2.27373675443232E-013,OK,1.00000000000000E+000;0E+000,OK,1.00000000000000E+000;0E+000
gamma,survival,g_landmark_k24,landmark,s0.5,24,4.14452302922905E-317;0E+000,5.00000000000000E-001;0E+000,1.00000000000000E+000;0E+000,4.14452302922905E-317;0E+000,-7.28497686768502E+002;-4.54747350886464E-013,OK,1.00000000000000E+000;0E+000,OK,1.00000000000000E+000;0E+000
gamma,survival,g_s13_k24,transform_stress,s0.5,24,1.24335695817528E-316;0E+000,5.00000000000000E-001;0E+000,3.00000000000000E+000;0E+000,4.14452302922905E-317;0E+000,-7.28497686728766E+002;-1.13686837721616E-013,OK,1.00000000000000E+000;0E+000,OK,1.00000000000000E+000;0E+000
gamma,survival,g_s12_k24,transform_stress,s0.5,24,8.28904655252374E-317;0E+000,5.00000000000000E-001;0E+000,2.00000000000000E+000;0E+000,4.14452302922905E-317;0E+000,-7.28497686708898E+002;1.13686837721616E-013,OK,1.00000000000000E+000;0E+000,OK,1.00000000000000E+000;0E+000
gamma,survival,g_s23_k24,transform_stress,s0.5,24,1.24335700758184E-316;0E+000,5.00000000000000E-001;0E+000,3.00000000000000E+000;0E+000,4.14452352329469E-317;0E+000,-7.28497686689030E+002;3.41060513164848E-013,OK,1.00000000000000E+000;0E+000,OK,1.00000000000000E+000;0E+000
gamma,survival,g_landmark_k20,landmark,s0.5,20,2.59032689326815E-318;0E+000,5.00000000000000E-001;0E+000,1.00000000000000E+000;0E+000,2.59032689326815E-318;0E+000,-7.31270275490742E+002;-2.27373675443232E-013,OK,1.00000000000000E+000;0E+000,OK,1.00000000000000E+000;0E+000
gamma,survival,g_s13_k20,transform_stress,s0.5,20,7.77098562046092E-318;0E+000,5.00000000000000E-001;0E+000,3.00000000000000E+000;0E+000,2.59032689326815E-318;0E+000,-7.31270274854960E+002;3.41060513164848E-013,OK,1.00000000000000E+000;0E+000,OK,1.00000000000000E+000;0E+000
gamma,survival,g_s12_k20,transform_stress,s0.5,20,5.18065872719277E-318;0E+000,5.00000000000000E-001;0E+000,2.00000000000000E+000;0E+000,2.59032689326815E-318;0E+000,-7.31270274537068E+002;-4.54747350886464E-013,OK,1.00000000000000E+000;0E+000,OK,1.00000000000000E+000;0E+000
gamma,survival,g_s23_k20,transform_stress,s0.5,20,7.77099056111738E-318;0E+000,5.00000000000000E-001;0E+000,3.00000000000000E+000;0E+000,2.59033183392461E-318;0E+000,-7.31270274219177E+002;-3.41060513164848E-013,OK,1.00000000000000E+000;0E+000,OK,1.00000000000000E+000;0E+000
gamma,survival,g_landmark_k16,landmark,s0.5,16,1.61895430829260E-319;0E+000,5.00000000000000E-001;0E+000,1.00000000000000E+000;0E+000,1.61895430829260E-319;0E+000,-7.34042864212982E+002;-1.13686837721616E-013,OK,1.00000000000000E+000;0E+000,OK,1.00000000000000E+000;0E+000
gamma,survival,g_s13_k16,transform_stress,s0.5,16,4.85691233144237E-319;0E+000,5.00000000000000E-001;0E+000,3.00000000000000E+000;0E+000,1.61895430829260E-319;0E+000,-7.34042854040508E+002;2.27373675443232E-013,OK,1.00000000000000E+000;0E+000,OK,1.00000000000000E+000;0E+000
gamma,survival,g_s12_k16,transform_stress,s0.5,16,3.23795802314978E-319;0E+000,5.00000000000000E-001;0E+000,2.00000000000000E+000;0E+000,1.61895430829260E-319;0E+000,-7.34042848954309E+002;-4.54747350886464E-013,OK,1.00000000000000E+000;0E+000,OK,1.00000000000000E+000;0E+000
gamma,survival,g_s23_k16,transform_stress,s0.5,16,4.85696173800696E-319;0E+000,5.00000000000000E-001;0E+000,3.00000000000000E+000;0E+000,1.61900371485718E-319;0E+000,-7.34042843868137E+002;0E+000,OK,1.00000000000000E+000;0E+000,OK,1.00000000000000E+000;0E+000
gamma,survival,g_landmark_k12,landmark,s0.5,12,1.01184644268287E-320;0E+000,5.00000000000000E-001;0E+000,1.00000000000000E+000;0E+000,1.01184644268287E-320;0E+000,-7.36815452935222E+002;1.13686837721616E-013,OK,1.00000000000000E+000;0E+000,OK,1.00000000000000E+000;0E+000
gamma,survival,g_s13_k12,transform_stress,s0.5,12,3.03603339369446E-320;0E+000,5.00000000000000E-001;0E+000,3.00000000000000E+000;0E+000,1.01184644268287E-320;0E+000,-7.36815290188049E+002;-3.41060513164848E-013,OK,1.00000000000000E+000;0E+000,OK,1.00000000000000E+000;0E+000
gamma,survival,g_s12_k12,transform_stress,s0.5,12,2.02418695101159E-320;0E+000,5.00000000000000E-001;0E+000,2.00000000000000E+000;0E+000,1.01184644268287E-320;0E+000,-7.36815208824394E+002;-3.41060513164848E-013,OK,1.00000000000000E+000;0E+000,OK,1.00000000000000E+000;0E+000
gamma,survival,g_s23_k12,transform_stress,s0.5,12,3.03652745934030E-320;0E+000,5.00000000000000E-001;0E+000,3.00000000000000E+000;0E+000,1.01234050832871E-320;0E+000,-7.36815127467359E+002;0E+000,OK,1.00000000000000E+000;0E+000,OK,1.00000000000000E+000;0E+000
gamma,survival,g_landmark_k8,landmark,s0.5,8,6.32404026676796E-322;0E+000,5.00000000000000E-001;0E+000,1.00000000000000E+000;0E+000,6.32404026676796E-322;0E+000,-7.39588041657462E+002;3.41060513164848E-013,OK,1.00000000000000E+000;0E+000,OK,1.00000000000000E+000;0E+000
gamma,survival,g_s13_k8,transform_stress,s0.5,8,1.90215273648880E-321;0E+000,5.00000000000000E-001;0E+000,3.00000000000000E+000;0E+000,6.32404026676796E-322;0E+000,-7.39585440875762E+002;3.41060513164848E-013,OK,1.00000000000000E+000;0E+000,OK,1.00000000000000E+000;0E+000
gamma,survival,g_s12_k8,transform_stress,s0.5,8,1.26974870981200E-321;0E+000,5.00000000000000E-001;0E+000,2.00000000000000E+000;0E+000,6.32404026676796E-322;0E+000,-7.39584143017046E+002;1.13686837721616E-013,OK,1.00000000000000E+000;0E+000,OK,1.00000000000000E+000;0E+000
gamma,survival,g_s23_k8,transform_stress,s0.5,8,1.90709339294721E-321;0E+000,5.00000000000000E-001;0E+000,3.00000000000000E+000;0E+000,6.37344683135208E-322;0E+000,-7.39582846840585E+002;4.54747350886464E-013,OK,1.00000000000000E+000;0E+000,OK,1.00000000000000E+000;0E+000
gamma,survival,g_landmark_k4,landmark,s0.5,4,3.95252516672997E-323;0E+000,5.00000000000000E-001;0E+000,1.00000000000000E+000;0E+000,3.95252516672997E-323;0E+000,-7.42360630379701E+002;-4.54747350886464E-013,OK,1.00000000000000E+000;0E+000,OK,1.00000000000000E+000;0E+000
gamma,survival,g_s13_k4,transform_stress,s0.5,4,1.23516411460312E-322;0E+000,5.00000000000000E-001;0E+000,3.00000000000000E+000;0E+000,3.95252516672997E-323;0E+000,-7.42319808385181E+002;-2.27373675443232E-013,OK,1.00000000000000E+000;0E+000,OK,1.00000000000000E+000;0E+000
gamma,survival,g_s12_k4,transform_stress,s0.5,4,8.39911597930119E-323;0E+000,5.00000000000000E-001;0E+000,2.00000000000000E+000;0E+000,3.95252516672997E-323;0E+000,-7.42300005757885E+002;0E+000,OK,1.00000000000000E+000;0E+000,OK,1.00000000000000E+000;0E+000
gamma,survival,g_s23_k4,transform_stress,s0.5,4,1.28457067918724E-322;0E+000,5.00000000000000E-001;0E+000,3.00000000000000E+000;0E+000,4.44659081257122E-323;0E+000,-7.42280587672028E+002;0E+000,OK,1.00000000000000E+000;0E+000,OK,1.00000000000000E+000;0E+000
gamma,survival,g_landmark_k2,landmark,s0.5,2,9.88131291682493E-324;0E+000,5.00000000000000E-001;0E+000,1.00000000000000E+000;0E+000,9.88131291682493E-324;0E+000,-7.43746924740821E+002;-3.41060513164848E-013,OK,1.00000000000000E+000;0E+000,OK,1.00000000000000E+000;0E+000
gamma,survival,g_s13_k2,transform_stress,s0.5,2,3.45845952088873E-323;0E+000,5.00000000000000E-001;0E+000,3.00000000000000E+000;0E+000,9.88131291682493E-324;0E+000,-7.43592774060994E+002;-1.13686837721616E-013,OK,1.00000000000000E+000;0E+000,OK,1.00000000000000E+000;0E+000
gamma,survival,g_s12_k2,transform_stress,s0.5,2,2.47032822920623E-323;0E+000,5.00000000000000E-001;0E+000,2.00000000000000E+000;0E+000,9.88131291682493E-324;0E+000,-7.43523781189507E+002;-1.13686837721616E-013,OK,1.00000000000000E+000;0E+000,OK,1.00000000000000E+000;0E+000
gamma,survival,g_s23_k2,transform_stress,s0.5,2,3.95252516672997E-323;0E+000,5.00000000000000E-001;0E+000,3.00000000000000E+000;0E+000,1.48219693752374E-323;0E+000,-7.43459242668370E+002;4.54747350886464E-013,OK,1.00000000000000E+000;0E+000,OK,1.00000000000000E+000;0E+000
gamma,survival,g_landmark_k1,landmark,s0.5,1,4.94065645841247E-324;0E+000,5.00000000000000E-001;0E+000,1.00000000000000E+000;0E+000,4.94065645841247E-324;0E+000,-7.44440071921381E+002;-2.27373675443232E-013,OK,1.00000000000000E+000;0E+000,OK,1.00000000000000E+000;0E+000
gamma,survival,g_s13_k1,transform_stress,s0.5,1,1.97626258336499E-323;0E+000,5.00000000000000E-001;0E+000,3.00000000000000E+000;0E+000,4.94065645841247E-324;0E+000,-7.44152389848929E+002;-4.54747350886464E-013,OK,1.00000000000000E+000;0E+000,OK,1.00000000000000E+000;0E+000
gamma,survival,g_s12_k1,transform_stress,s0.5,1,1.48219693752374E-323;0E+000,5.00000000000000E-001;0E+000,2.00000000000000E+000;0E+000,9.88131291682493E-324;0E+000,-7.44034606813273E+002;-1.13686837721616E-013,OK,1.00000000000000E+000;0E+000,OK,1.00000000000000E+000;0E+000
gamma,survival,g_s23_k1,transform_stress,s0.5,1,2.47032822920623E-323;0E+000,5.00000000000000E-001;0E+000,3.00000000000000E+000;0E+000,9.88131291682493E-324;0E+000,-7.43929246297615E+002;-3.41060513164848E-013,OK,1.00000000000000E+000;0E+000,OK,1.00000000000000E+000;0E+000
gamma,survival,g_underflow_minsub,underflow,s0.5,0,4.94065645841247E-324;0E+000,5.00000000000000E-001;0E+000,4.00000000000000E+000;0E+000,0E+000;0E+000,-7.45826366282501E+002;-1.13686837721616E-013,OK,1.00000000000000E+000;0E+000,OK,1.00000000000000E+000;0E+000
gamma,survival,g_underflow_wide,underflow,s0.5,0,1.00000000000000E-300;0E+000,5.00000000000000E-001;0E+000,1.00000000000000E+300;0E+000,0E+000;0E+000,-1.38155105579643E+003;2.72848410531878E-012,OK,1.00000000000000E+000;0E+000,OK,1.00000000000000E+000;0E+000
gamma,survival,g_underflow_deep,underflow,s0.5,0,1.00000000000000E-200;0E+000,5.00000000000000E-001;0E+000,1.00000000000000E+200;0E+000,0E+000;0E+000,-9.21034037197618E+002;-3.41060513164848E-013,OK,1.00000000000000E+000;0E+000,OK,1.00000000000000E+000;0E+000
gamma,survival,twin_g_landmark_k8,decimal_twin,s0.5,8,6.32404026676796E-322;0E+000,5.00000000000000E-001;0E+000,1.00000000000000E+000;0E+000,6.32404026676796E-322;0E+000,-7.39588041657462E+002;3.41060513164848E-013,OK,1.00000000000000E+000;0E+000,OK,1.00000000000000E+000;0E+000
gamma,survival,twin_g_landmark_k32,decimal_twin,s0.5,32,1.06099789548264E-314;0E+000,5.00000000000000E-001;0E+000,1.00000000000000E+000;0E+000,1.06099789548264E-314;0E+000,-7.22952509324023E+002;1.13686837721616E-013,OK,1.00000000000000E+000;0E+000,OK,1.00000000000000E+000;0E+000
